global,time,percit_300_500k
world,1950,1.96551
world,1955,2.02174
world,1960,2.34699
world,1965,2.37706
world,1970,2.33909
world,1975,2.4227
world,1980,2.55054
world,1985,2.71492
world,1990,2.98398
world,1995,3.09487
world,2000,3.24934
world,2005,3.41847
world,2010,3.5299
world,2015,3.65527
world,2020,3.57802
world,2025,3.73297
world,2030,3.74132
world,2035,3.68865
