country,time,matfootp
afg,1970,31053738.19
afg,1971,30404573.41
afg,1972,28278518.69
afg,1973,29889490.71
afg,1974,31340092.89
afg,1975,32865698.97
afg,1976,33982020.72
afg,1977,32181966.75
afg,1978,32808398.81
afg,1979,31962624.66
afg,1980,31352874.98
afg,1981,30950988.66
afg,1982,30498329.27
afg,1983,29065203.87
afg,1984,27095890.13
afg,1985,25569455.67
afg,1986,23051702.84
afg,1987,23758148.08
afg,1988,22684543.42
afg,1989,22012584.49
afg,1990,21651324.94
afg,1991,23020034.21
afg,1992,25488091.87
afg,1993,27304048.66
afg,1994,25111622.65
afg,1995,30462477.59
afg,1996,32730519.81
afg,1997,35508097.46
afg,1998,40533381.3
afg,1999,32140637.52
afg,2000,38671503.87
afg,2001,37828681.58
afg,2002,45121658.32
afg,2003,44619649.3
afg,2004,40247115.29
afg,2005,43975252.85
afg,2006,45841136.68
afg,2007,45788957.84
afg,2008,37852726.31
afg,2009,47042365.98
afg,2010,47862176.05
afg,2011,47585009.03
afg,2012,54764594.58
afg,2013,52828566.25
afg,2014,53420960.11
afg,2015,51803810.04
afg,2016,48353505.61
afg,2017,44765119.26
afg,2018,52004515.51
afg,2019,63575542.28
afg,2020,62977647.99
afg,2021,54112697.4
afg,2022,52755431.79
afg,2023,52608505.3
afg,2024,52518398.07
ago,1970,38548770.6
ago,1971,39067836.07
ago,1972,38499373.21
ago,1973,40070743.81
ago,1974,39840863.54
ago,1975,35245175.36
ago,1976,32175905.49
ago,1977,31683208.86
ago,1978,31085506.19
ago,1979,31319800.63
ago,1980,32621502.75
ago,1981,32578497.97
ago,1982,33006388.79
ago,1983,33398302.45
ago,1984,35400481.73
ago,1985,37441334.76
ago,1986,36745802.86
ago,1987,37646819.34
ago,1988,40793942.8
ago,1989,39508268.72
ago,1990,36740641.93
ago,1991,47104693.66
ago,1992,69212805.84
ago,1993,73733094.34
ago,1994,89134601.87
ago,1995,48653705.6
ago,1996,49174063.28
ago,1997,59433817.35
ago,1998,60658816.95
ago,1999,60505552.6
ago,2000,56925125.9
ago,2001,63962945.71
ago,2002,67627290.78
ago,2003,72798010.89
ago,2004,75175994.76
ago,2005,87278816.45
ago,2006,83586717.3
ago,2007,108767751.1
ago,2008,137803997
ago,2009,158187985.2
ago,2010,145023296.2
ago,2011,171147169.6
ago,2012,171498636
ago,2013,189913562.7
ago,2014,184849719.1
ago,2015,197371765.9
ago,2016,180616947
ago,2017,146128458.5
ago,2018,147399597.3
ago,2019,112210404.3
ago,2020,116233408.5
ago,2021,103378322.9
ago,2022,110988187.7
ago,2023,107762903.2
ago,2024,110188242.7
alb,1970,20350425.49
alb,1971,20708736.92
alb,1972,22025908.74
alb,1973,22860992.31
alb,1974,22924768.02
alb,1975,24649189.11
alb,1976,27437422.93
alb,1977,28733230.07
alb,1978,30482149.43
alb,1979,28537725.89
alb,1980,27970126.49
alb,1981,29237967.81
alb,1982,28592622.93
alb,1983,29994313.75
alb,1984,31184973.34
alb,1985,31242449.72
alb,1986,31350579.23
alb,1987,31575594.87
alb,1988,31213937.48
alb,1989,32453375.58
alb,1990,37935195.86
alb,1991,17845201.35
alb,1992,19392591.25
alb,1993,15909503.37
alb,1994,16883912.69
alb,1995,15678812.23
alb,1996,17981429.12
alb,1997,18487791.68
alb,1998,18328988.27
alb,1999,20104317.67
alb,2000,21517842.09
alb,2001,21880670.24
alb,2002,23448142.23
alb,2003,26739158.36
alb,2004,29016291.34
alb,2005,30452730.13
alb,2006,29675553.74
alb,2007,29263747.42
alb,2008,30984403.48
alb,2009,32730249.18
alb,2010,30912518.61
alb,2011,29688621.91
alb,2012,26052643.58
alb,2013,24810830.9
alb,2014,27673467.1
alb,2015,26836006.69
alb,2016,30152936.88
alb,2017,26596788.37
alb,2018,25856662.29
alb,2019,25492207.62
alb,2020,28775224.45
alb,2021,26449197.74
alb,2022,27093821.63
alb,2023,28429043.99
alb,2024,29277480.06
are,1970,15316852.82
are,1971,18775489.96
are,1972,21485650.62
are,1973,30131443.89
are,1974,50764208.6
are,1975,54470924.52
are,1976,67218311.8
are,1977,71892116.7
are,1978,62697903.68
are,1979,71366287.54
are,1980,78676903.53
are,1981,80088563.36
are,1982,73882215.7
are,1983,67496573.78
are,1984,75703533.62
are,1985,76586312.26
are,1986,62177636.98
are,1987,64011465.01
are,1988,59799188.82
are,1989,70937570.38
are,1990,83391867.72
are,1991,84089216.73
are,1992,101876634
are,1993,85126988.85
are,1994,97589268.27
are,1995,103968179.3
are,1996,97139245.8
are,1997,90800905.05
are,1998,104039534.4
are,1999,116558049.3
are,2000,124506907.6
are,2001,130766501.6
are,2002,139655319.6
are,2003,153657472
are,2004,164096931.4
are,2005,177914844
are,2006,187342356.3
are,2007,272597241.2
are,2008,280864575
are,2009,272735623.8
are,2010,229275444.7
are,2011,236775579.6
are,2012,238454211.3
are,2013,239337524.6
are,2014,288626182.1
are,2015,317565255.2
are,2016,347040938.1
are,2017,294414484.4
are,2018,305742689.7
are,2019,312548961.3
are,2020,304861065
are,2021,362882069.9
are,2022,376441979.7
are,2023,378448607.2
are,2024,387076550.6
arg,1970,394286832.2
arg,1971,409148205
arg,1972,398049076.2
arg,1973,421423420.4
arg,1974,426940688
arg,1975,420207612.3
arg,1976,432076236.6
arg,1977,449916682.1
arg,1978,451041698.8
arg,1979,455060706.7
arg,1980,437179137.1
arg,1981,456842342.3
arg,1982,443622455
arg,1983,443816386.9
arg,1984,447160018.6
arg,1985,436004885.4
arg,1986,433539538.1
arg,1987,438869276.5
arg,1988,445911773.6
arg,1989,382774193.2
arg,1990,391910378.4
arg,1991,424392878.8
arg,1992,466647830.4
arg,1993,473752758
arg,1994,486324700.8
arg,1995,461077242.1
arg,1996,463076210.9
arg,1997,518862091.1
arg,1998,571682745.1
arg,1999,542455027.1
arg,2000,529686960.5
arg,2001,501683081.8
arg,2002,422829343.8
arg,2003,443431082
arg,2004,468524068.6
arg,2005,509108495.4
arg,2006,522059017.7
arg,2007,574237230.1
arg,2008,569352514.4
arg,2009,475158841.6
arg,2010,556497683.9
arg,2011,625510655.7
arg,2012,613682918.6
arg,2013,676443787.1
arg,2014,663920259.1
arg,2015,701896917.4
arg,2016,690186970
arg,2017,785026570.7
arg,2018,701848614.2
arg,2019,700599219.4
arg,2020,691606882.9
arg,2021,705727558.5
arg,2022,736286445.9
arg,2023,747461339.5
arg,2024,760559360.7
arm,1992,10485880.34
arm,1993,8738591.127
arm,1994,7481430.094
arm,1995,9771629.565
arm,1996,11073325.33
arm,1997,11317257.88
arm,1998,12628214.3
arm,1999,12561745.39
arm,2000,19037906.24
arm,2001,18169822.27
arm,2002,17067643.83
arm,2003,16918290.07
arm,2004,18603356.06
arm,2005,20162769.37
arm,2006,21474946.29
arm,2007,25781369.67
arm,2008,43282599.83
arm,2009,37463432.82
arm,2010,21470797.7
arm,2011,20725857.32
arm,2012,20564727.96
arm,2013,21086068.36
arm,2014,21165474.73
arm,2015,20901091.86
arm,2016,19329451.06
arm,2017,20062926.18
arm,2018,20966721.58
arm,2019,21929787.49
arm,2020,24234865.28
arm,2021,20615990.12
arm,2022,21565053.89
arm,2023,22118857
arm,2024,22734410.09
aus,1970,387641978.1
aus,1971,409045723.5
aus,1972,421817242.9
aus,1973,455977633.7
aus,1974,478612323.3
aus,1975,489586943.9
aus,1976,493778703.5
aus,1977,465259626.5
aus,1978,457144202.2
aus,1979,454746917.6
aus,1980,481285805.1
aus,1981,502874278.7
aus,1982,490490161.5
aus,1983,474118700
aus,1984,501979622.5
aus,1985,487568830.2
aus,1986,474716595.5
aus,1987,478264161.1
aus,1988,507136096
aus,1989,539303256.1
aus,1990,553619492.1
aus,1991,527441552.1
aus,1992,535329816.1
aus,1993,543929956.4
aus,1994,564429319.5
aus,1995,623594767.3
aus,1996,590935281.6
aus,1997,631294597.3
aus,1998,650769095.7
aus,1999,622971480.8
aus,2000,632380374.3
aus,2001,665787541.8
aus,2002,681587570.5
aus,2003,753036831.3
aus,2004,807973613.4
aus,2005,841775120.3
aus,2006,852867700.2
aus,2007,880634482.1
aus,2008,756936092.9
aus,2009,789593271.2
aus,2010,829018546.2
aus,2011,826419005
aus,2012,821704560
aus,2013,786637966.5
aus,2014,801367068.7
aus,2015,768437174.4
aus,2016,773106237.4
aus,2017,837297264.8
aus,2018,833269136.7
aus,2019,844346345.8
aus,2020,802624118.9
aus,2021,827652231.1
aus,2022,828497517.5
aus,2023,831904427
aus,2024,830945491.8
aut,1970,144128493.9
aut,1971,153124823.2
aut,1972,163644738
aut,1973,172189487.8
aut,1974,175841251.9
aut,1975,168659050
aut,1976,176056844.4
aut,1977,178892555.4
aut,1978,180407677.8
aut,1979,186458643.3
aut,1980,184066161.7
aut,1981,164922971
aut,1982,168481883.9
aut,1983,165256595.7
aut,1984,167629176.4
aut,1985,163580887.1
aut,1986,180229245.2
aut,1987,188587784.4
aut,1988,193376510.8
aut,1989,188957173.9
aut,1990,191114562.1
aut,1991,192076743.2
aut,1992,214001189.6
aut,1993,200124302.6
aut,1994,212005633
aut,1995,215750318.7
aut,1996,211822182.4
aut,1997,212373079
aut,1998,220076919.7
aut,1999,219757406.1
aut,2000,212298085.8
aut,2001,209609560.9
aut,2002,209754027
aut,2003,224152506.8
aut,2004,231207215.6
aut,2005,223828487.7
aut,2006,232439527.3
aut,2007,237342759.1
aut,2008,239919214.2
aut,2009,217694086.5
aut,2010,218087190.3
aut,2011,221703577
aut,2012,216735963.7
aut,2013,210521624.5
aut,2014,208558913.4
aut,2015,199391026
aut,2016,208424751.1
aut,2017,203834683.5
aut,2018,210648753
aut,2019,205053925.2
aut,2020,202994724.6
aut,2021,225048397.4
aut,2022,222577859.1
aut,2023,231532400.2
aut,2024,236241771.2
aze,1992,20465116.3
aze,1993,23864851.87
aze,1994,24841896.79
aze,1995,24131217.73
aze,1996,25511108.48
aze,1997,32076597.46
aze,1998,30145428.19
aze,1999,33970520.32
aze,2000,41788467.98
aze,2001,46347589.83
aze,2002,38885869.01
aze,2003,45061460.33
aze,2004,52578195.47
aze,2005,51393230.11
aze,2006,56102472.69
aze,2007,57042511.66
aze,2008,57477140.48
aze,2009,61153161.31
aze,2010,63336963.49
aze,2011,63957779.77
aze,2012,72374868.96
aze,2013,88148621.36
aze,2014,83751037.89
aze,2015,78660471.5
aze,2016,68993556.59
aze,2017,71546300.18
aze,2018,66627937.59
aze,2019,82716652.33
aze,2020,84890779.43
aze,2021,77005984.02
aze,2022,76405230.55
aze,2023,71771080.61
aze,2024,73609723.93
bdi,1970,11160651.21
bdi,1971,11325115.85
bdi,1972,10767672.13
bdi,1973,11236799.51
bdi,1974,11282625.71
bdi,1975,11863032.42
bdi,1976,12005885.05
bdi,1977,12218254.96
bdi,1978,12365562.32
bdi,1979,12883870
bdi,1980,12707983.25
bdi,1981,13056175.66
bdi,1982,13858493.92
bdi,1983,14660384.09
bdi,1984,14951052.35
bdi,1985,16250933.43
bdi,1986,16870104.04
bdi,1987,17121979.77
bdi,1988,17283827.9
bdi,1989,17199691.11
bdi,1990,23169529.91
bdi,1991,13491108.89
bdi,1992,13677114.18
bdi,1993,14610394.54
bdi,1994,12863312.75
bdi,1995,12889051.16
bdi,1996,13400266.41
bdi,1997,12990097.28
bdi,1998,12999482.48
bdi,1999,11768240.65
bdi,2000,11802041.9
bdi,2001,13969894.92
bdi,2002,14570676.49
bdi,2003,13912839.12
bdi,2004,14486162.35
bdi,2005,15863143.74
bdi,2006,16600262.82
bdi,2007,16094185.78
bdi,2008,16358071.59
bdi,2009,16496587.02
bdi,2010,17752955.83
bdi,2011,19225547.48
bdi,2012,15390424.85
bdi,2013,20211149.32
bdi,2014,18722086.67
bdi,2015,18207705.4
bdi,2016,19322439.32
bdi,2017,19677080.63
bdi,2018,21971231.44
bdi,2019,20643058.09
bdi,2020,20598064.14
bdi,2021,21291135.68
bdi,2022,21524029.15
bdi,2023,21121631.51
bdi,2024,21488319.8
bel,1970,298583422.3
bel,1971,315909333.2
bel,1972,341241119.5
bel,1973,367277316.1
bel,1974,372942307.8
bel,1975,384704990
bel,1976,398828000.4
bel,1977,410539538.9
bel,1978,435627270.5
bel,1979,449569478.7
bel,1980,425955189.4
bel,1981,377292742.3
bel,1982,339922322.2
bel,1983,326866033.2
bel,1984,325389323.1
bel,1985,336577014.6
bel,1986,398122749.1
bel,1987,441953067.6
bel,1988,451602224.9
bel,1989,456444490.6
bel,1990,534053922
bel,1991,384678193
bel,1992,471101863.1
bel,1993,415315687.5
bel,1994,396200543.7
bel,1995,401042062.1
bel,1996,390353016.4
bel,1997,389656929
bel,1998,394099014.5
bel,1999,450934940.7
bel,2000,413890827.7
bel,2001,369476487.6
bel,2002,390420170.3
bel,2003,383973173.3
bel,2004,454341368.4
bel,2005,474095872.8
bel,2006,490382349.1
bel,2007,488586363.3
bel,2008,540544176.6
bel,2009,377626854.2
bel,2010,512544761.4
bel,2011,467688689
bel,2012,451874351.3
bel,2013,406397757
bel,2014,410350161.6
bel,2015,366629155.2
bel,2016,461630933.9
bel,2017,430532000.6
bel,2018,464125341.7
bel,2019,460408171.3
bel,2020,432901138
bel,2021,510872048
bel,2022,505336027.8
bel,2023,533718039
bel,2024,553319206.7
ben,1970,10363895.38
ben,1971,10313475.57
ben,1972,10687386.1
ben,1973,11169908.47
ben,1974,10421648.42
ben,1975,10643369.52
ben,1976,11102316.99
ben,1977,11202420.38
ben,1978,12043842.1
ben,1979,12446627.92
ben,1980,14078633.84
ben,1981,14114164.97
ben,1982,14238667.5
ben,1983,13951101
ben,1984,15212484.97
ben,1985,15456356.64
ben,1986,15685815.28
ben,1987,15178842.59
ben,1988,16072705.8
ben,1989,16474290.08
ben,1990,18365890.59
ben,1991,18226280.68
ben,1992,19781084.76
ben,1993,19704899.82
ben,1994,20728205.4
ben,1995,21630790.52
ben,1996,21923415.44
ben,1997,22396557.72
ben,1998,22123724.03
ben,1999,23865707.53
ben,2000,21130313.73
ben,2001,27244343.86
ben,2002,30310701.71
ben,2003,31725364.67
ben,2004,29214129.88
ben,2005,31801768
ben,2006,36868299.1
ben,2007,46988549.8
ben,2008,49744279.9
ben,2009,53503577.95
ben,2010,48328522.91
ben,2011,49251168.75
ben,2012,49050857.31
ben,2013,54848046.17
ben,2014,66071565.3
ben,2015,48835441.58
ben,2016,40734284.96
ben,2017,46087885.85
ben,2018,47107540.23
ben,2019,45391992.31
ben,2020,52187529.94
ben,2021,47267901.74
ben,2022,47748600.79
ben,2023,48334383.7
ben,2024,49958164.58
bfa,1970,8038265.053
bfa,1971,7378625.075
bfa,1972,7470551.849
bfa,1973,7309683.145
bfa,1974,8503344.878
bfa,1975,9423139.897
bfa,1976,8422591.251
bfa,1977,9200570.108
bfa,1978,9818005.405
bfa,1979,10486303.67
bfa,1980,9990322.254
bfa,1981,10671429.61
bfa,1982,10538538.49
bfa,1983,9663495.958
bfa,1984,9504151.725
bfa,1985,12046302.24
bfa,1986,13995803.89
bfa,1987,13132732.06
bfa,1988,15388473.12
bfa,1989,14810428.29
bfa,1990,12787956.81
bfa,1991,17755626.86
bfa,1992,28591291.35
bfa,1993,20580861.81
bfa,1994,18376604.76
bfa,1995,21562421.05
bfa,1996,24602111.6
bfa,1997,23015657.26
bfa,1998,25130388.98
bfa,1999,27560348.63
bfa,2000,22011599.14
bfa,2001,24915608.05
bfa,2002,25660845.73
bfa,2003,30067211.99
bfa,2004,28176880.28
bfa,2005,35210374.94
bfa,2006,35009921.74
bfa,2007,31239132.26
bfa,2008,38769867.37
bfa,2009,33355861.63
bfa,2010,37980033.39
bfa,2011,35475457.94
bfa,2012,47245087.81
bfa,2013,46394924.07
bfa,2014,41463514.43
bfa,2015,40978294.81
bfa,2016,36082277.01
bfa,2017,48853471.33
bfa,2018,44429694.33
bfa,2019,50669054.58
bfa,2020,45183820.35
bfa,2021,45952798.52
bfa,2022,46041987.67
bfa,2023,46818563.45
bfa,2024,48558930.99
bgd,1970,125353738.4
bgd,1971,119748930.5
bgd,1972,118114432
bgd,1973,123101784.3
bgd,1974,123117467.2
bgd,1975,130613792.2
bgd,1976,128789216.8
bgd,1977,137219121.6
bgd,1978,142702686.6
bgd,1979,144979419.5
bgd,1980,136540214.4
bgd,1981,137151452.3
bgd,1982,139121365.8
bgd,1983,141658896.8
bgd,1984,146054830.2
bgd,1985,149756568.7
bgd,1986,150541929.6
bgd,1987,151424820.8
bgd,1988,163633253.2
bgd,1989,173391321.4
bgd,1990,177957028.7
bgd,1991,175453140.5
bgd,1992,180578833.2
bgd,1993,187656835.6
bgd,1994,186327672.1
bgd,1995,203668284
bgd,1996,213061123.8
bgd,1997,214665288
bgd,1998,240630098.6
bgd,1999,251457944
bgd,2000,269640298.9
bgd,2001,271876505.7
bgd,2002,283179785.6
bgd,2003,234968832.4
bgd,2004,271377769.6
bgd,2005,319426518.7
bgd,2006,326211347.5
bgd,2007,344030816.2
bgd,2008,356370851.7
bgd,2009,357639651.3
bgd,2010,382717097.5
bgd,2011,405381997.6
bgd,2012,493071938.5
bgd,2013,520873320.2
bgd,2014,380633815.1
bgd,2015,439451650
bgd,2016,601601998.5
bgd,2017,626343350.9
bgd,2018,666126247.6
bgd,2019,692660658.2
bgd,2020,694800798.5
bgd,2021,718881996.6
bgd,2022,736748915.5
bgd,2023,750906408.3
bgd,2024,770191908.8
bgr,1970,103465578.7
bgr,1971,103835169.6
bgr,1972,108482734.2
bgr,1973,109272942.3
bgr,1974,105372268.5
bgr,1975,107381344.3
bgr,1976,109901512.8
bgr,1977,108296870.2
bgr,1978,110173489.4
bgr,1979,101489855.7
bgr,1980,101656944.4
bgr,1981,106324386.8
bgr,1982,114421377.8
bgr,1983,111737703.9
bgr,1984,118920559
bgr,1985,107352659
bgr,1986,115600190.7
bgr,1987,111649456.7
bgr,1988,111728048.8
bgr,1989,113871786.9
bgr,1990,108675014.7
bgr,1991,65845049.73
bgr,1992,61236785.22
bgr,1993,59810359.08
bgr,1994,58765172.74
bgr,1995,64294530.31
bgr,1996,47202788.5
bgr,1997,54151969.85
bgr,1998,60499237.51
bgr,1999,67321018.82
bgr,2000,67551338.69
bgr,2001,74713921.86
bgr,2002,76463943.53
bgr,2003,71504574.25
bgr,2004,79611485.52
bgr,2005,84217611.54
bgr,2006,94231628.94
bgr,2007,98686079.36
bgr,2008,108415682.5
bgr,2009,92374922.76
bgr,2010,84831981.33
bgr,2011,89566786.98
bgr,2012,86194198.03
bgr,2013,85172232.25
bgr,2014,91714560.36
bgr,2015,95858278.92
bgr,2016,86135792.33
bgr,2017,89968339.02
bgr,2018,92872584.47
bgr,2019,91079494.02
bgr,2020,86337144.07
bgr,2021,103694778.6
bgr,2022,103535643.9
bgr,2023,108061380.1
bgr,2024,109935443.7
bhr,1970,6754932.827
bhr,1971,6725210.274
bhr,1972,7400662.531
bhr,1973,7949056.455
bhr,1974,9149160.45
bhr,1975,8842605.95
bhr,1976,11379530.86
bhr,1977,13011474.31
bhr,1978,14305601.73
bhr,1979,12348948.97
bhr,1980,13469689.7
bhr,1981,14358523.41
bhr,1982,15495710.87
bhr,1983,16962819.64
bhr,1984,17231005.73
bhr,1985,16518533.88
bhr,1986,14393141.25
bhr,1987,13576960.43
bhr,1988,14136226.13
bhr,1989,15852733.59
bhr,1990,14855035.01
bhr,1991,15761670.17
bhr,1992,16273804.13
bhr,1993,17407119.1
bhr,1994,14949072.91
bhr,1995,13919847.11
bhr,1996,13827721.21
bhr,1997,14766849.11
bhr,1998,15823237.38
bhr,1999,13789383.2
bhr,2000,15513482.75
bhr,2001,14229888.17
bhr,2002,18520434.99
bhr,2003,15543241.13
bhr,2004,21939502.36
bhr,2005,24982061.3
bhr,2006,26003308.26
bhr,2007,27517773.51
bhr,2008,34319418.42
bhr,2009,34246046.91
bhr,2010,34395553.16
bhr,2011,34923861.37
bhr,2012,42581052.25
bhr,2013,47269986.32
bhr,2014,47583342.25
bhr,2015,46907323.11
bhr,2016,41477099.94
bhr,2017,38651863.39
bhr,2018,44353829.52
bhr,2019,40217970.5
bhr,2020,38097923.19
bhr,2021,34794023.21
bhr,2022,35559608.31
bhr,2023,36522561.85
bhr,2024,37625111.16
bhs,1970,2438314.637
bhs,1971,2515732.184
bhs,1972,2557616.137
bhs,1973,2672236.21
bhs,1974,2682087.55
bhs,1975,2644498.951
bhs,1976,2717421.404
bhs,1977,2754515.633
bhs,1978,2794738.903
bhs,1979,2882378.361
bhs,1980,2840177.613
bhs,1981,2868220.322
bhs,1982,2891028.392
bhs,1983,2843125.762
bhs,1984,3029914.367
bhs,1985,3119266.073
bhs,1986,3134106.432
bhs,1987,3146653.283
bhs,1988,3158995.883
bhs,1989,3279658.115
bhs,1990,3228377.87
bhs,1991,3048385.577
bhs,1992,3260408.133
bhs,1993,3408565.235
bhs,1994,3773736.5
bhs,1995,4623376.807
bhs,1996,4346719.904
bhs,1997,6056781.245
bhs,1998,7726633.138
bhs,1999,6633169.257
bhs,2000,7375458.587
bhs,2001,6347036.996
bhs,2002,5625031.128
bhs,2003,5864411.318
bhs,2004,5290836.201
bhs,2005,5733265.771
bhs,2006,6615617.22
bhs,2007,6186644.138
bhs,2008,5759207.47
bhs,2009,5761431.331
bhs,2010,5793617.741
bhs,2011,6955687.889
bhs,2012,5906584.99
bhs,2013,5418993.192
bhs,2014,5536307.419
bhs,2015,4539303.388
bhs,2016,6094540.123
bhs,2017,6608600.186
bhs,2018,8652403.022
bhs,2019,7498695.271
bhs,2020,5359890.712
bhs,2021,6573655.738
bhs,2022,6740920.597
bhs,2023,6890012.155
bhs,2024,6976930.702
bih,1992,38383206.26
bih,1993,28723550.54
bih,1994,23560053.65
bih,1995,19517659.54
bih,1996,22678843.71
bih,1997,25261600.72
bih,1998,31359642.93
bih,1999,31710134.23
bih,2000,32706818.61
bih,2001,33055242.31
bih,2002,37657202.45
bih,2003,43270559.97
bih,2004,44933870.11
bih,2005,46260312.65
bih,2006,45319190.42
bih,2007,47851482.5
bih,2008,56351141.12
bih,2009,44752619.18
bih,2010,41762622.43
bih,2011,43964191.44
bih,2012,42525444.13
bih,2013,40713592.51
bih,2014,39017282.09
bih,2015,48024890.69
bih,2016,49481525.1
bih,2017,48690644.83
bih,2018,50127970.89
bih,2019,48930027.63
bih,2020,53788525.98
bih,2021,47668604.11
bih,2022,49089794.4
bih,2023,50463173.68
bih,2024,51439788.54
blr,1992,96425869.95
blr,1993,104906988.1
blr,1994,86238265.15
blr,1995,94822008.35
blr,1996,100535325.3
blr,1997,94519758.71
blr,1998,92410792.37
blr,1999,80272413.53
blr,2000,84650531.8
blr,2001,83667883.73
blr,2002,87827499.74
blr,2003,86197144.47
blr,2004,102661332.8
blr,2005,96900081.4
blr,2006,113056116.6
blr,2007,127326842.6
blr,2008,146178359
blr,2009,135160313
blr,2010,147013552.1
blr,2011,132058790.3
blr,2012,141856544.8
blr,2013,150480554.7
blr,2014,156055338.6
blr,2015,129766679.9
blr,2016,118373723.1
blr,2017,131923064.1
blr,2018,121508270.3
blr,2019,120837680
blr,2020,118774968.3
blr,2021,107298210.4
blr,2022,102750949.1
blr,2023,96845389.04
blr,2024,96930449.57
blz,1970,708423.0687
blz,1971,764508.566
blz,1972,845070.8968
blz,1973,967885.2793
blz,1974,1037813.766
blz,1975,1000249.144
blz,1976,882449.3059
blz,1977,1221016.831
blz,1978,1702199.719
blz,1979,1577141.682
blz,1980,1601339.25
blz,1981,1284943.856
blz,1982,1212237.027
blz,1983,1165511.996
blz,1984,1200865.231
blz,1985,1177679.022
blz,1986,1327184.726
blz,1987,1449001.861
blz,1988,1490027.252
blz,1989,1766789.079
blz,1990,2572609.577
blz,1991,2498984.302
blz,1992,1796849.92
blz,1993,1714445.534
blz,1994,1677669.905
blz,1995,1668935.984
blz,1996,1684346.898
blz,1997,2101121.202
blz,1998,2096887.528
blz,1999,2367270.881
blz,2000,2868713.231
blz,2001,2594117.031
blz,2002,2703934.272
blz,2003,2460423.786
blz,2004,2362490.205
blz,2005,2233921.247
blz,2006,2437662.306
blz,2007,3085491.989
blz,2008,2225112.845
blz,2009,2293066.028
blz,2010,1835632.14
blz,2011,2060222.643
blz,2012,1923656.229
blz,2013,2563966.698
blz,2014,2210278.417
blz,2015,3308895.627
blz,2016,3380514.552
blz,2017,3358276.33
blz,2018,3027699.678
blz,2019,3371529.282
blz,2020,3928594.815
blz,2021,4088170.584
blz,2022,4376389.775
blz,2023,4495724.171
blz,2024,4562069.309
bol,1970,29017999.47
bol,1971,29901232.59
bol,1972,32984426.58
bol,1973,34568827.77
bol,1974,38176370.52
bol,1975,40074699.89
bol,1976,42427563.01
bol,1977,42668123.2
bol,1978,45284369.14
bol,1979,45772900
bol,1980,46546148.98
bol,1981,47948753.47
bol,1982,48250899.83
bol,1983,48986527.08
bol,1984,48385406.82
bol,1985,51607468.79
bol,1986,47571244.84
bol,1987,48848344.9
bol,1988,49925341.68
bol,1989,51509044.65
bol,1990,45681387.46
bol,1991,46342270.15
bol,1992,47487816.07
bol,1993,50688785.21
bol,1994,52369200.31
bol,1995,40206231.44
bol,1996,57340951.06
bol,1997,57320964.81
bol,1998,61851825.87
bol,1999,64105359.47
bol,2000,64036446.18
bol,2001,60979620.06
bol,2002,64920488.98
bol,2003,60723453.69
bol,2004,55224226.54
bol,2005,65021521.67
bol,2006,67235040.69
bol,2007,71438043.36
bol,2008,73741037.63
bol,2009,84762899.68
bol,2010,82329978.06
bol,2011,90829835.26
bol,2012,90444350.28
bol,2013,96870450.38
bol,2014,106497330.7
bol,2015,124512842.9
bol,2016,124897485.4
bol,2017,129414530.1
bol,2018,139320815.1
bol,2019,143694349.4
bol,2020,136401212.3
bol,2021,142882635.2
bol,2022,146625925.3
bol,2023,149712331.1
bol,2024,150150164
bra,1970,694457279.2
bra,1971,718064383.2
bra,1972,764878475.3
bra,1973,815798541
bra,1974,875073216.4
bra,1975,925847579.3
bra,1976,1049973406
bra,1977,1105286145
bra,1978,1168668254
bra,1979,1237883073
bra,1980,1321278405
bra,1981,1399498800
bra,1982,1449462043
bra,1983,1373307036
bra,1984,1436208464
bra,1985,1560300499
bra,1986,1596592102
bra,1987,1686121408
bra,1988,1699881181
bra,1989,1770763153
bra,1990,1811692894
bra,1991,1798630889
bra,1992,1811628004
bra,1993,1744005303
bra,1994,1858932794
bra,1995,1953799710
bra,1996,1970780711
bra,1997,2051718832
bra,1998,2110935979
bra,1999,2039899090
bra,2000,2050404960
bra,2001,2072226790
bra,2002,2092188318
bra,2003,2149523263
bra,2004,2202074913
bra,2005,2287971400
bra,2006,2509720822
bra,2007,2822706852
bra,2008,3102615963
bra,2009,3092574832
bra,2010,3398997378
bra,2011,3765069382
bra,2012,3800504113
bra,2013,3921094212
bra,2014,3804674198
bra,2015,3598002175
bra,2016,3581977602
bra,2017,3574009057
bra,2018,3508462444
bra,2019,3584887756
bra,2020,3580667319
bra,2021,3492326863
bra,2022,3548965735
bra,2023,3588560549
bra,2024,3632581101
brn,1970,3297471.178
brn,1971,3336826.276
brn,1972,3947299.17
brn,1973,4675453.139
brn,1974,6415997.57
brn,1975,6499125.017
brn,1976,7346113.198
brn,1977,7922987.151
brn,1978,7498302.345
brn,1979,9053332.246
brn,1980,11724667.55
brn,1981,9188777.338
brn,1982,9745832.333
brn,1983,9105119.389
brn,1984,8761888.273
brn,1985,8557673.117
brn,1986,6158692.601
brn,1987,6184937.933
brn,1988,6291181.863
brn,1989,6720025.324
brn,1990,7436452.282
brn,1991,6808030.904
brn,1992,9395293.633
brn,1993,10713229.44
brn,1994,11197823.34
brn,1995,10233812.38
brn,1996,10991119.05
brn,1997,13837468.66
brn,1998,10739290.5
brn,1999,9758579.615
brn,2000,9889338.274
brn,2001,9273448.844
brn,2002,10356247.42
brn,2003,10698361.96
brn,2004,11150576.46
brn,2005,10527715.28
brn,2006,11025786.24
brn,2007,10636678.45
brn,2008,9168809.592
brn,2009,8461727.012
brn,2010,8015462.46
brn,2011,10511102.43
brn,2012,11002608.06
brn,2013,13114825.51
brn,2014,10370457.71
brn,2015,11117454.05
brn,2016,8949988.704
brn,2017,9434690.928
brn,2018,9951327.233
brn,2019,10307712.79
brn,2020,8558493.207
brn,2021,9168741.608
brn,2022,9429485.847
brn,2023,9246571.223
brn,2024,9414579.912
btn,1970,2766044.432
btn,1971,2801648.828
btn,1972,2810230.315
btn,1973,2928434.539
btn,1974,3044888.723
btn,1975,2889831.741
btn,1976,3138583.913
btn,1977,3422475.748
btn,1978,3523617.933
btn,1979,3682430.821
btn,1980,4159770.09
btn,1981,4393226.406
btn,1982,4506202.764
btn,1983,4360877.618
btn,1984,4454506.755
btn,1985,4771433.766
btn,1986,5309860.015
btn,1987,5754588.262
btn,1988,5894235.435
btn,1989,6191311.74
btn,1990,3046471.714
btn,1991,13125157.86
btn,1992,5575636.155
btn,1993,4487970.074
btn,1994,3617066.949
btn,1995,3385847.75
btn,1996,3667041.913
btn,1997,4945604.581
btn,1998,4768790.728
btn,1999,7254387.901
btn,2000,4321523.182
btn,2001,4529236.227
btn,2002,6563524.259
btn,2003,5987757.121
btn,2004,5941728.574
btn,2005,4680128.922
btn,2006,3057226.522
btn,2007,3748504.543
btn,2008,4383151.191
btn,2009,5039811.33
btn,2010,9512960.395
btn,2011,8961590.612
btn,2012,8961659.965
btn,2013,9647090.759
btn,2014,14765504.7
btn,2015,16430959.2
btn,2016,17690855.86
btn,2017,17968689.74
btn,2018,18350326.38
btn,2019,16667381.09
btn,2020,18226701.92
btn,2021,18353522.34
btn,2022,18878609.71
btn,2023,19432285.56
btn,2024,19963887.71
bwa,1970,3169280.84
bwa,1971,3667758.274
bwa,1972,3839456.857
bwa,1973,4010912.718
bwa,1974,4667298.991
bwa,1975,4441060.373
bwa,1976,4675974.315
bwa,1977,4676074.715
bwa,1978,4508743.558
bwa,1979,4689597.157
bwa,1980,5488950.004
bwa,1981,6001639.154
bwa,1982,5529033.471
bwa,1983,5476462.338
bwa,1984,5661325.148
bwa,1985,5296433.628
bwa,1986,5613837.395
bwa,1987,6175679.886
bwa,1988,6959587.287
bwa,1989,8250053.588
bwa,1990,8438415.079
bwa,1991,8385709.913
bwa,1992,7886207.143
bwa,1993,7859585.087
bwa,1994,8087554.295
bwa,1995,10386981.68
bwa,1996,8440434.665
bwa,1997,12797726.05
bwa,1998,13956699.45
bwa,1999,16545504.98
bwa,2000,13835211.1
bwa,2001,11883439.99
bwa,2002,10199723.05
bwa,2003,12688794.44
bwa,2004,13541814.76
bwa,2005,11885446.63
bwa,2006,11303278.77
bwa,2007,11545697.91
bwa,2008,15517759.47
bwa,2009,19044675.49
bwa,2010,17555515.02
bwa,2011,20721717.77
bwa,2012,19204006.4
bwa,2013,24728696.14
bwa,2014,19708778.5
bwa,2015,15460768.11
bwa,2016,20558887.88
bwa,2017,13537417.65
bwa,2018,17607669.75
bwa,2019,16986034.27
bwa,2020,15261487.37
bwa,2021,13792447.8
bwa,2022,14053015.06
bwa,2023,14131775.09
bwa,2024,14170680.58
caf,1970,6006851.092
caf,1971,6257729.053
caf,1972,6716151.381
caf,1973,6971565.938
caf,1974,6824894.702
caf,1975,7106439.957
caf,1976,7560686.508
caf,1977,7869984.211
caf,1978,8095486.713
caf,1979,9089803.202
caf,1980,9254613.565
caf,1981,9065730.138
caf,1982,9085556.903
caf,1983,9157494.587
caf,1984,8817710.591
caf,1985,9149992.123
caf,1986,9942756.074
caf,1987,9675481.56
caf,1988,9873714.011
caf,1989,10036039.38
caf,1990,10825765.81
caf,1991,10312040.09
caf,1992,10812944.75
caf,1993,10211574.52
caf,1994,10103359.81
caf,1995,11007644.32
caf,1996,11971280.88
caf,1997,11110385.98
caf,1998,11713874.64
caf,1999,11394777.68
caf,2000,11268636.81
caf,2001,11789392.86
caf,2002,12196165.51
caf,2003,11342363.72
caf,2004,12851524.25
caf,2005,12960933.26
caf,2006,13501522.74
caf,2007,13628826.24
caf,2008,14416498.89
caf,2009,14670051.9
caf,2010,15356073.7
caf,2011,15806436.71
caf,2012,16405750.69
caf,2013,14912283.97
caf,2014,14996680.11
caf,2015,15191535.29
caf,2016,15363910.15
caf,2017,15339180.91
caf,2018,16066048.88
caf,2019,15942535.1
caf,2020,16437325.15
caf,2021,16739015.8
caf,2022,16751811.57
caf,2023,16776660.43
caf,2024,17204470.32
can,1970,700743280.1
can,1971,737193493.3
can,1972,771105916.3
can,1973,813618492.3
can,1974,856325595.1
can,1975,835307327.4
can,1976,889542051.2
can,1977,915656867.3
can,1978,889883357.5
can,1979,903498021.1
can,1980,901874100.2
can,1981,886281702.6
can,1982,827040821.9
can,1983,885534546
can,1984,898553539.8
can,1985,941099862.1
can,1986,950719990.5
can,1987,1013136394
can,1988,1061622120
can,1989,1104819436
can,1990,1056071135
can,1991,951165163.9
can,1992,971589096.7
can,1993,964216822.6
can,1994,970057539.6
can,1995,943584172
can,1996,922271368.4
can,1997,980001456.6
can,1998,985495531.6
can,1999,971544400.4
can,2000,980804088.1
can,2001,969874750.4
can,2002,1050677032
can,2003,1108799579
can,2004,1163008667
can,2005,1219793405
can,2006,1299224484
can,2007,1384432619
can,2008,1369440018
can,2009,1364939958
can,2010,1439831537
can,2011,1480984267
can,2012,1500001676
can,2013,1532285886
can,2014,1485665422
can,2015,1454025152
can,2016,1398452514
can,2017,1477788466
can,2018,1452975396
can,2019,1490007018
can,2020,1559971611
can,2021,1528367985
can,2022,1561577380
can,2023,1562112482
can,2024,1580975969
che,1970,164642937
che,1971,173733855.4
che,1972,181267266.4
che,1973,195550260.9
che,1974,185685274.4
che,1975,172629485
che,1976,174310184.4
che,1977,170554426
che,1978,188806305.2
che,1979,192382405.1
che,1980,185596439.4
che,1981,172663901.5
che,1982,172182349.4
che,1983,168788021.7
che,1984,169864097.3
che,1985,173402641.3
che,1986,192888438
che,1987,205598272.2
che,1988,201705024.3
che,1989,199538598.7
che,1990,211745399
che,1991,190010367.2
che,1992,194758374
che,1993,192040498.3
che,1994,205479138.5
che,1995,210413874.8
che,1996,202395091.7
che,1997,198153380.5
che,1998,210130558.7
che,1999,215757518.8
che,2000,221002422.8
che,2001,226064025.5
che,2002,213718241.7
che,2003,219066654.9
che,2004,224175547.6
che,2005,247754589.4
che,2006,255169588.7
che,2007,262663905.7
che,2008,267678111.1
che,2009,270517333.5
che,2010,287766500.9
che,2011,344775253.2
che,2012,324506014.1
che,2013,326436285
che,2014,311509872.3
che,2015,313632411.4
che,2016,325225579.5
che,2017,323553595
che,2018,314016520.3
che,2019,314568202.5
che,2020,335554436.7
che,2021,346878426.6
che,2022,337544669.9
che,2023,350362139.3
che,2024,360252314.4
chl,1970,87955084.76
chl,1971,90925711.4
chl,1972,89366515.84
chl,1973,97570871.89
chl,1974,98762181.91
chl,1975,63198330.61
chl,1976,73600594.31
chl,1977,81530942.6
chl,1978,80607835.19
chl,1979,91496925.62
chl,1980,100691552.2
chl,1981,111374507.1
chl,1982,93324530.63
chl,1983,85276399.53
chl,1984,89741528.95
chl,1985,84992888.17
chl,1986,84777090.8
chl,1987,88039040.21
chl,1988,94260643.05
chl,1989,103584277.5
chl,1990,105096113.8
chl,1991,102475897.1
chl,1992,126203189.7
chl,1993,142069444.4
chl,1994,145539217.8
chl,1995,151934249.6
chl,1996,173099199.7
chl,1997,184903023.3
chl,1998,201519834.1
chl,1999,184375554.8
chl,2000,198547557.4
chl,2001,203450937.9
chl,2002,194019648.8
chl,2003,194140763.5
chl,2004,188770121.3
chl,2005,209868724.6
chl,2006,202272987.6
chl,2007,205860209.9
chl,2008,218500283.7
chl,2009,199578931.2
chl,2010,218085176.3
chl,2011,234076317.2
chl,2012,238007233.8
chl,2013,239236524.3
chl,2014,222687950.2
chl,2015,222872945.7
chl,2016,230976276.8
chl,2017,225424015.5
chl,2018,245467870.8
chl,2019,249941514.7
chl,2020,249484862.9
chl,2021,279285185.8
chl,2022,275792593.9
chl,2023,287439540.2
chl,2024,289638829.7
chn,1970,2137952761
chn,1971,2294295937
chn,1972,2382103857
chn,1973,2485133454
chn,1974,2520130320
chn,1975,2693001971
chn,1976,2819040068
chn,1977,2937948666
chn,1978,3202511969
chn,1979,3345910633
chn,1980,3392245784
chn,1981,3424221769
chn,1982,3643479186
chn,1983,4059253801
chn,1984,4475228962
chn,1985,4758380693
chn,1986,5182095642
chn,1987,5495340948
chn,1988,6022166004
chn,1989,6177935731
chn,1990,6059479266
chn,1991,6318075549
chn,1992,7402250649
chn,1993,8368903625
chn,1994,8625560787
chn,1995,9465797176
chn,1996,10044382780
chn,1997,9847206829
chn,1998,10219279148
chn,1999,10471155400
chn,2000,10720626835
chn,2001,11351769986
chn,2002,11856650425
chn,2003,13416274298
chn,2004,14678050481
chn,2005,15273824183
chn,2006,16472778027
chn,2007,16950197812
chn,2008,18378189792
chn,2009,21830553588
chn,2010,24382272015
chn,2011,26941137682
chn,2012,28940998184
chn,2013,31145795073
chn,2014,32167757096
chn,2015,31893637456
chn,2016,32252635771
chn,2017,32329998800
chn,2018,31974989180
chn,2019,33009176828
chn,2020,33751660050
chn,2021,34828413730
chn,2022,34893364914
chn,2023,35508003856
chn,2024,36545990207
civ,1970,32431078.8
civ,1971,34352017.68
civ,1972,34966130.08
civ,1973,37656188.16
civ,1974,39068739.5
civ,1975,42441402.03
civ,1976,46763349.5
civ,1977,52224532.98
civ,1978,54850166.16
civ,1979,58413010.1
civ,1980,61346570.77
civ,1981,57475471.09
civ,1982,56306754.78
civ,1983,50695919.17
civ,1984,53079095.23
civ,1985,50327532.35
civ,1986,55382579.8
civ,1987,56012697.27
civ,1988,54662747.06
civ,1989,55183826.2
civ,1990,55878126.21
civ,1991,55350359.34
civ,1992,55862104.97
civ,1993,53632499.32
civ,1994,47400676.92
civ,1995,52662317.57
civ,1996,54645147.68
civ,1997,53130853.16
civ,1998,50152828.44
civ,1999,53115210.37
civ,2000,51081462.18
civ,2001,51429744.51
civ,2002,56637598.5
civ,2003,59404943.72
civ,2004,57861523.67
civ,2005,55721649.77
civ,2006,61326452.21
civ,2007,64847562.35
civ,2008,62977785.69
civ,2009,62210653.11
civ,2010,66618676.83
civ,2011,67829511.76
civ,2012,83610832.45
civ,2013,92900256.39
civ,2014,95430315.9
civ,2015,118403481
civ,2016,111342382.3
civ,2017,129735038
civ,2018,135536985.9
civ,2019,171036165.8
civ,2020,175427091
civ,2021,369502137.8
civ,2022,380765987
civ,2023,390107645.2
civ,2024,404593399.6
cmr,1970,18066617.26
cmr,1971,19136221.81
cmr,1972,20123642.3
cmr,1973,21212648.72
cmr,1974,22176960.24
cmr,1975,24107478.44
cmr,1976,23590563.87
cmr,1977,24736445.19
cmr,1978,25063583.61
cmr,1979,28776904.87
cmr,1980,31158846.87
cmr,1981,30387074.86
cmr,1982,30695840.07
cmr,1983,30526432.18
cmr,1984,32081043.63
cmr,1985,34424564.07
cmr,1986,36752727.09
cmr,1987,36026575.74
cmr,1988,35587930.67
cmr,1989,35217631.69
cmr,1990,36447136.14
cmr,1991,37239741.1
cmr,1992,37265512.13
cmr,1993,39240876.4
cmr,1994,37513953.53
cmr,1995,36978790.16
cmr,1996,40773379.43
cmr,1997,41838626.68
cmr,1998,47968199.22
cmr,1999,47941987.68
cmr,2000,47393123.18
cmr,2001,46624756.15
cmr,2002,53639424.34
cmr,2003,52431269.58
cmr,2004,57432944.07
cmr,2005,61493056.36
cmr,2006,63639430.12
cmr,2007,68273384.32
cmr,2008,69805273.28
cmr,2009,72697398.05
cmr,2010,74218490.06
cmr,2011,76576532.41
cmr,2012,90168587.18
cmr,2013,89632908.59
cmr,2014,90457321.68
cmr,2015,89905589.1
cmr,2016,92207020.76
cmr,2017,103590455.7
cmr,2018,105545719.1
cmr,2019,108973619.4
cmr,2020,108198106.8
cmr,2021,111782113.7
cmr,2022,113494780.9
cmr,2023,114796156.3
cmr,2024,118712033.3
cod,1970,58305069.73
cod,1971,60597770.08
cod,1972,62615086.55
cod,1973,65325975.81
cod,1974,68124365.84
cod,1975,67940206.67
cod,1976,67931615.02
cod,1977,71428285.5
cod,1978,74166240.88
cod,1979,73993153.84
cod,1980,72021362.18
cod,1981,70103116.72
cod,1982,72218065.72
cod,1983,71022725.7
cod,1984,68308874.52
cod,1985,70943367.16
cod,1986,73007217.47
cod,1987,71777036.87
cod,1988,74557538.84
cod,1989,81844609.04
cod,1990,86877219.85
cod,1991,86007078.48
cod,1992,85183122.98
cod,1993,92715160.89
cod,1994,86055953.27
cod,1995,85557103.29
cod,1996,91560102
cod,1997,88465489.02
cod,1998,99073599.67
cod,1999,90105528.44
cod,2000,100712921.9
cod,2001,101026277.9
cod,2002,105552914.5
cod,2003,109050604.9
cod,2004,114018740
cod,2005,119677937.7
cod,2006,122242152.3
cod,2007,114067607.9
cod,2008,128123981.2
cod,2009,123747807.7
cod,2010,142375089.1
cod,2011,145725380.4
cod,2012,156178004.7
cod,2013,157552690.4
cod,2014,166879254.5
cod,2015,169255083.5
cod,2016,171984945.2
cod,2017,184139640.9
cod,2018,190074356.7
cod,2019,188605843.9
cod,2020,196861816.2
cod,2021,182710580.7
cod,2022,186350098.3
cod,2023,185122930.3
cod,2024,188967223.5
cog,1970,6929092.876
cog,1971,7258014.257
cog,1972,6867056.319
cog,1973,6723442.741
cog,1974,6910470.794
cog,1975,6916924.232
cog,1976,6898591.509
cog,1977,6698658.646
cog,1978,6299396.561
cog,1979,6687627.228
cog,1980,7388372.724
cog,1981,7867073.001
cog,1982,8202699.061
cog,1983,7819443.315
cog,1984,9097187.361
cog,1985,9036713.694
cog,1986,8952791.04
cog,1987,8642658.187
cog,1988,8679896.794
cog,1989,9088895.84
cog,1990,9609577.343
cog,1991,6736328.451
cog,1992,5919142.399
cog,1993,7073473.921
cog,1994,9713254.999
cog,1995,8928162.202
cog,1996,8254822.004
cog,1997,8088763.541
cog,1998,9288820.378
cog,1999,8634442.653
cog,2000,6940872.583
cog,2001,9302161.97
cog,2002,9888955.197
cog,2003,9850524.402
cog,2004,10901636.6
cog,2005,13731811.33
cog,2006,15240936.33
cog,2007,23974059.19
cog,2008,20125573.56
cog,2009,23559227.22
cog,2010,19363437.15
cog,2011,22798896.86
cog,2012,25352420.49
cog,2013,26218934.76
cog,2014,37916441.71
cog,2015,39095713.32
cog,2016,30717824.17
cog,2017,24393465.57
cog,2018,24087856.8
cog,2019,23447192.57
cog,2020,19586232.67
cog,2021,20931064.25
cog,2022,21017866.51
cog,2023,21210311.1
cog,2024,22033578.27
col,1970,149546771.5
col,1971,162690385.2
col,1972,157722652.9
col,1973,164964337.3
col,1974,171623453
col,1975,178179783.1
col,1976,185972258.7
col,1977,190020672.8
col,1978,201629586.4
col,1979,205361820.4
col,1980,205116163.2
col,1981,206741057.6
col,1982,211920751.2
col,1983,209957068.9
col,1984,211947048.8
col,1985,213923882
col,1986,219281382.9
col,1987,219230084.7
col,1988,227289509.6
col,1989,231523326.1
col,1990,231423209.5
col,1991,228022009.9
col,1992,248600195.5
col,1993,268596194.1
col,1994,281677205.9
col,1995,286978263.9
col,1996,290473252.5
col,1997,290375322.9
col,1998,291124632.2
col,1999,281942430.2
col,2000,279570131.1
col,2001,268427712.3
col,2002,276990307.2
col,2003,284693525.3
col,2004,288852391
col,2005,308228692.6
col,2006,319700406.5
col,2007,340525739
col,2008,337455391.7
col,2009,346331806.8
col,2010,353537020.5
col,2011,364952860.3
col,2012,382014361.9
col,2013,402324554.8
col,2014,423589796.3
col,2015,430348610.2
col,2016,409114339.6
col,2017,389094764.4
col,2018,407459313.6
col,2019,427102102.5
col,2020,400600022.5
col,2021,422782600.7
col,2022,435799677
col,2023,445606419.7
col,2024,446203434.5
cri,1970,16434418.38
cri,1971,17088482.49
cri,1972,18176528.33
cri,1973,19792994.77
cri,1974,20659585.32
cri,1975,20856575.99
cri,1976,21238026.81
cri,1977,23568133.55
cri,1978,25077369.46
cri,1979,25970652.68
cri,1980,26531886.76
cri,1981,20186048.43
cri,1982,19653472.94
cri,1983,20961003.06
cri,1984,22939912.54
cri,1985,23522813.07
cri,1986,24467358.36
cri,1987,24212948.33
cri,1988,23569957.73
cri,1989,25592625.97
cri,1990,26838299.61
cri,1991,25354224.34
cri,1992,27741389.03
cri,1993,29767305.08
cri,1994,32869041.55
cri,1995,30079904.24
cri,1996,31088188.22
cri,1997,32057081.94
cri,1998,37484003.26
cri,1999,37368414.74
cri,2000,32371442.13
cri,2001,33322544.56
cri,2002,34237512.05
cri,2003,36238206.79
cri,2004,41581957.91
cri,2005,43681484.32
cri,2006,48150402.81
cri,2007,49508863.83
cri,2008,51029480.69
cri,2009,44408355.38
cri,2010,52052448.59
cri,2011,52011336.73
cri,2012,54016883.93
cri,2013,57085038.16
cri,2014,57670464.92
cri,2015,57541555.47
cri,2016,56723489.04
cri,2017,57765821.04
cri,2018,54130406.48
cri,2019,55447218.15
cri,2020,49461477.07
cri,2021,52884034.37
cri,2022,54486019.88
cri,2023,57268075.35
cri,2024,57921990.93
cub,1970,89947572.6
cub,1971,82813258.95
cub,1972,81860197.24
cub,1973,91638221.47
cub,1974,92316305.95
cub,1975,98035957.96
cub,1976,101330439
cub,1977,102053704.6
cub,1978,110474930.1
cub,1979,110082123.6
cub,1980,105605781.2
cub,1981,109672162.9
cub,1982,112445450.7
cub,1983,114499832.5
cub,1984,122578553.7
cub,1985,116956330.2
cub,1986,113946615.4
cub,1987,114596343.5
cub,1988,116701104
cub,1989,117299309.8
cub,1990,100675542.3
cub,1991,128562705.4
cub,1992,128809078.6
cub,1993,98146689.81
cub,1994,100605008.2
cub,1995,99283773.87
cub,1996,98493581.85
cub,1997,111237463.3
cub,1998,114012142.2
cub,1999,120944351.9
cub,2000,95256493.37
cub,2001,93108759.95
cub,2002,106712666
cub,2003,72480313.18
cub,2004,87283284.17
cub,2005,66552277.97
cub,2006,67006107.21
cub,2007,72156348.91
cub,2008,76377923.19
cub,2009,53684639.44
cub,2010,58996008.37
cub,2011,69684874.76
cub,2012,74707950.84
cub,2013,68720665.29
cub,2014,68396069.24
cub,2015,86316762.37
cub,2016,85972695.96
cub,2017,81835703.22
cub,2018,76143135.46
cub,2019,79077896.8
cub,2020,75901800.37
cub,2021,73728982.75
cub,2022,74985124.56
cub,2023,76490633.15
cub,2024,76464169.07
cyp,1970,9514848.198
cyp,1971,10999282.63
cyp,1972,14527898.81
cyp,1973,14369687.27
cyp,1974,12072071.18
cyp,1975,9585132.896
cyp,1976,10435771.1
cyp,1977,11707311.17
cyp,1978,12545245.18
cyp,1979,14207996.43
cyp,1980,15982286.18
cyp,1981,14783646.39
cyp,1982,15152151.84
cyp,1983,15526331.72
cyp,1984,15485310.41
cyp,1985,15620716.23
cyp,1986,15810462.05
cyp,1987,15787083.71
cyp,1988,16443426.68
cyp,1989,17366403.31
cyp,1990,16759561.46
cyp,1991,17715309.79
cyp,1992,20192358.26
cyp,1993,18908944.53
cyp,1994,18268662.19
cyp,1995,22994359.18
cyp,1996,18623447.65
cyp,1997,22187111.62
cyp,1998,23688217.29
cyp,1999,29044134.58
cyp,2000,25512870.5
cyp,2001,25219241.6
cyp,2002,37270807.3
cyp,2003,36814997.65
cyp,2004,39506416.82
cyp,2005,33033948.64
cyp,2006,41566670.92
cyp,2007,41054106.21
cyp,2008,42385310.22
cyp,2009,43799182.41
cyp,2010,45920098.87
cyp,2011,41841064.94
cyp,2012,28706732.33
cyp,2013,21440349.18
cyp,2014,23204962.43
cyp,2015,20991888.62
cyp,2016,25155757.88
cyp,2017,35209821.14
cyp,2018,27729713.86
cyp,2019,29199212.04
cyp,2020,29476459.03
cyp,2021,29655411.4
cyp,2022,29605712.72
cyp,2023,31185943.07
cyp,2024,32223950.66
cze,1993,179918032.6
cze,1994,181146125.8
cze,1995,187940585.8
cze,1996,195990826.6
cze,1997,191898832.9
cze,1998,181423740.4
cze,1999,187334267.9
cze,2000,189154382.1
cze,2001,190800547.8
cze,2002,194438085.7
cze,2003,201430367.4
cze,2004,222080131.2
cze,2005,229860834
cze,2006,213165674
cze,2007,227864785.3
cze,2008,237803983.9
cze,2009,204218641.9
cze,2010,202827857
cze,2011,214758797.2
cze,2012,197252920.3
cze,2013,186001901.7
cze,2014,186192799.8
cze,2015,185562166.9
cze,2016,182786588
cze,2017,186354259.3
cze,2018,197019125.7
cze,2019,195702797.5
cze,2020,179340172.3
cze,2021,202960963.5
cze,2022,201496827.8
cze,2023,211839652.9
cze,2024,216667492.3
deu,1970,1880235851
deu,1971,1938483758
deu,1972,1968910289
deu,1973,2055938268
deu,1974,1985556544
deu,1975,1924107125
deu,1976,1949328794
deu,1977,1976020605
deu,1978,2034067325
deu,1979,2102523607
deu,1980,2069552558
deu,1981,1914890914
deu,1982,1877549978
deu,1983,1868190930
deu,1984,1876005868
deu,1985,1893088876
deu,1986,2012449587
deu,1987,2073271758
deu,1988,2083806191
deu,1989,2079635116
deu,1990,2077656829
deu,1991,1924059462
deu,1992,2054292603
deu,1993,2112135556
deu,1994,2152625012
deu,1995,2145779554
deu,1996,2047649712
deu,1997,2004768000
deu,1998,2131410349
deu,1999,2252435094
deu,2000,2181359832
deu,2001,1987993014
deu,2002,1930646107
deu,2003,1991504855
deu,2004,2079455235
deu,2005,2072388262
deu,2006,2162570516
deu,2007,2246931880
deu,2008,2254390322
deu,2009,2062433119
deu,2010,2062033491
deu,2011,2193887468
deu,2012,2094629524
deu,2013,2078715592
deu,2014,2064990624
deu,2015,1941542611
deu,2016,1991882154
deu,2017,2003708047
deu,2018,2047339244
deu,2019,1979933861
deu,2020,1882289497
deu,2021,2026558912
deu,2022,1966112523
deu,2023,2026644643
deu,2024,2065475763
dji,1970,1003180.628
dji,1971,1042816.865
dji,1972,1122240.908
dji,1973,1191488.208
dji,1974,1246664.123
dji,1975,1257454.198
dji,1976,1384525.984
dji,1977,1396059.935
dji,1978,1388692.685
dji,1979,1428192.722
dji,1980,1503469.638
dji,1981,1621657.058
dji,1982,1699194.993
dji,1983,1791569.434
dji,1984,1899302.111
dji,1985,1970694.281
dji,1986,1956366.285
dji,1987,1910554.147
dji,1988,1908913.717
dji,1989,1924146.272
dji,1990,1995768.086
dji,1991,1803343.187
dji,1992,2369866.229
dji,1993,2446670.848
dji,1994,2813193.474
dji,1995,2532651.246
dji,1996,2415365.847
dji,1997,2190892.914
dji,1998,2964274.676
dji,1999,2733130.526
dji,2000,2371004.691
dji,2001,1905421.173
dji,2002,2116694.899
dji,2003,2175080.644
dji,2004,2420196.928
dji,2005,2346596.185
dji,2006,2694377.079
dji,2007,3625903.601
dji,2008,2609035.213
dji,2009,3848803.046
dji,2010,4434861.234
dji,2011,8920818.413
dji,2012,13206393.63
dji,2013,13906904.98
dji,2014,11493762.19
dji,2015,11065124.46
dji,2016,9732652.77
dji,2017,11903016.39
dji,2018,9394714.74
dji,2019,11719879.9
dji,2020,14323074.04
dji,2021,12176057.02
dji,2022,12233776.93
dji,2023,12531554.82
dji,2024,12990641.48
dnk,1970,100362830.3
dnk,1971,102925369.4
dnk,1972,105690635.8
dnk,1973,115062535.3
dnk,1974,106997820.6
dnk,1975,108701572.4
dnk,1976,113324410.3
dnk,1977,115140345.4
dnk,1978,116518576
dnk,1979,118515909.8
dnk,1980,107771510.7
dnk,1981,97379077.66
dnk,1982,99114541.69
dnk,1983,98590486.6
dnk,1984,101518423.1
dnk,1985,105520789.8
dnk,1986,118444607.6
dnk,1987,124946988
dnk,1988,123418461
dnk,1989,120336997.2
dnk,1990,95821840.92
dnk,1991,90307402.89
dnk,1992,106148543.8
dnk,1993,107499612.8
dnk,1994,120357946.7
dnk,1995,129987930.5
dnk,1996,131407229.3
dnk,1997,128133892.2
dnk,1998,162898678.6
dnk,1999,168609472.5
dnk,2000,154719147.5
dnk,2001,150530132.1
dnk,2002,146847033.9
dnk,2003,149792719.4
dnk,2004,158592803
dnk,2005,178814123.2
dnk,2006,177620044.4
dnk,2007,181034331.4
dnk,2008,179028255.5
dnk,2009,150181672.7
dnk,2010,141277951.9
dnk,2011,153996690.3
dnk,2012,149008883.3
dnk,2013,153058274.4
dnk,2014,142962324.2
dnk,2015,144467531.5
dnk,2016,143466773.9
dnk,2017,151953068.8
dnk,2018,150234366.1
dnk,2019,149067059.6
dnk,2020,141786448.8
dnk,2021,150748843.2
dnk,2022,151800416.8
dnk,2023,156017837.6
dnk,2024,158732756.8
dom,1970,29993660.31
dom,1971,32926625.75
dom,1972,34858413.93
dom,1973,36754420.06
dom,1974,38834153.04
dom,1975,37952531.44
dom,1976,40755809.45
dom,1977,41961813.43
dom,1978,39457192.6
dom,1979,40731168.17
dom,1980,40021045.8
dom,1981,40270969.11
dom,1982,42941170.12
dom,1983,44956477.51
dom,1984,47770363.82
dom,1985,33078649.78
dom,1986,33516566.81
dom,1987,33592285.72
dom,1988,31974339.79
dom,1989,35864724.32
dom,1990,37188876.58
dom,1991,36538933.58
dom,1992,44283431.06
dom,1993,40423856.38
dom,1994,41821574.1
dom,1995,46815755.34
dom,1996,48321475.89
dom,1997,51808112.87
dom,1998,57608990.98
dom,1999,57300518.51
dom,2000,56430615.14
dom,2001,52242216.33
dom,2002,59919969.05
dom,2003,47313449.29
dom,2004,47534373.25
dom,2005,54645234.19
dom,2006,56662940.3
dom,2007,60671690.15
dom,2008,63426907.23
dom,2009,54007991.67
dom,2010,59235313.52
dom,2011,59010276.31
dom,2012,72852626.03
dom,2013,70904895.15
dom,2014,72018846.41
dom,2015,75369686.13
dom,2016,79601648.23
dom,2017,77245510.65
dom,2018,72471369.33
dom,2019,76930602.17
dom,2020,82941130.92
dom,2021,87655651.21
dom,2022,91831799.53
dom,2023,94192771.98
dom,2024,94973031.3
dza,1970,67736157.55
dza,1971,64409332.18
dza,1972,72900149.22
dza,1973,75570801.24
dza,1974,87143481.78
dza,1975,92651748.7
dza,1976,99686783.06
dza,1977,103799160.4
dza,1978,113835276
dza,1979,124494027.5
dza,1980,133926190.3
dza,1981,134379988.1
dza,1982,145453221.8
dza,1983,154911762.4
dza,1984,172542854
dza,1985,181899543
dza,1986,202514961.7
dza,1987,196532415.9
dza,1988,175527624.9
dza,1989,179067607.9
dza,1990,177061750.5
dza,1991,163475738.1
dza,1992,160406212.4
dza,1993,163353233
dza,1994,160571123.2
dza,1995,160480463.1
dza,1996,155797516.7
dza,1997,135471667.8
dza,1998,152335685.7
dza,1999,154490313.4
dza,2000,150136449.5
dza,2001,159880280.6
dza,2002,186218904.6
dza,2003,205949731.2
dza,2004,221563440.8
dza,2005,232465649.7
dza,2006,244083984.9
dza,2007,272777339.6
dza,2008,331865260.5
dza,2009,346613615.9
dza,2010,331977732.1
dza,2011,337243533.1
dza,2012,345215410
dza,2013,344303531
dza,2014,354549539.2
dza,2015,395818248.9
dza,2016,397261022.3
dza,2017,397502380.4
dza,2018,409391456.4
dza,2019,406201436.1
dza,2020,384298263.5
dza,2021,383470177.1
dza,2022,395155027.2
dza,2023,401530777.8
dza,2024,417649808.9
ecu,1970,36740961.78
ecu,1971,35935905.57
ecu,1972,35182430.39
ecu,1973,36844429.96
ecu,1974,41648004.58
ecu,1975,44675565.56
ecu,1976,45192063.24
ecu,1977,50752858.1
ecu,1978,50678750.6
ecu,1979,56397531.29
ecu,1980,61520934.09
ecu,1981,59528568.21
ecu,1982,56403599.3
ecu,1983,53338399.9
ecu,1984,59324954.88
ecu,1985,61178790.91
ecu,1986,66596917.14
ecu,1987,61025980.66
ecu,1988,63674407.96
ecu,1989,64442282.23
ecu,1990,66935238.9
ecu,1991,65685471.46
ecu,1992,65463546.98
ecu,1993,69702061.14
ecu,1994,76975017.91
ecu,1995,80248200.48
ecu,1996,84236816.52
ecu,1997,87994433.63
ecu,1998,97172020.72
ecu,1999,80259933.73
ecu,2000,76312963.72
ecu,2001,91021627.23
ecu,2002,96791779.28
ecu,2003,95026890.93
ecu,2004,96141789.05
ecu,2005,100074597.1
ecu,2006,105217332.6
ecu,2007,109727489.7
ecu,2008,119411475
ecu,2009,131812551.9
ecu,2010,133466199.4
ecu,2011,136520291
ecu,2012,112418195.7
ecu,2013,151729607
ecu,2014,156605075.8
ecu,2015,139331890.5
ecu,2016,127764560.7
ecu,2017,129740214.9
ecu,2018,127477874.6
ecu,2019,130071664.6
ecu,2020,116862954.5
ecu,2021,120958781
ecu,2022,123530426.6
ecu,2023,126023134.3
ecu,2024,126438529.6
egy,1970,158123571.2
egy,1971,156201546.3
egy,1972,152260017.9
egy,1973,143926908.8
egy,1974,137511733.7
egy,1975,142851295.9
egy,1976,154773228.6
egy,1977,163050897.8
egy,1978,170704413.8
egy,1979,145727374.7
egy,1980,151844266.1
egy,1981,135855131.3
egy,1982,147150828.4
egy,1983,162342260.8
egy,1984,179876547.7
egy,1985,193387417.5
egy,1986,188237439
egy,1987,186407276.9
egy,1988,190233667.1
egy,1989,199963746.3
egy,1990,214195755.4
egy,1991,198782095.4
egy,1992,210589158.2
egy,1993,209829958.9
egy,1994,226403574.8
egy,1995,230486418.9
egy,1996,230214206.5
egy,1997,242222767
egy,1998,258475714.5
egy,1999,279517518.9
egy,2000,259731921
egy,2001,260119741.1
egy,2002,253595001.4
egy,2003,216834580.9
egy,2004,218084430.8
egy,2005,241210292.7
egy,2006,266792093.7
egy,2007,282682407.4
egy,2008,301589554.8
egy,2009,306753706.4
egy,2010,314958307.9
egy,2011,332079659.7
egy,2012,397125523.5
egy,2013,381816836.3
egy,2014,419451139.9
egy,2015,413094595.3
egy,2016,392874871
egy,2017,382089460.2
egy,2018,377094394.6
egy,2019,402086067
egy,2020,398197507.8
egy,2021,433829350.2
egy,2022,445489014.3
egy,2023,443318985.3
egy,2024,446817674.7
eri,1993,7256816.493
eri,1994,10432456.8
eri,1995,11320560.49
eri,1996,12683283.23
eri,1997,13146028.39
eri,1998,16357701.78
eri,1999,16023099.13
eri,2000,12593166.27
eri,2001,12374299.19
eri,2002,12898671.25
eri,2003,13895659.4
eri,2004,13644221.97
eri,2005,13838843.42
eri,2006,13946658.39
eri,2007,13861642.8
eri,2008,11403255.48
eri,2009,12512527.72
eri,2010,13566103.78
eri,2011,12333706.58
eri,2012,12055766.38
eri,2013,14363083.89
eri,2014,12538177.86
eri,2015,13368873.39
eri,2016,12258137.21
eri,2017,11625947.1
eri,2018,11045966.88
eri,2019,13389868.95
eri,2020,12183308.63
eri,2021,8984400.874
eri,2022,8905974.11
eri,2023,8841834.656
eri,2024,8998582.483
esp,1970,374549809.1
esp,1971,371083369.2
esp,1972,422260467.1
esp,1973,439877566.7
esp,1974,450826365.5
esp,1975,464218729.6
esp,1976,491912072.4
esp,1977,478321257.9
esp,1978,505916019.1
esp,1979,508909047.8
esp,1980,514971364.1
esp,1981,493069232
esp,1982,501599263.1
esp,1983,479144388.2
esp,1984,488499153.3
esp,1985,507697398
esp,1986,540574390.6
esp,1987,572590538.5
esp,1988,620641981
esp,1989,682620576.1
esp,1990,707619339.2
esp,1991,699997302.5
esp,1992,715994829
esp,1993,618989115.9
esp,1994,626165089.5
esp,1995,650112172.3
esp,1996,629889165.1
esp,1997,654502782.2
esp,1998,740288434.7
esp,1999,801795481.6
esp,2000,816052365.6
esp,2001,849136075.4
esp,2002,900571428.8
esp,2003,970944644.8
esp,2004,1011778991
esp,2005,1091114990
esp,2006,1145311988
esp,2007,1181022300
esp,2008,1078070736
esp,2009,882793987.4
esp,2010,826923599.9
esp,2011,772011432.5
esp,2012,640075520.7
esp,2013,758863746.9
esp,2014,736446856.7
esp,2015,712596737
esp,2016,687516253.9
esp,2017,606121673
esp,2018,648539452.2
esp,2019,615461412.2
esp,2020,619035375.2
esp,2021,654964002.4
esp,2022,651491244.6
esp,2023,673595131.2
esp,2024,687965070.5
est,1992,17595170.71
est,1993,16839435.21
est,1994,18123306.99
est,1995,12971248.97
est,1996,13141748.49
est,1997,14566593.65
est,1998,15036875.85
est,1999,15597853.84
est,2000,17346385.31
est,2001,17774752.2
est,2002,22407158.41
est,2003,26016998.29
est,2004,27498336.73
est,2005,30058933.87
est,2006,34632542.84
est,2007,39057447.4
est,2008,33814505.11
est,2009,26892027.95
est,2010,28546232.93
est,2011,29283399.25
est,2012,31330617.34
est,2013,32315461
est,2014,29477062.77
est,2015,31251002.01
est,2016,32094395.31
est,2017,35608490.43
est,2018,34882470.84
est,2019,34502930.34
est,2020,34657216.84
est,2021,36787349.18
est,2022,36952035.07
est,2023,38518652.89
est,2024,39623644.47
eth,1993,158999770.5
eth,1994,163125579.3
eth,1995,167207459.1
eth,1996,185327327.1
eth,1997,188617149.6
eth,1998,181723551
eth,1999,176065784.9
eth,2000,187037655.5
eth,2001,198259990.4
eth,2002,207020715.3
eth,2003,211528499
eth,2004,219364234.7
eth,2005,223801003.6
eth,2006,216454278.9
eth,2007,244043528.9
eth,2008,244166738.2
eth,2009,268990026.2
eth,2010,251157981.3
eth,2011,229718082.3
eth,2012,234429236.7
eth,2013,253628010.7
eth,2014,252596918
eth,2015,289924533.1
eth,2016,322535923
eth,2017,377370921.8
eth,2018,365107335.2
eth,2019,390002365.4
eth,2020,417443471.9
eth,2021,421013813.5
eth,2022,424262885.2
eth,2023,437730626.3
eth,2024,455156033
fin,1970,84655693.36
fin,1971,86409899.74
fin,1972,87244166.36
fin,1973,91600228.4
fin,1974,100137783.7
fin,1975,96763473.09
fin,1976,98156460.94
fin,1977,94608085.58
fin,1978,95743693.74
fin,1979,100441626.6
fin,1980,105048549.6
fin,1981,100870875
fin,1982,104613068.9
fin,1983,106265142.1
fin,1984,107334896
fin,1985,108067463.7
fin,1986,121612793
fin,1987,123206261.5
fin,1988,136311880.3
fin,1989,146384887.8
fin,1990,154947118.6
fin,1991,111123993.1
fin,1992,123355712
fin,1993,115957352.1
fin,1994,112952259.2
fin,1995,117744277.1
fin,1996,114284362.3
fin,1997,117804697.7
fin,1998,118724631.9
fin,1999,145925713
fin,2000,145352448
fin,2001,177119659.8
fin,2002,178608636.5
fin,2003,189593424.8
fin,2004,188997951.5
fin,2005,201002929.4
fin,2006,205688626.4
fin,2007,210290250.5
fin,2008,205590227.8
fin,2009,176122342.9
fin,2010,174098607.4
fin,2011,183628108.1
fin,2012,177894699.2
fin,2013,176601828.4
fin,2014,172176677
fin,2015,161136236
fin,2016,170780800.4
fin,2017,176044933
fin,2018,179346600.6
fin,2019,165883289.4
fin,2020,170759433.3
fin,2021,168076016.5
fin,2022,166010836.2
fin,2023,173960624.8
fin,2024,177793432.1
fra,1970,898375614.1
fra,1971,914907668.2
fra,1972,937857702.2
fra,1973,1007302984
fra,1974,995489117.9
fra,1975,984788190
fra,1976,989440175.6
fra,1977,976872967.8
fra,1978,990301432.1
fra,1979,1033474527
fra,1980,1052663976
fra,1981,984111279.7
fra,1982,944406469.4
fra,1983,908642577.8
fra,1984,892967604.9
fra,1985,925873126.1
fra,1986,985279056.4
fra,1987,1029843985
fra,1988,1073359535
fra,1989,1075519926
fra,1990,1126841533
fra,1991,1036161944
fra,1992,1066824474
fra,1993,996675994.5
fra,1994,1030572160
fra,1995,1030810985
fra,1996,1016692101
fra,1997,1042905110
fra,1998,1130985573
fra,1999,1192248288
fra,2000,1205956025
fra,2001,1181427694
fra,2002,1205969114
fra,2003,1252306113
fra,2004,1286681341
fra,2005,1308992764
fra,2006,1333696303
fra,2007,1381888848
fra,2008,1364860419
fra,2009,1245873901
fra,2010,1141729800
fra,2011,1253811732
fra,2012,1181465769
fra,2013,1182598112
fra,2014,1172077248
fra,2015,1092820499
fra,2016,1085887966
fra,2017,1121963944
fra,2018,1125409248
fra,2019,1124104038
fra,2020,1073897612
fra,2021,1133702407
fra,2022,1116122106
fra,2023,1147874064
fra,2024,1164794989
gab,1970,2816320.641
gab,1971,3059279.454
gab,1972,3142416.739
gab,1973,3927132.424
gab,1974,5773789.001
gab,1975,6350441.968
gab,1976,7819326.722
gab,1977,7150044.363
gab,1978,5768160.966
gab,1979,6467963.171
gab,1980,7625481.478
gab,1981,7165894.682
gab,1982,6851251.643
gab,1983,6535363.303
gab,1984,6936814.572
gab,1985,7115998.077
gab,1986,6388634.873
gab,1987,6001375.483
gab,1988,5904746.275
gab,1989,6099616.326
gab,1990,6875052.839
gab,1991,7005245.903
gab,1992,7260659.582
gab,1993,7563195.387
gab,1994,6967124.814
gab,1995,7709524.578
gab,1996,7271145.618
gab,1997,7532035.01
gab,1998,9163280.563
gab,1999,7510214.608
gab,2000,6686095.726
gab,2001,6075519.081
gab,2002,7813516.633
gab,2003,8275736.291
gab,2004,8147571.746
gab,2005,10320178.09
gab,2006,11843023.88
gab,2007,12944281.01
gab,2008,12596434.25
gab,2009,13787153.61
gab,2010,12670885.29
gab,2011,14855203.49
gab,2012,14416151.63
gab,2013,15528321.39
gab,2014,15680526.53
gab,2015,16390102.24
gab,2016,15409049.25
gab,2017,16017377.8
gab,2018,12226723.86
gab,2019,11239818.17
gab,2020,11541189.12
gab,2021,11008707.22
gab,2022,11127501.11
gab,2023,10815906.7
gab,2024,10989309.33
gbr,1970,794728179.1
gbr,1971,835475548.5
gbr,1972,826746944.8
gbr,1973,856833605.9
gbr,1974,796730212.4
gbr,1975,797109636.4
gbr,1976,757525054.4
gbr,1977,762842924.3
gbr,1978,805911185.2
gbr,1979,871005885.3
gbr,1980,909315878.3
gbr,1981,877506220.9
gbr,1982,891842206.7
gbr,1983,883751349.4
gbr,1984,853088369.8
gbr,1985,906187084.6
gbr,1986,949171919.8
gbr,1987,1004767210
gbr,1988,1075134890
gbr,1989,1082730832
gbr,1990,1092016360
gbr,1991,985150210.9
gbr,1992,1055750733
gbr,1993,1009354128
gbr,1994,1091768811
gbr,1995,1073576445
gbr,1996,1101754195
gbr,1997,1193690419
gbr,1998,1217164586
gbr,1999,1286106290
gbr,2000,1290052096
gbr,2001,1292987339
gbr,2002,1342250100
gbr,2003,1316961001
gbr,2004,1340860478
gbr,2005,1343287905
gbr,2006,1391724789
gbr,2007,1389786598
gbr,2008,1265694837
gbr,2009,1092290247
gbr,2010,1092386897
gbr,2011,1112070845
gbr,2012,1075564310
gbr,2013,1121012996
gbr,2014,1196192324
gbr,2015,1206135416
gbr,2016,1186258129
gbr,2017,1156145197
gbr,2018,1178484531
gbr,2019,1175378429
gbr,2020,1074956859
gbr,2021,1134927040
gbr,2022,1135642096
gbr,2023,1172900586
gbr,2024,1204445080
geo,1992,27839976.53
geo,1993,17873879.87
geo,1994,14746386.21
geo,1995,11977259.46
geo,1996,15146567.5
geo,1997,21997269.79
geo,1998,22040362.48
geo,1999,21336641.46
geo,2000,17890527.16
geo,2001,20520986.94
geo,2002,22646895.83
geo,2003,23427240.03
geo,2004,22608274.77
geo,2005,25988906.87
geo,2006,29015373.29
geo,2007,33542065.81
geo,2008,36499052.13
geo,2009,34970832.7
geo,2010,34678289.64
geo,2011,38711398.41
geo,2012,42697448.05
geo,2013,40124603.77
geo,2014,40747885.73
geo,2015,41777720.54
geo,2016,38915846.36
geo,2017,38357709.65
geo,2018,41084830.61
geo,2019,40994667.72
geo,2020,44358816.56
geo,2021,43000653.23
geo,2022,43601243.14
geo,2023,43419317.98
geo,2024,44721149.91
gha,1970,48020593.45
gha,1971,49708921.42
gha,1972,46155935.95
gha,1973,46231661.37
gha,1974,48613965.23
gha,1975,48774905.49
gha,1976,46155922.99
gha,1977,43572436.69
gha,1978,41609892.29
gha,1979,39298585.95
gha,1980,37201959.63
gha,1981,39034994.6
gha,1982,39343313.92
gha,1983,38550085.8
gha,1984,43674145.4
gha,1985,44983652.42
gha,1986,45979526.62
gha,1987,46485061.32
gha,1988,49607497.12
gha,1989,51949587.57
gha,1990,50863393.69
gha,1991,60973274.48
gha,1992,62749466.65
gha,1993,77539633.95
gha,1994,72972690.48
gha,1995,75260624.58
gha,1996,76251253.9
gha,1997,80331634.14
gha,1998,94929047.6
gha,1999,97297375.39
gha,2000,95915969.15
gha,2001,105485158.4
gha,2002,109997759.8
gha,2003,118148994.3
gha,2004,120645276.9
gha,2005,139479906.2
gha,2006,150073008.1
gha,2007,139644129.5
gha,2008,146534600.9
gha,2009,137415063.3
gha,2010,162477938.8
gha,2011,180838531.1
gha,2012,206530979.8
gha,2013,207062859.1
gha,2014,170599521.8
gha,2015,193742704.3
gha,2016,192241966.3
gha,2017,224123531.2
gha,2018,227762429.5
gha,2019,239214432
gha,2020,213629460.5
gha,2021,213061202.7
gha,2022,210408828
gha,2023,210833316.9
gha,2024,213320572.7
gin,1970,16305157.71
gin,1971,16583515.78
gin,1972,16560240.57
gin,1973,16787984.51
gin,1974,16919950.19
gin,1975,17038674.61
gin,1976,17522410.09
gin,1977,17606220.13
gin,1978,17656868.37
gin,1979,17797548.73
gin,1980,17920220.05
gin,1981,18147971.98
gin,1982,18158662.68
gin,1983,18438531.93
gin,1984,18939517.23
gin,1985,19075185.38
gin,1986,18488274.1
gin,1987,18929198.17
gin,1988,19626753.89
gin,1989,20352963.63
gin,1990,21447703.37
gin,1991,21701529.07
gin,1992,22673204.84
gin,1993,23373078.05
gin,1994,24562740
gin,1995,30786013.84
gin,1996,31662779.52
gin,1997,30480298.22
gin,1998,31859260.82
gin,1999,35003711.21
gin,2000,33463911.69
gin,2001,34019002.32
gin,2002,38283072.41
gin,2003,36720554.26
gin,2004,39058011.08
gin,2005,38325237.29
gin,2006,35895296.76
gin,2007,41401691.5
gin,2008,39855569.99
gin,2009,41978553.89
gin,2010,39219723.56
gin,2011,40272952.35
gin,2012,41194215.98
gin,2013,48613548.58
gin,2014,49703790.46
gin,2015,56672246.48
gin,2016,60121516.35
gin,2017,52726479
gin,2018,53980001.59
gin,2019,57813890.16
gin,2020,61180879.44
gin,2021,56073160.28
gin,2022,57753565.3
gin,2023,58249479.69
gin,2024,59926819.16
gmb,1970,2407217.241
gmb,1971,2492866.135
gmb,1972,2601495.999
gmb,1973,3021313.383
gmb,1974,3088993.321
gmb,1975,3149419.961
gmb,1976,3100842.193
gmb,1977,3047161.368
gmb,1978,3285644.183
gmb,1979,3213988.379
gmb,1980,3320641.669
gmb,1981,3498699.437
gmb,1982,3594005.329
gmb,1983,3403125.459
gmb,1984,3573129.114
gmb,1985,4030946.587
gmb,1986,3547227.547
gmb,1987,3602320.644
gmb,1988,3813743.295
gmb,1989,3957107.19
gmb,1990,3972068.81
gmb,1991,3832256.631
gmb,1992,4203667.556
gmb,1993,4971441.183
gmb,1994,4447588.822
gmb,1995,4823331.526
gmb,1996,4458284.714
gmb,1997,4402417.693
gmb,1998,4507008.469
gmb,1999,5149716.259
gmb,2000,5045768.487
gmb,2001,3968842.398
gmb,2002,4737866.793
gmb,2003,5556990.914
gmb,2004,5072849.341
gmb,2005,5058984.627
gmb,2006,5436949.791
gmb,2007,4876110.054
gmb,2008,5565560.006
gmb,2009,6078368.89
gmb,2010,6518756.423
gmb,2011,4971569.004
gmb,2012,5401976.078
gmb,2013,5178128.403
gmb,2014,5313750.98
gmb,2015,5937746.502
gmb,2016,7224852.649
gmb,2017,7180174.973
gmb,2018,7650301.195
gmb,2019,7774777.391
gmb,2020,8339655.069
gmb,2021,8173247.021
gmb,2022,8326594.753
gmb,2023,8406249.774
gmb,2024,8747177.613
gnq,1970,1879021.864
gnq,1971,1685651.586
gnq,1972,1649393.029
gnq,1973,1684033.923
gnq,1974,1744733.792
gnq,1975,1827604.808
gnq,1976,1850281.985
gnq,1977,1796284.68
gnq,1978,1688569.886
gnq,1979,1693640.322
gnq,1980,1700001.606
gnq,1981,1697613.628
gnq,1982,1748659.271
gnq,1983,1756152.641
gnq,1984,1797893.383
gnq,1985,1938510.811
gnq,1986,2051775.677
gnq,1987,2104846.749
gnq,1988,2112230.358
gnq,1989,2068448.168
gnq,1990,3011259.622
gnq,1991,1713396.352
gnq,1992,1540627.408
gnq,1993,991796.0938
gnq,1994,1653375.066
gnq,1995,1656926.512
gnq,1996,2660068.698
gnq,1997,2096486.63
gnq,1998,2802397.721
gnq,1999,3099072.144
gnq,2000,2861791.468
gnq,2001,3870773.859
gnq,2002,5147235.082
gnq,2003,7620606.826
gnq,2004,6471478.736
gnq,2005,7834377.871
gnq,2006,8735830.149
gnq,2007,12023412.18
gnq,2008,9790250.881
gnq,2009,23011186.35
gnq,2010,50898831.58
gnq,2011,27552015.55
gnq,2012,19607968.73
gnq,2013,15246107.35
gnq,2014,14327462.38
gnq,2015,14913821.79
gnq,2016,11864998.58
gnq,2017,7457949.467
gnq,2018,10501311.5
gnq,2019,9158374.362
gnq,2020,9311998.96
gnq,2021,7868594.838
gnq,2022,7308479.73
gnq,2023,6688592.918
gnq,2024,6798739.961
grc,1970,110215821.9
grc,1971,115331248.4
grc,1972,123056772.2
grc,1973,137321066.4
grc,1974,131479625.3
grc,1975,137419467.9
grc,1976,141464957.3
grc,1977,153276706.5
grc,1978,152029663.3
grc,1979,166913043.3
grc,1980,161668821.2
grc,1981,167416516.7
grc,1982,165421738.3
grc,1983,164418868.2
grc,1984,170096204.7
grc,1985,175850842.7
grc,1986,173848548.9
grc,1987,184919568.3
grc,1988,206570808.5
grc,1989,210600397.3
grc,1990,215680274
grc,1991,196102958.3
grc,1992,198424463.2
grc,1993,206748995.4
grc,1994,197326344.8
grc,1995,223294248.9
grc,1996,228689585.2
grc,1997,227919257.6
grc,1998,257539622.4
grc,1999,259206096.3
grc,2000,272907238.9
grc,2001,274591753.8
grc,2002,301903939.3
grc,2003,304720281.5
grc,2004,317719400.6
grc,2005,316772994.7
grc,2006,317563070
grc,2007,335246649.5
grc,2008,334871653.8
grc,2009,279376310.2
grc,2010,234919690.2
grc,2011,216252074
grc,2012,182666532.5
grc,2013,169183492.4
grc,2014,172898543.4
grc,2015,162800175.1
grc,2016,159520503.1
grc,2017,154873034.3
grc,2018,158320812.2
grc,2019,147468924.4
grc,2020,134870279.5
grc,2021,148677283.5
grc,2022,145539985.6
grc,2023,150921337.5
grc,2024,152802182.3
gtm,1970,26063167.15
gtm,1971,26364298.35
gtm,1972,27229711.28
gtm,1973,29085563.41
gtm,1974,29785168.12
gtm,1975,30703688.07
gtm,1976,33013394.76
gtm,1977,34999459.43
gtm,1978,34121088.82
gtm,1979,34422615.51
gtm,1980,36699257.84
gtm,1981,38120599.24
gtm,1982,38915179.3
gtm,1983,38232679.93
gtm,1984,38373140.51
gtm,1985,41013117.68
gtm,1986,38028442.69
gtm,1987,36160506.81
gtm,1988,37895442.08
gtm,1989,38708823.84
gtm,1990,37390704.78
gtm,1991,45827416.68
gtm,1992,53007128.28
gtm,1993,52341526.92
gtm,1994,52464837.58
gtm,1995,58151295.57
gtm,1996,57938449.7
gtm,1997,60986809.42
gtm,1998,69233372.87
gtm,1999,75452961.58
gtm,2000,71220687.96
gtm,2001,76587096.27
gtm,2002,77008616.61
gtm,2003,86567252.88
gtm,2004,91287926.16
gtm,2005,92376779.1
gtm,2006,102038110
gtm,2007,115210704.8
gtm,2008,107256500.9
gtm,2009,93401777.82
gtm,2010,114652626.4
gtm,2011,118475212.2
gtm,2012,127789683.7
gtm,2013,159233774.8
gtm,2014,180105712.2
gtm,2015,140116410.6
gtm,2016,141633129.9
gtm,2017,130167067.2
gtm,2018,120841567.2
gtm,2019,136300684.4
gtm,2020,132626705.6
gtm,2021,146078963.4
gtm,2022,150183897.8
gtm,2023,153758789.5
gtm,2024,154991137.9
hnd,1970,17740955.06
hnd,1971,17864970.31
hnd,1972,17961196.34
hnd,1973,18044452.58
hnd,1974,18164300.55
hnd,1975,17890535.78
hnd,1976,18780274.01
hnd,1977,20103121.27
hnd,1978,20954944.38
hnd,1979,21715646.74
hnd,1980,22634209.85
hnd,1981,23351699.41
hnd,1982,23214318.39
hnd,1983,24702126.72
hnd,1984,26097969.67
hnd,1985,26163772.74
hnd,1986,26033908.95
hnd,1987,25941678.22
hnd,1988,25630068.83
hnd,1989,26632512.16
hnd,1990,23479735.55
hnd,1991,23379582.07
hnd,1992,25357161.14
hnd,1993,24959760.94
hnd,1994,25688573.04
hnd,1995,25817754.54
hnd,1996,25925775.4
hnd,1997,27029133.37
hnd,1998,26783891.84
hnd,1999,27707750.98
hnd,2000,30284095.61
hnd,2001,29181414.23
hnd,2002,30003248.97
hnd,2003,28354770.68
hnd,2004,31342542
hnd,2005,32974096.52
hnd,2006,35746694.97
hnd,2007,38265614.31
hnd,2008,40353235.99
hnd,2009,46693890.09
hnd,2010,41156025.29
hnd,2011,41247416
hnd,2012,43331134.46
hnd,2013,45265757.09
hnd,2014,46423791.88
hnd,2015,48319410.41
hnd,2016,50304883.73
hnd,2017,50936168.2
hnd,2018,55296937.06
hnd,2019,54605007.47
hnd,2020,53355885.4
hnd,2021,59350044.41
hnd,2022,60620369.62
hnd,2023,62088557.83
hnd,2024,62400800.42
hrv,1992,42799696.41
hrv,1993,40820185.46
hrv,1994,42075844.77
hrv,1995,54048040.48
hrv,1996,53724163.81
hrv,1997,68285510.15
hrv,1998,65343867.4
hrv,1999,63623097.57
hrv,2000,55266602.84
hrv,2001,61663627.26
hrv,2002,72419595.21
hrv,2003,82913475.67
hrv,2004,86505291.81
hrv,2005,87338889.97
hrv,2006,89639987.67
hrv,2007,98389740.26
hrv,2008,101314883.3
hrv,2009,84786036.45
hrv,2010,72713125.78
hrv,2011,82163167.7
hrv,2012,72108802.37
hrv,2013,69472508.58
hrv,2014,60356138.11
hrv,2015,54966360.26
hrv,2016,65378950.85
hrv,2017,54114339.67
hrv,2018,56752600.86
hrv,2019,54864667.6
hrv,2020,57129351.71
hrv,2021,57582214.8
hrv,2022,59284495.68
hrv,2023,62061836.71
hrv,2024,63833734.35
hti,1970,16833662.58
hti,1971,17492036.47
hti,1972,17360321.14
hti,1973,17355531.81
hti,1974,17681021.94
hti,1975,17571384.07
hti,1976,18270536.15
hti,1977,18026951.08
hti,1978,18351348.94
hti,1979,18444841.85
hti,1980,19277757.99
hti,1981,19820415.27
hti,1982,20183417.1
hti,1983,20171579.09
hti,1984,20403685.13
hti,1985,20166428.58
hti,1986,19336326.32
hti,1987,23849287.83
hti,1988,24197438.93
hti,1989,28077449.21
hti,1990,28100240.71
hti,1991,27677110.76
hti,1992,24968293.8
hti,1993,18043122.53
hti,1994,16983748.15
hti,1995,17681510.4
hti,1996,16986160.59
hti,1997,17491494.81
hti,1998,17479192.68
hti,1999,21248587.51
hti,2000,21820667.17
hti,2001,21324788.13
hti,2002,21387365.75
hti,2003,21587138.03
hti,2004,22669458.11
hti,2005,23181821.13
hti,2006,24316283.15
hti,2007,24643550.94
hti,2008,24801293.22
hti,2009,26061194.14
hti,2010,26849023.3
hti,2011,26892003.57
hti,2012,26410799.03
hti,2013,26978482.46
hti,2014,29418442.78
hti,2015,27153386.38
hti,2016,27188626.53
hti,2017,27299558.8
hti,2018,28368110.33
hti,2019,25730945.77
hti,2020,25251436.82
hti,2021,27745475.36
hti,2022,27870006.52
hti,2023,29223774.57
hti,2024,29334454.9
hun,1970,126281525
hun,1971,134860038.3
hun,1972,134128912.1
hun,1973,144433123.2
hun,1974,147327708.5
hun,1975,151725402.1
hun,1976,157183488.4
hun,1977,165585245.5
hun,1978,171485841.7
hun,1979,168809811.4
hun,1980,172442255.8
hun,1981,172162673.3
hun,1982,184249159
hun,1983,171849925.4
hun,1984,174092241.8
hun,1985,168773799.8
hun,1986,169831361.2
hun,1987,172824166.8
hun,1988,172377068.6
hun,1989,169217251.8
hun,1990,160632379.3
hun,1991,141666155.4
hun,1992,129041383.6
hun,1993,127788489.6
hun,1994,133577419.1
hun,1995,125087950.9
hun,1996,123418135.4
hun,1997,125497973.3
hun,1998,132130753.6
hun,1999,131174145.7
hun,2000,129495413.2
hun,2001,137672673.2
hun,2002,149007456.7
hun,2003,153843900.9
hun,2004,182559349
hun,2005,207472757.5
hun,2006,177295364.3
hun,2007,162144835.6
hun,2008,174976031.2
hun,2009,150538117.6
hun,2010,143047870.3
hun,2011,142722047.7
hun,2012,127509911.1
hun,2013,135118409.6
hun,2014,152998177.1
hun,2015,138154238.2
hun,2016,138698554.8
hun,2017,147510980.8
hun,2018,166988927.1
hun,2019,168942824.2
hun,2020,166531791.8
hun,2021,181364699.1
hun,2022,183330573.9
hun,2023,190933653.8
hun,2024,196693931.6
idn,1970,223431302.6
idn,1971,230978313.9
idn,1972,235396364.4
idn,1973,265267316
idn,1974,301639855.8
idn,1975,301650091.7
idn,1976,326502715.8
idn,1977,341857125.1
idn,1978,354216639
idn,1979,349840798.9
idn,1980,387712510.2
idn,1981,434073806.9
idn,1982,435344369.3
idn,1983,446779869
idn,1984,462321796.7
idn,1985,470190083.1
idn,1986,487546562.7
idn,1987,477875566.5
idn,1988,501999171.1
idn,1989,532478217.2
idn,1990,565743955.2
idn,1991,586911974.5
idn,1992,640345188.9
idn,1993,690093647.6
idn,1994,773508683.1
idn,1995,843474500.6
idn,1996,835754129.5
idn,1997,880504022.6
idn,1998,646165412.3
idn,1999,660337101.9
idn,2000,683958578
idn,2001,756881419
idn,2002,777721817.7
idn,2003,1005973862
idn,2004,1013409394
idn,2005,1056709808
idn,2006,998023609.1
idn,2007,1070082331
idn,2008,1146399625
idn,2009,1130075219
idn,2010,1375148375
idn,2011,1460030552
idn,2012,1720046149
idn,2013,1791597031
idn,2014,1756556776
idn,2015,1761226859
idn,2016,1754683669
idn,2017,1888639107
idn,2018,1968126224
idn,2019,1982506048
idn,2020,1986733981
idn,2021,1991010529
idn,2022,2056000648
idn,2023,2138050453
idn,2024,2220640116
ind,1970,1622548557
ind,1971,1619133143
ind,1972,1601353858
ind,1973,1678357888
ind,1974,1673458555
ind,1975,1757500748
ind,1976,1765390295
ind,1977,1848016194
ind,1978,1915889040
ind,1979,1851312550
ind,1980,1891179075
ind,1981,2021715756
ind,1982,2097119628
ind,1983,2241879081
ind,1984,2262010079
ind,1985,2296406804
ind,1986,2340343069
ind,1987,2374989190
ind,1988,2543738513
ind,1989,2644897103
ind,1990,2676867547
ind,1991,2709588231
ind,1992,2835842243
ind,1993,2815343493
ind,1994,2886138048
ind,1995,3002553480
ind,1996,3204095161
ind,1997,3306856813
ind,1998,3382187316
ind,1999,3512619925
ind,2000,3494946692
ind,2001,3689497309
ind,2002,3631498670
ind,2003,3814245703
ind,2004,3821030687
ind,2005,4014140475
ind,2006,4298270345
ind,2007,4697660432
ind,2008,4736478829
ind,2009,4990140752
ind,2010,5166145135
ind,2011,5492164244
ind,2012,5580308960
ind,2013,5394233326
ind,2014,5379686274
ind,2015,5671875176
ind,2016,5935970820
ind,2017,6067665306
ind,2018,6354240871
ind,2019,6494568369
ind,2020,6295191962
ind,2021,6762752948
ind,2022,7096204081
ind,2023,7445339191
ind,2024,7807680059
irl,1970,44036166.73
irl,1971,48445860.18
irl,1972,48952042.14
irl,1973,51292679.31
irl,1974,51640708.18
irl,1975,51948360.47
irl,1976,49708332.49
irl,1977,52739009.27
irl,1978,58001418.99
irl,1979,60774012.24
irl,1980,59480972.5
irl,1981,57234502.66
irl,1982,56412116.19
irl,1983,55141901.84
irl,1984,57787536.81
irl,1985,57405475.5
irl,1986,60176879.27
irl,1987,61584126.13
irl,1988,62388027.03
irl,1989,64539009.7
irl,1990,68578774.15
irl,1991,68169970.92
irl,1992,68961892.03
irl,1993,59881682.75
irl,1994,67652795.17
irl,1995,67355315.88
irl,1996,69890580.38
irl,1997,77596579.45
irl,1998,81860085.23
irl,1999,138633389.8
irl,2000,135164420
irl,2001,141582174.7
irl,2002,145765994.1
irl,2003,145908019.3
irl,2004,152263104.6
irl,2005,181418562.1
irl,2006,207202936.6
irl,2007,188580841.7
irl,2008,156275151.9
irl,2009,135422254.8
irl,2010,120138876.4
irl,2011,111294805.8
irl,2012,104836478.3
irl,2013,101380081.8
irl,2014,107279227.1
irl,2015,115128613.9
irl,2016,142481053.5
irl,2017,138837625.6
irl,2018,135677400.5
irl,2019,187482433.8
irl,2020,171733410.9
irl,2021,141821665.8
irl,2022,142014128.3
irl,2023,148673116.3
irl,2024,154061367.6
irn,1970,148174110.7
irn,1971,166328941.4
irn,1972,180946138.5
irn,1973,210738037.5
irn,1974,255467860
irn,1975,277364643.8
irn,1976,345075771.9
irn,1977,364317456.7
irn,1978,370728195.6
irn,1979,309386836.2
irn,1980,281041153.2
irn,1981,283203743.6
irn,1982,338138998.8
irn,1983,381259355.1
irn,1984,402255764.4
irn,1985,345797228
irn,1986,303940292.4
irn,1987,318514262.5
irn,1988,319168812.3
irn,1989,324232039.7
irn,1990,378868152.7
irn,1991,399070318.1
irn,1992,409520830.9
irn,1993,412758349.8
irn,1994,387534136.3
irn,1995,438849689.7
irn,1996,467046235.3
irn,1997,487967074.9
irn,1998,526273766.7
irn,1999,482280362.7
irn,2000,520289943.6
irn,2001,565650643
irn,2002,580726837.2
irn,2003,636341200.8
irn,2004,706680256.3
irn,2005,695382746.9
irn,2006,735402914.4
irn,2007,805700554.4
irn,2008,758163157
irn,2009,855196346.4
irn,2010,832181290.3
irn,2011,862338574.7
irn,2012,922900236.3
irn,2013,770990990.7
irn,2014,708810739.6
irn,2015,673128875.7
irn,2016,659530561.5
irn,2017,583980253.7
irn,2018,508328358.4
irn,2019,634485658.8
irn,2020,640402862
irn,2021,607860064.7
irn,2022,516265264.9
irn,2023,528373838.2
irn,2024,538657765.8
irq,1970,17343276.11
irq,1971,18062084.04
irq,1972,18001069.43
irq,1973,18086997.07
irq,1974,18281184.05
irq,1975,19308009.37
irq,1976,22202376.44
irq,1977,22298797.84
irq,1978,24549952.22
irq,1979,26544973.81
irq,1980,26843825.89
irq,1981,25692578.51
irq,1982,26669912.63
irq,1983,26437818.23
irq,1984,28300315.39
irq,1985,30701142.25
irq,1986,30853338.13
irq,1987,33598217.99
irq,1988,34208347.78
irq,1989,34397830.25
irq,1990,36174908
irq,1991,33190704.18
irq,1992,127482041.3
irq,1993,82492547.01
irq,1994,80803049.98
irq,1995,71859378.62
irq,1996,72008350.52
irq,1997,50144379.8
irq,1998,53835203.6
irq,1999,79282128.35
irq,2000,97805175.19
irq,2001,134821182.1
irq,2002,108875267.5
irq,2003,134657024.6
irq,2004,160122727.5
irq,2005,203682137.6
irq,2006,152391913.5
irq,2007,132565131.8
irq,2008,170803400
irq,2009,203618937.3
irq,2010,203227412.4
irq,2011,222025070.5
irq,2012,212449946.1
irq,2013,223814460.5
irq,2014,237692570.6
irq,2015,205873094.6
irq,2016,177321137.2
irq,2017,176069838.6
irq,2018,178562675.2
irq,2019,233868442.3
irq,2020,168406926.1
irq,2021,144317272.2
irq,2022,145855365.5
irq,2023,146508382.4
irq,2024,149346307.7
isl,1970,5372950.01
isl,1971,5702411.291
isl,1972,6359985.2
isl,1973,6997544.573
isl,1974,4813631.325
isl,1975,4774220.939
isl,1976,4663982.167
isl,1977,5087772.744
isl,1978,4942419.647
isl,1979,5060455.749
isl,1980,5075952.186
isl,1981,5285442.593
isl,1982,5038179.423
isl,1983,4664769.493
isl,1984,4939917.088
isl,1985,8651894.94
isl,1986,8774730.501
isl,1987,10211231.05
isl,1988,9650763.018
isl,1989,9656131.658
isl,1990,8979365.775
isl,1991,8508868.638
isl,1992,7884220.25
isl,1993,7184584.784
isl,1994,7412697.633
isl,1995,8465619.239
isl,1996,8256773.838
isl,1997,8513759.359
isl,1998,10402745.03
isl,1999,10663730.15
isl,2000,8652960.895
isl,2001,7516988.668
isl,2002,7099554.724
isl,2003,7950616.395
isl,2004,9391197.834
isl,2005,12156896.28
isl,2006,12990283.16
isl,2007,12422848.74
isl,2008,9345101.243
isl,2009,6232674.559
isl,2010,6582118.286
isl,2011,7147970.544
isl,2012,7424342.927
isl,2013,7039379.175
isl,2014,7288888.946
isl,2015,7728034.375
isl,2016,8584175.163
isl,2017,10020383.27
isl,2018,11688953.23
isl,2019,10658672.62
isl,2020,9809255.085
isl,2021,11229408.11
isl,2022,11618234.95
isl,2023,12090876.35
isl,2024,12649708.34
isr,1970,113569257
isr,1971,117729380.4
isr,1972,148481744.8
isr,1973,160524518
isr,1974,194569995.1
isr,1975,179235774.1
isr,1976,177073196.1
isr,1977,158967715.6
isr,1978,178297494.7
isr,1979,221985725.6
isr,1980,185163250.2
isr,1981,199106494.6
isr,1982,182504460.9
isr,1983,199675418.9
isr,1984,199546137
isr,1985,192731391.3
isr,1986,221201117.3
isr,1987,249484445.6
isr,1988,284502211.5
isr,1989,279655462.6
isr,1990,364759116.6
isr,1991,233514853.3
isr,1992,309963175.5
isr,1993,274734813.6
isr,1994,196607789.6
isr,1995,192956985.5
isr,1996,174983523.4
isr,1997,168788134.3
isr,1998,173768602
isr,1999,194240280
isr,2000,205956662.2
isr,2001,195113481.8
isr,2002,203105426.4
isr,2003,195828972.7
isr,2004,186683879.1
isr,2005,194846918.5
isr,2006,201915090.4
isr,2007,224185591.6
isr,2008,240158278
isr,2009,216013351.3
isr,2010,236991572.7
isr,2011,228893566.5
isr,2012,254936401.9
isr,2013,245710336
isr,2014,231629941.7
isr,2015,256999962.3
isr,2016,242977813.5
isr,2017,273945859.1
isr,2018,282299844.8
isr,2019,287788313.5
isr,2020,267484856.1
isr,2021,291259034.2
isr,2022,301623721.7
isr,2023,308091010.7
isr,2024,317123842.5
ita,1970,765243269.7
ita,1971,782242751.1
ita,1972,751772567
ita,1973,824699767.9
ita,1974,760852065.6
ita,1975,779464344.4
ita,1976,763517036.2
ita,1977,789766085.4
ita,1978,806357010.5
ita,1979,857264906.3
ita,1980,912882836.2
ita,1981,858791343.3
ita,1982,847707474.3
ita,1983,864346348.1
ita,1984,866840047.8
ita,1985,948177678.3
ita,1986,1011525133
ita,1987,1104680810
ita,1988,1125707639
ita,1989,1151444681
ita,1990,1221476642
ita,1991,1141794956
ita,1992,1274793266
ita,1993,1071696635
ita,1994,1070055834
ita,1995,1099179045
ita,1996,1061679789
ita,1997,1105973423
ita,1998,1143533264
ita,1999,1217726453
ita,2000,1190001270
ita,2001,1165463444
ita,2002,1265009187
ita,2003,1290110839
ita,2004,1310134678
ita,2005,1246902418
ita,2006,1286968007
ita,2007,1270023996
ita,2008,1255550399
ita,2009,1120182450
ita,2010,1143664012
ita,2011,1163392396
ita,2012,1019373571
ita,2013,1002260452
ita,2014,925977550.6
ita,2015,888806773.7
ita,2016,907072329.8
ita,2017,934955029.6
ita,2018,962155336.9
ita,2019,919787083.5
ita,2020,848744358.6
ita,2021,943253858.4
ita,2022,925722073.2
ita,2023,953881825.9
ita,2024,968783301.8
jam,1970,12811756.73
jam,1971,13054054.4
jam,1972,13306790.03
jam,1973,12734854.3
jam,1974,14107676.2
jam,1975,14780224.58
jam,1976,13356717.63
jam,1977,12540132.38
jam,1978,10953611.8
jam,1979,9576530.099
jam,1980,11710734.25
jam,1981,11720898.6
jam,1982,12152822.1
jam,1983,12435416.39
jam,1984,10657679.74
jam,1985,9933578.724
jam,1986,10698346.56
jam,1987,11602021.12
jam,1988,12652057.72
jam,1989,13176061.06
jam,1990,14436017.66
jam,1991,11846698.51
jam,1992,12244380.05
jam,1993,12870298.87
jam,1994,13667200.37
jam,1995,15239164.95
jam,1996,16468266.08
jam,1997,16309346.49
jam,1998,16065852.02
jam,1999,14478369.29
jam,2000,14726172.2
jam,2001,14219552.93
jam,2002,15056527.88
jam,2003,12365061.99
jam,2004,12143454.98
jam,2005,13381368.55
jam,2006,14343574.34
jam,2007,14321540.1
jam,2008,16460225.4
jam,2009,13036452.65
jam,2010,12814990.26
jam,2011,15371332.83
jam,2012,15922365.38
jam,2013,15377250.23
jam,2014,15262623.62
jam,2015,12938925.35
jam,2016,12398448.17
jam,2017,13290040.94
jam,2018,12664164.07
jam,2019,13147056.32
jam,2020,14856424.67
jam,2021,13947954.75
jam,2022,14427014.18
jam,2023,14742690.9
jam,2024,14943868.16
jor,1970,17322166.55
jor,1971,19213636.13
jor,1972,19234728.56
jor,1973,20297153.25
jor,1974,20951470.76
jor,1975,24572773.71
jor,1976,32059404.77
jor,1977,34284189.34
jor,1978,41013483.98
jor,1979,49134436.43
jor,1980,47924523.04
jor,1981,42605527.58
jor,1982,45289993.09
jor,1983,44968949.98
jor,1984,48082485.94
jor,1985,52687770.45
jor,1986,56244301.05
jor,1987,63441211.09
jor,1988,53939026.23
jor,1989,41609297.09
jor,1990,33816280.49
jor,1991,25087412.53
jor,1992,40732962.87
jor,1993,44388784.87
jor,1994,45152758.01
jor,1995,41772058.23
jor,1996,47330787.75
jor,1997,48473857.78
jor,1998,47537427.43
jor,1999,51688937.21
jor,2000,52118634.99
jor,2001,52998567.02
jor,2002,55437659.63
jor,2003,64639171.64
jor,2004,73067322.92
jor,2005,67081362.44
jor,2006,59700811.37
jor,2007,64118651.15
jor,2008,63683905.11
jor,2009,65335308.69
jor,2010,71044611.17
jor,2011,77568764.07
jor,2012,65635263.05
jor,2013,71430678.34
jor,2014,74889807.98
jor,2015,81125473.22
jor,2016,87466017.84
jor,2017,76153279.32
jor,2018,76163393.06
jor,2019,75691304.91
jor,2020,73223246.51
jor,2021,77332221.58
jor,2022,79860445.96
jor,2023,83645114.85
jor,2024,86683244.1
jpn,1970,1372402840
jpn,1971,1473693221
jpn,1972,1661742475
jpn,1973,1922192312
jpn,1974,1813146504
jpn,1975,1692365939
jpn,1976,1775666091
jpn,1977,1911349377
jpn,1978,2126778061
jpn,1979,2098086286
jpn,1980,1985884264
jpn,1981,1969312105
jpn,1982,1856893888
jpn,1983,1898883941
jpn,1984,1991044751
jpn,1985,2045928800
jpn,1986,2410831295
jpn,1987,2565753462
jpn,1988,2766334143
jpn,1989,2789578676
jpn,1990,2757310955
jpn,1991,2784232000
jpn,1992,2826942247
jpn,1993,2818592340
jpn,1994,2940907745
jpn,1995,3076638966
jpn,1996,3110247991
jpn,1997,3105260875
jpn,1998,2946898033
jpn,1999,2823630024
jpn,2000,3061355461
jpn,2001,2981450202
jpn,2002,2845005496
jpn,2003,2607727651
jpn,2004,2852970686
jpn,2005,2891127229
jpn,2006,2851838964
jpn,2007,2754592160
jpn,2008,2752413327
jpn,2009,2454655246
jpn,2010,2460203115
jpn,2011,2512777889
jpn,2012,2664653628
jpn,2013,2622850175
jpn,2014,2609995138
jpn,2015,2459207262
jpn,2016,2509902735
jpn,2017,2442940921
jpn,2018,2494621688
jpn,2019,2480038506
jpn,2020,2421765153
jpn,2021,2410526753
jpn,2022,2203119214
jpn,2023,2206366409
jpn,2024,2217476134
kaz,1992,236723799.5
kaz,1993,215330473.5
kaz,1994,169405137.6
kaz,1995,146340818.5
kaz,1996,132368191.2
kaz,1997,124610067.8
kaz,1998,141984396.7
kaz,1999,144603535.9
kaz,2000,128154866.8
kaz,2001,165639143.9
kaz,2002,180943328.1
kaz,2003,166428716.1
kaz,2004,169765260.5
kaz,2005,202265009.2
kaz,2006,221988199.8
kaz,2007,254977881.9
kaz,2008,185309593
kaz,2009,257975004.2
kaz,2010,244777786.6
kaz,2011,268337055.8
kaz,2012,310112668.9
kaz,2013,322099484.3
kaz,2014,373323899.6
kaz,2015,440540729.7
kaz,2016,411562989.9
kaz,2017,405057244.2
kaz,2018,394595383.6
kaz,2019,370243414.5
kaz,2020,376796127
kaz,2021,358508848.6
kaz,2022,342571295.4
kaz,2023,334809837.1
kaz,2024,345251266.5
ken,1970,45956549.96
ken,1971,47510430.43
ken,1972,47657706.39
ken,1973,51392110.96
ken,1974,52546845.98
ken,1975,52680945.73
ken,1976,53231864.6
ken,1977,56389308.12
ken,1978,57197012.35
ken,1979,58241898.37
ken,1980,58928919.91
ken,1981,58402037.04
ken,1982,62338832.49
ken,1983,62691245.73
ken,1984,60844323.35
ken,1985,64905779.62
ken,1986,69732193.86
ken,1987,67932835.91
ken,1988,71016037.27
ken,1989,72656656.95
ken,1990,75741386.2
ken,1991,70641975.67
ken,1992,71034766.77
ken,1993,58683284.05
ken,1994,65830083.76
ken,1995,71119199.65
ken,1996,59494494.74
ken,1997,67951372.52
ken,1998,82495458.41
ken,1999,78339596.92
ken,2000,75788199.67
ken,2001,85072738.1
ken,2002,73094181.03
ken,2003,73063425.5
ken,2004,84817584.37
ken,2005,92701182.23
ken,2006,94593648.07
ken,2007,131237300.4
ken,2008,132847670.3
ken,2009,129294722.7
ken,2010,146452424.7
ken,2011,148047019.5
ken,2012,164311675.1
ken,2013,177001294.4
ken,2014,183148880
ken,2015,196968051.6
ken,2016,194440803.2
ken,2017,185320011.4
ken,2018,204112582.4
ken,2019,251006137.5
ken,2020,250649240.7
ken,2021,266568332.8
ken,2022,267585353.2
ken,2023,266748221.5
ken,2024,272923541.7
kgz,1992,18528020.59
kgz,1993,17520805.13
kgz,1994,12166772.06
kgz,1995,12510061.07
kgz,1996,10450692.57
kgz,1997,11780524.84
kgz,1998,12147706.15
kgz,1999,12466229.16
kgz,2000,12395229.8
kgz,2001,13095832.92
kgz,2002,12615532.56
kgz,2003,12795627.4
kgz,2004,13061038.65
kgz,2005,12391989.37
kgz,2006,12871001.4
kgz,2007,15358327.93
kgz,2008,15415488.03
kgz,2009,15646859.84
kgz,2010,15445692.84
kgz,2011,16780162.53
kgz,2012,18692888.57
kgz,2013,22109111.08
kgz,2014,21455474.09
kgz,2015,20848021.07
kgz,2016,20684594.92
kgz,2017,21110776.46
kgz,2018,25378282.8
kgz,2019,27301605.62
kgz,2020,28322644.22
kgz,2021,25557492.77
kgz,2022,24415917.72
kgz,2023,22815219.21
kgz,2024,23305967.66
khm,1970,32255102.92
khm,1971,29304809.71
khm,1972,27224555.63
khm,1973,25564660.46
khm,1974,23993124.37
khm,1975,22749814.27
khm,1976,20294569.44
khm,1977,19286584.88
khm,1978,18210945.06
khm,1979,16642475.35
khm,1980,19015931.8
khm,1981,19398311.41
khm,1982,21611468.43
khm,1983,22879473.86
khm,1984,22413993.47
khm,1985,24283954.3
khm,1986,25866676.32
khm,1987,26366318.55
khm,1988,28437201.14
khm,1989,29616529.62
khm,1990,29966947
khm,1991,30823431.37
khm,1992,31887556.56
khm,1993,32420054.62
khm,1994,31367710.64
khm,1995,31710069.04
khm,1996,33986409.82
khm,1997,35187245.3
khm,1998,32023733.2
khm,1999,31741570.15
khm,2000,29646262.87
khm,2001,30504898.15
khm,2002,35862214.55
khm,2003,36046757.02
khm,2004,40503690.61
khm,2005,49858164.4
khm,2006,51053184.98
khm,2007,54914534.95
khm,2008,61287825.39
khm,2009,66564732.68
khm,2010,97447546.1
khm,2011,69023433.79
khm,2012,72051618.94
khm,2013,75497529.81
khm,2014,82623471.7
khm,2015,91755976.31
khm,2016,90738687.94
khm,2017,110441969.4
khm,2018,125126326.4
khm,2019,125792211.8
khm,2020,124256643.9
khm,2021,140551673.7
khm,2022,143092170.4
khm,2023,147937728.8
khm,2024,152348107.7
kor,1970,134121052.7
kor,1971,140988145.3
kor,1972,137560718.2
kor,1973,157942810.6
kor,1974,175742508.3
kor,1975,182432343
kor,1976,222203436.2
kor,1977,260685580.8
kor,1978,285674414.1
kor,1979,310056582.6
kor,1980,268256658.5
kor,1981,283488297.6
kor,1982,303653218.4
kor,1983,336756711.7
kor,1984,358474289.2
kor,1985,367488885.9
kor,1986,391382301.8
kor,1987,434865494.5
kor,1988,502757308.2
kor,1989,569067537.8
kor,1990,622229622.1
kor,1991,710229224.4
kor,1992,760960137
kor,1993,766049972.2
kor,1994,866784111
kor,1995,931195658.7
kor,1996,1006941582
kor,1997,983431671.2
kor,1998,691340165.9
kor,1999,783350393.5
kor,2000,921282897.9
kor,2001,958310737
kor,2002,1005785021
kor,2003,1069365237
kor,2004,1048630828
kor,2005,1047321951
kor,2006,1110667307
kor,2007,1170475666
kor,2008,1085948798
kor,2009,987702422.4
kor,2010,1046744067
kor,2011,1100090573
kor,2012,1083137053
kor,2013,1094772179
kor,2014,1085276694
kor,2015,1087292466
kor,2016,1134745648
kor,2017,1193853038
kor,2018,1217463048
kor,2019,1212502175
kor,2020,1217492325
kor,2021,1262435192
kor,2022,1215765775
kor,2023,1235337802
kor,2024,1257965216
kwt,1970,86852562.76
kwt,1971,103439037.9
kwt,1972,104877696.3
kwt,1973,102306112
kwt,1974,149645143.9
kwt,1975,125669465.1
kwt,1976,142301274.6
kwt,1977,131068491.6
kwt,1978,141780227.8
kwt,1979,187931991.1
kwt,1980,178869245.6
kwt,1981,151748629.4
kwt,1982,143373139
kwt,1983,128662670
kwt,1984,141918683.1
kwt,1985,141768012.3
kwt,1986,122111305.5
kwt,1987,129787867.9
kwt,1988,123331428.1
kwt,1989,137467578
kwt,1990,60432175.91
kwt,1991,114075406.2
kwt,1992,50211129.12
kwt,1993,61600895.2
kwt,1994,54254173.46
kwt,1995,68416303.27
kwt,1996,78188108.73
kwt,1997,70780740.81
kwt,1998,78304048.9
kwt,1999,74135667.61
kwt,2000,67051680.91
kwt,2001,72428722.1
kwt,2002,85968019.33
kwt,2003,96193009.05
kwt,2004,114399704.4
kwt,2005,130738278.4
kwt,2006,125316511.6
kwt,2007,142317227.5
kwt,2008,175803008.5
kwt,2009,132710646.2
kwt,2010,133415294.3
kwt,2011,147752955.2
kwt,2012,134098263.9
kwt,2013,151902142.8
kwt,2014,167357241.2
kwt,2015,194143006.9
kwt,2016,209122434
kwt,2017,224171937.8
kwt,2018,232294581.4
kwt,2019,229741605.9
kwt,2020,172756814.3
kwt,2021,175715413.4
kwt,2022,180396118.6
kwt,2023,175985260.1
kwt,2024,180778607.6
lao,1970,12108821.55
lao,1971,11580766.65
lao,1972,11487025.08
lao,1973,11011968.97
lao,1974,11014537.7
lao,1975,10807299.2
lao,1976,10316967.01
lao,1977,10621323.33
lao,1978,11011786.6
lao,1979,11451153.62
lao,1980,12581927.29
lao,1981,13086330.59
lao,1982,13314707.47
lao,1983,13579595.5
lao,1984,14448586.22
lao,1985,15140585.02
lao,1986,15525548.24
lao,1987,15626443.97
lao,1988,15730285.36
lao,1989,16804942
lao,1990,17146976.28
lao,1991,17151995.63
lao,1992,18424813.5
lao,1993,18954660.31
lao,1994,21020253.72
lao,1995,20730618.62
lao,1996,21354333.59
lao,1997,22067093.5
lao,1998,20174995.4
lao,1999,20643680.82
lao,2000,22888552
lao,2001,22805722.19
lao,2002,25179936.16
lao,2003,26179613.33
lao,2004,26812091.44
lao,2005,27865900.93
lao,2006,28605839.48
lao,2007,33349163.08
lao,2008,35574965.95
lao,2009,39294104.87
lao,2010,46634181.61
lao,2011,43187093.23
lao,2012,54650470.58
lao,2013,56379161.01
lao,2014,61889259.76
lao,2015,70296720.86
lao,2016,77217709.89
lao,2017,79467048.62
lao,2018,80298429.3
lao,2019,81019190.23
lao,2020,78841456.26
lao,2021,79249298.64
lao,2022,76752814.77
lao,2023,76503930.77
lao,2024,76624471.42
lbn,1970,39818766.55
lbn,1971,41928443.15
lbn,1972,45763597.75
lbn,1973,48818334.64
lbn,1974,56026005.71
lbn,1975,49974615.43
lbn,1976,25553863.2
lbn,1977,38905059.39
lbn,1978,37797698.36
lbn,1979,41894612.78
lbn,1980,44077921.24
lbn,1981,43075415.47
lbn,1982,32013041.33
lbn,1983,34663787.91
lbn,1984,28957194.47
lbn,1985,28172411.02
lbn,1986,29769853.43
lbn,1987,23192855.72
lbn,1988,30024610.99
lbn,1989,26453491.06
lbn,1990,18555907.49
lbn,1991,26205885.99
lbn,1992,25883166.08
lbn,1993,33248509.21
lbn,1994,35463209.26
lbn,1995,37724139.22
lbn,1996,42763189.05
lbn,1997,45259636.47
lbn,1998,42922403.18
lbn,1999,46233900.71
lbn,2000,46365662.38
lbn,2001,57862306.17
lbn,2002,60903787.97
lbn,2003,61839422.53
lbn,2004,44724652.12
lbn,2005,44984108.19
lbn,2006,45130331.68
lbn,2007,46089331.86
lbn,2008,50437814.17
lbn,2009,53398755.06
lbn,2010,49932041.74
lbn,2011,58454771.44
lbn,2012,64212440.66
lbn,2013,69799367.93
lbn,2014,74496039.01
lbn,2015,63410286.12
lbn,2016,60548874.26
lbn,2017,61138222.74
lbn,2018,65176066.86
lbn,2019,57792698.58
lbn,2020,63768585.33
lbn,2021,70201270.94
lbn,2022,56316071.28
lbn,2023,55185843.51
lbn,2024,55202359.56
lbr,1970,2650405.073
lbr,1971,2876379.832
lbr,1972,2911940.93
lbr,1973,3041887.543
lbr,1974,2926964.95
lbr,1975,2901982.723
lbr,1976,2986042.613
lbr,1977,3646288.642
lbr,1978,3503455.858
lbr,1979,3817592.36
lbr,1980,3860466.067
lbr,1981,3606366.003
lbr,1982,3627159.81
lbr,1983,3361665.241
lbr,1984,3379190.769
lbr,1985,3485211.879
lbr,1986,3972458.633
lbr,1987,4181487.893
lbr,1988,4753858.048
lbr,1989,4871273.247
lbr,1990,3535482.022
lbr,1991,4126849.682
lbr,1992,3268039.436
lbr,1993,3031016.036
lbr,1994,2898482.178
lbr,1995,2731147.045
lbr,1996,2796804.543
lbr,1997,3938964.615
lbr,1998,4498925.962
lbr,1999,4896926.633
lbr,2000,4817745.274
lbr,2001,5087992.254
lbr,2002,4677504.348
lbr,2003,4806291.028
lbr,2004,7643590.929
lbr,2005,8384610.969
lbr,2006,7345826.881
lbr,2007,7149306.383
lbr,2008,7483684.711
lbr,2009,7966537.651
lbr,2010,7749715.487
lbr,2011,8285802.378
lbr,2012,8217888.896
lbr,2013,8299592.921
lbr,2014,9410514.195
lbr,2015,10237624.55
lbr,2016,9995675.07
lbr,2017,9703327.459
lbr,2018,10437157.23
lbr,2019,9311689.347
lbr,2020,9019990.208
lbr,2021,9096362.796
lbr,2022,9243937.135
lbr,2023,8997336.044
lbr,2024,9000184.916
lby,1970,24391630.77
lby,1971,26499550.64
lby,1972,28130088.15
lby,1973,32921513.07
lby,1974,44541911.17
lby,1975,41301018.96
lby,1976,50036262.65
lby,1977,51097314.25
lby,1978,46152303.66
lby,1979,54163030.22
lby,1980,62622720.13
lby,1981,56632526.56
lby,1982,57733311.07
lby,1983,57334822.8
lby,1984,53839491.8
lby,1985,56404632.4
lby,1986,42461876.03
lby,1987,37532736.27
lby,1988,38695249.35
lby,1989,40399294.28
lby,1990,39147671.35
lby,1991,41112724.94
lby,1992,45854656.57
lby,1993,54878804.7
lby,1994,53706101.66
lby,1995,49098956.3
lby,1996,54830445.17
lby,1997,53488026.38
lby,1998,53175742.18
lby,1999,57539464.42
lby,2000,51658349.9
lby,2001,57298836.02
lby,2002,83806226.93
lby,2003,90027372.54
lby,2004,79929349.88
lby,2005,85011962.22
lby,2006,92571603.45
lby,2007,106263468.7
lby,2008,124932891.3
lby,2009,153422914.1
lby,2010,150422050.6
lby,2011,94714316.35
lby,2012,111330221.8
lby,2013,114215952.8
lby,2014,133508832.5
lby,2015,91452474.64
lby,2016,98202115.66
lby,2017,99871033.76
lby,2018,105639419.3
lby,2019,133865755.7
lby,2020,96616332.62
lby,2021,91534429.55
lby,2022,86830216.94
lby,2023,87583346.96
lby,2024,92059104.14
lka,1970,31571618.95
lka,1971,31924497.26
lka,1972,34644956.76
lka,1973,32970023.67
lka,1974,34271755.17
lka,1975,32698853.73
lka,1976,32114423.58
lka,1977,30695870.63
lka,1978,27718702.59
lka,1979,30116204.53
lka,1980,30710106.38
lka,1981,30710056.74
lka,1982,33516547.12
lka,1983,34229338.32
lka,1984,36433324.28
lka,1985,39597811.74
lka,1986,40693790.51
lka,1987,38002130.29
lka,1988,36868063.95
lka,1989,36908779.57
lka,1990,39315157.48
lka,1991,39225943.41
lka,1992,44048422.92
lka,1993,45639418.46
lka,1994,52195008.18
lka,1995,53313595.12
lka,1996,53326215.3
lka,1997,56096651.84
lka,1998,58716585.07
lka,1999,61832275.32
lka,2000,68864154.43
lka,2001,66582885.6
lka,2002,67738022.41
lka,2003,68275221.25
lka,2004,68289304.97
lka,2005,69144740.12
lka,2006,88635156.51
lka,2007,98325347.3
lka,2008,104656428.4
lka,2009,83876219.22
lka,2010,94257271.68
lka,2011,127384275.2
lka,2012,132332844.5
lka,2013,92844337.32
lka,2014,134925697.1
lka,2015,138584833.1
lka,2016,98988784.47
lka,2017,145379175.8
lka,2018,96328193.21
lka,2019,90351729.21
lka,2020,90947297.6
lka,2021,92305131.08
lka,2022,89848858.47
lka,2023,89306069.14
lka,2024,89438428.67
ltu,1992,40989733.98
ltu,1993,45453755.95
ltu,1994,31978086.19
ltu,1995,32839232.27
ltu,1996,36367515.67
ltu,1997,40401163.48
ltu,1998,42712966.68
ltu,1999,45279555.11
ltu,2000,43274885.83
ltu,2001,42978134.9
ltu,2002,45460318.3
ltu,2003,48506762.49
ltu,2004,50064697.41
ltu,2005,51285021.92
ltu,2006,54665383.25
ltu,2007,64542951.44
ltu,2008,62828403.3
ltu,2009,49347430.88
ltu,2010,49024778.88
ltu,2011,53479007.61
ltu,2012,51954964.22
ltu,2013,53152432.63
ltu,2014,52630190
ltu,2015,53001240.36
ltu,2016,54389350.04
ltu,2017,58327283.96
ltu,2018,59902503.69
ltu,2019,63318880.82
ltu,2020,58437284.81
ltu,2021,62300622.85
ltu,2022,60040769.4
ltu,2023,64075878.88
ltu,2024,65915562.66
lux,1970,9135643.968
lux,1971,8811409.883
lux,1972,8885086.483
lux,1973,9499000.459
lux,1974,9442610.237
lux,1975,8917897.282
lux,1976,9144362.903
lux,1977,9100592.206
lux,1978,9292209.838
lux,1979,9206625.883
lux,1980,9198970.85
lux,1981,8702841.379
lux,1982,8387664.352
lux,1983,8218586.717
lux,1984,8410869.083
lux,1985,8315181.638
lux,1986,8992992.923
lux,1987,9345425.529
lux,1988,9495287.116
lux,1989,9827988.378
lux,1990,10413995.61
lux,1991,10099643.22
lux,1992,11226832.88
lux,1993,13219388.87
lux,1994,12592142.84
lux,1995,13485366.28
lux,1996,11135800.06
lux,1997,11538273.8
lux,1998,12806775.78
lux,1999,16061536.9
lux,2000,14491150.88
lux,2001,13477203.75
lux,2002,15278351.17
lux,2003,18167481.64
lux,2004,23580063.32
lux,2005,16914298.22
lux,2006,16425707.33
lux,2007,20953105.26
lux,2008,19405860.49
lux,2009,28080514.78
lux,2010,24534149.73
lux,2011,18979501.15
lux,2012,18204594.13
lux,2013,24136508.64
lux,2014,23878400.16
lux,2015,26344151.65
lux,2016,24213086.45
lux,2017,22699349.71
lux,2018,26276061.62
lux,2019,31219209.18
lux,2020,27740288.57
lux,2021,49099063.1
lux,2022,46916130.55
lux,2023,48564786.23
lux,2024,49799204.23
lva,1992,22248897.13
lva,1993,24998803.6
lva,1994,16774893.19
lva,1995,16255659.96
lva,1996,18687192.56
lva,1997,19787531.57
lva,1998,20537451.57
lva,1999,22499268.53
lva,2000,21807696.09
lva,2001,20749659.41
lva,2002,24407151.11
lva,2003,29890566.15
lva,2004,28491622.17
lva,2005,39801460.35
lva,2006,39157638.21
lva,2007,50804055.28
lva,2008,43159190.12
lva,2009,29883864.74
lva,2010,30351139.75
lva,2011,36090981.65
lva,2012,36888825.49
lva,2013,36085940.54
lva,2014,36616764.56
lva,2015,34810338.09
lva,2016,33491909.28
lva,2017,37335239.63
lva,2018,39153250.84
lva,2019,41961469.25
lva,2020,40676290.98
lva,2021,42439820.75
lva,2022,41472412.23
lva,2023,44249885.66
lva,2024,45635899.36
mar,1970,68091879.11
mar,1971,72968977.3
mar,1972,73720730.7
mar,1973,71928364.7
mar,1974,79974171.83
mar,1975,80394528.27
mar,1976,91458148.78
mar,1977,88365177.71
mar,1978,94587051.47
mar,1979,99441129.99
mar,1980,100696650.9
mar,1981,86774468.22
mar,1982,90980993.92
mar,1983,87267892.39
mar,1984,87311032.89
mar,1985,93230761.36
mar,1986,106920822.6
mar,1987,102927742.8
mar,1988,112598611.1
mar,1989,114696337.1
mar,1990,107973000.6
mar,1991,122055068.3
mar,1992,121107755.1
mar,1993,117719809.8
mar,1994,136078460.9
mar,1995,118210862
mar,1996,136846160.8
mar,1997,126876150.5
mar,1998,139597882.9
mar,1999,145503270
mar,2000,144899444.7
mar,2001,150430022.8
mar,2002,162863365.9
mar,2003,176390270.9
mar,2004,179979372.2
mar,2005,166415767.6
mar,2006,183240561
mar,2007,182703516.2
mar,2008,200632267.8
mar,2009,206597591
mar,2010,194796796.8
mar,2011,202076845.8
mar,2012,199816974.8
mar,2013,209240267.1
mar,2014,191913927.1
mar,2015,196981160.5
mar,2016,193904859.7
mar,2017,213397692.6
mar,2018,232424288.8
mar,2019,203470630.7
mar,2020,195098625.4
mar,2021,217451429.4
mar,2022,213984886.7
mar,2023,221246392.6
mar,2024,230074811.7
mda,1992,24994878.31
mda,1993,27054535.56
mda,1994,15772499.44
mda,1995,18323278.41
mda,1996,17954540.6
mda,1997,21177506.06
mda,1998,17470754.48
mda,1999,14975218.08
mda,2000,16343405.21
mda,2001,16322337.21
mda,2002,16382976.83
mda,2003,16787890.84
mda,2004,19698323.93
mda,2005,21121282.54
mda,2006,22294945.1
mda,2007,20569140.26
mda,2008,25912136.67
mda,2009,19508618.89
mda,2010,25402792.12
mda,2011,25955859.49
mda,2012,28739913.37
mda,2013,30366422.86
mda,2014,30711360.03
mda,2015,22201049.35
mda,2016,21983427.27
mda,2017,23888919.64
mda,2018,27615114.33
mda,2019,26880488.52
mda,2020,26030560.09
mda,2021,31567994.48
mda,2022,30848252.17
mda,2023,30075981.99
mda,2024,30929866.6
mdg,1970,37969283.53
mdg,1971,37444035.92
mdg,1972,37691634.44
mdg,1973,38913997.07
mdg,1974,39792060.15
mdg,1975,40210535.61
mdg,1976,40573936.29
mdg,1977,39401824.22
mdg,1978,41917428.83
mdg,1979,41552664.61
mdg,1980,39976466.04
mdg,1981,40024707.25
mdg,1982,40949560.49
mdg,1983,42154078.42
mdg,1984,41602696.79
mdg,1985,42096397.02
mdg,1986,43901615.49
mdg,1987,42101622.18
mdg,1988,41586954.72
mdg,1989,42652671.27
mdg,1990,46608488.74
mdg,1991,43410590.07
mdg,1992,46299551.74
mdg,1993,46722306.84
mdg,1994,45331467.66
mdg,1995,46339547.27
mdg,1996,48711938.34
mdg,1997,47181590
mdg,1998,47267069.91
mdg,1999,48242021.09
mdg,2000,46583814.48
mdg,2001,45386369.48
mdg,2002,45341850.51
mdg,2003,49267458.46
mdg,2004,45771640.69
mdg,2005,50646276.67
mdg,2006,54968490.21
mdg,2007,60607419.5
mdg,2008,65628984.3
mdg,2009,66452768.01
mdg,2010,64549182.58
mdg,2011,64812976.97
mdg,2012,68766020.09
mdg,2013,65326960.69
mdg,2014,67866315.39
mdg,2015,69889614.21
mdg,2016,66747427.3
mdg,2017,68225904.34
mdg,2018,60097215.19
mdg,2019,59048373.92
mdg,2020,60716766.83
mdg,2021,62004854.91
mdg,2022,62571681.52
mdg,2023,62155218.78
mdg,2024,63453480.82
mex,1970,407846030.6
mex,1971,406494371
mex,1972,419720665.9
mex,1973,439589909.7
mex,1974,465186179.9
mex,1975,495563558.6
mex,1976,493713343.3
mex,1977,491344986.8
mex,1978,541076555.6
mex,1979,573394568.6
mex,1980,666294267.4
mex,1981,748777833
mex,1982,703668820.9
mex,1983,668983292.5
mex,1984,698154048.9
mex,1985,722942874.4
mex,1986,646219821.6
mex,1987,669645655.2
mex,1988,688469182.5
mex,1989,726100208.3
mex,1990,801581853
mex,1991,818123788.4
mex,1992,913890389
mex,1993,917404755
mex,1994,967969026.8
mex,1995,809497963.6
mex,1996,893996048.2
mex,1997,942443417.7
mex,1998,1026931671
mex,1999,1068616736
mex,2000,1169152687
mex,2001,1198047823
mex,2002,1180861806
mex,2003,1191211508
mex,2004,1224389336
mex,2005,1246887566
mex,2006,1296245723
mex,2007,1319605923
mex,2008,1303828520
mex,2009,1166576359
mex,2010,1209567780
mex,2011,1222640319
mex,2012,1263666948
mex,2013,1288851118
mex,2014,1309900459
mex,2015,1283994962
mex,2016,1288201014
mex,2017,1281665747
mex,2018,1349026862
mex,2019,1351462525
mex,2020,1231505445
mex,2021,1338555665
mex,2022,1373004918
mex,2023,1432651595
mex,2024,1463309794
mkd,1992,13585811.16
mkd,1993,7536441.99
mkd,1994,17778091.78
mkd,1995,18818969.72
mkd,1996,20656227.27
mkd,1997,27208073.95
mkd,1998,38812371.97
mkd,1999,29452826.83
mkd,2000,29082687.06
mkd,2001,34263874.3
mkd,2002,32632087.23
mkd,2003,34166545.29
mkd,2004,33393424.83
mkd,2005,29430127.09
mkd,2006,20658573.27
mkd,2007,18053529.75
mkd,2008,19380365.62
mkd,2009,18978011.23
mkd,2010,18516285.44
mkd,2011,20983973.2
mkd,2012,19705753.76
mkd,2013,21168699.22
mkd,2014,22048712.69
mkd,2015,19944687.77
mkd,2016,18754420.87
mkd,2017,22670222.49
mkd,2018,21508079.74
mkd,2019,19831612.99
mkd,2020,19560511.3
mkd,2021,18560622.26
mkd,2022,18611981.83
mkd,2023,19450041.94
mkd,2024,20062619.03
mli,1970,9491270.546
mli,1971,9979135.782
mli,1972,9021452.643
mli,1973,9134592.382
mli,1974,9495051.156
mli,1975,10895581.37
mli,1976,11183704.14
mli,1977,11330011.99
mli,1978,11968071.63
mli,1979,11903551.29
mli,1980,12019692.26
mli,1981,12640753.15
mli,1982,12592099.49
mli,1983,12501107.25
mli,1984,11294153.47
mli,1985,13823625.13
mli,1986,15012499.61
mli,1987,14918311.01
mli,1988,17317379.21
mli,1989,16932261.69
mli,1990,16460820.84
mli,1991,19297616.52
mli,1992,18460066.32
mli,1993,21674991.84
mli,1994,27571252.15
mli,1995,24327703.44
mli,1996,29738381.07
mli,1997,22688318.39
mli,1998,25913171.8
mli,1999,28679083.84
mli,2000,27287602.08
mli,2001,24339259.28
mli,2002,21814381.59
mli,2003,31680084.43
mli,2004,28526441.24
mli,2005,29529808.21
mli,2006,28797979.74
mli,2007,33430839.37
mli,2008,37848150.58
mli,2009,42131322.58
mli,2010,43673907.22
mli,2011,47277443.78
mli,2012,44976553.87
mli,2013,44179256.6
mli,2014,52018791.93
mli,2015,54452718.86
mli,2016,59246766.41
mli,2017,73861034.52
mli,2018,75855809.66
mli,2019,78251042.45
mli,2020,74689130.46
mli,2021,71875824.99
mli,2022,72675600.51
mli,2023,73716678.87
mli,2024,76110073.05
mlt,1970,3050461.62
mlt,1971,3016105.945
mlt,1972,2908100.208
mlt,1973,3170431.475
mlt,1974,3792455.605
mlt,1975,4133676.186
mlt,1976,4838103.607
mlt,1977,4714070.181
mlt,1978,4558814.395
mlt,1979,4805406.794
mlt,1980,5366043.806
mlt,1981,5468049.295
mlt,1982,5423233.376
mlt,1983,5322028.466
mlt,1984,6201438.031
mlt,1985,6264026.614
mlt,1986,6317592.976
mlt,1987,6520079.704
mlt,1988,6914816.164
mlt,1989,7229126.582
mlt,1990,6371296.206
mlt,1991,8279615.155
mlt,1992,5858508.607
mlt,1993,5569597.205
mlt,1994,6236333.958
mlt,1995,6507149.048
mlt,1996,6519011.1
mlt,1997,6234435.393
mlt,1998,7482787.958
mlt,1999,7500363.23
mlt,2000,8078523.008
mlt,2001,8150503.711
mlt,2002,7829287.622
mlt,2003,8850046.221
mlt,2004,8941693.226
mlt,2005,9434640.091
mlt,2006,9364826.066
mlt,2007,9674250.097
mlt,2008,9316625.931
mlt,2009,7512843.453
mlt,2010,10221659.08
mlt,2011,8931045.818
mlt,2012,8500015.678
mlt,2013,8934303.641
mlt,2014,7604657.865
mlt,2015,8324192.365
mlt,2016,7069633.744
mlt,2017,8198259.792
mlt,2018,9275978.455
mlt,2019,9414258.66
mlt,2020,9608688.718
mlt,2021,10371934.3
mlt,2022,10517213.78
mlt,2023,10948985.97
mlt,2024,11289270.33
mmr,1970,71656484.59
mmr,1971,73880812.37
mmr,1972,74887808.27
mmr,1973,78847210.1
mmr,1974,78396925.91
mmr,1975,80589889.35
mmr,1976,81821430.91
mmr,1977,86341567.72
mmr,1978,91455066.35
mmr,1979,94429070.24
mmr,1980,96407931.58
mmr,1981,101159406.2
mmr,1982,105387180.8
mmr,1983,110000767.7
mmr,1984,112564112.9
mmr,1985,117631858.1
mmr,1986,116141854
mmr,1987,113677562.3
mmr,1988,111167490.9
mmr,1989,105296950.3
mmr,1990,115513689.8
mmr,1991,117363517.4
mmr,1992,121991386.5
mmr,1993,124521029.9
mmr,1994,130706480.9
mmr,1995,138489699.9
mmr,1996,141671924.6
mmr,1997,144439768.4
mmr,1998,139500006.8
mmr,1999,150022782.4
mmr,2000,148657651.7
mmr,2001,153321883.5
mmr,2002,160090001.2
mmr,2003,166590176.1
mmr,2004,168270482.2
mmr,2005,172126486.4
mmr,2006,179169155.2
mmr,2007,195961311.7
mmr,2008,207819634.9
mmr,2009,213898300.4
mmr,2010,225016157.5
mmr,2011,230497475.2
mmr,2012,229881904.8
mmr,2013,241570221.7
mmr,2014,272925498.4
mmr,2015,265741545.3
mmr,2016,267338721.3
mmr,2017,299848203.8
mmr,2018,231060933.9
mmr,2019,231479225.7
mmr,2020,229679345.7
mmr,2021,222333051.8
mmr,2022,225484156.2
mmr,2023,230900938.1
mmr,2024,234201973.2
mng,1970,31848151.82
mng,1971,33211959.3
mng,1972,33838003.08
mng,1973,34614235.11
mng,1974,34667977.25
mng,1975,36266281.61
mng,1976,36608506.4
mng,1977,35845277.07
mng,1978,35816119.36
mng,1979,36865832.5
mng,1980,37697225.5
mng,1981,38338038.22
mng,1982,41945459.35
mng,1983,43420290.3
mng,1984,41222565.6
mng,1985,46205198.47
mng,1986,47801106.31
mng,1987,50818234.52
mng,1988,50973108.66
mng,1989,51577993.54
mng,1990,52719836.79
mng,1991,39941665.59
mng,1992,47883546.11
mng,1993,43577020.99
mng,1994,41026652.55
mng,1995,37566747.82
mng,1996,39627823.54
mng,1997,39630613.4
mng,1998,41538586.83
mng,1999,43402707.18
mng,2000,38430109.7
mng,2001,37726282.59
mng,2002,32354574.49
mng,2003,31218833.45
mng,2004,30678597.93
mng,2005,35311666.42
mng,2006,39479412.75
mng,2007,46153027.54
mng,2008,48981758.7
mng,2009,50377624.97
mng,2010,48092276.59
mng,2011,57804240.19
mng,2012,55749333.89
mng,2013,69855800.45
mng,2014,71360687.78
mng,2015,68665731.96
mng,2016,69217561.72
mng,2017,71201264.17
mng,2018,78086907.12
mng,2019,84105995.19
mng,2020,78618195.73
mng,2021,84282308.94
mng,2022,85054090.41
mng,2023,86329119.61
mng,2024,87150809.93
moz,1970,56467461.28
moz,1971,60125439.57
moz,1972,62597774.2
moz,1973,65076646.57
moz,1974,59310894.72
moz,1975,54396218.47
moz,1976,51508027.59
moz,1977,51100891.85
moz,1978,48184636.5
moz,1979,47048981.92
moz,1980,44736150.89
moz,1981,44473682.56
moz,1982,44777311.88
moz,1983,42409407.96
moz,1984,44115278.7
moz,1985,49200412.34
moz,1986,51384456.13
moz,1987,35564366.06
moz,1988,34292046.47
moz,1989,35309742.69
moz,1990,36919045.46
moz,1991,35652860.32
moz,1992,33470551.6
moz,1993,34978145.33
moz,1994,34707208.34
moz,1995,40109506.13
moz,1996,39972117.93
moz,1997,40989502.11
moz,1998,42231581.45
moz,1999,41828038.75
moz,2000,41641068.39
moz,2001,37473565.15
moz,2002,40653861.29
moz,2003,49030035.81
moz,2004,43643059.44
moz,2005,41817485.32
moz,2006,42404270.38
moz,2007,41999489.9
moz,2008,41789316.66
moz,2009,46344322.37
moz,2010,55906779.24
moz,2011,64474278.59
moz,2012,82957979.69
moz,2013,80784107.58
moz,2014,87279383.93
moz,2015,71708473.38
moz,2016,75507558.75
moz,2017,70725518.75
moz,2018,77285067.36
moz,2019,83162059.54
moz,2020,72565841.57
moz,2021,73089393.62
moz,2022,75680201.26
moz,2023,77039332.53
moz,2024,78936489.67
mrt,1970,12483353.97
mrt,1971,12279167.31
mrt,1972,11596246.36
mrt,1973,11609853.62
mrt,1974,10866025.23
mrt,1975,11240113.41
mrt,1976,11782129.15
mrt,1977,11785923.65
mrt,1978,11660398.88
mrt,1979,11906755.43
mrt,1980,12276208.26
mrt,1981,13013783.67
mrt,1982,13199682.77
mrt,1983,12372314.16
mrt,1984,11911728.19
mrt,1985,12488335.29
mrt,1986,12824578.51
mrt,1987,13092047.75
mrt,1988,13496763.81
mrt,1989,14031437.04
mrt,1990,14545373.38
mrt,1991,13180521.04
mrt,1992,13796994.69
mrt,1993,20582108.32
mrt,1994,19230538.18
mrt,1995,32552690.43
mrt,1996,14389844.44
mrt,1997,42398397.51
mrt,1998,26501511.68
mrt,1999,16708700.38
mrt,2000,27828919.54
mrt,2001,29514663.45
mrt,2002,21571600.67
mrt,2003,36587449.33
mrt,2004,22234650.09
mrt,2005,18354716.83
mrt,2006,22615729.44
mrt,2007,25956599.27
mrt,2008,21055001.26
mrt,2009,24374692.65
mrt,2010,22205045.55
mrt,2011,19004748.54
mrt,2012,21231788.18
mrt,2013,21852934.02
mrt,2014,20129181.42
mrt,2015,20058401.62
mrt,2016,20469372.2
mrt,2017,20847604.78
mrt,2018,24189089.25
mrt,2019,23440315.62
mrt,2020,24643712.29
mrt,2021,27974422.38
mrt,2022,28085202.84
mrt,2023,28072643.1
mrt,2024,28765186.35
mwi,1970,12737412.03
mwi,1971,14765972.43
mwi,1972,15552374.82
mwi,1973,15416615.09
mwi,1974,15600795.49
mwi,1975,15791913.23
mwi,1976,16988144.48
mwi,1977,17489690.79
mwi,1978,17877005.37
mwi,1979,17981729.4
mwi,1980,18002683.83
mwi,1981,18846847.95
mwi,1982,19579832.74
mwi,1983,18977941.86
mwi,1984,19117673.84
mwi,1985,19267557.8
mwi,1986,19578620.1
mwi,1987,19375896.58
mwi,1988,20259213.15
mwi,1989,21129027.11
mwi,1990,20621641.75
mwi,1991,22725682.83
mwi,1992,18716801.35
mwi,1993,22778674.83
mwi,1994,18220393.27
mwi,1995,22035020.81
mwi,1996,23707592.88
mwi,1997,23061901.09
mwi,1998,25465228.21
mwi,1999,30309075.68
mwi,2000,32124323.41
mwi,2001,31855700.05
mwi,2002,29783829.63
mwi,2003,32142032.43
mwi,2004,31080735.05
mwi,2005,29204790.2
mwi,2006,38296793.12
mwi,2007,41125639.33
mwi,2008,41572129.19
mwi,2009,45352929.94
mwi,2010,47849754.11
mwi,2011,49123810.04
mwi,2012,50537691.29
mwi,2013,53221314.93
mwi,2014,54990584.24
mwi,2015,50232893.71
mwi,2016,48669340.99
mwi,2017,54451676.91
mwi,2018,53882274.09
mwi,2019,59406928.32
mwi,2020,70355952.78
mwi,2021,73154525.97
mwi,2022,73973540.68
mwi,2023,74261920.75
mwi,2024,74856046.4
mys,1970,49778000.89
mys,1971,52964727.6
mys,1972,57597143.01
mys,1973,68616899.03
mys,1974,72942099.79
mys,1975,72133019.92
mys,1976,81965798.17
mys,1977,86626894.55
mys,1978,93702154.99
mys,1979,105272066.1
mys,1980,115549805.2
mys,1981,119999702.9
mys,1982,132515790.3
mys,1983,139494164
mys,1984,154326752
mys,1985,149064504.5
mys,1986,139836431
mys,1987,144844511.8
mys,1988,149522284.1
mys,1989,163662681.6
mys,1990,158941060.1
mys,1991,188435383.9
mys,1992,204003637.9
mys,1993,223118984.9
mys,1994,227960321.3
mys,1995,244804942.3
mys,1996,263612461.4
mys,1997,282961804
mys,1998,182474600.2
mys,1999,179387098.8
mys,2000,242635585
mys,2001,249955869.8
mys,2002,254932177.5
mys,2003,298667538
mys,2004,295796963.9
mys,2005,313735868.4
mys,2006,341855470.5
mys,2007,396422471.4
mys,2008,409458144.9
mys,2009,397941467.7
mys,2010,430928767.1
mys,2011,588898488
mys,2012,619830116.1
mys,2013,632505153.4
mys,2014,598563001.1
mys,2015,593598658.1
mys,2016,574428691.1
mys,2017,642405802.7
mys,2018,667466724.3
mys,2019,692427141.2
mys,2020,664957910
mys,2021,696312080.2
mys,2022,710689420.2
mys,2023,734004749.3
mys,2024,756383081
nam,1970,8931308.34
nam,1971,9139990.883
nam,1972,8943950.233
nam,1973,9317702.974
nam,1974,9779138.668
nam,1975,8639070.395
nam,1976,8525412.635
nam,1977,8700960.905
nam,1978,7988910.686
nam,1979,8708563.103
nam,1980,10145146.76
nam,1981,9604306.875
nam,1982,9229845.426
nam,1983,9528462.16
nam,1984,9563214.923
nam,1985,8658530.629
nam,1986,9040323.236
nam,1987,9515588.355
nam,1988,10026669.93
nam,1989,9897362.169
nam,1990,9581345.226
nam,1991,10329515.44
nam,1992,10455132.94
nam,1993,9181022.496
nam,1994,10107666.83
nam,1995,11420407.34
nam,1996,11802202.01
nam,1997,12906533.39
nam,1998,13276374
nam,1999,11231481.41
nam,2000,11985604.29
nam,2001,12084208.95
nam,2002,10012111
nam,2003,13171952.05
nam,2004,14336100.26
nam,2005,14491676.14
nam,2006,17141171.64
nam,2007,18030103.41
nam,2008,21350490.65
nam,2009,26443894.25
nam,2010,22256014.05
nam,2011,21550552.53
nam,2012,25950378.61
nam,2013,28450388.38
nam,2014,27617282.36
nam,2015,24674848.87
nam,2016,24327960.33
nam,2017,17931596.67
nam,2018,24888015.06
nam,2019,27779421.36
nam,2020,26661202.26
nam,2021,34066175.43
nam,2022,32988641.53
nam,2023,33407604.96
nam,2024,34469377.23
ner,1970,24474020.82
ner,1971,25844744.01
ner,1972,25932971.44
ner,1973,19999090.08
ner,1974,21078321.75
ner,1975,21205701.09
ner,1976,24775305.31
ner,1977,27490040.23
ner,1978,29500105.93
ner,1979,31517490.43
ner,1980,33743637.4
ner,1981,33690946.85
ner,1982,34150136.45
ner,1983,34509692.99
ner,1984,24803140.92
ner,1985,25407444.58
ner,1986,27559637.09
ner,1987,28576007.17
ner,1988,32860167.23
ner,1989,31579472.11
ner,1990,36327303.39
ner,1991,34840079.35
ner,1992,34482318.25
ner,1993,39446664.94
ner,1994,34864301.24
ner,1995,32847078.3
ner,1996,34867812.21
ner,1997,28272177.48
ner,1998,32202100.49
ner,1999,33635306.55
ner,2000,26908229.56
ner,2001,28480695.54
ner,2002,23138866.98
ner,2003,23624721.83
ner,2004,28162889.86
ner,2005,30451332.4
ner,2006,28906533
ner,2007,27581170.86
ner,2008,35842421.7
ner,2009,28964580.19
ner,2010,40300307.42
ner,2011,34738793.5
ner,2012,44358582.63
ner,2013,46160600.92
ner,2014,57441238.74
ner,2015,70790419.77
ner,2016,77257757.81
ner,2017,77969053.69
ner,2018,95337215.24
ner,2019,93809359.25
ner,2020,113594503.1
ner,2021,94141394.85
ner,2022,95673577.16
ner,2023,98109416.03
ner,2024,103549174.2
nga,1970,162477610.3
nga,1971,155805155
nga,1972,143405921.7
nga,1973,154411600.3
nga,1974,172365934.2
nga,1975,171559532.6
nga,1976,169638450.2
nga,1977,180381639.4
nga,1978,177448515
nga,1979,184996870
nga,1980,196300579.1
nga,1981,196169777.6
nga,1982,204553313.6
nga,1983,204936068.4
nga,1984,202989397.9
nga,1985,209866546.2
nga,1986,209319422.4
nga,1987,203979475
nga,1988,219714167.1
nga,1989,224171465.3
nga,1990,235086670.1
nga,1991,254078147
nga,1992,276383146
nga,1993,285865188.9
nga,1994,301939976.7
nga,1995,306840103.9
nga,1996,315757035.6
nga,1997,307965524
nga,1998,361611401
nga,1999,347673226.6
nga,2000,316350812.3
nga,2001,330158606.7
nga,2002,364138795
nga,2003,389800507.7
nga,2004,410189165.4
nga,2005,441571801.5
nga,2006,453158950.5
nga,2007,519582330.2
nga,2008,537226252.8
nga,2009,495591158.9
nga,2010,569780226.7
nga,2011,581627426.8
nga,2012,529306569.5
nga,2013,653411993.2
nga,2014,664172955.9
nga,2015,680341608.9
nga,2016,716601805.7
nga,2017,683077588.8
nga,2018,755550459.3
nga,2019,793769311.7
nga,2020,787514305.1
nga,2021,704496526.3
nga,2022,724049182.4
nga,2023,716442951.4
nga,2024,729678531.8
nic,1970,20640372.92
nic,1971,20050204.19
nic,1972,19695763.19
nic,1973,21113509.36
nic,1974,24016126.11
nic,1975,23987925.02
nic,1976,24905883.19
nic,1977,26492399.79
nic,1978,25882343.34
nic,1979,22006433.76
nic,1980,20713600.18
nic,1981,21689231.82
nic,1982,22521622.92
nic,1983,21640908.87
nic,1984,22749846.07
nic,1985,21914794.68
nic,1986,20913497.02
nic,1987,19669035.75
nic,1988,19324869.65
nic,1989,21371400.71
nic,1990,21733258.53
nic,1991,22432724.8
nic,1992,24017471.8
nic,1993,23579770.47
nic,1994,23679748.54
nic,1995,23648353.62
nic,1996,25342932.04
nic,1997,27094074.34
nic,1998,27322094.39
nic,1999,29655196.11
nic,2000,29398713.17
nic,2001,30601216.68
nic,2002,32000793.54
nic,2003,28668700.37
nic,2004,31076851.61
nic,2005,32861798.79
nic,2006,35829408.69
nic,2007,39588061.32
nic,2008,37219177.32
nic,2009,36289717.91
nic,2010,37630963.27
nic,2011,40636300.38
nic,2012,46763553.04
nic,2013,47259608.74
nic,2014,47248649.98
nic,2015,48169738.49
nic,2016,52961845.44
nic,2017,49948997.33
nic,2018,54142260.82
nic,2019,52789282.22
nic,2020,55298600.51
nic,2021,58353689.14
nic,2022,60643613.81
nic,2023,62249618.3
nic,2024,62483336.64
nld,1970,274403524.7
nld,1971,291030530
nld,1972,304706437.5
nld,1973,327259177.7
nld,1974,331277332.8
nld,1975,332868353.1
nld,1976,345727217.1
nld,1977,360567787.5
nld,1978,377054475
nld,1979,386594938.1
nld,1980,377877838.9
nld,1981,337924397.8
nld,1982,321316192.5
nld,1983,319073343.2
nld,1984,322615400.8
nld,1985,325199245.7
nld,1986,357178795
nld,1987,375460503
nld,1988,379017982.1
nld,1989,376491643.9
nld,1990,393601362.3
nld,1991,362920374.2
nld,1992,382414308.8
nld,1993,371834597.1
nld,1994,388476729.1
nld,1995,405707558.8
nld,1996,396805858.5
nld,1997,397831709.8
nld,1998,399310738.1
nld,1999,475552823.8
nld,2000,457739031.4
nld,2001,456833948.5
nld,2002,451882243.8
nld,2003,476510539.6
nld,2004,478357594.5
nld,2005,472598812.2
nld,2006,496594598.2
nld,2007,534030121.7
nld,2008,526420999.1
nld,2009,463021563.3
nld,2010,459455480.2
nld,2011,488859307.3
nld,2012,452670410.9
nld,2013,464978509.2
nld,2014,453649651
nld,2015,459889173.8
nld,2016,448670208.6
nld,2017,463554728.7
nld,2018,516273784.1
nld,2019,525477385.3
nld,2020,537601253.1
nld,2021,556821038.8
nld,2022,557600327.6
nld,2023,575282005.8
nld,2024,588170071.4
nor,1970,61452126.43
nor,1971,65127772.15
nor,1972,65067957.77
nor,1973,70374917.65
nor,1974,73184842.37
nor,1975,73440706.76
nor,1976,76357465.53
nor,1977,76687951.42
nor,1978,76048449.96
nor,1979,77493013.7
nor,1980,81433763.5
nor,1981,81216082.81
nor,1982,81977119.04
nor,1983,81948683.18
nor,1984,85847537.16
nor,1985,88981490.5
nor,1986,92616129.33
nor,1987,97345880.92
nor,1988,97165101.93
nor,1989,97771725.35
nor,1990,103076152.4
nor,1991,85151029.32
nor,1992,101303453.4
nor,1993,100453342.5
nor,1994,100661551.8
nor,1995,104229910.7
nor,1996,105847190.7
nor,1997,111677435.8
nor,1998,136109730.6
nor,1999,132638249.9
nor,2000,122192267.1
nor,2001,121069797.1
nor,2002,131220154.8
nor,2003,133318133.7
nor,2004,141928009.6
nor,2005,150137776.8
nor,2006,156392223.3
nor,2007,174079277
nor,2008,171135912
nor,2009,155411563.9
nor,2010,174130695.5
nor,2011,172281703.5
nor,2012,172623958.1
nor,2013,180578843.9
nor,2014,178265455.9
nor,2015,165293058.4
nor,2016,180227964.3
nor,2017,180269989.7
nor,2018,187309778.3
nor,2019,197151974.1
nor,2020,190389734.9
nor,2021,195410420.7
nor,2022,205161131.9
nor,2023,205409510.5
nor,2024,209964991.4
npl,1970,30326780.29
npl,1971,30698129.35
npl,1972,30698245.68
npl,1973,31626940.5
npl,1974,32297165.55
npl,1975,32861881.11
npl,1976,32903986.15
npl,1977,32633955.95
npl,1978,33382064.02
npl,1979,32413334.12
npl,1980,34607502.35
npl,1981,35381451.17
npl,1982,34163479.32
npl,1983,37310221.05
npl,1984,37303760.65
npl,1985,37871514.42
npl,1986,38135058.44
npl,1987,40031882.9
npl,1988,42659834.31
npl,1989,44198595.72
npl,1990,45741663.55
npl,1991,45127944.46
npl,1992,45517416.91
npl,1993,48011484.22
npl,1994,48199992.8
npl,1995,50675823.67
npl,1996,53399754.7
npl,1997,53488178.94
npl,1998,53997903.2
npl,1999,55989268.22
npl,2000,58625078.08
npl,2001,61665347.7
npl,2002,70773731.58
npl,2003,76504094.99
npl,2004,79168362.32
npl,2005,82222776.59
npl,2006,84242250.15
npl,2007,87144106.16
npl,2008,88560423.96
npl,2009,92856983.6
npl,2010,97783775.3
npl,2011,99908391.84
npl,2012,118696976.1
npl,2013,123047713
npl,2014,131304468.9
npl,2015,136523076.5
npl,2016,143779300.4
npl,2017,180555348.4
npl,2018,213603469.5
npl,2019,228549579.7
npl,2020,217073162.1
npl,2021,229885056.5
npl,2022,238443964.9
npl,2023,245566208.3
npl,2024,253154095.9
nzl,1970,88063403.29
nzl,1971,89458108.85
nzl,1972,95946741.74
nzl,1973,102550687.4
nzl,1974,101436144.4
nzl,1975,92708928.41
nzl,1976,91638555.21
nzl,1977,91806875.11
nzl,1978,89817959.09
nzl,1979,91770876.71
nzl,1980,89797439.45
nzl,1981,89138168.49
nzl,1982,89445837.95
nzl,1983,99633742.87
nzl,1984,108571319.8
nzl,1985,105870102.6
nzl,1986,93240623.26
nzl,1987,94477256.59
nzl,1988,96894654.88
nzl,1989,95254146.58
nzl,1990,98212667.91
nzl,1991,111263968.8
nzl,1992,86502484.67
nzl,1993,91824800.58
nzl,1994,92742117.18
nzl,1995,99608052.27
nzl,1996,105548407.3
nzl,1997,104726592.1
nzl,1998,98892023.09
nzl,1999,96095475.95
nzl,2000,92288373.73
nzl,2001,95841246.97
nzl,2002,102934510.8
nzl,2003,116425367.1
nzl,2004,126557422.4
nzl,2005,136095406.5
nzl,2006,128403130.7
nzl,2007,139011389.3
nzl,2008,130395450.6
nzl,2009,125515605.6
nzl,2010,118010419.1
nzl,2011,126716533
nzl,2012,129129623.6
nzl,2013,134985530.1
nzl,2014,142749737.9
nzl,2015,139537777
nzl,2016,147763033.5
nzl,2017,149121854.6
nzl,2018,149706259
nzl,2019,152088268.6
nzl,2020,155157927.7
nzl,2021,171194931.5
nzl,2022,170118693.7
nzl,2023,172875963.1
nzl,2024,173322190.4
omn,1970,6653343.274
omn,1971,6642351.578
omn,1972,6894159.127
omn,1973,7268494.437
omn,1974,10498759.31
omn,1975,11500426
omn,1976,12872592.67
omn,1977,12375571.04
omn,1978,11262907.69
omn,1979,12186075.56
omn,1980,15398072.04
omn,1981,19664608.48
omn,1982,22999898.63
omn,1983,29382466.7
omn,1984,26276044.18
omn,1985,29139806.22
omn,1986,22821480.58
omn,1987,20909655.9
omn,1988,20411005.09
omn,1989,21709876.94
omn,1990,22507218.17
omn,1991,29058495.57
omn,1992,31924155.01
omn,1993,30412898.94
omn,1994,32444832.65
omn,1995,37816370.34
omn,1996,35865153.22
omn,1997,44865173.23
omn,1998,53957521.99
omn,1999,59361071.42
omn,2000,72860171.91
omn,2001,88889580.08
omn,2002,82610450.26
omn,2003,94382283.64
omn,2004,100079320.8
omn,2005,99222936.77
omn,2006,134692730.1
omn,2007,140789679.9
omn,2008,150778615.3
omn,2009,155426995.7
omn,2010,141440055.6
omn,2011,143667725.5
omn,2012,159999398.9
omn,2013,169145401.8
omn,2014,157696756.5
omn,2015,178151800.8
omn,2016,179364433.1
omn,2017,175424910.9
omn,2018,156927689.5
omn,2019,154042843.6
omn,2020,161525057.4
omn,2021,163390649.5
omn,2022,176568556.3
omn,2023,178643870.8
omn,2024,184510459.8
pak,1970,164759558.1
pak,1971,163860553.7
pak,1972,150034518.3
pak,1973,152623526.3
pak,1974,164148134.6
pak,1975,163487729.1
pak,1976,176198231.6
pak,1977,188580198.6
pak,1978,188924197.7
pak,1979,197887142.5
pak,1980,200605982.6
pak,1981,218368749.8
pak,1982,229993758.9
pak,1983,231770565.2
pak,1984,235896788.2
pak,1985,240224075.1
pak,1986,246458314.9
pak,1987,271749719.1
pak,1988,265226378.4
pak,1989,276157384.9
pak,1990,280620331.1
pak,1991,289578282.7
pak,1992,297664227.4
pak,1993,315121496.5
pak,1994,320270118.8
pak,1995,338621456
pak,1996,342164387.1
pak,1997,348203563.6
pak,1998,373073768
pak,1999,388054724.3
pak,2000,374586108.7
pak,2001,362903742.3
pak,2002,374436293.7
pak,2003,369457583.9
pak,2004,427264545.9
pak,2005,463758222.2
pak,2006,520445234.2
pak,2007,581782415.5
pak,2008,568185005.5
pak,2009,562543529.9
pak,2010,547656700
pak,2011,606196944.8
pak,2012,605311773.3
pak,2013,639020311.9
pak,2014,663765874.6
pak,2015,706295363.4
pak,2016,794565451.8
pak,2017,842784376.4
pak,2018,831680095.8
pak,2019,850967478.7
pak,2020,885770024.5
pak,2021,941616121
pak,2022,969576653.4
pak,2023,946687609
pak,2024,938874761.8
pan,1970,22228573.39
pan,1971,24828164.57
pan,1972,13967309.83
pan,1973,15063033.52
pan,1974,17020332.44
pan,1975,15103163.84
pan,1976,14091256.79
pan,1977,14374298.47
pan,1978,15534360.62
pan,1979,16124056.27
pan,1980,17190624.55
pan,1981,17067397.96
pan,1982,16964027.01
pan,1983,16431788.19
pan,1984,16725096.5
pan,1985,16950397.7
pan,1986,17115567.14
pan,1987,17028257.11
pan,1988,15353821.09
pan,1989,14883344.8
pan,1990,16185075.8
pan,1991,14704773.43
pan,1992,17480211.02
pan,1993,17199487.4
pan,1994,17212106.16
pan,1995,16261996.35
pan,1996,15674909.28
pan,1997,16076361.95
pan,1998,19303962.06
pan,1999,17334915.65
pan,2000,16937551.04
pan,2001,16759868.21
pan,2002,18785012.03
pan,2003,19971954.14
pan,2004,21119291.51
pan,2005,19528614.7
pan,2006,20120768.43
pan,2007,28283268.18
pan,2008,33890351.77
pan,2009,29649622.31
pan,2010,33177533.15
pan,2011,33171738.1
pan,2012,43855236.77
pan,2013,49021657.6
pan,2014,48386493.35
pan,2015,48540738.87
pan,2016,49601582.15
pan,2017,46677633.12
pan,2018,45303143.48
pan,2019,45931771.22
pan,2020,35988528.84
pan,2021,162363620.3
pan,2022,164975651
pan,2023,172049795.4
pan,2024,178294765.7
per,1970,104230432.5
per,1971,101482048.5
per,1972,95153361.64
per,1973,92497398.47
per,1974,99451407.6
per,1975,93179699.11
per,1976,112377441.8
per,1977,121992906.1
per,1978,111249286.4
per,1979,94037503.53
per,1980,97339169.91
per,1981,106995189.1
per,1982,112007888.8
per,1983,94712395.87
per,1984,100672229.8
per,1985,98244183.87
per,1986,112803018.9
per,1987,124873698.5
per,1988,112375648.2
per,1989,116073271.7
per,1990,96880171.83
per,1991,105548083.4
per,1992,108678941
per,1993,117943247.7
per,1994,132761358.2
per,1995,145265558.3
per,1996,149481960.4
per,1997,152921256.3
per,1998,152147406.5
per,1999,161160545.5
per,2000,158004083.2
per,2001,160482097.5
per,2002,164544400.5
per,2003,150513383.1
per,2004,141993659.4
per,2005,144570236.4
per,2006,153721205.9
per,2007,171541402.3
per,2008,194762440.4
per,2009,178927525.8
per,2010,191877544.7
per,2011,195178569.9
per,2012,220505728.1
per,2013,220689428.1
per,2014,225703994.1
per,2015,219943436.1
per,2016,216999774.5
per,2017,200902737.5
per,2018,207377782.5
per,2019,212204369.3
per,2020,211278939.3
per,2021,213845240.4
per,2022,219958402.2
per,2023,225968642.3
per,2024,228062101.8
phl,1970,172336373.2
phl,1971,184174993.1
phl,1972,184264595.2
phl,1973,196543150.9
phl,1974,206555156.6
phl,1975,218323452.5
phl,1976,236098927.1
phl,1977,229739784.4
phl,1978,232883415.5
phl,1979,234364391.9
phl,1980,239847211.7
phl,1981,247195024.9
phl,1982,250562827
phl,1983,228888838.1
phl,1984,226953294.5
phl,1985,208805902.6
phl,1986,209609262.7
phl,1987,206855558.5
phl,1988,207318029.9
phl,1989,222978337.6
phl,1990,252357971.3
phl,1991,223436780.6
phl,1992,238903830.9
phl,1993,251472378.4
phl,1994,272455792.1
phl,1995,274091060.5
phl,1996,299466795.2
phl,1997,321976280.9
phl,1998,290574405.4
phl,1999,280367200.2
phl,2000,290153239.9
phl,2001,297007694.3
phl,2002,305828778.5
phl,2003,307266943.8
phl,2004,328111779.9
phl,2005,327634546
phl,2006,338066166.7
phl,2007,381455950.1
phl,2008,387256260
phl,2009,394158376.8
phl,2010,402054339.1
phl,2011,453308976.2
phl,2012,467404182.3
phl,2013,474112748.7
phl,2014,720395318.2
phl,2015,741091811.1
phl,2016,827529424.1
phl,2017,845040079.5
phl,2018,863118473.5
phl,2019,888216465.4
phl,2020,836466731
phl,2021,911596193.9
phl,2022,949811586.4
phl,2023,1008905487
phl,2024,1069731770
png,1970,12672798.88
png,1971,13307560.72
png,1972,13889564.8
png,1973,15541797.81
png,1974,15872958.79
png,1975,15007401.62
png,1976,15615888.69
png,1977,16053947.55
png,1978,16637133.62
png,1979,17154527.97
png,1980,18317307.32
png,1981,17738368.91
png,1982,17819339.6
png,1983,17368922.15
png,1984,17531560.12
png,1985,17194873.45
png,1986,17553452.01
png,1987,18102256.85
png,1988,18554099.26
png,1989,18602325
png,1990,21291042.81
png,1991,25749466.06
png,1992,26263664.18
png,1993,24626355.63
png,1994,23957687.73
png,1995,21620010.2
png,1996,23279927.83
png,1997,26809172.7
png,1998,24227594.3
png,1999,18698143.71
png,2000,12543329.37
png,2001,23375114.57
png,2002,16050475.92
png,2003,19786624.25
png,2004,15505214.01
png,2005,18117493.37
png,2006,22014442.11
png,2007,25475347.51
png,2008,26736928.87
png,2009,35285053.6
png,2010,39781986.86
png,2011,46000743.81
png,2012,47796807.66
png,2013,26881919.07
png,2014,21879579.9
png,2015,20201774.85
png,2016,20766264.82
png,2017,20974471.3
png,2018,22486552.33
png,2019,22406358.67
png,2020,23341249.43
png,2021,23025373.65
png,2022,23576034.55
png,2023,23860862.51
png,2024,24203787.37
pol,1970,532198939
pol,1971,545361167.7
pol,1972,572675727.6
pol,1973,610642874
pol,1974,634090181.8
pol,1975,648736397.6
pol,1976,679464471.6
pol,1977,683666402.3
pol,1978,705854989.2
pol,1979,680405787.1
pol,1980,638802294.4
pol,1981,589425125.9
pol,1982,611646542.7
pol,1983,649874611.9
pol,1984,668054625
pol,1985,650938772.5
pol,1986,664137068.6
pol,1987,631343836.1
pol,1988,636613289.2
pol,1989,641652882
pol,1990,467643846.4
pol,1991,485747976.5
pol,1992,445020940.3
pol,1993,470025518.2
pol,1994,456355944.1
pol,1995,470690277.3
pol,1996,511587176.4
pol,1997,511847029
pol,1998,510714018.5
pol,1999,519600658
pol,2000,516189357.1
pol,2001,483168523.5
pol,2002,478895909.1
pol,2003,474371342.2
pol,2004,496511787.3
pol,2005,510218649.1
pol,2006,530065693.3
pol,2007,593831434.6
pol,2008,629462637.3
pol,2009,576656728.5
pol,2010,601466254.2
pol,2011,656236962.7
pol,2012,611859507.6
pol,2013,572827167.2
pol,2014,581193621.6
pol,2015,586526794.5
pol,2016,582870762.5
pol,2017,594458864.9
pol,2018,594791171
pol,2019,582874312.8
pol,2020,587404342
pol,2021,560471342.9
pol,2022,563082133.3
pol,2023,593648770.9
pol,2024,603598229.7
prk,1970,95844934.28
prk,1971,102140784.5
prk,1972,105475643.6
prk,1973,110124636.1
prk,1974,115206455.1
prk,1975,123588282.3
prk,1976,123573807
prk,1977,124920756.4
prk,1978,124778737.9
prk,1979,131675456.7
prk,1980,133352616.8
prk,1981,136490516.8
prk,1982,141429078.7
prk,1983,140868570.2
prk,1984,143057663
prk,1985,146460082.7
prk,1986,146471930.5
prk,1987,143644467.9
prk,1988,151004002.6
prk,1989,165798733.9
prk,1990,192388889.7
prk,1991,139948869.4
prk,1992,145631686.5
prk,1993,130915313.9
prk,1994,163229100.4
prk,1995,147809166.4
prk,1996,148943026.2
prk,1997,143864716.7
prk,1998,82452377.14
prk,1999,91876564.49
prk,2000,96200408.05
prk,2001,112520653.4
prk,2002,108372707.8
prk,2003,115079430.4
prk,2004,118997018.8
prk,2005,118805382.2
prk,2006,118860383.6
prk,2007,117685642.5
prk,2008,112091479.3
prk,2009,103219843.8
prk,2010,104926981.6
prk,2011,108570984.9
prk,2012,109848681.9
prk,2013,110245771.9
prk,2014,106519644.4
prk,2015,112035015.1
prk,2016,119893043.7
prk,2017,110091912.1
prk,2018,107009458.1
prk,2019,110268922.5
prk,2020,106050779.7
prk,2021,105343210.8
prk,2022,107895538.9
prk,2023,111058224.6
prk,2024,113944050.9
prt,1970,80671376.18
prt,1971,83017190.07
prt,1972,87400957.23
prt,1973,95121090.86
prt,1974,94972778.32
prt,1975,92517674.96
prt,1976,95929728.18
prt,1977,98710066.3
prt,1978,102847971
prt,1979,108302405
prt,1980,114771477.5
prt,1981,116445529.6
prt,1982,120685700
prt,1983,106786916.3
prt,1984,100150595.5
prt,1985,107724000.6
prt,1986,119308828
prt,1987,128028748.3
prt,1988,136502594
prt,1989,147431653.2
prt,1990,157008150.2
prt,1991,164309147.5
prt,1992,173220508.2
prt,1993,167031609.2
prt,1994,186091628.1
prt,1995,179768930.7
prt,1996,199118034.2
prt,1997,207392418.1
prt,1998,225856788.1
prt,1999,252403291.8
prt,2000,251045646.2
prt,2001,260908173.9
prt,2002,263149280.4
prt,2003,249909042.1
prt,2004,251206356.3
prt,2005,246299024.6
prt,2006,234657306.9
prt,2007,215651202.8
prt,2008,186258005.5
prt,2009,199679211.7
prt,2010,207214355.6
prt,2011,179859915.1
prt,2012,143458682.6
prt,2013,124182878.1
prt,2014,123724179.6
prt,2015,125379959
prt,2016,138997366.5
prt,2017,125133378.3
prt,2018,129556088.2
prt,2019,133252210.8
prt,2020,139443050.3
prt,2021,143558483.3
prt,2022,144284011.3
prt,2023,148830030.6
prt,2024,151433234.3
pry,1970,21455059.54
pry,1971,21324342.35
pry,1972,21521627.64
pry,1973,22729930.19
pry,1974,24462526.13
pry,1975,25849029.24
pry,1976,28726609.66
pry,1977,31464116.28
pry,1978,33292942.53
pry,1979,35432221.41
pry,1980,39107276.89
pry,1981,42632227.61
pry,1982,43187136.41
pry,1983,43271162.54
pry,1984,42947733.12
pry,1985,43518486.24
pry,1986,44941428.15
pry,1987,45408025.82
pry,1988,49573552.84
pry,1989,47988713.52
pry,1990,48698552.89
pry,1991,43865840.12
pry,1992,50853758.78
pry,1993,53907177.76
pry,1994,53452296.78
pry,1995,56687100.54
pry,1996,64854895.32
pry,1997,67182558.48
pry,1998,62972307.29
pry,1999,59983765.5
pry,2000,56490700.27
pry,2001,60135531.89
pry,2002,45561460.72
pry,2003,42866244.37
pry,2004,45312519.28
pry,2005,41032473.15
pry,2006,46312795.09
pry,2007,54770973.6
pry,2008,59897208.22
pry,2009,56947020.39
pry,2010,79949272.37
pry,2011,99261853
pry,2012,94653443.33
pry,2013,102703352
pry,2014,111300110.6
pry,2015,107564612
pry,2016,100161948.1
pry,2017,105234128.9
pry,2018,102880357.2
pry,2019,103476837.6
pry,2020,100515522.8
pry,2021,98503635.6
pry,2022,97359011.59
pry,2023,99912456.96
pry,2024,100755571.2
pse,1970,4388012.218
pse,1971,4750461.477
pse,1972,5567412.236
pse,1973,5694110.944
pse,1974,6875124.739
pse,1975,6621274.275
pse,1976,6420440.905
pse,1977,6143241.594
pse,1978,7184333.204
pse,1979,8044030.715
pse,1980,7754301.889
pse,1981,7816207.42
pse,1982,7438123.608
pse,1983,7783196.54
pse,1984,7982144.228
pse,1985,7824290.441
pse,1986,9858523.721
pse,1987,10217431.26
pse,1988,10236438.88
pse,1989,9655763.383
pse,1990,9568316.662
pse,1991,9675075.744
pse,1992,11727906.45
pse,1993,12877256.49
pse,1994,12125940.37
pse,1995,14949890.79
pse,1996,14225726.26
pse,1997,15030937.05
pse,1998,16242075.44
pse,1999,18324797.26
pse,2000,16659100.59
pse,2001,16889894.68
pse,2002,19624510.56
pse,2003,19557018.26
pse,2004,22688253.46
pse,2005,23122955.29
pse,2006,22530892.27
pse,2007,23016440.42
pse,2008,21411765.19
pse,2009,20001797.72
pse,2010,21260979.58
pse,2011,21249335.77
pse,2012,23286438.75
pse,2013,23073329.41
pse,2014,21677581.77
pse,2015,28159722.25
pse,2016,27538543.55
pse,2017,29633716.17
pse,2018,32471089.33
pse,2019,32314222.97
pse,2020,24353902.46
pse,2021,24903380.01
pse,2022,25828524.28
pse,2023,26319108.02
pse,2024,26775995.71
qat,1970,9163567.137
qat,1971,11463115.41
qat,1972,14100898.83
qat,1973,16612091.33
qat,1974,16682759.19
qat,1975,16928861.65
qat,1976,22665898.53
qat,1977,21549902.44
qat,1978,23062289.61
qat,1979,26991368.82
qat,1980,29228780.6
qat,1981,30301880.14
qat,1982,26152317.24
qat,1983,21731235.93
qat,1984,26593553.34
qat,1985,23411600.01
qat,1986,19177803
qat,1987,19393118.77
qat,1988,20543886.17
qat,1989,24102684.83
qat,1990,22457296.83
qat,1991,22908272.23
qat,1992,22936207.69
qat,1993,24828992.86
qat,1994,23573320.6
qat,1995,27820377.44
qat,1996,27674531.58
qat,1997,31328391.21
qat,1998,33579594.89
qat,1999,22433257.93
qat,2000,29883320.93
qat,2001,37722150.1
qat,2002,42005203.57
qat,2003,42323104.4
qat,2004,42853427.58
qat,2005,74491721.33
qat,2006,83609154.77
qat,2007,107555880
qat,2008,129459141.5
qat,2009,135702981
qat,2010,114338744.2
qat,2011,147363838.9
qat,2012,143851611.2
qat,2013,152291680.5
qat,2014,199892841.4
qat,2015,172220706.6
qat,2016,215960550.5
qat,2017,179268372.3
qat,2018,187145648
qat,2019,200596128.6
qat,2020,194362826.4
qat,2021,179685439.8
qat,2022,193524738.2
qat,2023,201394946.8
qat,2024,208701611.9
rou,1970,254769458.2
rou,1971,277904878.1
rou,1972,295869564.9
rou,1973,297490619.5
rou,1974,308104296.2
rou,1975,314201346.8
rou,1976,344296505.2
rou,1977,346961962.1
rou,1978,354905930.8
rou,1979,364796411
rou,1980,359088809.1
rou,1981,361659889.8
rou,1982,384770749.4
rou,1983,373284762.2
rou,1984,369134960.8
rou,1985,367339531.4
rou,1986,375219087.9
rou,1987,370820098.9
rou,1988,375018559
rou,1989,348668847.8
rou,1990,274622207.9
rou,1991,207970241.8
rou,1992,188006940.6
rou,1993,191744990.6
rou,1994,192482473.3
rou,1995,201553190.9
rou,1996,198848805.6
rou,1997,198543674.3
rou,1998,183135078.7
rou,1999,169782832.3
rou,2000,169824857.1
rou,2001,191595211.7
rou,2002,178284654.8
rou,2003,192996825.9
rou,2004,230452007.8
rou,2005,240155062.5
rou,2006,253966519.5
rou,2007,310563981.7
rou,2008,333886784.5
rou,2009,248146805.6
rou,2010,251060995.8
rou,2011,297740210.2
rou,2012,279173415
rou,2013,256369874.9
rou,2014,263084264.9
rou,2015,280249267.1
rou,2016,267519050.9
rou,2017,294708223.8
rou,2018,336431805.5
rou,2019,338369291.4
rou,2020,314263680.6
rou,2021,352954990.7
rou,2022,355520157.5
rou,2023,370584718.5
rou,2024,381232722
rus,1992,1673714309
rus,1993,1685743435
rus,1994,1616356126
rus,1995,1481806178
rus,1996,1403882209
rus,1997,1411610238
rus,1998,1152440628
rus,1999,988131700.2
rus,2000,985745855.8
rus,2001,1116765450
rus,2002,1168488520
rus,2003,1151484726
rus,2004,1270611229
rus,2005,1314580354
rus,2006,1434984950
rus,2007,1636688020
rus,2008,1707391604
rus,2009,1589904289
rus,2010,1521266506
rus,2011,1719370298
rus,2012,1734074836
rus,2013,1859717620
rus,2014,1760274786
rus,2015,1702506805
rus,2016,1793737392
rus,2017,1855859266
rus,2018,1685182643
rus,2019,1886516489
rus,2020,1983588833
rus,2021,1830820093
rus,2022,1780237446
rus,2023,1688136256
rus,2024,1695029286
rwa,1970,9650078.401
rwa,1971,9926122.029
rwa,1972,9817909.937
rwa,1973,10225047.28
rwa,1974,10268634.03
rwa,1975,10862327.89
rwa,1976,10927013.52
rwa,1977,11249263.16
rwa,1978,11549540.69
rwa,1979,11328648.67
rwa,1980,11620263.62
rwa,1981,12278875.46
rwa,1982,12641968.48
rwa,1983,13287766.97
rwa,1984,13377929.17
rwa,1985,14497456.32
rwa,1986,13985612.02
rwa,1987,14349701.81
rwa,1988,13979310.28
rwa,1989,14608203.83
rwa,1990,14316110.35
rwa,1991,15421901.7
rwa,1992,14745407.45
rwa,1993,13612857.75
rwa,1994,13363993.36
rwa,1995,10770695.51
rwa,1996,11814293.76
rwa,1997,13836965
rwa,1998,15402194.95
rwa,1999,15548156.99
rwa,2000,14464982.3
rwa,2001,15122128.65
rwa,2002,16765949.24
rwa,2003,16981241.77
rwa,2004,15859981.78
rwa,2005,19276107.8
rwa,2006,19865252.21
rwa,2007,19754280.5
rwa,2008,23242869.64
rwa,2009,24490114.76
rwa,2010,27033138.38
rwa,2011,29203619.1
rwa,2012,30651215.06
rwa,2013,30832848.47
rwa,2014,27334519.33
rwa,2015,29445162.09
rwa,2016,29617455.08
rwa,2017,29766853.44
rwa,2018,32906380.63
rwa,2019,35169218.17
rwa,2020,36729336.64
rwa,2021,44652464.09
rwa,2022,46525549.86
rwa,2023,47916661.19
rwa,2024,49270511.71
sau,1970,61813994.27
sau,1971,68125136.44
sau,1972,72373067.32
sau,1973,83316416.87
sau,1974,132353093.2
sau,1975,123410445.5
sau,1976,158317660.6
sau,1977,183303476
sau,1978,188972247
sau,1979,215550098.9
sau,1980,318940548.3
sau,1981,341261099.4
sau,1982,337126938.9
sau,1983,355167478.7
sau,1984,320942261.2
sau,1985,267951389.5
sau,1986,240462188.6
sau,1987,232297532.6
sau,1988,234284978.5
sau,1989,241438720.4
sau,1990,240464264.9
sau,1991,275435690.1
sau,1992,301658395
sau,1993,329571745.9
sau,1994,305204602.3
sau,1995,276681536.5
sau,1996,276588071.6
sau,1997,281724167.9
sau,1998,294363499.8
sau,1999,278326532.4
sau,2000,313820711.9
sau,2001,350982422.3
sau,2002,373402760.2
sau,2003,400031546.1
sau,2004,427887404.4
sau,2005,468267693.2
sau,2006,525879033.8
sau,2007,586272635.5
sau,2008,674237481.1
sau,2009,731993915
sau,2010,768069886.3
sau,2011,783259303.9
sau,2012,868292192.6
sau,2013,947870049.1
sau,2014,935628705.2
sau,2015,988094962.2
sau,2016,847488657.6
sau,2017,871291005.1
sau,2018,818416570.5
sau,2019,843518663.5
sau,2020,800781591.8
sau,2021,782095866
sau,2022,848768973.4
sau,2023,869343165.9
sau,2024,889610129.1
sdn,2012,207583081.5
sdn,2013,224036037.6
sdn,2014,221787662.2
sdn,2015,215862077
sdn,2016,239262873.4
sdn,2017,248301029.5
sdn,2018,236060379.5
sdn,2019,218718466.5
sdn,2020,208355203.9
sdn,2021,217348081.1
sdn,2022,213251744.1
sdn,2023,200834244.1
sdn,2024,204562093.7
sen,1970,41395513.17
sen,1971,45185297.99
sen,1972,43422495.81
sen,1973,47154633.06
sen,1974,56780669.65
sen,1975,54643422.59
sen,1976,53602567.87
sen,1977,53387680.04
sen,1978,56325584.7
sen,1979,56812562.67
sen,1980,57725350.65
sen,1981,59254635.48
sen,1982,56438577.36
sen,1983,55953805.98
sen,1984,54415238.83
sen,1985,58218238.07
sen,1986,52448942.63
sen,1987,54303103.68
sen,1988,52230818.64
sen,1989,55246932.13
sen,1990,57372116.57
sen,1991,50047338.34
sen,1992,36651635.77
sen,1993,42727449.68
sen,1994,40708283.45
sen,1995,30499898.57
sen,1996,32181220.52
sen,1997,30777004.37
sen,1998,37396954.03
sen,1999,38898820.68
sen,2000,36034097.14
sen,2001,44217039.59
sen,2002,35926767.75
sen,2003,44506732.75
sen,2004,49120975.42
sen,2005,49797989.48
sen,2006,44545340.8
sen,2007,51460456.38
sen,2008,54154512.71
sen,2009,51535651.72
sen,2010,53454129.69
sen,2011,53444772.59
sen,2012,54759945.27
sen,2013,59878461.75
sen,2014,57263083.25
sen,2015,59601276
sen,2016,64499117.18
sen,2017,73290070.03
sen,2018,79884572.39
sen,2019,80225187.15
sen,2020,90442681.03
sen,2021,93132719.25
sen,2022,94768958.98
sen,2023,95941011.03
sen,2024,99555870.13
sgp,1970,28535854.27
sgp,1971,30281069.69
sgp,1972,32729680.49
sgp,1973,37775299.9
sgp,1974,38910155.09
sgp,1975,38170782.78
sgp,1976,39612330.01
sgp,1977,40036752.69
sgp,1978,41011148.05
sgp,1979,43432515.88
sgp,1980,44990561.92
sgp,1981,47876944.2
sgp,1982,49561861.81
sgp,1983,52673819.5
sgp,1984,56953932.5
sgp,1985,56885099.27
sgp,1986,55477099.31
sgp,1987,57715138.51
sgp,1988,64017824.23
sgp,1989,69979784.31
sgp,1990,77161775.02
sgp,1991,77705623.93
sgp,1992,97282626.19
sgp,1993,110988286.6
sgp,1994,119132776.7
sgp,1995,138158853.4
sgp,1996,170101229.6
sgp,1997,168819211.4
sgp,1998,217155162.3
sgp,1999,153838019
sgp,2000,152943174.6
sgp,2001,187797909.4
sgp,2002,136172369.6
sgp,2003,156096120.5
sgp,2004,160459615.8
sgp,2005,149804908.1
sgp,2006,163763151.6
sgp,2007,183018236.6
sgp,2008,186501950.4
sgp,2009,163009683.2
sgp,2010,195588653.5
sgp,2011,212540450.1
sgp,2012,224368417.8
sgp,2013,221343668.8
sgp,2014,200655616.2
sgp,2015,193783885.6
sgp,2016,213658953.9
sgp,2017,236414818.3
sgp,2018,237347953.9
sgp,2019,237411905.6
sgp,2020,257580523.8
sgp,2021,288321845.4
sgp,2022,306024991.4
sgp,2023,319021845.2
sgp,2024,329233497.2
sle,1970,6188765.929
sle,1971,6158903.769
sle,1972,6496108.19
sle,1973,6317441.569
sle,1974,6430452.056
sle,1975,6448078.066
sle,1976,6159436.715
sle,1977,6183026.794
sle,1978,6283057.509
sle,1979,6049853.696
sle,1980,6001083.034
sle,1981,5976426.601
sle,1982,6256244.382
sle,1983,5842742.51
sle,1984,6427854.228
sle,1985,6058929.093
sle,1986,5595805.97
sle,1987,5165554.998
sle,1988,5625845.499
sle,1989,5604533.827
sle,1990,6302133.62
sle,1991,5838997.345
sle,1992,5699643.046
sle,1993,6096883.638
sle,1994,5592601.477
sle,1995,6577836.715
sle,1996,7402416.954
sle,1997,5989182.46
sle,1998,5877556.65
sle,1999,6450324.789
sle,2000,5671251.742
sle,2001,6729932.804
sle,2002,8020832.564
sle,2003,9393631.767
sle,2004,9415012.332
sle,2005,8450573.691
sle,2006,10729200.08
sle,2007,10992170.92
sle,2008,11696106.24
sle,2009,13766934.15
sle,2010,15352119.22
sle,2011,17433820.94
sle,2012,15847973.89
sle,2013,20872888.64
sle,2014,22193011.7
sle,2015,22406600.7
sle,2016,21967321.78
sle,2017,22489607.84
sle,2018,21482426.78
sle,2019,20658631.23
sle,2020,22481735.3
sle,2021,25545303.35
sle,2022,25999334.21
sle,2023,25872972.7
sle,2024,26720128.26
slv,1970,17191124.4
slv,1971,17413001.47
slv,1972,17763916.52
slv,1973,18416687.26
slv,1974,19440072.13
slv,1975,20550227.58
slv,1976,21148023.54
slv,1977,23526860.14
slv,1978,24727949.14
slv,1979,24619354.05
slv,1980,22750943.62
slv,1981,21110307.2
slv,1982,20391597.67
slv,1983,21777750.13
slv,1984,23359247.82
slv,1985,24971205.41
slv,1986,23081483.64
slv,1987,25078456.66
slv,1988,25775626.02
slv,1989,26717170.41
slv,1990,26186662.84
slv,1991,29091182.47
slv,1992,30177649.95
slv,1993,32060862.27
slv,1994,34498206.23
slv,1995,38309966.5
slv,1996,40767872.18
slv,1997,43334482.66
slv,1998,41883333.47
slv,1999,39603396.89
slv,2000,41535219.24
slv,2001,39972738
slv,2002,41561078.42
slv,2003,38568836.62
slv,2004,39680103.25
slv,2005,39924128.18
slv,2006,44664794.29
slv,2007,48434438.96
slv,2008,46184171.46
slv,2009,43526228.98
slv,2010,45225390.51
slv,2011,44619806.96
slv,2012,49113036.94
slv,2013,49970076.99
slv,2014,46382615.71
slv,2015,45278785.05
slv,2016,46408287.99
slv,2017,44919716.02
slv,2018,43550753.78
slv,2019,44827233.05
slv,2020,44478498.21
slv,2021,54104240.82
slv,2022,56422918.07
slv,2023,58058728.13
slv,2024,58388091.99
som,1970,33179728.73
som,1971,33349362.89
som,1972,34276950.26
som,1973,33141078.31
som,1974,33380444.75
som,1975,35926765.83
som,1976,35821271.9
som,1977,37182145.44
som,1978,39126108.72
som,1979,38897582.41
som,1980,39286866.58
som,1981,41326305.57
som,1982,42681053.71
som,1983,41206422.46
som,1984,42351436.95
som,1985,44032755.98
som,1986,44511428.82
som,1987,46014066.12
som,1988,48093781.93
som,1989,48462309.08
som,1990,45819351.31
som,1991,38851674.26
som,1992,36618012.68
som,1993,39212458.24
som,1994,41797723.65
som,1995,42972171.41
som,1996,43543320.11
som,1997,42283452.7
som,1998,43633413.37
som,1999,48253531.35
som,2000,43539493.34
som,2001,29374709.79
som,2002,46848923.97
som,2003,57249390.78
som,2004,49144785.54
som,2005,40039134.72
som,2006,41664067.24
som,2007,49534431.13
som,2008,52450809.88
som,2009,39503672.87
som,2010,55055173.46
som,2011,68302719.81
som,2012,99583227.33
som,2013,94602897.05
som,2014,110087885.9
som,2015,105668482
som,2016,87629331.66
som,2017,40811036.31
som,2018,51095664.81
som,2019,60162692.4
som,2020,67829555.68
som,2021,64181214.34
som,2022,67114902.18
som,2023,67178674.32
som,2024,68448060.15
srb,2006,80104444.69
srb,2007,90317996.88
srb,2008,101845392.6
srb,2009,92001705.71
srb,2010,95325265.67
srb,2011,101653979
srb,2012,97646775.06
srb,2013,96696442.87
srb,2014,95926254.3
srb,2015,84199860.63
srb,2016,87046667.75
srb,2017,87941724.35
srb,2018,97338981.93
srb,2019,101017862.9
srb,2020,116637674.8
srb,2021,115488577.3
srb,2022,113476335.3
srb,2023,119478987.2
srb,2024,122419474.2
ssd,2009,5766.6602
ssd,2010,9888.0589
ssd,2011,2572041.808
ssd,2012,46514225.14
ssd,2013,45135060.77
ssd,2014,49993092.7
ssd,2015,45705052.94
ssd,2016,40426273.31
ssd,2017,33399552.01
ssd,2018,28146586.03
ssd,2019,48032086.38
ssd,2020,74174050.36
ssd,2021,26038342.58
ssd,2022,26225815.51
ssd,2023,25986921.97
ssd,2024,26533282.1
svk,1993,79158278.46
svk,1994,65984445.14
svk,1995,71420935.81
svk,1996,78727983.27
svk,1997,84466125.19
svk,1998,83207832.33
svk,1999,86531726.51
svk,2000,69319938.98
svk,2001,62027781.17
svk,2002,63379313.54
svk,2003,63309341.16
svk,2004,70828447.37
svk,2005,83841849.74
svk,2006,83216614.79
svk,2007,89294458.6
svk,2008,97191440.54
svk,2009,80801829.16
svk,2010,80284746.38
svk,2011,82432798.81
svk,2012,75706548.83
svk,2013,76588900.24
svk,2014,81021245.52
svk,2015,78830401.72
svk,2016,87136282.63
svk,2017,82334167.23
svk,2018,87263665.58
svk,2019,90699307.33
svk,2020,87659299.05
svk,2021,92073659.09
svk,2022,89750373.99
svk,2023,94457723.63
svk,2024,97077573.46
svn,1992,26821283.49
svn,1993,33500378.33
svn,1994,27286601.81
svn,1995,30726345.33
svn,1996,30577503.32
svn,1997,31317752.32
svn,1998,43693872.19
svn,1999,42655144.93
svn,2000,45526994.12
svn,2001,41928883.34
svn,2002,47203223.27
svn,2003,51444553.41
svn,2004,51897850.12
svn,2005,48940088.5
svn,2006,50049634.7
svn,2007,48381142.06
svn,2008,49042238.48
svn,2009,43877883.66
svn,2010,41751639.47
svn,2011,42918611.15
svn,2012,39340703.72
svn,2013,37450547.83
svn,2014,39095004.5
svn,2015,37411028.55
svn,2016,37902866.61
svn,2017,37673977.11
svn,2018,38268580.56
svn,2019,40781055.8
svn,2020,37458096.41
svn,2021,42769885.15
svn,2022,42258181.47
svn,2023,44170988.66
svn,2024,45451736.97
swe,1970,153989851.8
swe,1971,162825577.8
swe,1972,161478857
swe,1973,166584530
swe,1974,165832493.3
swe,1975,166128725.9
swe,1976,162529432.9
swe,1977,152158690
swe,1978,147335124.1
swe,1979,157384667.4
swe,1980,154087043.6
swe,1981,145529966.4
swe,1982,139120687.2
swe,1983,132854704.3
swe,1984,143054805.7
swe,1985,142874201.7
swe,1986,153707079.5
swe,1987,158051731.5
swe,1988,165969383.1
swe,1989,163582376.2
swe,1990,176566640.7
swe,1991,147332847.5
swe,1992,164082064.6
swe,1993,150716328.1
swe,1994,154588282.6
swe,1995,155615013.9
swe,1996,161396615.7
swe,1997,159341308.5
swe,1998,171727384.4
swe,1999,196789794.3
swe,2000,193960449.6
swe,2001,185136590.4
swe,2002,191721177.2
swe,2003,200826107.9
swe,2004,203167577.3
swe,2005,212785177.5
swe,2006,210264679
swe,2007,221099986.5
swe,2008,224276679.3
swe,2009,199264993.6
swe,2010,219987318.6
swe,2011,232924487.3
swe,2012,231788426.5
swe,2013,230365936.4
swe,2014,232209428
swe,2015,228624434.5
swe,2016,234383184.6
swe,2017,243274576.6
swe,2018,246247711.1
swe,2019,242220299.8
swe,2020,251141166.6
swe,2021,256584651
swe,2022,250935706.1
swe,2023,254495528.1
swe,2024,259295880.6
syr,1970,16786115.25
syr,1971,18379412.07
syr,1972,23018522.74
syr,1973,16844310.81
syr,1974,24628160.54
syr,1975,27824206.36
syr,1976,33332194.62
syr,1977,30194500.68
syr,1978,34432439.22
syr,1979,34921488.22
syr,1980,43702940.03
syr,1981,50510497.67
syr,1982,50075507.06
syr,1983,53357676.51
syr,1984,55988765.34
syr,1985,41714671.12
syr,1986,40260144.34
syr,1987,38799777.6
syr,1988,47182477.38
syr,1989,38660868.32
syr,1990,36297941.23
syr,1991,45559998.09
syr,1992,47731071.11
syr,1993,49538772.49
syr,1994,50757699.99
syr,1995,51230074.38
syr,1996,78171548.57
syr,1997,74628304.92
syr,1998,84252535.91
syr,1999,90313458.16
syr,2000,82522888.65
syr,2001,87165580.72
syr,2002,106992012.2
syr,2003,105687148.8
syr,2004,107287215.1
syr,2005,115938511.1
syr,2006,121580055
syr,2007,155214590.1
syr,2008,146786856.2
syr,2009,174467170.7
syr,2010,193711113.6
syr,2011,179431101.5
syr,2012,126911520.4
syr,2013,96064858.95
syr,2014,64472171.58
syr,2015,57260219.5
syr,2016,44843683.15
syr,2017,48815737.21
syr,2018,55021083.06
syr,2019,58523704.38
syr,2020,57455089.91
syr,2021,49360671.56
syr,2022,50164965.27
syr,2023,51327609.82
syr,2024,52125357.19
tcd,1970,18674084.6
tcd,1971,19005906.2
tcd,1972,19158953
tcd,1973,17750440.23
tcd,1974,16260187.57
tcd,1975,17368176.78
tcd,1976,17394406.41
tcd,1977,18988323
tcd,1978,19359084.23
tcd,1979,18954841.52
tcd,1980,19177833.09
tcd,1981,19205347.51
tcd,1982,19682261.99
tcd,1983,20507465.85
tcd,1984,17414968.82
tcd,1985,19336611.04
tcd,1986,19581510.79
tcd,1987,20177720.71
tcd,1988,21591356.26
tcd,1989,20884048.78
tcd,1990,21635201.99
tcd,1991,32501595.9
tcd,1992,35394174.71
tcd,1993,34882742.09
tcd,1994,37008226.7
tcd,1995,38931022.74
tcd,1996,40252444.43
tcd,1997,42121965.35
tcd,1998,44829378.07
tcd,1999,47315633.89
tcd,2000,48410392.94
tcd,2001,51945953.1
tcd,2002,49598602.98
tcd,2003,63932467.66
tcd,2004,59472595.08
tcd,2005,67593018.71
tcd,2006,74157165.67
tcd,2007,75767364.91
tcd,2008,80158652.06
tcd,2009,79997474.63
tcd,2010,90714831.72
tcd,2011,93723575.69
tcd,2012,106615001.9
tcd,2013,97824010.42
tcd,2014,108125188.9
tcd,2015,115769828.5
tcd,2016,121123439.4
tcd,2017,128978669.2
tcd,2018,137207437.1
tcd,2019,142482283.3
tcd,2020,151969162.9
tcd,2021,157290749.3
tcd,2022,149359364.6
tcd,2023,147883834.2
tcd,2024,150982441.5
tgo,1970,10124149.59
tgo,1971,10385576.73
tgo,1972,10408094.87
tgo,1973,11016337.39
tgo,1974,11426581.24
tgo,1975,11275195.97
tgo,1976,11112971.99
tgo,1977,11346327.27
tgo,1978,12813499.04
tgo,1979,12861557.92
tgo,1980,12064357.66
tgo,1981,11052145.94
tgo,1982,10652958.27
tgo,1983,10051201.34
tgo,1984,10822005.81
tgo,1985,11399207.29
tgo,1986,13101355.85
tgo,1987,13470670.61
tgo,1988,15562440.91
tgo,1989,15522007.27
tgo,1990,17161777.02
tgo,1991,15257173.48
tgo,1992,16392973.37
tgo,1993,15821266.88
tgo,1994,14354658.44
tgo,1995,17530082.56
tgo,1996,18654318.92
tgo,1997,18261397.59
tgo,1998,18104764.03
tgo,1999,19412841.62
tgo,2000,16943552.74
tgo,2001,17534871.43
tgo,2002,19979645.82
tgo,2003,16986561.35
tgo,2004,15027856.48
tgo,2005,15328506.74
tgo,2006,16178389.15
tgo,2007,17771685.08
tgo,2008,20099827.64
tgo,2009,18420906.91
tgo,2010,20579855.14
tgo,2011,22734093.26
tgo,2012,21286585.49
tgo,2013,22726162.69
tgo,2014,24374398.12
tgo,2015,21917931.74
tgo,2016,24210387.13
tgo,2017,25082924.7
tgo,2018,22095410.7
tgo,2019,22175880.05
tgo,2020,23007620.76
tgo,2021,22293011.22
tgo,2022,22311050.81
tgo,2023,22619093.97
tgo,2024,23231968.91
tha,1970,147721147.4
tha,1971,149199648.4
tha,1972,144661527.4
tha,1973,160089809.3
tha,1974,165654693.5
tha,1975,172727313.4
tha,1976,189883307.4
tha,1977,197451102.6
tha,1978,210289867.8
tha,1979,212607384.2
tha,1980,209332876.5
tha,1981,224012968.5
tha,1982,235532926.2
tha,1983,247352832.7
tha,1984,264154654.8
tha,1985,265389264
tha,1986,258309132.1
tha,1987,273632800.9
tha,1988,309128789.8
tha,1989,353800857.8
tha,1990,387800727.8
tha,1991,424506464.4
tha,1992,459193323.6
tha,1993,447305606.2
tha,1994,498518496.2
tha,1995,536170151.4
tha,1996,581286993.1
tha,1997,555450855.1
tha,1998,400262690.1
tha,1999,425640491.3
tha,2000,447343339.1
tha,2001,470592992.6
tha,2002,527631677.4
tha,2003,575828134.9
tha,2004,618655718.4
tha,2005,649608292.8
tha,2006,715339458.3
tha,2007,704952041.7
tha,2008,724092239.4
tha,2009,691665079.5
tha,2010,747776293.6
tha,2011,810822932
tha,2012,813355275.2
tha,2013,850927083.8
tha,2014,767111369.1
tha,2015,769246683.3
tha,2016,871761050.4
tha,2017,760745057.1
tha,2018,817297487.6
tha,2019,846259044.1
tha,2020,813900296.7
tha,2021,838151803.9
tha,2022,826594460
tha,2023,851159902.7
tha,2024,877715070.5
tjk,1992,18144877.45
tjk,1993,21093959.58
tjk,1994,13064740.38
tjk,1995,12463020.55
tjk,1996,9616975.643
tjk,1997,10981854.66
tjk,1998,12948907.5
tjk,1999,11893130.72
tjk,2000,9670806.119
tjk,2001,11122707.08
tjk,2002,14314925.39
tjk,2003,15442234.68
tjk,2004,15455153.19
tjk,2005,16810798.9
tjk,2006,18523335.73
tjk,2007,21899827.81
tjk,2008,23813510.24
tjk,2009,25540329.23
tjk,2010,24718868.58
tjk,2011,32348217.78
tjk,2012,33295165.54
tjk,2013,35696001.26
tjk,2014,42398820.74
tjk,2015,39391696.03
tjk,2016,43911864.78
tjk,2017,42794306.42
tjk,2018,44431458.96
tjk,2019,46686909.19
tjk,2020,42820784.68
tjk,2021,40205674.46
tjk,2022,38909627.01
tjk,2023,36807104.25
tjk,2024,37792451.49
tkm,1992,24359028.68
tkm,1993,17747025.8
tkm,1994,23587388.48
tkm,1995,24834250.76
tkm,1996,17956905.42
tkm,1997,25047234.65
tkm,1998,33558609.44
tkm,1999,46270084.79
tkm,2000,33149340.78
tkm,2001,56484119.54
tkm,2002,51936953.52
tkm,2003,71797218.8
tkm,2004,66963624.66
tkm,2005,50831228.65
tkm,2006,34835839.4
tkm,2007,36804848.75
tkm,2008,37506282.75
tkm,2009,34246801.99
tkm,2010,31092086.28
tkm,2011,34611420.09
tkm,2012,43831410.42
tkm,2013,46740457.33
tkm,2014,53333094.52
tkm,2015,57428136.72
tkm,2016,59665486.32
tkm,2017,62851273.36
tkm,2018,70184796.77
tkm,2019,80334077.25
tkm,2020,74885416.58
tkm,2021,73459713.84
tkm,2022,76393105.23
tkm,2023,74149445.6
tkm,2024,77003943.55
tun,1970,25736962.24
tun,1971,28239188.58
tun,1972,30619788.73
tun,1973,32462332.12
tun,1974,36596294.59
tun,1975,40286826.24
tun,1976,40610402.21
tun,1977,43974720.13
tun,1978,43619138.86
tun,1979,46629631.59
tun,1980,50521524.74
tun,1981,50452146.53
tun,1982,51020978.66
tun,1983,60566572.31
tun,1984,59353709.78
tun,1985,62500289.5
tun,1986,52285347.1
tun,1987,59048954.09
tun,1988,48313348.44
tun,1989,45797027.72
tun,1990,50575771.49
tun,1991,60481486.29
tun,1992,61774182.73
tun,1993,62597339.33
tun,1994,65733525.75
tun,1995,57730021.7
tun,1996,66031271.14
tun,1997,62065307.64
tun,1998,66417082.79
tun,1999,74371617.51
tun,2000,75639062.36
tun,2001,76985423.9
tun,2002,78442839.79
tun,2003,77710256.16
tun,2004,78231150.26
tun,2005,76019088.15
tun,2006,80241288.66
tun,2007,81250082.61
tun,2008,85777716.52
tun,2009,85710183.88
tun,2010,94465898.54
tun,2011,91318818.81
tun,2012,89938023.88
tun,2013,93465638.02
tun,2014,99116194.95
tun,2015,100445690.9
tun,2016,114122752.5
tun,2017,103361050.6
tun,2018,97743767.03
tun,2019,96175062.94
tun,2020,94708444.45
tun,2021,90146451.68
tun,2022,89253406.24
tun,2023,90756240.66
tun,2024,93479867.03
tur,1970,211944878.7
tur,1971,219502102
tur,1972,229276098.7
tur,1973,233833022.1
tur,1974,263242597.9
tur,1975,282005917.2
tur,1976,316911165.1
tur,1977,327495563.7
tur,1978,342185060.5
tur,1979,349182557.3
tur,1980,314625690.9
tur,1981,324633215.2
tur,1982,325041389.6
tur,1983,318887747.5
tur,1984,345319369.2
tur,1985,372276155
tur,1986,415079764.5
tur,1987,461069752
tur,1988,451821944.9
tur,1989,439136766.3
tur,1990,477183665.9
tur,1991,493608222.4
tur,1992,555049594.9
tur,1993,631178788.5
tur,1994,526557857.5
tur,1995,599871930.1
tur,1996,652558624.5
tur,1997,663161531.7
tur,1998,715788027.7
tur,1999,656987788
tur,2000,662385636.7
tur,2001,506010914.4
tur,2002,550021585.9
tur,2003,589939367.9
tur,2004,649120913.9
tur,2005,741550863.3
tur,2006,847588896.8
tur,2007,984170899.8
tur,2008,980162963.6
tur,2009,897240601.4
tur,2010,1117180467
tur,2011,1296430661
tur,2012,1280840518
tur,2013,1396812807
tur,2014,1309789206
tur,2015,1389443723
tur,2016,1301635592
tur,2017,1272589394
tur,2018,1413830258
tur,2019,1412648194
tur,2020,1573626666
tur,2021,1620527165
tur,2022,1655739309
tur,2023,1748986508
tur,2024,1839961762
tza,1970,69907060.89
tza,1971,72094208.79
tza,1972,72721910.94
tza,1973,76721974.57
tza,1974,77725596.84
tza,1975,82698468.64
tza,1976,83969939.1
tza,1977,87552862.1
tza,1978,88475438.08
tza,1979,90638117.68
tza,1980,89799952.45
tza,1981,92771493.51
tza,1982,95436620.79
tza,1983,98300292.35
tza,1984,96942436.29
tza,1985,101325415.4
tza,1986,99783425.64
tza,1987,95910757.88
tza,1988,95081523.77
tza,1989,103332851.9
tza,1990,98336539.13
tza,1991,100575224.1
tza,1992,88770097.16
tza,1993,99231328.83
tza,1994,87120862.76
tza,1995,161195921.1
tza,1996,115699809.8
tza,1997,88564236.45
tza,1998,104431281.9
tza,1999,103254471
tza,2000,105210019.1
tza,2001,117128052.5
tza,2002,118549984.8
tza,2003,125614962.4
tza,2004,130234402.4
tza,2005,126715609.7
tza,2006,123803702.7
tza,2007,135249979.1
tza,2008,141932622.1
tza,2009,136392751.7
tza,2010,152309458.2
tza,2011,169019082.4
tza,2012,175160531.7
tza,2013,196153506.8
tza,2014,213345782
tza,2015,201337206.5
tza,2016,201135988.2
tza,2017,201088738.8
tza,2018,200431313.4
tza,2019,225865002.3
tza,2020,248663549.1
tza,2021,275831713.7
tza,2022,280260965.2
tza,2023,286961528.8
tza,2024,295490201.1
uga,1970,52372262.95
uga,1971,51443096.68
uga,1972,52170712.34
uga,1973,52457707.99
uga,1974,53656418.82
uga,1975,56344406.4
uga,1976,56101118.16
uga,1977,55334689.84
uga,1978,55348648.74
uga,1979,48670114.47
uga,1980,47875593.28
uga,1981,51078353.68
uga,1982,52921935.52
uga,1983,55656390.35
uga,1984,53469588.64
uga,1985,55347285.38
uga,1986,56478997.03
uga,1987,55203279.6
uga,1988,57807657.44
uga,1989,59532124.36
uga,1990,60521290.41
uga,1991,60065932.49
uga,1992,62915188.91
uga,1993,65049280.88
uga,1994,67165560.53
uga,1995,71632679.06
uga,1996,71953983.12
uga,1997,70066877.69
uga,1998,83629135.16
uga,1999,90605810.88
uga,2000,88006611.92
uga,2001,88496326.1
uga,2002,94902164.42
uga,2003,98423578.32
uga,2004,96018499.18
uga,2005,97433692.41
uga,2006,98677128.19
uga,2007,102279628.2
uga,2008,104770092
uga,2009,130076694.5
uga,2010,129438993
uga,2011,128884992.2
uga,2012,129670202.6
uga,2013,124343686.5
uga,2014,137299388.4
uga,2015,131925534.9
uga,2016,126261834.2
uga,2017,137932048.7
uga,2018,154439296.9
uga,2019,161826551.3
uga,2020,183905064.7
uga,2021,182103155.3
uga,2022,186056576
uga,2023,188088397.8
uga,2024,194425132.3
ukr,1992,516468922
ukr,1993,461857611.6
ukr,1994,354750446.5
ukr,1995,293330095.7
ukr,1996,241348973.8
ukr,1997,240922710.9
ukr,1998,212746061.3
ukr,1999,195019071.8
ukr,2000,214697116.2
ukr,2001,265387810.2
ukr,2002,250682337.7
ukr,2003,271737685.2
ukr,2004,277233572.4
ukr,2005,298332387.7
ukr,2006,332543873.1
ukr,2007,352242589.4
ukr,2008,373586406.8
ukr,2009,292256523.8
ukr,2010,289801419.3
ukr,2011,369412624.3
ukr,2012,341925545.1
ukr,2013,373953154.2
ukr,2014,342479166.1
ukr,2015,261956230.9
ukr,2016,308326488.1
ukr,2017,323290812.1
ukr,2018,382522013.7
ukr,2019,393713003.1
ukr,2020,348869648.5
ukr,2021,402815063.3
ukr,2022,374530976
ukr,2023,367133608.6
ukr,2024,374242412.7
ury,1970,31837579.55
ury,1971,33516199.78
ury,1972,29358485.14
ury,1973,32602879.48
ury,1974,36882942.58
ury,1975,33580334.56
ury,1976,32485616.47
ury,1977,31976508.11
ury,1978,32369859.4
ury,1979,36808550.51
ury,1980,43879160.74
ury,1981,45803991.51
ury,1982,40621983.05
ury,1983,28826509.25
ury,1984,27040721.48
ury,1985,27754618.9
ury,1986,29161785.78
ury,1987,32321057.93
ury,1988,32362847.74
ury,1989,30658088.7
ury,1990,29789902.04
ury,1991,29059483.7
ury,1992,36765211.49
ury,1993,36781253.06
ury,1994,39725835.32
ury,1995,40079810.82
ury,1996,53493460.68
ury,1997,73332587.92
ury,1998,79299787.91
ury,1999,86094001.33
ury,2000,82176698.43
ury,2001,74262692.17
ury,2002,71473356.35
ury,2003,56147669.5
ury,2004,72011117.94
ury,2005,93560759.22
ury,2006,90256409.03
ury,2007,93391605.12
ury,2008,87349007.63
ury,2009,89220524.15
ury,2010,95518249.34
ury,2011,92050033.53
ury,2012,84030308.12
ury,2013,91857741.86
ury,2014,41760777.7
ury,2015,39994328.97
ury,2016,38172329.69
ury,2017,40018542.09
ury,2018,36419791.58
ury,2019,40139139.71
ury,2020,30478752.35
ury,2021,30619642.38
ury,2022,31643587.94
ury,2023,32392805.22
ury,2024,32872049.1
usa,1970,6565445288
usa,1971,6742435694
usa,1972,6862412177
usa,1973,7083135282
usa,1974,6880637193
usa,1975,6475826986
usa,1976,6578492474
usa,1977,6770855036
usa,1978,7024988379
usa,1979,7188418942
usa,1980,6714514054
usa,1981,6693767608
usa,1982,6553418782
usa,1983,6566234568
usa,1984,7263620028
usa,1985,7659556042
usa,1986,7615178576
usa,1987,7807739268
usa,1988,7806723203
usa,1989,7872443792
usa,1990,8062544347
usa,1991,7572479985
usa,1992,7930745181
usa,1993,8029014710
usa,1994,8594320891
usa,1995,8570136568
usa,1996,8731411327
usa,1997,9274278658
usa,1998,9793967410
usa,1999,10113325813
usa,2000,10602229105
usa,2001,10402467929
usa,2002,10457325724
usa,2003,10547779291
usa,2004,11016302449
usa,2005,11400161738
usa,2006,11272317170
usa,2007,10728180417
usa,2008,9998505409
usa,2009,8872588225
usa,2010,9010612520
usa,2011,8960768332
usa,2012,9227409281
usa,2013,9349845597
usa,2014,9707736635
usa,2015,9968976561
usa,2016,10131017083
usa,2017,10182621974
usa,2018,10315616839
usa,2019,10281568906
usa,2020,10066394761
usa,2021,10494093133
usa,2022,10561087455
usa,2023,10717612667
usa,2024,10790606065
uzb,1992,91262246.1
uzb,1993,79974322.92
uzb,1994,90514755.59
uzb,1995,72606746.34
uzb,1996,85681965.19
uzb,1997,83238728.28
uzb,1998,78016891.79
uzb,1999,98015820.8
uzb,2000,68608750.62
uzb,2001,68233639.1
uzb,2002,66770408.73
uzb,2003,60290761.17
uzb,2004,59577875.66
uzb,2005,61106336.23
uzb,2006,73439688.83
uzb,2007,82288663.01
uzb,2008,90144008.34
uzb,2009,99010940.85
uzb,2010,104873050.7
uzb,2011,108483692.4
uzb,2012,118198015.5
uzb,2013,127083567.6
uzb,2014,138766587.4
uzb,2015,148366826.3
uzb,2016,161450697.9
uzb,2017,143317103.4
uzb,2018,194564818.8
uzb,2019,196405927.1
uzb,2020,184762967.2
uzb,2021,195815021.9
uzb,2022,185946501.3
uzb,2023,178564486.4
uzb,2024,185968121.5
ven,1970,81814787.17
ven,1971,83944262.01
ven,1972,86280352.35
ven,1973,90835968.57
ven,1974,98459429.26
ven,1975,101003730.1
ven,1976,120756116.7
ven,1977,124896713.4
ven,1978,141670613.8
ven,1979,138225037.1
ven,1980,138171243.4
ven,1981,153907795.4
ven,1982,133800434.4
ven,1983,127009553.6
ven,1984,118714529.3
ven,1985,127306672.3
ven,1986,136865595.7
ven,1987,137977019.4
ven,1988,143702828.7
ven,1989,123730004.4
ven,1990,115374758.4
ven,1991,134189355.2
ven,1992,217711116
ven,1993,192439333.3
ven,1994,183263696.4
ven,1995,186852042.6
ven,1996,192087802.3
ven,1997,211346205.1
ven,1998,234802842.3
ven,1999,237160472.1
ven,2000,233718208.1
ven,2001,254672197.6
ven,2002,213009719.8
ven,2003,173111115.9
ven,2004,206006289.8
ven,2005,234763095.2
ven,2006,219003984.8
ven,2007,310863770.6
ven,2008,299459168.9
ven,2009,303131598.7
ven,2010,282356064.3
ven,2011,265037057.3
ven,2012,336740167
ven,2013,370767385.6
ven,2014,354418330.8
ven,2015,483988025.9
ven,2016,244354113
ven,2017,285093988
ven,2018,226550356.6
ven,2019,262290346.6
ven,2020,234397445.8
ven,2021,302493546.1
ven,2022,295696831.8
ven,2023,299778264.3
ven,2024,302531714.5
vnm,1970,78418649.27
vnm,1971,81041541.94
vnm,1972,78017090.41
vnm,1973,78804383.53
vnm,1974,78766956.38
vnm,1975,77349606.73
vnm,1976,86636215.49
vnm,1977,88612752.37
vnm,1978,89747782.3
vnm,1979,91755829.08
vnm,1980,78408775.36
vnm,1981,76233130.05
vnm,1982,84384216.56
vnm,1983,93636145.08
vnm,1984,104812939
vnm,1985,105985126.1
vnm,1986,108642992
vnm,1987,152913073.1
vnm,1988,128474871.8
vnm,1989,131836553.4
vnm,1990,130153724.2
vnm,1991,143557849.7
vnm,1992,162491536
vnm,1993,172924008.5
vnm,1994,180917860
vnm,1995,205716077.1
vnm,1996,218336879.9
vnm,1997,231201731.7
vnm,1998,254677374.6
vnm,1999,268070788.4
vnm,2000,292090704.9
vnm,2001,313455938.8
vnm,2002,447740361.1
vnm,2003,508178676.1
vnm,2004,526272193.8
vnm,2005,575856406.9
vnm,2006,592012007
vnm,2007,677453496.4
vnm,2008,771188586.1
vnm,2009,838014167.4
vnm,2010,829788757.4
vnm,2011,848245469
vnm,2012,756950553.4
vnm,2013,783139137
vnm,2014,1015221269
vnm,2015,967114292.2
vnm,2016,1023325661
vnm,2017,968469291.7
vnm,2018,1038946554
vnm,2019,1007045092
vnm,2020,979259795.4
vnm,2021,1058537927
vnm,2022,1109490636
vnm,2023,1159134715
vnm,2024,1211968373
yem,1970,20111192.79
yem,1971,22105538.15
yem,1972,22109233.78
yem,1973,22747442.6
yem,1974,23126816.06
yem,1975,25395001.15
yem,1976,25426365.96
yem,1977,25245008.87
yem,1978,25245417.41
yem,1979,26316745.04
yem,1980,26579704.65
yem,1981,27286769.8
yem,1982,27982298.45
yem,1983,29541559.71
yem,1984,34799467.68
yem,1985,35112055.47
yem,1986,34855458.53
yem,1987,33005283.32
yem,1988,33672297.56
yem,1989,38307174.1
yem,1990,47173966.06
yem,1991,26442605.81
yem,1992,32961824.76
yem,1993,32237664.66
yem,1994,37059313.38
yem,1995,39057390.55
yem,1996,42152711.21
yem,1997,43097754.85
yem,1998,47010874.66
yem,1999,50770938.8
yem,2000,54769788.16
yem,2001,51376142.09
yem,2002,50887209.78
yem,2003,68989657.26
yem,2004,66665575.75
yem,2005,80604982.05
yem,2006,95230346.83
yem,2007,109083315.7
yem,2008,118501376.9
yem,2009,93931194.95
yem,2010,93492453.22
yem,2011,85052559.03
yem,2012,95423068.04
yem,2013,95252501.01
yem,2014,89924964.27
yem,2015,74275321.62
yem,2016,68602491.62
yem,2017,58312764.85
yem,2018,83881496.22
yem,2019,60522580.92
yem,2020,49870552.73
yem,2021,49504958.33
yem,2022,55727998.58
yem,2023,56063371.04
yem,2024,57275924.02
zaf,1970,195877764.1
zaf,1971,215302980.3
zaf,1972,215278865.7
zaf,1973,205391575.1
zaf,1974,246896155.2
zaf,1975,227960217.7
zaf,1976,227763751.7
zaf,1977,234072616.5
zaf,1978,234790915.5
zaf,1979,240267540.8
zaf,1980,266042403.2
zaf,1981,301915460
zaf,1982,270047910
zaf,1983,252750644.4
zaf,1984,266684407.9
zaf,1985,247461948.1
zaf,1986,246086198.2
zaf,1987,265057206.1
zaf,1988,266176954.9
zaf,1989,279946829.5
zaf,1990,265240656
zaf,1991,268639319.2
zaf,1992,235139504.1
zaf,1993,261631727.7
zaf,1994,277028712.7
zaf,1995,249488658.2
zaf,1996,272821042.8
zaf,1997,283832585.6
zaf,1998,272677908.2
zaf,1999,260941339.4
zaf,2000,284483699.7
zaf,2001,271845471.8
zaf,2002,295194094.3
zaf,2003,320508175.6
zaf,2004,332147987.8
zaf,2005,362307295.1
zaf,2006,367159418.4
zaf,2007,369841980.4
zaf,2008,371112084
zaf,2009,372298899.1
zaf,2010,377824540.7
zaf,2011,374848455.5
zaf,2012,391341452.9
zaf,2013,390136194.6
zaf,2014,376734268
zaf,2015,358550323.8
zaf,2016,347253150.9
zaf,2017,382774913.4
zaf,2018,380016476.8
zaf,2019,369130663.3
zaf,2020,348918928
zaf,2021,359399486
zaf,2022,358434253.5
zaf,2023,351201866.6
zaf,2024,355355381.4
zmb,1970,26962255.43
zmb,1971,29596750.45
zmb,1972,32052332.21
zmb,1973,31100231.44
zmb,1974,31580085.91
zmb,1975,30031614.24
zmb,1976,30007966.44
zmb,1977,28371277.48
zmb,1978,25678808.82
zmb,1979,25659441.65
zmb,1980,26391573.91
zmb,1981,25568250.87
zmb,1982,28475969.09
zmb,1983,25343437.03
zmb,1984,25827704.94
zmb,1985,25621343.08
zmb,1986,23600740.13
zmb,1987,22761116.39
zmb,1988,30740730.67
zmb,1989,30197438.91
zmb,1990,26709414.07
zmb,1991,26576672.14
zmb,1992,26181323.59
zmb,1993,27757519.75
zmb,1994,24421477.24
zmb,1995,25658646.97
zmb,1996,27574792.82
zmb,1997,27454908.86
zmb,1998,29240971.1
zmb,1999,31207552.59
zmb,2000,31958957.22
zmb,2001,34981230.22
zmb,2002,35112028.44
zmb,2003,39161626.31
zmb,2004,37833002.81
zmb,2005,37806699.17
zmb,2006,41507962.16
zmb,2007,42093176.73
zmb,2008,38647600.5
zmb,2009,40995048.14
zmb,2010,48318687.65
zmb,2011,56189463.71
zmb,2012,58891969.56
zmb,2013,60802129.88
zmb,2014,65842311.29
zmb,2015,61558971.53
zmb,2016,68496380.99
zmb,2017,76651294.27
zmb,2018,70032586.85
zmb,2019,63487881.95
zmb,2020,49308706.64
zmb,2021,52030393.34
zmb,2022,54903032.65
zmb,2023,55074262.95
zmb,2024,56847705.56
zwe,1970,24153284.95
zwe,1971,28176272.99
zwe,1972,29577171.99
zwe,1973,24700098.25
zwe,1974,30613439.59
zwe,1975,29399588.84
zwe,1976,29646846.05
zwe,1977,29162625.95
zwe,1978,28010004.12
zwe,1979,25626376.79
zwe,1980,27984364.2
zwe,1981,35165943.92
zwe,1982,31322293.22
zwe,1983,26475471.72
zwe,1984,27635885.61
zwe,1985,36413312.81
zwe,1986,36197051.48
zwe,1987,30538839.29
zwe,1988,36699244.26
zwe,1989,34859932.73
zwe,1990,33416796.35
zwe,1991,34280293.74
zwe,1992,28490754.59
zwe,1993,36021243.56
zwe,1994,37293116.11
zwe,1995,23443393.5
zwe,1996,40664657.15
zwe,1997,43452225.16
zwe,1998,32318335.7
zwe,1999,34701302.92
zwe,2000,37164049.13
zwe,2001,41845698.56
zwe,2002,37379522.15
zwe,2003,40238127.8
zwe,2004,44167692.92
zwe,2005,37989705.3
zwe,2006,43943167.13
zwe,2007,39422016.36
zwe,2008,36091433.16
zwe,2009,43019903.7
zwe,2010,48345651.44
zwe,2011,42684896.48
zwe,2012,52653650.34
zwe,2013,49094167.55
zwe,2014,48030044.25
zwe,2015,51202384.67
zwe,2016,41684888.05
zwe,2017,45928576.63
zwe,2018,48517469.3
zwe,2019,41057077.95
zwe,2020,45006885.72
zwe,2021,50780006.62
zwe,2022,52537410.19
zwe,2023,52221552.1
zwe,2024,55020238.54
