country,time,matfootp_cap
afg,1970,2.8879
afg,1971,2.7601
afg,1972,2.5055
afg,1973,2.5822
afg,1974,2.6403
afg,1975,2.7034
afg,1976,2.7349
afg,1977,2.5365
afg,1978,2.5356
afg,1979,2.4612
afg,1980,2.5109
afg,1981,2.7746
afg,1982,3.0231
afg,1983,2.9207
afg,1984,2.6451
afg,1985,2.4324
afg,1986,2.2062
afg,1987,2.3015
afg,1988,2.1847
afg,1989,2.0624
afg,1990,2.0245
afg,1991,2.1424
afg,1992,2.1139
afg,1993,1.9498
afg,1994,1.6248
afg,1995,1.8553
afg,1996,1.9133
afg,1997,1.9961
afg,1998,2.1918
afg,1999,1.6685
afg,2000,1.9788
afg,2001,1.9213
afg,2002,2.1486
afg,2003,1.9704
afg,2004,1.7087
afg,2005,1.8014
afg,2006,1.8017
afg,2007,1.7677
afg,2008,1.4323
afg,2009,1.7178
afg,2010,1.6979
afg,2011,1.6269
afg,2012,1.7975
afg,2013,1.6749
afg,2014,1.6329
afg,2015,1.5348
afg,2016,1.396
afg,2017,1.2559
afg,2018,1.4175
afg,2019,1.6833
afg,2020,1.616
afg,2021,1.3495
afg,2022,1.2827
afg,2023,1.2455
afg,2024,1.2109
ago,1970,6.3931
ago,1971,6.3247
ago,1972,6.0489
ago,1973,6.0914
ago,1974,5.8568
ago,1975,5.0116
ago,1976,4.4278
ago,1977,4.2177
ago,1978,3.9999
ago,1979,3.8939
ago,1980,3.9161
ago,1981,3.7744
ago,1982,3.689
ago,1983,3.6002
ago,1984,3.6808
ago,1985,3.7552
ago,1986,3.5563
ago,1987,3.5203
ago,1988,3.6883
ago,1989,3.4537
ago,1990,3.1061
ago,1991,3.852
ago,1992,5.4789
ago,1993,5.6551
ago,1994,6.6212
ago,1995,3.4972
ago,1996,3.4188
ago,1997,3.9966
ago,1998,3.9474
ago,1999,3.8124
ago,2000,3.4723
ago,2001,3.7755
ago,2002,3.8609
ago,2003,4.0166
ago,2004,4.0049
ago,2005,4.4871
ago,2006,4.1457
ago,2007,5.2018
ago,2008,6.3529
ago,2009,7.0282
ago,2010,6.2071
ago,2011,7.055
ago,2012,6.8087
ago,2013,7.2633
ago,2014,6.8139
ago,2015,7.017
ago,2016,6.1951
ago,2017,4.8373
ago,2018,4.7132
ago,2019,3.4683
ago,2020,3.4771
ago,2021,2.9961
ago,2022,3.1186
ago,2023,2.9376
ago,2024,2.9147
alb,1970,8.7539
alb,1971,8.6654
alb,1972,8.9712
alb,1973,9.0703
alb,1974,8.8668
alb,1975,9.3012
alb,1976,10.1112
alb,1977,10.3551
alb,1978,10.7585
alb,1979,9.8789
alb,1980,9.5083
alb,1981,9.7708
alb,1982,9.4018
alb,1983,9.7135
alb,1984,9.9578
alb,1985,9.8503
alb,1986,9.7753
alb,1987,9.7525
alb,1988,9.566
alb,1989,9.8877
alb,1990,11.5127
alb,1991,5.4042
alb,1992,5.8699
alb,1993,4.82
alb,1994,5.1257
alb,1995,4.7738
alb,1996,5.4967
alb,1997,5.682
alb,1998,5.6708
alb,1999,6.2664
alb,2000,6.7623
alb,2001,6.9383
alb,2002,7.5069
alb,2003,8.6451
alb,2004,9.4743
alb,2005,10.0417
alb,2006,9.8807
alb,2007,9.833
alb,2008,10.4972
alb,2009,11.1687
alb,2010,10.6105
alb,2011,10.2351
alb,2012,9.0079
alb,2013,8.5939
alb,2014,9.5952
alb,2015,9.31
alb,2016,10.4659
alb,2017,9.2371
alb,2018,8.9873
alb,2019,8.8703
alb,2020,10.0372
alb,2021,9.2651
alb,2022,9.5323
alb,2023,10.0369
alb,2024,10.36
are,1970,51.3844
are,1971,54.4986
are,1972,54.7589
are,1973,68.2408
are,1974,103.1887
are,1975,100.242
are,1976,109.4445
are,1977,101.7062
are,1978,77.8633
are,1979,78.5581
are,1980,77.587
are,1981,72.7959
are,1982,63.2631
are,1983,54.5395
are,1984,57.8627
are,1985,55.516
are,1986,42.3352
are,1987,40.6188
are,1988,35.5169
are,1989,39.5892
are,1990,43.887
are,1991,41.8691
are,1992,48.1406
are,1993,38.2889
are,1994,41.9014
are,1995,42.7152
are,1996,37.7572
are,1997,33.0652
are,1998,35.6162
are,1999,37.629
are,2000,38.0135
are,2001,37.8573
are,2002,38.4338
are,2003,40.2936
are,2004,41.0927
are,2005,41.5592
are,2006,38.2413
are,2007,46.4183
are,2008,40.1885
are,2009,34.1233
are,2010,27.0316
are,2011,27.6117
are,2012,27.5193
are,2013,27.3471
are,2014,32.665
are,2015,35.6139
are,2016,38.5847
are,2017,32.4664
are,2018,33.4504
are,2019,33.9297
are,2020,32.8256
are,2021,38.7482
are,2022,39.8726
are,2023,39.7661
are,2024,40.3547
arg,1970,16.5369
arg,1971,16.8906
arg,1972,16.1724
arg,1973,16.8431
arg,1974,16.7758
arg,1975,16.2396
arg,1976,16.4348
arg,1977,16.8421
arg,1978,16.6153
arg,1979,16.4972
arg,1980,15.5997
arg,1981,16.0457
arg,1982,15.3382
arg,1983,15.1075
arg,1984,14.9892
arg,1985,14.3957
arg,1986,14.0996
arg,1987,14.0589
arg,1988,14.0707
arg,1989,11.9
arg,1990,12.0079
arg,1991,12.8193
arg,1992,13.9014
arg,1993,13.9228
arg,1994,14.101
arg,1995,13.194
arg,1996,13.0852
arg,1997,14.4869
arg,1998,15.7779
arg,1999,14.7997
arg,2000,14.2885
arg,2001,13.3852
arg,2002,11.1609
arg,2003,11.5844
arg,2004,12.1163
arg,2005,13.0305
arg,2006,13.2244
arg,2007,14.4005
arg,2008,14.1371
arg,2009,11.6792
arg,2010,13.54
arg,2011,15.065
arg,2012,14.6281
arg,2013,15.9583
arg,2014,15.5034
arg,2015,16.2262
arg,2016,15.8052
arg,2017,17.8194
arg,2018,15.8026
arg,2019,15.6574
arg,2020,15.3567
arg,2021,15.587
arg,2022,16.1785
arg,2023,16.3294
arg,2024,16.5131
arm,1992,2.9335
arm,1993,2.5275
arm,1994,2.2176
arm,1995,2.9408
arm,1996,3.3567
arm,1997,3.4594
arm,1998,3.8969
arm,1999,3.9182
arm,2000,6.0084
arm,2001,5.7993
arm,2002,5.4968
arm,2003,5.4856
arm,2004,6.0681
arm,2005,6.6167
arm,2006,7.0957
arm,2007,8.5812
arm,2008,14.5077
arm,2009,12.6382
arm,2010,7.2874
arm,2011,7.0761
arm,2012,7.0562
arm,2013,7.2676
arm,2014,7.3239
arm,2015,7.2609
arm,2016,6.7448
arm,2017,7.0349
arm,2018,7.3916
arm,2019,7.7749
arm,2020,8.638
arm,2021,7.3867
arm,2022,7.7559
arm,2023,7.9622
arm,2024,8.1838
aus,1970,30.7774
aus,1971,31.48
aus,1972,31.7148
aus,1973,33.7428
aus,1974,34.9011
aus,1975,35.2554
aus,1976,35.1743
aus,1977,32.7801
aus,1978,31.8438
aus,1979,31.3175
aus,1980,32.7265
aus,1981,33.682
aus,1982,32.3362
aus,1983,30.8208
aus,1984,32.2206
aus,1985,30.8868
aus,1986,29.647
aus,1987,29.4149
aus,1988,30.6873
aus,1989,32.1079
aus,1990,32.4742
aus,1991,30.539
aus,1992,30.656
aus,1993,30.8499
aus,1994,31.6997
aus,1995,34.6384
aus,1996,32.4479
aus,1997,34.2904
aus,1998,34.9845
aus,1999,33.1352
aus,2000,33.2517
aus,2001,34.5897
aus,2002,34.9966
aus,2003,38.2272
aus,2004,40.5506
aus,2005,41.7304
aus,2006,41.6703
aus,2007,42.2755
aus,2008,35.6241
aus,2009,36.4525
aus,2010,37.6499
aus,2011,36.9646
aus,2012,36.1518
aus,2013,34.0362
aus,2014,34.1449
aus,2015,32.2598
aus,2016,31.9522
aus,2017,34.0499
aus,2018,33.3585
aus,2019,33.2981
aus,2020,31.2669
aus,2021,31.9297
aus,2022,31.6493
aus,2023,31.4649
aus,2024,31.1222
aut,1970,19.3065
aut,1971,20.4206
aut,1972,21.6976
aut,1973,22.7042
aut,1974,23.1461
aut,1975,22.2596
aut,1976,23.2771
aut,1977,23.6432
aut,1978,23.8627
aut,1979,24.7048
aut,1980,24.3875
aut,1981,21.797
aut,1982,22.2527
aut,1983,21.8619
aut,1984,22.1774
aut,1985,21.6316
aut,1986,23.817
aut,1987,24.9047
aut,1988,25.4988
aut,1989,24.7995
aut,1990,24.8888
aut,1991,24.7661
aut,1992,27.2932
aut,1993,25.3153
aut,1994,26.7166
aut,1995,27.1476
aut,1996,26.6174
aut,1997,26.6563
aut,1998,27.5929
aut,1999,27.4993
aut,2000,26.5027
aut,2001,26.0721
aut,2002,25.9629
aut,2003,27.6046
aut,2004,28.2953
aut,2005,27.2065
aut,2006,28.114
aut,2007,28.6137
aut,2008,28.8325
aut,2009,26.0932
aut,2010,26.0782
aut,2011,26.421
aut,2012,25.7112
aut,2013,24.827
aut,2014,24.4041
aut,2015,23.0712
aut,2016,23.8568
aut,2017,23.1696
aut,2018,23.8277
aut,2019,23.0918
aut,2020,22.7885
aut,2021,25.2238
aut,2022,24.8979
aut,2023,25.8437
aut,2024,26.3159
aze,1992,2.6775
aze,1993,3.0833
aze,1994,3.1759
aze,1995,3.0587
aze,1996,3.2093
aze,1997,4.0095
aze,1998,3.7489
aze,1999,4.1931
aze,2000,5.1022
aze,2001,5.5962
aze,2002,4.6447
aze,2003,5.325
aze,2004,6.1451
aze,2005,5.9371
aze,2006,6.4019
aze,2007,6.4249
aze,2008,6.3866
aze,2009,6.7057
aze,2010,6.8567
aze,2011,6.8338
aze,2012,7.63
aze,2013,9.1683
aze,2014,8.597
aze,2015,7.9749
aze,2016,6.9158
aze,2017,7.1038
aze,2018,6.5627
aze,2019,8.0835
aze,2020,8.2539
aze,2021,7.4669
aze,2022,7.3764
aze,2023,6.8927
aze,2024,7.0353
bdi,1970,3.1907
bdi,1971,3.1616
bdi,1972,3.0084
bdi,1973,3.1463
bdi,1974,3.0827
bdi,1975,3.1641
bdi,1976,3.134
bdi,1977,3.111
bdi,1978,3.0612
bdi,1979,3.114
bdi,1980,2.9466
bdi,1981,2.9074
bdi,1982,3.0112
bdi,1983,3.1017
bdi,1984,3.0876
bdi,1985,3.2843
bdi,1986,3.3461
bdi,1987,3.3196
bdi,1988,3.2785
bdi,1989,3.2007
bdi,1990,4.2251
bdi,1991,2.4114
bdi,1992,2.3815
bdi,1993,2.63
bdi,1994,2.3026
bdi,1995,2.1725
bdi,1996,2.2595
bdi,1997,2.1928
bdi,1998,2.1539
bdi,1999,1.9042
bdi,2000,1.8711
bdi,2001,2.1606
bdi,2002,2.1914
bdi,2003,2.0279
bdi,2004,2.0344
bdi,2005,2.1469
bdi,2006,2.1676
bdi,2007,2.0258
bdi,2008,1.9761
bdi,2009,1.8941
bdi,2010,1.9452
bdi,2011,2.0332
bdi,2012,1.5712
bdi,2013,1.9913
bdi,2014,1.7839
bdi,2015,1.6973
bdi,2016,1.7722
bdi,2017,1.7639
bdi,2018,1.9116
bdi,2019,1.7384
bdi,2020,1.6856
bdi,2021,1.6963
bdi,2022,1.6699
bdi,2023,1.5955
bdi,2024,1.581
bel,1970,31.0076
bel,1971,32.6812
bel,1972,35.1784
bel,1973,37.7547
bel,1974,38.2542
bel,1975,39.4026
bel,1976,40.8069
bel,1977,41.9501
bel,1978,44.4508
bel,1979,45.8084
bel,1980,43.3366
bel,1981,38.3288
bel,1982,34.4842
bel,1983,33.1288
bel,1984,32.9555
bel,1985,34.0647
bel,1986,40.264
bel,1987,44.6407
bel,1988,45.5336
bel,1989,45.933
bel,1990,53.6222
bel,1991,38.5176
bel,1992,47.0328
bel,1993,41.3507
bel,1994,39.3478
bel,1995,39.726
bel,1996,38.5601
bel,1997,38.3714
bel,1998,38.6806
bel,1999,44.1046
bel,2000,40.3232
bel,2001,35.8393
bel,2002,37.7015
bel,2003,36.9114
bel,2004,43.452
bel,2005,45.0791
bel,2006,46.3369
bel,2007,45.8607
bel,2008,50.3923
bel,2009,34.9611
bel,2010,47.1178
bel,2011,42.6889
bel,2012,40.9635
bel,2013,36.6017
bel,2014,36.7147
bel,2015,32.5942
bel,2016,40.7915
bel,2017,37.8174
bel,2018,40.5399
bel,2019,39.9987
bel,2020,37.4426
bel,2021,43.9974
bel,2022,43.3544
bel,2023,45.671
bel,2024,47.2286
ben,1970,3.4278
ben,1971,3.3394
ben,1972,3.3859
ben,1973,3.461
ben,1974,3.1569
ben,1975,3.1501
ben,1976,3.2085
ben,1977,3.1588
ben,1978,3.3115
ben,1979,3.3348
ben,1980,3.6721
ben,1981,3.5808
ben,1982,3.5119
ben,1983,3.3444
ben,1984,3.5435
ben,1985,3.4973
ben,1986,3.4464
ben,1987,3.2373
ben,1988,3.3266
ben,1989,3.3083
ben,1990,3.5777
ben,1991,3.4434
ben,1992,3.6244
ben,1993,3.4533
ben,1994,3.4994
ben,1995,3.5774
ben,1996,3.5338
ben,1997,3.5066
ben,1998,3.3601
ben,1999,3.5156
ben,2000,3.0195
ben,2001,3.7776
ben,2002,4.0785
ben,2003,4.1421
ben,2004,3.7005
ben,2005,3.9023
ben,2006,4.3877
ben,2007,5.4336
ben,2008,5.5852
ben,2009,5.833
ben,2010,5.1165
ben,2011,5.0637
ben,2012,4.8982
ben,2013,5.3205
ben,2014,6.2244
ben,2015,4.4669
ben,2016,3.6176
ben,2017,3.9742
ben,2018,3.9451
ben,2019,3.6933
ben,2020,4.1277
ben,2021,3.6369
ben,2022,3.5759
ben,2023,3.5248
ben,2024,3.5481
bfa,1970,1.4324
bfa,1971,1.2927
bfa,1972,1.2869
bfa,1973,1.2373
bfa,1974,1.413
bfa,1975,1.5351
bfa,1976,1.3434
bfa,1977,1.4339
bfa,1978,1.4926
bfa,1979,1.5535
bfa,1980,1.441
bfa,1981,1.498
bfa,1982,1.4393
bfa,1983,1.2831
bfa,1984,1.2261
bfa,1985,1.5097
bfa,1986,1.7052
bfa,1987,1.5569
bfa,1988,1.7762
bfa,1989,1.665
bfa,1990,1.4004
bfa,1991,1.8959
bfa,1992,2.9787
bfa,1993,2.0915
bfa,1994,1.821
bfa,1995,2.0827
bfa,1996,2.3163
bfa,1997,2.112
bfa,1998,2.2436
bfa,1999,2.3896
bfa,2000,1.8524
bfa,2001,2.034
bfa,2002,2.0314
bfa,2003,2.3074
bfa,2004,2.0956
bfa,2005,2.5375
bfa,2006,2.4455
bfa,2007,2.1169
bfa,2008,2.551
bfa,2009,2.1314
bfa,2010,2.3565
bfa,2011,2.1367
bfa,2012,2.7607
bfa,2013,2.6306
bfa,2014,2.282
bfa,2015,2.1892
bfa,2016,1.8719
bfa,2017,2.4629
bfa,2018,2.1787
bfa,2019,2.4184
bfa,2020,2.0994
bfa,2021,2.0792
bfa,2022,2.0306
bfa,2023,2.0136
bfa,2024,2.0368
bgd,1970,1.8559
bgd,1971,1.7513
bgd,1972,1.7032
bgd,1973,1.7303
bgd,1974,1.6877
bgd,1975,1.7485
bgd,1976,1.6862
bgd,1977,1.7561
bgd,1978,1.7836
bgd,1979,1.77
bgd,1980,1.6268
bgd,1981,1.5919
bgd,1982,1.571
bgd,1983,1.5559
bgd,1984,1.5615
bgd,1985,1.5606
bgd,1986,1.5319
bgd,1987,1.5069
bgd,1988,1.5935
bgd,1989,1.653
bgd,1990,1.6609
bgd,1991,1.6061
bgd,1992,1.6229
bgd,1993,1.6545
bgd,1994,1.6116
bgd,1995,1.729
bgd,1996,1.7773
bgd,1997,1.759
bgd,1998,1.9351
bgd,1999,1.9838
bgd,2000,2.0871
bgd,2001,2.0648
bgd,2002,2.1111
bgd,2003,1.7213
bgd,2004,1.9553
bgd,2005,2.2668
bgd,2006,2.2871
bgd,2007,2.3868
bgd,2008,2.4506
bgd,2009,2.4378
bgd,2010,2.5791
bgd,2011,2.6988
bgd,2012,3.242
bgd,2013,3.3816
bgd,2014,2.4406
bgd,2015,2.7843
bgd,2016,3.7651
bgd,2017,3.8712
bgd,2018,4.0696
bgd,2019,4.1849
bgd,2020,4.15
bgd,2021,4.2448
bgd,2022,4.3038
bgd,2023,4.3416
bgd,2024,4.4086
bgr,1970,12.0548
bgr,1971,12.0093
bgr,1972,12.4691
bgr,1973,12.4834
bgr,1974,11.9596
bgr,1975,12.1185
bgr,1976,12.3451
bgr,1977,12.1199
bgr,1978,12.2985
bgr,1979,11.3088
bgr,1980,11.3196
bgr,1981,11.8422
bgr,1982,12.7553
bgr,1983,12.4757
bgr,1984,13.3028
bgr,1985,12.039
bgr,1986,13.0003
bgr,1987,12.5933
bgr,1988,12.6449
bgr,1989,12.9335
bgr,1990,12.3948
bgr,1991,7.5496
bgr,1992,7.0643
bgr,1993,6.9454
bgr,1994,6.8744
bgr,1995,7.5841
bgr,1996,5.6185
bgr,1997,6.5095
bgr,1998,7.3467
bgr,1999,8.2478
bgr,2000,8.342
bgr,2001,9.2987
bgr,2002,9.5882
bgr,2003,9.0309
bgr,2004,10.1218
bgr,2005,10.7761
bgr,2006,12.1338
bgr,2007,12.7848
bgr,2008,14.126
bgr,2009,12.0993
bgr,2010,11.1735
bgr,2011,11.874
bgr,2012,11.5104
bgr,2013,11.4615
bgr,2014,12.4407
bgr,2015,13.1146
bgr,2016,11.8874
bgr,2017,12.5262
bgr,2018,13.0486
bgr,2019,12.9144
bgr,2020,12.3707
bgr,2021,15.0591
bgr,2022,15.2663
bgr,2023,16.1582
bgr,2024,16.61
bhr,1970,30.3517
bhr,1971,29.1145
bhr,1972,30.4375
bhr,1973,30.9745
bhr,1974,33.8073
bhr,1975,31.0141
bhr,1976,37.9262
bhr,1977,41.2621
bhr,1978,43.2308
bhr,1979,35.6189
bhr,1980,37.148
bhr,1981,38.0429
bhr,1982,39.6293
bhr,1983,41.9071
bhr,1984,41.1028
bhr,1985,38.0283
bhr,1986,31.9708
bhr,1987,29.0998
bhr,1988,29.2471
bhr,1989,31.6834
bhr,1990,28.7099
bhr,1991,29.4382
bhr,1992,29.3502
bhr,1993,30.3389
bhr,1994,25.1984
bhr,1995,22.7102
bhr,1996,21.8532
bhr,1997,22.6262
bhr,1998,23.5295
bhr,1999,19.923
bhr,2000,21.8057
bhr,2001,19.4861
bhr,2002,24.7492
bhr,2003,19.9719
bhr,2004,26.3237
bhr,2005,27.6987
bhr,2006,26.7805
bhr,2007,26.4459
bhr,2008,30.9088
bhr,2009,29.0355
bhr,2010,28.3407
bhr,2011,28.8132
bhr,2012,34.7618
bhr,2013,37.4661
bhr,2014,36.2917
bhr,2015,34.4364
bhr,2016,29.4235
bhr,2017,26.5314
bhr,2018,29.8209
bhr,2019,26.9163
bhr,2020,25.7859
bhr,2021,23.7783
bhr,2022,24.1535
bhr,2023,24.5859
bhr,2024,25.105
bhs,1970,13.6121
bhs,1971,13.6402
bhs,1972,13.5194
bhs,1973,13.8055
bhs,1974,13.5619
bhs,1975,13.0993
bhs,1976,13.1852
bhs,1977,13.0835
bhs,1978,12.9978
bhs,1979,13.136
bhs,1980,12.6934
bhs,1981,12.5823
bhs,1982,12.4518
bhs,1983,12.0173
bhs,1984,12.5636
bhs,1985,12.6833
bhs,1986,12.4962
bhs,1987,12.31
bhs,1988,12.1289
bhs,1989,12.3531
bhs,1990,11.927
bhs,1991,11.0426
bhs,1992,11.5628
bhs,1993,11.8286
bhs,1994,12.836
bhs,1995,15.4342
bhs,1996,14.2547
bhs,1997,19.5272
bhs,1998,24.498
bhs,1999,20.711
bhs,2000,22.6927
bhs,2001,19.2553
bhs,2002,16.8413
bhs,2003,17.3252
bhs,2004,15.4212
bhs,2005,16.4842
bhs,2006,18.759
bhs,2007,17.2973
bhs,2008,15.8746
bhs,2009,15.6536
bhs,2010,15.5212
bhs,2011,18.4037
bhs,2012,15.4598
bhs,2013,14.0516
bhs,2014,14.2274
bhs,2015,11.5593
bhs,2016,15.3912
bhs,2017,16.5621
bhs,2018,21.5284
bhs,2019,18.5356
bhs,2020,13.1864
bhs,2021,16.1156
bhs,2022,16.4419
bhs,2023,16.6981
bhs,2024,16.8029
bih,1992,8.977
bih,1993,7.2847
bih,1994,6.2621
bih,1995,5.204
bih,1996,5.8036
bih,1997,6.2409
bih,1998,7.6207
bih,1999,7.6355
bih,2000,7.8258
bih,2001,7.8798
bih,2002,8.9694
bih,2003,10.3425
bih,2004,10.8461
bih,2005,11.2987
bih,2006,11.1676
bih,2007,11.9394
bih,2008,14.29
bih,2009,11.5409
bih,2010,10.9582
bih,2011,11.7453
bih,2012,11.5735
bih,2013,11.2544
bih,2014,10.9259
bih,2015,13.6267
bih,2016,14.2148
bih,2017,14.1541
bih,2018,14.743
bih,2019,14.5594
bih,2020,16.2091
bih,2021,14.5734
bih,2022,15.1815
bih,2023,15.7165
bih,2024,16.1032
blr,1992,9.2045
blr,1993,10.0097
blr,1994,8.2325
blr,1995,9.0637
blr,1996,9.6331
blr,1997,9.0876
blr,1998,8.9221
blr,1999,7.7872
blr,2000,8.2534
blr,2001,8.2018
blr,2002,8.6654
blr,2003,8.5633
blr,2004,10.2664
blr,2005,9.7532
blr,2006,11.4491
blr,2007,12.9582
blr,2008,14.9347
blr,2009,13.8516
blr,2010,15.1071
blr,2011,13.6045
blr,2012,14.6338
blr,2013,15.5276
blr,2014,16.0986
blr,2015,13.3772
blr,2016,12.1933
blr,2017,13.5893
blr,2018,12.5323
blr,2019,12.491
blr,2020,12.3291
blr,2021,11.2024
blr,2022,10.7762
blr,2023,10.1961
blr,2024,10.2517
blz,1970,5.8593
blz,1971,6.2109
blz,1972,6.7576
blz,1973,7.6287
blz,1974,8.0688
blz,1975,7.6471
blz,1976,6.6115
blz,1977,8.966
blz,1978,12.2519
blz,1979,11.1205
blz,1980,11.0336
blz,1981,8.6375
blz,1982,7.9538
blz,1983,7.4687
blz,1984,7.5185
blz,1985,7.2058
blz,1986,7.9381
blz,1987,8.4747
blz,1988,8.5234
blz,1989,9.8872
blz,1990,14.0896
blz,1991,13.4021
blz,1992,9.4422
blz,1993,8.8293
blz,1994,8.4553
blz,1995,8.1989
blz,1996,8.0268
blz,1997,9.6774
blz,1998,9.3234
blz,1999,10.1716
blz,2000,11.9328
blz,2001,10.4559
blz,2002,10.5628
blz,2003,9.3199
blz,2004,8.6815
blz,2005,7.9676
blz,2006,8.4427
blz,2007,10.3828
blz,2008,7.2794
blz,2009,7.2988
blz,2010,5.6988
blz,2011,6.2519
blz,2012,5.7072
blz,2013,7.4385
blz,2014,6.2732
blz,2015,9.1947
blz,2016,9.2034
blz,2017,8.9627
blz,2018,7.9245
blz,2019,8.6651
blz,2020,9.9478
blz,2021,10.2196
blz,2022,10.7986
blz,2023,10.9432
blz,2024,10.9492
bol,1970,6.3279
bol,1971,6.3779
bol,1972,6.8806
bol,1973,7.0516
bol,1974,7.6143
bol,1975,7.8152
bol,1976,8.0901
bol,1977,7.9547
bol,1978,8.2543
bol,1979,8.1586
bol,1980,8.1146
bol,1981,8.1782
bol,1982,8.0537
bol,1983,8.0035
bol,1984,7.7393
bol,1985,8.0818
bol,1986,7.294
bol,1987,7.333
bol,1988,7.3376
bol,1989,7.4123
bol,1990,6.4374
bol,1991,6.3965
bol,1992,6.4221
bol,1993,6.7187
bol,1994,6.8067
bol,1995,5.1274
bol,1996,7.1772
bol,1997,7.0439
bol,1998,7.4638
bol,1999,7.5963
bol,2000,7.4525
bol,2001,6.9722
bol,2002,7.294
bol,2003,6.7043
bol,2004,5.992
bol,2005,6.9339
bol,2006,7.0457
bol,2007,7.3563
bol,2008,7.4632
bol,2009,8.433
bol,2010,8.0532
bol,2011,8.7368
bol,2012,8.5569
bol,2013,9.0168
bol,2014,9.7552
bol,2015,11.2274
bol,2016,11.0892
bol,2017,11.3169
bol,2018,12.0033
bol,2019,12.2009
bol,2020,11.4276
bol,2021,11.8285
bol,2022,11.9948
bol,2023,12.0847
bol,2024,11.9477
bra,1970,7.2062
bra,1971,7.2703
bra,1972,7.5585
bra,1973,7.8694
bra,1974,8.2424
bra,1975,8.5174
bra,1976,9.4349
bra,1977,9.7006
bra,1978,10.0174
bra,1979,10.3634
bra,1980,10.8046
bra,1981,11.181
bra,1982,11.3182
bra,1983,10.4851
bra,1984,10.7269
bra,1985,11.4071
bra,1986,11.4334
bra,1987,11.8352
bra,1988,11.7028
bra,1989,11.9643
bra,1990,12.0213
bra,1991,11.73
bra,1992,11.6204
bra,1993,11.0073
bra,1994,11.5476
bra,1995,11.9487
bra,1996,11.8695
bra,1997,12.173
bra,1998,12.3418
bra,1999,11.7583
bra,2000,11.6584
bra,2001,11.6279
bra,2002,11.5926
bra,2003,11.7699
bra,2004,11.921
bra,2005,12.2484
bra,2006,13.2916
bra,2007,14.7957
bra,2008,16.1031
bra,2009,15.8987
bra,2010,17.3106
bra,2011,18.9977
bra,2012,19.0046
bra,2013,19.4381
bra,2014,18.6999
bra,2015,17.5351
bra,2016,17.316
bra,2017,17.1411
bra,2018,16.6937
bra,2019,16.9272
bra,2020,16.7952
bra,2021,16.2944
bra,2022,16.4828
bra,2023,16.5813
bra,2024,16.691
brn,1970,24.7292
brn,1971,24.0638
brn,1972,27.4335
brn,1973,31.3652
brn,1974,41.5775
brn,1975,40.7078
brn,1976,44.5046
brn,1977,46.4528
brn,1978,42.5614
brn,1979,49.757
brn,1980,62.3915
brn,1981,47.3407
brn,1982,48.5761
brn,1983,43.8752
brn,1984,40.8133
brn,1985,38.5274
brn,1986,26.7985
brn,1987,26.0186
brn,1988,25.6021
brn,1989,26.4755
brn,1990,28.3912
brn,1991,25.228
brn,1992,33.8672
brn,1993,37.6282
brn,1994,38.3572
brn,1995,34.2157
brn,1996,35.8957
brn,1997,44.1788
brn,1998,33.5443
brn,1999,29.8386
brn,2000,29.6154
brn,2001,27.215
brn,2002,29.8053
brn,2003,30.2175
brn,2004,30.9342
brn,2005,28.708
brn,2006,29.575
brn,2007,28.0838
brn,2008,23.8418
brn,2009,21.6794
brn,2010,20.2384
brn,2011,26.1792
brn,2012,27.0578
brn,2013,31.8551
brn,2014,24.8897
brn,2015,26.3799
brn,2016,21.0097
brn,2017,21.9271
brn,2018,22.9149
brn,2019,23.531
brn,2020,19.3752
brn,2021,20.5867
brn,2022,21.001
brn,2023,20.4333
brn,2024,20.6524
btn,1970,9.2543
btn,1971,9.0716
btn,1972,8.806
btn,1973,8.8794
btn,1974,8.9334
btn,1975,8.2035
btn,1976,8.6197
btn,1977,9.093
btn,1978,9.0565
btn,1979,9.1588
btn,1980,10.0173
btn,1981,10.2492
btn,1982,10.1904
btn,1983,9.5626
btn,1984,9.4743
btn,1985,9.8476
btn,1986,10.6378
btn,1987,11.1951
btn,1988,11.1411
btn,1989,11.3767
btn,1990,5.4553
btn,1991,23.1195
btn,1992,10.2128
btn,1993,8.6168
btn,1994,6.9391
btn,1995,6.4182
btn,1996,6.8225
btn,1997,9.0436
btn,1998,8.5594
btn,1999,12.7049
btn,2000,7.3595
btn,2001,7.5083
btn,2002,10.6026
btn,2003,9.4351
btn,2004,9.1412
btn,2005,7.0556
btn,2006,4.5409
btn,2007,5.4995
btn,2008,6.3548
btn,2009,7.2237
btn,2010,13.4837
btn,2011,12.563
btn,2012,12.427
btn,2013,13.2353
btn,2014,20.0521
btn,2015,22.1062
btn,2016,23.5953
btn,2017,23.7643
btn,2018,24.0788
btn,2019,21.7176
btn,2020,23.5943
btn,2021,23.6062
btn,2022,24.1274
btn,2023,24.6783
btn,2024,25.1948
bwa,1970,5.3513
bwa,1971,6.0711
bwa,1972,6.1274
bwa,1973,6.1026
bwa,1974,6.7489
bwa,1975,6.1009
bwa,1976,6.101
bwa,1977,5.7946
bwa,1978,5.3082
bwa,1979,5.2486
bwa,1980,5.8482
bwa,1981,6.107
bwa,1982,5.4047
bwa,1983,5.163
bwa,1984,5.1505
bwa,1985,4.6513
bwa,1986,4.7605
bwa,1987,5.0605
bwa,1988,5.5179
bwa,1989,6.338
bwa,1990,6.2904
bwa,1991,6.074
bwa,1992,5.551
bwa,1993,5.3749
bwa,1994,5.379
bwa,1995,6.7289
bwa,1996,5.3347
bwa,1997,7.903
bwa,1998,8.4295
bwa,1999,9.7812
bwa,2000,8.0112
bwa,2001,6.7446
bwa,2002,5.6819
bwa,2003,6.9457
bwa,2004,7.2841
bwa,2005,6.2793
bwa,2006,5.8606
bwa,2007,5.8698
bwa,2008,7.7306
bwa,2009,9.2946
bwa,2010,8.3931
bwa,2011,9.7101
bwa,2012,8.8277
bwa,2013,11.1527
bwa,2014,8.7192
bwa,2015,6.707
bwa,2016,8.7395
bwa,2017,5.6363
bwa,2018,7.1827
bwa,2019,6.7952
bwa,2020,5.9934
bwa,2021,5.3285
bwa,2022,5.3428
bwa,2023,5.2822
bwa,2024,5.2104
caf,1970,2.9056
caf,1971,2.964
caf,1972,3.1186
caf,1973,3.1748
caf,1974,3.0478
caf,1975,3.1115
caf,1976,3.2612
caf,1977,3.3603
caf,1978,3.4217
caf,1979,3.8027
caf,1980,3.8317
caf,1981,3.7139
caf,1982,3.6819
caf,1983,3.6702
caf,1984,3.4942
caf,1985,3.5839
caf,1986,3.8484
caf,1987,3.6992
caf,1988,3.7158
caf,1989,3.6842
caf,1990,3.8537
caf,1991,3.5583
caf,1992,3.6143
caf,1993,3.3056
caf,1994,3.1693
caf,1995,3.3594
caf,1996,3.5591
caf,1997,3.2125
caf,1998,3.295
caf,1999,3.1173
caf,2000,2.9976
caf,2001,3.0663
caf,2002,3.1028
caf,2003,2.8167
caf,2004,3.123
caf,2005,3.0795
caf,2006,3.144
caf,2007,3.1148
caf,2008,3.2272
caf,2009,3.2139
caf,2010,3.2952
caf,2011,3.3403
caf,2012,3.437
caf,2013,3.1052
caf,2014,3.1251
caf,2015,3.1522
caf,2016,3.1328
caf,2017,3.0698
caf,2018,3.1534
caf,2019,3.0604
caf,2020,3.0764
caf,2021,3.0674
caf,2022,3.0026
caf,2023,2.9216
caf,2024,2.9083
can,1970,32.6922
can,1971,33.6792
can,1972,34.6998
can,1973,36.1576
can,1974,37.5377
can,1975,36.1038
can,1976,37.9463
can,1977,38.6104
can,1978,37.1362
can,1979,37.3051
can,1980,36.7939
can,1981,35.7144
can,1982,32.9478
can,1983,34.9176
can,1984,35.0969
can,1985,36.4147
can,1986,36.4036
can,1987,38.3228
can,1988,39.5905
can,1989,40.5522
can,1990,38.1843
can,1991,33.9511
can,1992,34.2741
can,1993,33.6337
can,1994,33.472
can,1995,32.2159
can,1996,31.1643
can,1997,32.7949
can,1998,32.692
can,1999,31.9589
can,2000,31.9654
can,2001,31.2835
can,2002,33.544
can,2003,35.067
can,2004,36.4446
can,2005,37.8631
can,2006,39.937
can,2007,42.1281
can,2008,41.2252
can,2009,40.6306
can,2010,42.3936
can,2011,43.1478
can,2012,43.2378
can,2013,43.7001
can,2014,41.9625
can,2015,40.6924
can,2016,38.7238
can,2017,40.4272
can,2018,39.2322
can,2019,39.7096
can,2020,41.1725
can,2021,40.0568
can,2022,40.6086
can,2023,40.2801
can,2024,40.4269
che,1970,26.636
che,1971,27.9598
che,1972,28.9511
che,1973,31.0035
che,1974,29.2823
che,1975,27.2361
che,1976,27.6592
che,1977,27.1547
che,1978,30.0574
che,1979,30.5651
che,1980,29.3706
che,1981,27.1753
che,1982,26.9416
che,1983,26.2975
che,1984,26.3705
che,1985,26.8018
che,1986,29.659
che,1987,31.4157
che,1988,30.5953
che,1989,30.0229
che,1990,31.5487
che,1991,27.9616
che,1992,28.336
che,1993,27.687
che,1994,29.3897
che,1995,29.8956
che,1996,28.6286
che,1997,27.9601
che,1998,29.5616
che,1999,30.2088
che,2000,30.7715
che,2001,31.2917
che,2002,29.3711
che,2003,29.8833
che,2004,30.3714
che,2005,33.3522
che,2006,34.1364
che,2007,34.8273
che,2008,35.0443
che,2009,34.9758
che,2010,36.7873
che,2011,43.5819
che,2012,40.5849
che,2013,40.3587
che,2014,38.0457
che,2015,37.8704
che,2016,38.8427
che,2017,38.2827
che,2018,36.8805
che,2019,36.6818
che,2020,38.8436
che,2021,39.9105
che,2022,38.6186
che,2023,39.829
che,2024,40.6999
chl,1970,8.9563
chl,1971,9.1068
chl,1972,8.8083
chl,1973,9.4657
chl,1974,9.4304
chl,1975,5.94
chl,1976,6.8118
chl,1977,7.4323
chl,1978,7.2374
chl,1979,8.094
chl,1980,8.7788
chl,1981,9.5702
chl,1982,7.9039
chl,1983,7.1203
chl,1984,7.3875
chl,1985,6.8952
chl,1986,6.7743
chl,1987,6.9252
chl,1988,7.2966
chl,1989,7.89
chl,1990,7.8766
chl,1991,7.5561
chl,1992,9.1569
chl,1993,10.149
chl,1994,10.2415
chl,1995,10.5387
chl,1996,11.8435
chl,1997,12.4856
chl,1998,13.4376
chl,1999,12.1488
chl,2000,12.9332
chl,2001,13.1056
chl,2002,12.3628
chl,2003,12.2416
chl,2004,11.7849
chl,2005,12.9746
chl,2006,12.3831
chl,2007,12.4798
chl,2008,13.1141
chl,2009,11.8561
chl,2010,12.8254
chl,2011,13.63
chl,2012,13.7245
chl,2013,13.6629
chl,2014,12.5904
chl,2015,12.4718
chl,2016,12.7725
chl,2017,12.2723
chl,2018,13.1256
chl,2019,13.1275
chl,2020,12.9265
chl,2021,14.3273
chl,2022,14.0684
chl,2023,14.6432
chl,2024,14.7333
chn,1970,2.5992
chn,1971,2.7207
chn,1972,2.7608
chn,1973,2.8187
chn,1974,2.8021
chn,1975,2.9428
chn,1976,3.0333
chn,1977,3.1169
chn,1978,3.3529
chn,1979,3.4555
chn,1980,3.4531
chn,1981,3.4336
chn,1982,3.595
chn,1983,3.944
chn,1984,4.2859
chn,1985,4.488
chn,1986,4.8082
chn,1987,5.0101
chn,1988,5.3967
chn,1989,5.4459
chn,1990,5.2522
chn,1991,5.3972
chn,1992,6.2529
chn,1993,6.9983
chn,1994,7.1446
chn,1995,7.7707
chn,1996,8.1775
chn,1997,7.9554
chn,1998,8.1962
chn,1999,8.3407
chn,2000,8.4808
chn,2001,8.9192
chn,2002,9.2563
chn,2003,10.4093
chn,2004,11.3185
chn,2005,11.7051
chn,2006,12.5451
chn,2007,12.8264
chn,2008,13.8165
chn,2009,16.3021
chn,2010,18.0852
chn,2011,19.8521
chn,2012,21.178
chn,2013,22.6334
chn,2014,23.2226
chn,2015,22.8839
chn,2016,23.0065
chn,2017,22.9246
chn,2018,22.5642
chn,2019,23.2154
chn,2020,23.6865
chn,2021,24.4257
chn,2022,24.4713
chn,2023,24.9062
chn,2024,25.6431
civ,1970,5.9212
civ,1971,6.0068
civ,1972,5.8472
civ,1973,6.0179
civ,1974,5.9657
civ,1975,6.1922
civ,1976,6.547
civ,1977,7.0422
civ,1978,7.1226
civ,1979,7.3049
civ,1980,7.3878
civ,1981,6.6664
civ,1982,6.2926
civ,1983,5.4617
civ,1984,5.5168
civ,1985,5.0509
civ,1986,5.372
civ,1987,5.2528
civ,1988,4.9499
civ,1989,4.8141
civ,1990,4.6915
civ,1991,4.4748
civ,1992,4.3512
civ,1993,4.0275
civ,1994,3.4343
civ,1995,3.6827
civ,1996,3.6895
civ,1997,3.4646
civ,1998,3.1624
civ,1999,3.2495
civ,2000,3.0406
civ,2001,2.9822
civ,2002,3.2028
civ,2003,3.2791
civ,2004,3.1201
civ,2005,2.9373
civ,2006,3.1621
civ,2007,3.2722
civ,2008,3.1109
civ,2009,3.0086
civ,2010,3.1543
civ,2011,3.1457
civ,2012,3.7986
civ,2013,4.1345
civ,2014,4.1499
civ,2015,5.0178
civ,2016,4.5983
civ,2017,5.2211
civ,2018,5.3164
civ,2019,6.5412
civ,2020,6.5429
civ,2021,13.4471
civ,2022,13.5213
civ,2023,13.5111
civ,2024,13.6672
cmr,1970,2.7998
cmr,1971,2.8875
cmr,1972,2.9552
cmr,1973,3.0309
cmr,1974,3.0824
cmr,1975,3.2589
cmr,1976,3.1048
cmr,1977,3.1726
cmr,1978,3.1278
cmr,1979,3.4909
cmr,1980,3.6572
cmr,1981,3.4417
cmr,1982,3.3929
cmr,1983,3.3035
cmr,1984,3.3739
cmr,1985,3.5112
cmr,1986,3.6343
cmr,1987,3.4528
cmr,1988,3.3076
cmr,1989,3.1758
cmr,1990,3.1886
cmr,1991,3.1619
cmr,1992,3.0725
cmr,1993,3.1426
cmr,1994,2.9196
cmr,1995,2.799
cmr,1996,3.0035
cmr,1997,3.0011
cmr,1998,3.351
cmr,1999,3.2616
cmr,2000,3.1404
cmr,2001,3.0094
cmr,2002,3.3706
cmr,2003,3.206
cmr,2004,3.4167
cmr,2005,3.5596
cmr,2006,3.5851
cmr,2007,3.7406
cmr,2008,3.7176
cmr,2009,3.7629
cmr,2010,3.7337
cmr,2011,3.7448
cmr,2012,4.2871
cmr,2013,4.1434
cmr,2014,4.0565
cmr,2015,3.9068
cmr,2016,3.8887
cmr,2017,4.2467
cmr,2018,4.2089
cmr,2019,4.2267
cmr,2020,4.0843
cmr,2021,4.1098
cmr,2022,4.0658
cmr,2023,4.0072
cmr,2024,4.0386
cod,1970,2.8933
cod,1971,2.9256
cod,1972,2.9433
cod,1973,2.9892
cod,1974,3.0347
cod,1975,2.9472
cod,1976,2.8718
cod,1977,2.9447
cod,1978,2.9648
cod,1979,2.8566
cod,1980,2.6966
cod,1981,2.5531
cod,1982,2.5592
cod,1983,2.4486
cod,1984,2.2861
cod,1985,2.3034
cod,1986,2.3012
cod,1987,2.1942
cod,1988,2.2091
cod,1989,2.3501
cod,1990,2.4141
cod,1991,2.3123
cod,1992,2.2222
cod,1993,2.3424
cod,1994,2.073
cod,1995,1.9766
cod,1996,2.0753
cod,1997,1.9737
cod,1998,2.1587
cod,1999,1.9079
cod,2000,2.0716
cod,2001,2.0162
cod,2002,2.0431
cod,2003,2.0496
cod,2004,2.08
cod,2005,2.1163
cod,2006,2.0938
cod,2007,1.892
cod,2008,2.0582
cod,2009,1.9254
cod,2010,2.1445
cod,2011,2.1226
cod,2012,2.1998
cod,2013,2.1447
cod,2014,2.1948
cod,2015,2.1518
cod,2016,2.112
cod,2017,2.1848
cod,2018,2.1826
cod,2019,2.0978
cod,2020,2.1201
cod,2021,1.9053
cod,2022,1.8821
cod,2023,1.8103
cod,2024,1.789
cog,1970,4.96
cog,1971,5.0397
cog,1972,4.6234
cog,1973,4.3885
cog,1974,4.3729
cog,1975,4.2567
cog,1976,4.1423
cog,1977,3.9261
cog,1978,3.6054
cog,1979,3.7398
cog,1980,4.039
cog,1981,4.2058
cog,1982,4.2909
cog,1983,4.0062
cog,1984,4.5446
cog,1985,4.3813
cog,1986,4.2133
cog,1987,3.9488
cog,1988,3.852
cog,1989,3.919
cog,1990,4.0284
cog,1991,2.7465
cog,1992,2.348
cog,1993,2.7267
cog,1994,3.639
cog,1995,3.2557
cog,1996,2.9308
cog,1997,2.8134
cog,1998,3.1625
cog,1999,2.8623
cog,2000,2.2147
cog,2001,2.8586
cog,2002,2.9686
cog,2003,2.8764
cog,2004,3.0769
cog,2005,3.7387
cog,2006,3.9968
cog,2007,6.0597
cog,2008,4.9212
cog,2009,5.5339
cog,2010,4.3632
cog,2011,4.9733
cog,2012,5.379
cog,2013,5.4305
cog,2014,7.6678
cog,2015,7.7197
cog,2016,5.9223
cog,2017,4.5918
cog,2018,4.4271
cog,2019,4.209
cog,2020,3.4349
cog,2021,3.5867
cog,2022,3.5203
cog,2023,3.4732
cog,2024,3.5285
col,1970,7.1535
col,1971,7.6004
col,1972,7.2026
col,1973,7.3657
col,1974,7.4952
col,1975,7.6133
col,1976,7.777
col,1977,7.7737
col,1978,8.064
col,1979,8.0284
col,1980,7.836
col,1981,7.7183
col,1982,7.7329
col,1983,7.4871
col,1984,7.3877
col,1985,7.2946
col,1986,7.3191
col,1987,7.1637
col,1988,7.2717
col,1989,7.2525
col,1990,7.0986
col,1991,6.8531
col,1992,7.3249
col,1993,7.7596
col,1994,7.9806
col,1995,7.9782
col,1996,7.9294
col,1997,7.7865
col,1998,7.6724
col,1999,7.307
col,2000,7.1291
col,2001,6.738
col,2002,6.847
col,2003,6.934
col,2004,6.9355
col,2005,7.3004
col,2006,7.4744
col,2007,7.8631
col,2008,7.7018
col,2009,7.8154
col,2010,7.8886
col,2011,8.0548
col,2012,8.3441
col,2013,8.7012
col,2014,9.0747
col,2015,9.1331
col,2016,8.5902
col,2017,8.0472
col,2018,8.2688
col,2019,8.5101
col,2020,7.8656
col,2021,8.2067
col,2022,8.4011
col,2023,8.5553
col,2024,8.525
cri,1970,8.8562
cri,1971,8.968
cri,1972,9.2949
cri,1973,9.8657
cri,1974,10.0375
cri,1975,9.876
cri,1976,9.7982
cri,1977,10.5894
cri,1978,10.969
cri,1979,11.0548
cri,1980,10.9895
cri,1981,8.1352
cri,1982,7.7049
cri,1983,7.9927
cri,1984,8.5082
cri,1985,8.4875
cri,1986,8.5915
cri,1987,8.2791
cri,1988,7.8528
cri,1989,8.312
cri,1990,8.4978
cri,1991,7.8268
cri,1992,8.351
cri,1993,8.7413
cri,1994,9.4204
cri,1995,8.419
cri,1996,8.5028
cri,1997,8.5727
cri,1998,9.8089
cri,1999,9.5781
cri,2000,8.1352
cri,2001,8.2212
cri,2002,8.3048
cri,2003,8.6516
cri,2004,9.7775
cri,2005,10.1211
cri,2006,10.9978
cri,2007,11.1506
cri,2008,11.335
cri,2009,9.732
cri,2010,11.2613
cri,2011,11.1137
cri,2012,11.4042
cri,2013,11.9137
cri,2014,11.9048
cri,2015,11.7546
cri,2016,11.4704
cri,2017,11.5674
cri,2018,10.7386
cri,2019,10.9051
cri,2020,9.6546
cri,2021,10.2609
cri,2022,10.5169
cri,2023,10.9874
cri,2024,11.0397
cub,1970,10.1411
cub,1971,9.1753
cub,1972,8.9276
cub,1973,9.8558
cub,1974,9.8072
cub,1975,10.3041
cub,1976,10.5543
cub,1977,10.5509
cub,1978,11.3541
cub,1979,11.2619
cub,1980,10.7661
cub,1981,11.1359
cub,1982,11.348
cub,1983,11.4677
cub,1984,12.178
cub,1985,11.5239
cub,1986,11.1325
cub,1987,11.0969
cub,1988,11.1939
cub,1989,11.1425
cub,1990,9.4738
cub,1991,11.9997
cub,1992,11.9447
cub,1993,9.0533
cub,1994,9.2407
cub,1995,9.0863
cub,1996,8.9842
cub,1997,10.1142
cub,1998,10.333
cub,1999,10.9253
cub,2000,8.5772
cub,2001,8.3587
cub,2002,9.5535
cub,2003,6.4719
cub,2004,7.7756
cub,2005,5.9178
cub,2006,5.9505
cub,2007,6.4026
cub,2008,6.7731
cub,2009,4.7579
cub,2010,5.2253
cub,2011,6.1675
cub,2012,6.6059
cub,2013,6.0699
cub,2014,6.0356
cub,2015,7.6118
cub,2016,7.58
cub,2017,7.2188
cub,2018,6.7215
cub,2019,6.9877
cub,2020,6.7166
cub,2021,6.55
cub,2022,6.6878
cub,2023,6.8329
cub,2024,6.8427
cyp,1970,14.8483
cyp,1971,17.0687
cyp,1972,22.4328
cyp,1973,22.0833
cyp,1974,18.6129
cyp,1975,14.8611
cyp,1976,16.083
cyp,1977,17.8353
cyp,1978,18.8942
cyp,1979,21.1551
cyp,1980,23.5266
cyp,1981,21.5138
cyp,1982,21.7632
cyp,1983,21.9461
cyp,1984,21.517
cyp,1985,21.3496
cyp,1986,21.2665
cyp,1987,20.9095
cyp,1988,21.4551
cyp,1989,22.3336
cyp,1990,21.255
cyp,1991,22.1702
cyp,1992,24.9156
cyp,1993,22.8926
cyp,1994,21.634
cyp,1995,26.6627
cyp,1996,21.1616
cyp,1997,24.7218
cyp,1998,25.8984
cyp,1999,31.1766
cyp,2000,26.9056
cyp,2001,26.1385
cyp,2002,37.9465
cyp,2003,36.8021
cyp,2004,38.7818
cyp,2005,31.8534
cyp,2006,39.3833
cyp,2007,38.2299
cyp,2008,38.8005
cyp,2009,39.4241
cyp,2010,40.6486
cyp,2011,36.5397
cyp,2012,24.8209
cyp,2013,18.3727
cyp,2014,19.7154
cyp,2015,17.6807
cyp,2016,21.0002
cyp,2017,29.1346
cyp,2018,22.7511
cyp,2019,23.7617
cyp,2020,23.8186
cyp,2021,23.8352
cyp,2022,23.6564
cyp,2023,24.748
cyp,2024,25.4039
cze,1993,17.4357
cze,1994,17.5507
cze,1995,18.226
cze,1996,19.0363
cze,1997,18.6689
cze,1998,17.676
cze,1999,18.278
cze,2000,18.4817
cze,2001,18.6506
cze,2002,18.9915
cze,2003,19.6555
cze,2004,21.6431
cze,2005,22.3598
cze,2006,20.686
cze,2007,22.0418
cze,2008,22.913
cze,2009,19.5959
cze,2010,19.382
cze,2011,20.4603
cze,2012,18.7662
cze,2013,17.69
cze,2014,17.7037
cze,2015,17.6326
cze,2016,17.3626
cze,2017,17.6953
cze,2018,18.7021
cze,2019,18.5731
cze,2020,17.0298
cze,2021,19.3098
cze,2022,19.2012
cze,2023,20.1842
cze,2024,20.6277
deu,1970,24.0149
deu,1971,24.6905
deu,1972,25.0359
deu,1973,26.1345
deu,1974,25.2549
deu,1975,24.5067
deu,1976,24.8752
deu,1977,25.2619
deu,1978,26.0539
deu,1979,26.9846
deu,1980,26.6055
deu,1981,24.6496
deu,1982,24.192
deu,1983,24.0852
deu,1984,24.1851
deu,1985,24.3833
deu,1986,25.8658
deu,1987,26.5495
deu,1988,26.5529
deu,1989,26.3524
deu,1990,26.1768
deu,1991,24.1104
deu,1992,25.613
deu,1993,26.2138
deu,1994,26.6143
deu,1995,26.4509
deu,1996,25.1861
deu,1997,24.6177
deu,1998,26.1445
deu,1999,27.6179
deu,2000,26.7482
deu,2001,24.3882
deu,2002,23.7054
deu,2003,24.4817
deu,2004,25.588
deu,2005,25.5182
deu,2006,26.6399
deu,2007,27.6771
deu,2008,27.7575
deu,2009,25.3805
deu,2010,25.3554
deu,2011,26.9442
deu,2012,25.6866
deu,2013,25.4493
deu,2014,25.2262
deu,2015,23.6562
deu,2016,24.1935
deu,2017,24.2508
deu,2018,24.6975
deu,2019,23.8121
deu,2020,22.5887
deu,2021,24.2968
deu,2022,23.583
deu,2023,24.331
deu,2024,24.8098
dji,1970,6.9482
dji,1971,6.7617
dji,1972,6.7918
dji,1973,6.7192
dji,1974,6.5138
dji,1975,6.0286
dji,1976,6.0379
dji,1977,5.5162
dji,1978,4.9877
dji,1979,4.7157
dji,1980,4.6386
dji,1981,4.7512
dji,1982,4.785
dji,1983,4.872
dji,1984,4.97
dji,1985,4.918
dji,1986,4.611
dji,1987,4.2243
dji,1988,3.9576
dji,1989,3.6924
dji,1990,3.4578
dji,1991,2.8692
dji,1992,3.8028
dji,1993,4.0029
dji,1994,4.5121
dji,1995,4.0225
dji,1996,3.7468
dji,1997,3.2808
dji,1998,4.2656
dji,1999,3.7993
dji,2000,3.1953
dji,2001,2.4892
dji,2002,2.6823
dji,2003,2.6972
dji,2004,2.9573
dji,2005,2.8243
dji,2006,3.1813
dji,2007,4.1908
dji,2008,2.9551
dji,2009,4.2712
dji,2010,4.8247
dji,2011,9.5225
dji,2012,13.8389
dji,2013,14.3112
dji,2014,11.6206
dji,2015,10.9963
dji,2016,9.5114
dji,2017,11.4426
dji,2018,8.8864
dji,2019,10.9124
dji,2020,13.1386
dji,2021,11.0135
dji,2022,10.9147
dji,2023,11.0269
dji,2024,11.2734
dnk,1970,20.3867
dnk,1971,20.7868
dnk,1972,21.2184
dnk,1973,22.9731
dnk,1974,21.2568
dnk,1975,21.4902
dnk,1976,22.3133
dnk,1977,22.6005
dnk,1978,22.8068
dnk,1979,23.1503
dnk,1980,21.027
dnk,1981,18.9935
dnk,1982,19.3341
dnk,1983,19.2397
dnk,1984,19.8227
dnk,1985,20.6117
dnk,1986,23.1366
dnk,1987,24.3965
dnk,1988,24.0765
dnk,1989,23.4395
dnk,1990,18.6256
dnk,1991,17.5071
dnk,1992,20.5099
dnk,1993,20.6978
dnk,1994,23.0845
dnk,1995,24.8296
dnk,1996,25.0013
dnk,1997,24.2798
dnk,1998,30.7414
dnk,1999,31.6944
dnk,2000,28.9701
dnk,2001,28.0801
dnk,2002,27.3016
dnk,2003,27.7581
dnk,2004,29.2845
dnk,2005,32.8925
dnk,2006,32.5439
dnk,2007,33.0371
dnk,2008,32.5343
dnk,2009,27.1751
dnk,2010,25.4516
dnk,2011,27.6177
dnk,2012,26.6042
dnk,2013,27.2085
dnk,2014,25.3001
dnk,2015,25.4443
dnk,2016,25.1394
dnk,2017,26.4852
dnk,2018,26.0521
dnk,2019,25.7195
dnk,2020,24.3383
dnk,2021,25.7504
dnk,2022,25.8065
dnk,2023,26.3949
dnk,2024,26.7241
dom,1970,6.7012
dom,1971,7.1582
dom,1972,7.3778
dom,1973,7.5764
dom,1974,7.8002
dom,1975,7.4323
dom,1976,7.7848
dom,1977,7.8213
dom,1978,7.18
dom,1979,7.24
dom,1980,6.9532
dom,1981,6.8427
dom,1982,7.139
dom,1983,7.3133
dom,1984,7.6042
dom,1985,5.1542
dom,1986,5.1137
dom,1987,5.0192
dom,1988,4.6786
dom,1989,5.1382
dom,1990,5.2166
dom,1991,5.0202
dom,1992,5.9622
dom,1993,5.3357
dom,1994,5.4145
dom,1995,5.9488
dom,1996,6.0309
dom,1997,6.3568
dom,1998,6.9558
dom,1999,6.8123
dom,2000,6.6072
dom,2001,6.0263
dom,2002,6.8129
dom,2003,5.3043
dom,2004,5.2564
dom,2005,5.9625
dom,2006,6.1032
dom,2007,6.4529
dom,2008,6.6604
dom,2009,5.5978
dom,2010,6.0594
dom,2011,5.9584
dom,2012,7.2628
dom,2013,6.9809
dom,2014,7.0043
dom,2015,7.243
dom,2016,7.5612
dom,2017,7.255
dom,2018,6.7318
dom,2019,7.0696
dom,2020,7.5403
dom,2021,7.8842
dom,2022,8.1782
dom,2023,8.3114
dom,2024,8.3062
dza,1970,4.9099
dza,1971,4.5647
dza,1972,5.0486
dza,1973,5.1108
dza,1974,5.7507
dza,1975,5.8921
dza,1976,6.0414
dza,1977,6.058
dza,1978,6.4559
dza,1979,6.8528
dza,1980,7.1468
dza,1981,6.9442
dza,1982,7.2726
dza,1983,7.4901
dza,1984,8.0652
dza,1985,8.2185
dza,1986,8.8502
dza,1987,8.3326
dza,1988,7.2403
dza,1989,7.1945
dza,1990,6.9387
dza,1991,6.2553
dza,1992,5.9969
dza,1993,5.9718
dza,1994,5.7476
dza,1995,5.6352
dza,1996,5.3752
dza,1997,4.596
dza,1998,5.0906
dza,1999,5.0909
dza,2000,4.8786
dza,2001,5.1242
dza,2002,5.8884
dza,2003,6.4247
dza,2004,6.8152
dza,2005,7.0537
dza,2006,7.3002
dza,2007,8.0267
dza,2008,9.5999
dza,2009,9.8481
dza,2010,9.2585
dza,2011,9.2285
dza,2012,9.2649
dza,2013,9.0605
dza,2014,9.1473
dza,2015,10.0098
dza,2016,9.848
dza,2017,9.663
dza,2018,9.7644
dza,2019,9.5117
dza,2020,8.8443
dza,2021,8.6801
dza,2022,8.8001
dza,2023,8.8042
dza,2024,9.0247
ecu,1970,5.9526
ecu,1971,5.6584
ecu,1972,5.3848
ecu,1973,5.4824
ecu,1974,6.0262
ecu,1975,6.2872
ecu,1976,6.187
ecu,1977,6.761
ecu,1978,6.5708
ecu,1979,7.1187
ecu,1980,7.5617
ecu,1981,7.1269
ecu,1982,6.5795
ecu,1983,6.064
ecu,1984,6.5749
ecu,1985,6.6108
ecu,1986,7.0175
ecu,1987,6.2723
ecu,1988,6.3867
ecu,1989,6.3116
ecu,1990,6.4054
ecu,1991,6.1467
ecu,1992,5.998
ecu,1993,6.2609
ecu,1994,6.7833
ecu,1995,6.9409
ecu,1996,7.1537
ecu,1997,7.3403
ecu,1998,7.9651
ecu,1999,6.4663
ecu,2000,6.0439
ecu,2001,7.0859
ecu,2002,7.4053
ecu,2003,7.1442
ecu,2004,7.1034
ecu,2005,7.2676
ecu,2006,7.5107
ecu,2007,7.6992
ecu,2008,8.2371
ecu,2009,8.9408
ecu,2010,8.9039
ecu,2011,8.9594
ecu,2012,7.2603
ecu,2013,9.6502
ecu,2014,9.8136
ecu,2015,8.6029
ecu,2016,7.7718
ecu,2017,7.7703
ecu,2018,7.4918
ecu,2019,7.4996
ecu,2020,6.6442
ecu,2021,6.7963
ecu,2022,6.8624
ecu,2023,6.928
ecu,2024,6.8801
egy,1970,4.5461
egy,1971,4.3931
egy,1972,4.1909
egy,1973,3.8773
egy,1974,3.6254
egy,1975,3.6841
egy,1976,3.9036
egy,1977,4.0183
egy,1978,4.1058
egy,1979,3.4182
egy,1980,3.4708
egy,1981,3.0258
egy,1982,3.1928
egy,1983,3.4283
egy,1984,3.6954
egy,1985,3.865
egy,1986,3.6605
egy,1987,3.5277
egy,1988,3.5035
egy,1989,3.5858
egy,1990,3.7437
egy,1991,3.3915
egy,1992,3.5105
egy,1993,3.4184
egy,1994,3.6065
egy,1995,3.592
egy,1996,3.5112
egy,1997,3.6156
egy,1998,3.7763
egy,1999,3.9984
egy,2000,3.6392
egy,2001,3.5704
egy,2002,3.4088
egy,2003,2.8545
egy,2004,2.8132
egy,2005,3.0504
egy,2006,3.3089
egy,2007,3.4382
egy,2008,3.597
egy,2009,3.5877
egy,2010,3.6097
egy,2011,3.7229
egy,2012,4.3525
egy,2013,4.0889
egy,2014,4.3879
egy,2015,4.2272
egy,2016,3.9373
egy,2017,3.7537
egy,2018,3.635
egy,2019,3.807
egy,2020,3.7054
egy,2021,3.9705
egy,2022,4.0138
egy,2023,3.933
egy,2024,3.9029
eri,1993,3.6624
eri,1994,5.1077
eri,1995,5.2478
eri,1996,5.602
eri,1997,5.7367
eri,1998,7.0424
eri,1999,6.7996
eri,2000,5.2628
eri,2001,5.0263
eri,2002,5.0634
eri,2003,5.2369
eri,2004,4.9379
eri,2005,4.8871
eri,2006,4.8424
eri,2007,4.7371
eri,2008,3.7938
eri,2009,4.0574
eri,2010,4.3098
eri,2011,3.8452
eri,2012,3.7065
eri,2013,4.3572
eri,2014,3.7727
eri,2015,4.0026
eri,2016,3.6425
eri,2017,3.4225
eri,2018,3.206
eri,2019,3.827
eri,2020,3.4263
eri,2021,2.4817
eri,2022,2.4175
eri,2023,2.3585
eri,2024,2.3571
esp,1970,11.0838
esp,1971,10.8715
esp,1972,12.2341
esp,1973,12.6046
esp,1974,12.7605
esp,1975,12.9814
esp,1976,13.6116
esp,1977,13.1
esp,1978,13.7233
esp,1979,13.6844
esp,1980,13.7356
esp,1981,13.0584
esp,1982,13.2062
esp,1983,12.553
esp,1984,12.7446
esp,1985,13.1966
esp,1986,14.0079
esp,1987,14.7977
esp,1988,16.0035
esp,1989,17.5719
esp,1990,18.1955
esp,1991,17.95
esp,1992,18.2641
esp,1993,15.7022
esp,1994,15.8028
esp,1995,16.3285
esp,1996,15.7486
esp,1997,16.2892
esp,1998,18.3411
esp,1999,19.7768
esp,2000,20.0299
esp,2001,20.7276
esp,2002,21.7122
esp,2003,22.9917
esp,2004,23.5518
esp,2005,24.9767
esp,2006,25.7821
esp,2007,26.1024
esp,2008,23.4534
esp,2009,19.039
esp,2010,17.7555
esp,2011,16.521
esp,2012,13.6897
esp,2013,16.2834
esp,2014,15.8496
esp,2015,15.3473
esp,2016,14.7938
esp,2017,13.0113
esp,2018,13.86
esp,2019,13.0584
esp,2020,13.0698
esp,2021,13.7925
esp,2022,13.6987
esp,2023,14.1751
esp,2024,14.4916
est,1992,11.4226
est,1993,11.1932
est,1994,12.2809
est,1995,8.9286
est,1996,9.1601
est,1997,10.2474
est,1998,10.6558
est,1999,11.1136
est,2000,12.418
est,2001,12.8061
est,2002,16.246
est,2003,18.9814
est,2004,20.1826
est,2005,22.1893
est,2006,25.7164
est,2007,29.1349
est,2008,25.2911
est,2009,20.1506
est,2010,21.4386
est,2011,22.0602
est,2012,23.6872
est,2013,24.5189
est,2014,22.4241
est,2015,23.7712
est,2016,24.3892
est,2017,27.0263
est,2018,26.3832
est,2019,25.9999
est,2020,26.069
est,2021,27.6867
est,2022,27.866
est,2023,29.1198
est,2024,30.0397
eth,1993,2.9558
eth,1994,2.9328
eth,1995,2.9091
eth,1996,3.1227
eth,1997,3.0803
eth,1998,2.8783
eth,1999,2.7055
eth,2000,2.7903
eth,2001,2.8725
eth,2002,2.9128
eth,2003,2.891
eth,2004,2.9132
eth,2005,2.8889
eth,2006,2.7162
eth,2007,2.9763
eth,2008,2.8944
eth,2009,3.1005
eth,2010,2.8145
eth,2011,2.5019
eth,2012,2.482
eth,2013,2.6124
eth,2014,2.5324
eth,2015,2.8293
eth,2016,3.0632
eth,2017,3.4878
eth,2018,3.2854
eth,2019,3.4175
eth,2020,3.5621
eth,2021,3.5002
eth,2022,3.4387
eth,2023,3.4596
eth,2024,3.5088
fin,1970,18.377
fin,1971,18.7342
fin,1972,18.8033
fin,1973,19.6307
fin,1974,21.3487
fin,1975,20.5383
fin,1976,20.7716
fin,1977,19.9648
fin,1978,20.1464
fin,1979,21.081
fin,1980,21.9794
fin,1981,21.0154
fin,1982,21.6731
fin,1983,21.8845
fin,1984,21.987
fin,1985,22.0448
fin,1986,24.7272
fin,1987,24.9801
fin,1988,27.5569
fin,1989,29.4865
fin,1990,31.073
fin,1991,22.1634
fin,1992,24.465
fin,1993,22.8866
fin,1994,22.1976
fin,1995,23.0512
fin,1996,22.3006
fin,1997,22.9195
fin,1998,23.0375
fin,1999,28.2501
fin,2000,28.0809
fin,2001,34.1402
fin,2002,34.3439
fin,2003,36.3694
fin,2004,36.1501
fin,2005,38.3149
fin,2006,39.0579
fin,2007,39.7623
fin,2008,38.6931
fin,2009,32.989
fin,2010,32.4613
fin,2011,34.0799
fin,2012,32.8591
fin,2013,32.4703
fin,2014,31.5259
fin,2015,29.4073
fin,2016,31.0781
fin,2017,31.9609
fin,2018,32.5171
fin,2019,30.043
fin,2020,30.8817
fin,2021,30.3606
fin,2022,29.9618
fin,2023,31.3698
fin,2024,32.0355
fra,1970,17.7813
fra,1971,17.9497
fra,1972,18.2426
fra,1973,19.4407
fra,1974,19.084
fra,1975,18.7757
fra,1976,18.7802
fra,1977,18.4575
fra,1978,18.6233
fra,1979,19.343
fra,1980,19.5976
fra,1981,18.2186
fra,1982,17.3861
fra,1983,16.6441
fra,1984,16.2814
fra,1985,16.801
fra,1986,17.7939
fra,1987,18.5085
fra,1988,19.1975
fra,1989,19.1476
fra,1990,19.9749
fra,1991,18.2921
fra,1992,18.761
fra,1993,17.4691
fra,1994,18.0075
fra,1995,17.952
fra,1996,17.6438
fra,1997,18.0311
fra,1998,19.4728
fra,1999,20.4319
fra,2000,20.5565
fra,2001,20.0192
fra,2002,20.3118
fra,2003,20.9667
fra,2004,21.406
fra,2005,21.6326
fra,2006,21.8929
fra,2007,22.5323
fra,2008,22.1134
fra,2009,20.0645
fra,2010,18.2839
fra,2011,19.973
fra,2012,18.7322
fra,2013,18.6721
fra,2014,18.4322
fra,2015,17.1262
fra,2016,16.9698
fra,2017,17.4913
fra,2018,17.5085
fra,2019,17.4551
fra,2020,16.6547
fra,2021,17.5682
fra,2022,17.2703
fra,2023,17.726
fra,2024,17.9526
gab,1970,4.7159
gab,1971,5.0177
gab,1972,5.0498
gab,1973,6.1817
gab,1974,8.8975
gab,1975,9.5734
gab,1976,11.5217
gab,1977,10.2889
gab,1978,8.0998
gab,1979,8.8579
gab,1980,10.1798
gab,1981,9.3196
gab,1982,8.677
gab,1983,8.0574
gab,1984,8.3233
gab,1985,8.3084
gab,1986,7.257
gab,1987,6.6312
gab,1988,6.346
gab,1989,6.377
gab,1990,6.9938
gab,1991,6.9359
gab,1992,6.9986
gab,1993,7.099
gab,1994,6.3708
gab,1995,6.8715
gab,1996,6.3194
gab,1997,6.3841
gab,1998,7.574
gab,1999,6.0529
gab,2000,5.2525
gab,2001,4.6499
gab,2002,5.8236
gab,2003,6.0039
gab,2004,5.7494
gab,2005,7.0766
gab,2006,7.882
gab,2007,8.3524
gab,2008,7.8729
gab,2009,8.338
gab,2010,7.4051
gab,2011,8.3809
gab,2012,7.8489
gab,2013,8.1632
gab,2014,7.9724
gab,2015,8.0798
gab,2016,7.3862
gab,2017,7.484
gab,2018,5.5779
gab,2019,5.0115
gab,2020,5.0342
gab,2021,4.7022
gab,2022,4.6578
gab,2023,4.439
gab,2024,4.423
gbr,1970,14.2808
gbr,1971,14.9523
gbr,1972,14.7482
gbr,1973,15.2552
gbr,1974,14.1682
gbr,1975,14.1666
gbr,1976,13.4639
gbr,1977,13.5629
gbr,1978,14.3297
gbr,1979,15.4804
gbr,1980,16.1437
gbr,1981,15.5598
gbr,1982,15.7988
gbr,1983,15.6412
gbr,1984,15.0807
gbr,1985,15.9982
gbr,1986,16.7338
gbr,1987,17.6814
gbr,1988,18.8777
gbr,1989,18.97
gbr,1990,19.0877
gbr,1991,17.175
gbr,1992,18.3579
gbr,1993,17.5091
gbr,1994,18.8933
gbr,1995,18.5322
gbr,1996,18.9701
gbr,1997,20.4925
gbr,1998,20.8282
gbr,1999,21.934
gbr,2000,21.921
gbr,2001,21.8809
gbr,2002,22.6137
gbr,2003,22.0782
gbr,2004,22.3492
gbr,2005,22.2459
gbr,2006,22.8888
gbr,2007,22.6864
gbr,2008,20.4997
gbr,2009,17.5487
gbr,2010,17.4058
gbr,2011,17.572
gbr,2012,16.8561
gbr,2013,17.4335
gbr,2014,18.4673
gbr,2015,18.4921
gbr,2016,18.068
gbr,2017,17.5002
gbr,2018,17.7394
gbr,2019,17.6011
gbr,2020,16.0299
gbr,2021,16.8685
gbr,2022,16.8221
gbr,2023,17.3156
gbr,2024,17.7225
geo,1992,5.3137
geo,1993,3.4859
geo,1994,2.9505
geo,1995,2.4555
geo,1996,3.1812
geo,1997,4.7408
geo,1998,4.8779
geo,1999,4.8553
geo,2000,4.1946
geo,2001,4.9514
geo,2002,5.5765
geo,2003,5.8308
geo,2004,5.6679
geo,2005,6.5609
geo,2006,7.3758
geo,2007,8.5863
geo,2008,9.4077
geo,2009,9.0711
geo,2010,9.0383
geo,2011,10.1295
geo,2012,11.2233
geo,2013,10.5981
geo,2014,10.7963
geo,2015,11.0783
geo,2016,10.3195
geo,2017,10.1693
geo,2018,10.8911
geo,2019,10.8716
geo,2020,11.779
geo,2021,11.4425
geo,2022,11.6444
geo,2023,11.6459
geo,2024,12.0301
gha,1970,5.4188
gha,1971,5.4572
gha,1972,4.9281
gha,1973,4.7972
gha,1974,4.9011
gha,1975,4.7772
gha,1976,4.392
gha,1977,4.025
gha,1978,3.7274
gha,1979,3.4126
gha,1980,3.1354
gha,1981,3.1962
gha,1982,3.1262
gha,1983,2.969
gha,1984,3.2733
gha,1985,3.2952
gha,1986,3.2909
gha,1987,3.2483
gha,1988,3.3812
gha,1989,3.4512
gha,1990,3.2928
gha,1991,3.8485
gha,1992,3.8635
gha,1993,4.6588
gha,1994,4.2822
gha,1995,4.3157
gha,1996,4.2732
gha,1997,4.3974
gha,1998,5.0724
gha,1999,5.0737
gha,2000,4.8774
gha,2001,5.2232
gha,2002,5.299
gha,2003,5.5392
gha,2004,5.5073
gha,2005,6.1999
gha,2006,6.4971
gha,2007,5.8901
gha,2008,6.0238
gha,2009,5.5074
gha,2010,6.3531
gha,2011,6.9007
gha,2012,7.6895
gha,2013,7.5226
gha,2014,6.0504
gha,2015,6.7106
gha,2016,6.5047
gha,2017,7.4158
gha,2018,7.378
gha,2019,7.5887
gha,2020,6.6385
gha,2021,6.4892
gha,2022,6.2854
gha,2023,6.1788
gha,2024,6.1339
gin,1970,3.8616
gin,1971,3.8583
gin,1972,3.7876
gin,1973,3.7766
gin,1974,3.7458
gin,1975,3.7137
gin,1976,3.7612
gin,1977,3.722
gin,1978,3.6747
gin,1979,3.6432
gin,1980,3.6038
gin,1981,3.5813
gin,1982,3.5118
gin,1983,3.4906
gin,1984,3.506
gin,1985,3.4484
gin,1986,3.2599
gin,1987,3.252
gin,1988,3.2836
gin,1989,3.3169
gin,1990,3.3754
gin,1991,3.2803
gin,1992,3.3186
gin,1993,3.3172
gin,1994,3.3823
gin,1995,4.1222
gin,1996,4.1211
gin,1997,3.8864
gin,1998,3.9861
gin,1999,4.2819
gin,2000,4.0139
gin,2001,4.028
gin,2002,4.463
gin,2003,4.186
gin,2004,4.3586
gin,2005,4.1931
gin,2006,3.847
gin,2007,4.3366
gin,2008,4.0753
gin,2009,4.1889
gin,2010,3.8186
gin,2011,3.8254
gin,2012,3.8183
gin,2013,4.3973
gin,2014,4.3856
gin,2015,4.8746
gin,2016,5.0391
gin,2017,4.3074
gin,2018,4.2995
gin,2019,4.4895
gin,2020,4.6331
gin,2021,4.1438
gin,2022,4.1671
gin,2023,4.1048
gin,2024,4.1247
gmb,1970,4.5528
gmb,1971,4.5798
gmb,1972,4.6409
gmb,1973,5.2318
gmb,1974,5.1924
gmb,1975,5.1385
gmb,1976,4.9072
gmb,1977,4.674
gmb,1978,4.8823
gmb,1979,4.6234
gmb,1980,4.6211
gmb,1981,4.7099
gmb,1982,4.678
gmb,1983,4.2776
gmb,1984,4.3321
gmb,1985,4.7093
gmb,1986,3.9902
gmb,1987,3.899
gmb,1988,3.9692
gmb,1989,3.9582
gmb,1990,3.817
gmb,1991,3.5368
gmb,1992,3.7295
gmb,1993,4.2552
gmb,1994,3.6882
gmb,1995,3.883
gmb,1996,3.4856
gmb,1997,3.3428
gmb,1998,3.3233
gmb,1999,3.6876
gmb,2000,3.51
gmb,2001,2.6826
gmb,2002,3.1125
gmb,2003,3.5479
gmb,2004,3.1465
gmb,2005,3.0469
gmb,2006,3.1771
gmb,2007,2.7629
gmb,2008,3.0571
gmb,2009,3.2364
gmb,2010,3.3649
gmb,2011,2.488
gmb,2012,2.621
gmb,2013,2.4369
gmb,2014,2.4275
gmb,2015,2.6353
gmb,2016,3.1179
gmb,2017,3.0154
gmb,2018,3.1291
gmb,2019,3.0989
gmb,2020,3.24
gmb,2021,3.096
gmb,2022,3.0771
gmb,2023,3.0313
gmb,2024,3.078
gnq,1970,5.9284
gnq,1971,5.4036
gnq,1972,5.4014
gnq,1973,5.6502
gnq,1974,6.0048
gnq,1975,6.452
gnq,1976,6.7039
gnq,1977,6.6191
gnq,1978,6.234
gnq,1979,6.1829
gnq,1980,6.0175
gnq,1981,5.7168
gnq,1982,5.5383
gnq,1983,5.2151
gnq,1984,5.0221
gnq,1985,5.1232
gnq,1986,5.1646
gnq,1987,5.0747
gnq,1988,4.8941
gnq,1989,4.6127
gnq,1990,6.4682
gnq,1991,3.5464
gnq,1992,3.0731
gnq,1993,1.9064
gnq,1994,3.0619
gnq,1995,2.9549
gnq,1996,4.5661
gnq,1997,3.462
gnq,1998,4.4501
gnq,1999,4.7312
gnq,2000,4.1779
gnq,2001,5.3815
gnq,2002,6.8255
gnq,2003,9.6502
gnq,2004,7.8314
gnq,2005,9.06
gnq,2006,9.6484
gnq,2007,12.672
gnq,2008,9.8397
gnq,2009,22.048
gnq,2010,46.5032
gnq,2011,24.0716
gnq,2012,16.4271
gnq,2013,12.2563
gnq,2014,11.0621
gnq,2015,11.0721
gnq,2016,8.4815
gnq,2017,5.141
gnq,2018,6.9911
gnq,2019,5.8971
gnq,2020,5.8344
gnq,2021,4.8142
gnq,2022,4.3635
gnq,2023,3.9008
gnq,2024,3.8739
grc,1970,12.8985
grc,1971,13.448
grc,1972,14.2812
grc,1973,15.8452
grc,1974,15.0612
grc,1975,15.6062
grc,1976,15.9121
grc,1977,17.0625
grc,1978,16.7354
grc,1979,18.1542
grc,1980,17.3704
grc,1981,17.7744
grc,1982,17.3602
grc,1983,17.0624
grc,1984,17.463
grc,1985,17.8708
grc,1986,17.4956
grc,1987,18.4382
grc,1988,20.4117
grc,1989,20.6229
grc,1990,20.9352
grc,1991,18.8714
grc,1992,18.9365
grc,1993,19.5721
grc,1994,18.5328
grc,1995,20.8143
grc,1996,21.1675
grc,1997,20.9576
grc,1998,23.5422
grc,1999,23.5773
grc,2000,24.7241
grc,2001,24.8001
grc,2002,27.2068
grc,2003,27.4264
grc,2004,28.5845
grc,2005,28.5036
grc,2006,28.5936
grc,2007,30.2256
grc,2008,30.2405
grc,2009,25.2704
grc,2010,21.2909
grc,2011,19.6508
grc,2012,16.6611
grc,2013,15.5008
grc,2014,15.9163
grc,2015,15.0648
grc,2016,14.8395
grc,2017,14.4846
grc,2018,14.8892
grc,2019,13.9463
grc,2020,12.8298
grc,2021,14.2338
grc,2022,14.0145
grc,2023,14.5941
grc,2024,14.8312
gtm,1970,4.7794
gtm,1971,4.7093
gtm,1972,4.74
gtm,1973,4.9339
gtm,1974,4.9247
gtm,1975,4.9508
gtm,1976,5.2049
gtm,1977,5.3952
gtm,1978,5.1319
gtm,1979,5.0512
gtm,1980,5.2519
gtm,1981,5.32
gtm,1982,5.307
gtm,1983,5.0895
gtm,1984,4.9713
gtm,1985,5.1705
gtm,1986,4.6671
gtm,1987,4.3206
gtm,1988,4.4064
gtm,1989,4.3791
gtm,1990,4.1158
gtm,1991,4.9121
gtm,1992,5.5351
gtm,1993,5.3237
gtm,1994,5.1972
gtm,1995,5.6114
gtm,1996,5.4493
gtm,1997,5.5924
gtm,1998,6.1904
gtm,1999,6.582
gtm,2000,6.0686
gtm,2001,6.3774
gtm,2002,6.266
gtm,2003,6.8865
gtm,2004,7.1028
gtm,2005,7.034
gtm,2006,7.6077
gtm,2007,8.4116
gtm,2008,7.6724
gtm,2009,6.5502
gtm,2010,7.8836
gtm,2011,7.987
gtm,2012,8.4471
gtm,2013,10.3247
gtm,2014,11.4617
gtm,2015,8.7567
gtm,2016,8.6939
gtm,2017,7.8515
gtm,2018,7.1715
gtm,2019,7.9678
gtm,2020,7.6386
gtm,2021,8.2959
gtm,2022,8.4165
gtm,2023,8.4987
gtm,2024,8.4425
hnd,1970,6.3753
hnd,1971,6.2302
hnd,1972,6.0761
hnd,1973,5.9226
hnd,1974,5.7912
hnd,1975,5.5361
hnd,1976,5.6316
hnd,1977,5.842
hnd,1978,5.9022
hnd,1979,5.9288
hnd,1980,5.9911
hnd,1981,5.9942
hnd,1982,5.781
hnd,1983,5.9699
hnd,1984,6.1235
hnd,1985,5.963
hnd,1986,5.7654
hnd,1987,5.584
hnd,1988,5.3641
hnd,1989,5.4201
hnd,1990,4.6465
hnd,1991,4.4988
hnd,1992,4.7443
hnd,1993,4.5407
hnd,1994,4.5443
hnd,1995,4.4415
hnd,1996,4.3379
hnd,1997,4.3992
hnd,1998,4.2457
hnd,1999,4.2776
hnd,2000,4.5494
hnd,2001,4.2676
hnd,2002,4.274
hnd,2003,3.9371
hnd,2004,4.245
hnd,2005,4.359
hnd,2006,4.6153
hnd,2007,4.8288
hnd,2008,4.9808
hnd,2009,5.6412
hnd,2010,4.87
hnd,2011,4.7837
hnd,2012,4.9283
hnd,2013,5.0516
hnd,2014,5.086
hnd,2015,5.1987
hnd,2016,5.3172
hnd,2017,5.2911
hnd,2018,5.6467
hnd,2019,5.4831
hnd,2020,5.2714
hnd,2021,5.7743
hnd,2022,5.8105
hnd,2023,5.8608
hnd,2024,5.7997
hrv,1992,8.9197
hrv,1993,8.5177
hrv,1994,8.7305
hrv,1995,11.2434
hrv,1996,11.2898
hrv,1997,14.4938
hrv,1998,14.0225
hrv,1999,13.8151
hrv,2000,12.1507
hrv,2001,13.6825
hrv,2002,16.1547
hrv,2003,18.5857
hrv,2004,19.4685
hrv,2005,19.7167
hrv,2006,20.2917
hrv,2007,22.3332
hrv,2008,23.0593
hrv,2009,19.3481
hrv,2010,16.6442
hrv,2011,18.8801
hrv,2012,16.6472
hrv,2013,16.1232
hrv,2014,14.0888
hrv,2015,12.9186
hrv,2016,15.4789
hrv,2017,12.9075
hrv,2018,13.6409
hrv,2019,13.2852
hrv,2020,13.9446
hrv,2021,14.1823
hrv,2022,14.7095
hrv,2023,15.4821
hrv,2024,16.012
hti,1970,3.5963
hti,1971,3.6698
hti,1972,3.5771
hti,1973,3.5128
hti,1974,3.5147
hti,1975,3.4289
hti,1976,3.4985
hti,1977,3.3861
hti,1978,3.3805
hti,1979,3.3315
hti,1980,3.414
hti,1981,3.4409
hti,1982,3.4339
hti,1983,3.3632
hti,1984,3.334
hti,1985,3.2289
hti,1986,3.0331
hti,1987,3.6644
hti,1988,3.6415
hti,1989,4.1387
hti,1990,4.0576
hti,1991,3.9169
hti,1992,3.465
hti,1993,2.4562
hti,1994,2.2687
hti,1995,2.3182
hti,1996,2.186
hti,1997,2.2099
hti,1998,2.1684
hti,1999,2.5885
hti,2000,2.6101
hti,2001,2.5053
hti,2002,2.4692
hti,2003,2.4497
hti,2004,2.5297
hti,2005,2.5441
hti,2006,2.6242
hti,2007,2.6159
hti,2008,2.5901
hti,2009,2.6783
hti,2010,2.7278
hti,2011,2.7015
hti,2012,2.6127
hti,2013,2.6292
hti,2014,2.8252
hti,2015,2.5704
hti,2016,2.5377
hti,2017,2.513
hti,2018,2.576
hti,2019,2.3055
hti,2020,2.2333
hti,2021,2.4237
hti,2022,2.4057
hti,2023,2.4925
hti,2024,2.4719
hun,1970,12.2421
hun,1971,13.0358
hun,1972,12.9261
hun,1973,13.8738
hun,1974,14.0876
hun,1975,14.4222
hun,1976,14.8588
hun,1977,15.5802
hun,1978,16.0795
hun,1979,15.7874
hun,1980,16.1181
hun,1981,16.1192
hun,1982,17.2913
hun,1983,16.1803
hun,1984,16.4534
hun,1985,16.0085
hun,1986,16.1655
hun,1987,16.5079
hun,1988,16.5203
hun,1989,16.2753
hun,1990,15.4812
hun,1991,13.6549
hun,1992,12.4436
hun,1993,12.3379
hun,1994,12.9155
hun,1995,12.1125
hun,1996,11.9727
hun,1997,12.2006
hun,1998,12.877
hun,1999,12.8222
hun,2000,12.6931
hun,2001,13.5266
hun,2002,14.6829
hun,2003,15.2049
hun,2004,18.085
hun,2005,20.5958
hun,2006,17.6289
hun,2007,16.148
hun,2008,17.4566
hun,2009,15.0409
hun,2010,14.3237
hun,2011,14.3392
hun,2012,12.8511
hun,2013,13.6557
hun,2014,15.5046
hun,2015,14.034
hun,2016,14.1311
hun,2017,15.0691
hun,2018,17.0809
hun,2019,17.2888
hun,2020,17.0792
hun,2021,18.6785
hun,2022,18.3932
hun,2023,18.7996
hun,2024,19.6792
idn,1970,1.939
idn,1971,1.9517
idn,1972,1.9374
idn,1973,2.1271
idn,1974,2.3576
idn,1975,2.2989
idn,1976,2.4272
idn,1977,2.4797
idn,1978,2.5077
idn,1979,2.4178
idn,1980,2.6165
idn,1981,2.8617
idn,1982,2.8045
idn,1983,2.8136
idn,1984,2.848
idn,1985,2.836
idn,1986,2.8826
idn,1987,2.7716
idn,1988,2.8572
idn,1989,2.9756
idn,1990,3.1058
idn,1991,3.1663
idn,1992,3.396
idn,1993,3.5992
idn,1994,3.9682
idn,1995,4.257
idn,1996,4.1503
idn,1997,4.3029
idn,1998,3.1087
idn,1999,3.1296
idn,2000,3.195
idn,2001,3.4861
idn,2002,3.5333
idn,2003,4.5095
idn,2004,4.4853
idn,2005,4.6184
idn,2006,4.3056
idn,2007,4.5563
idn,2008,4.8181
idn,2009,4.6895
idn,2010,5.6355
idn,2011,5.9087
idn,2012,6.8741
idn,2013,7.0737
idn,2014,6.8554
idn,2015,6.7977
idn,2016,6.7011
idn,2017,7.1404
idn,2018,7.3694
idn,2019,7.354
idn,2020,7.308
idn,2021,7.273
idn,2022,7.4628
idn,2023,7.7037
idn,2024,7.9366
ind,1970,2.9104
ind,1971,2.8406
ind,1972,2.7475
ind,1973,2.8155
ind,1974,2.7446
ind,1975,2.8187
ind,1976,2.7695
ind,1977,2.8357
ind,1978,2.8756
ind,1979,2.7175
ind,1980,2.714
ind,1981,2.836
ind,1982,2.876
ind,1983,3.0059
ind,1984,2.965
ind,1985,2.9432
ind,1986,2.9332
ind,1987,2.9115
ind,1988,3.051
ind,1989,3.1043
ind,1990,3.0753
ind,1991,3.0481
ind,1992,3.1246
ind,1993,3.0392
ind,1994,3.0533
ind,1995,3.1138
ind,1996,3.2586
ind,1997,3.2992
ind,1998,3.3112
ind,1999,3.3759
ind,2000,3.2983
ind,2001,3.4195
ind,2002,3.3064
ind,2003,3.4135
ind,2004,3.3628
ind,2005,3.4765
ind,2006,3.6663
ind,2007,3.9486
ind,2008,3.925
ind,2009,4.0781
ind,2010,4.1642
ind,2011,4.3671
ind,2012,4.3785
ind,2013,4.1779
ind,2014,4.1153
ind,2015,4.2876
ind,2016,4.4343
ind,2017,4.4806
ind,2018,4.6415
ind,2019,4.6956
ind,2020,4.5082
ind,2021,4.8046
ind,2022,5.0073
ind,2023,5.2115
ind,2024,5.4155
irl,1970,14.9903
irl,1971,16.315
irl,1972,16.2416
irl,1973,16.7512
irl,1974,16.6042
irl,1975,16.4502
irl,1976,15.506
irl,1977,16.2041
irl,1978,17.5466
irl,1979,18.1312
irl,1980,17.5388
irl,1981,16.7116
irl,1982,16.3456
irl,1983,15.8778
irl,1984,16.5536
irl,1985,16.3746
irl,1986,17.1168
irl,1987,17.5269
irl,1988,17.8352
irl,1989,18.528
irl,1990,19.6762
irl,1991,19.4504
irl,1992,19.545
irl,1993,16.8885
irl,1994,19.0068
irl,1995,18.8171
irl,1996,19.3778
irl,1997,21.3169
irl,1998,22.2526
irl,1999,37.2679
irl,2000,35.8626
irl,2001,36.9761
irl,2002,37.431
irl,2003,36.8575
irl,2004,37.7641
irl,2005,44.0206
irl,2006,48.9286
irl,2007,43.2541
irl,2008,35.0991
irl,2009,30.0952
irl,2010,26.5525
irl,2011,24.49
irl,2012,22.9675
irl,2013,22.0928
irl,2014,23.2097
irl,2015,24.6752
irl,2016,30.2136
irl,2017,29.0951
irl,2018,28.0644
irl,2019,38.2928
irl,2020,34.7208
irl,2021,28.441
irl,2022,28.2722
irl,2023,29.3998
irl,2024,30.2706
irn,1970,5.2083
irn,1971,5.6819
irn,1972,6.0092
irn,1973,6.802
irn,1974,8.0095
irn,1975,8.4416
irn,1976,10.197
irn,1977,10.4459
irn,1978,10.2998
irn,1979,8.3157
irn,1980,7.2959
irn,1981,6.9968
irn,1982,7.9562
irn,1983,8.6595
irn,1984,8.8159
irn,1985,7.316
irn,1986,6.2139
irn,1987,6.302
irn,1988,6.1247
irn,1989,6.0441
irn,1990,6.7905
irn,1991,6.8816
irn,1992,6.8975
irn,1993,6.9075
irn,1994,6.4604
irn,1995,7.2185
irn,1996,7.5821
irn,1997,7.8099
irn,1998,8.2928
irn,1999,7.4801
irn,2000,7.938
irn,2001,8.4837
irn,2002,8.6255
irn,2003,9.3642
irn,2004,10.2326
irn,2005,9.9082
irn,2006,10.3177
irn,2007,11.1409
irn,2008,10.3407
irn,2009,11.5065
irn,2010,11.0407
irn,2011,11.2956
irn,2012,11.9354
irn,2013,9.8267
irn,2014,8.8644
irn,2015,8.2299
irn,2016,7.9169
irn,2017,6.9106
irn,2018,5.9372
irn,2019,7.3297
irn,2020,7.3365
irn,2021,6.9135
irn,2022,5.8302
irn,2023,5.9253
irn,2024,5.9978
irq,1970,1.7677
irq,1971,1.7787
irq,1972,1.7132
irq,1973,1.6636
irq,1974,1.626
irq,1975,1.662
irq,1976,1.8503
irq,1977,1.7983
irq,1978,1.915
irq,1979,2.0058
irq,1980,1.9661
irq,1981,1.8264
irq,1982,1.8434
irq,1983,1.7739
irq,1984,1.8404
irq,1985,1.9488
irq,1986,1.9106
irq,1987,2.0242
irq,1988,2.0138
irq,1989,1.9721
irq,1990,2.0486
irq,1991,1.8598
irq,1992,6.9338
irq,1993,4.2752
irq,1994,3.9907
irq,1995,3.4302
irq,1996,3.3277
irq,1997,2.2455
irq,1998,2.3352
irq,1999,3.3283
irq,2000,3.9712
irq,2001,5.3026
irq,2002,4.1468
irq,2003,4.9746
irq,2004,5.7476
irq,2005,7.0973
irq,2006,5.2721
irq,2007,4.6253
irq,2008,5.8458
irq,2009,6.7225
irq,2010,6.5002
irq,2011,6.8573
irq,2012,6.2735
irq,2013,6.3079
irq,2014,6.4684
irq,2015,5.4525
irq,2016,4.5822
irq,2017,4.4438
irq,2018,4.3991
irq,2019,5.6268
irq,2020,3.9572
irq,2021,3.3151
irq,2022,3.2779
irq,2023,3.2196
irq,2024,3.2101
isl,1970,26.2777
isl,1971,27.6586
isl,1972,30.4028
isl,1973,32.9492
isl,1974,22.3598
isl,1975,21.8931
isl,1976,21.1764
isl,1977,22.9296
isl,1978,22.0998
isl,1979,22.406
isl,1980,22.2373
isl,1981,22.8924
isl,1982,21.5311
isl,1983,19.6717
isl,1984,20.6107
isl,1985,35.8142
isl,1986,36.057
isl,1987,41.5037
isl,1988,38.6159
isl,1989,38.1602
isl,1990,35.2106
isl,1991,32.9813
isl,1992,30.1774
isl,1993,27.2213
isl,1994,27.8438
isl,1995,31.6258
isl,1996,30.6787
isl,1997,31.3749
isl,1998,37.9268
isl,1999,38.4104
isl,2000,30.7429
isl,2001,26.3534
isl,2002,24.6685
isl,2003,27.4347
isl,2004,32.1219
isl,2005,40.9283
isl,2006,42.7214
isl,2007,39.8356
isl,2008,29.4135
isl,2009,19.5504
isl,2010,20.6768
isl,2011,22.3869
isl,2012,23.1303
isl,2013,21.7249
isl,2014,22.2464
isl,2015,23.3433
isl,2016,25.5729
isl,2017,29.1602
isl,2018,33.1182
isl,2019,29.5439
isl,2020,26.7523
isl,2021,30.3223
isl,2022,31.1565
isl,2023,32.215
isl,2024,33.4924
isr,1970,39.0634
isr,1971,39.0015
isr,1972,47.5758
isr,1973,49.9411
isr,1974,58.8942
isr,1975,52.9018
isr,1976,51.0574
isr,1977,44.8887
isr,1978,49.4072
isr,1979,60.3913
isr,1980,49.448
isr,1981,52.1666
isr,1982,46.8821
isr,1983,50.1811
isr,1984,48.9443
isr,1985,46.0784
isr,1986,51.4972
isr,1987,56.5464
isr,1988,62.7293
isr,1989,59.9247
isr,1990,75.94
isr,1991,47.2433
isr,1992,61.0237
isr,1993,52.7019
isr,1994,36.7746
isr,1995,35.2193
isr,1996,31.1775
isr,1997,29.3888
isr,1998,29.6053
isr,1999,32.4053
isr,2000,33.6698
isr,2001,31.2783
isr,2002,31.9514
isr,2003,30.2396
isr,2004,28.3026
isr,2005,29.0205
isr,2006,29.554
isr,2007,32.2476
isr,2008,33.9469
isr,2009,30.0031
isr,2010,32.3386
isr,2011,30.6838
isr,2012,33.5791
isr,2013,31.8003
isr,2014,29.455
isr,2015,32.0938
isr,2016,29.7803
isr,2017,32.9688
isr,2018,33.3827
isr,2019,33.433
isr,2020,30.5436
isr,2021,32.7255
isr,2022,33.3717
isr,2023,33.5812
isr,2024,34.0567
ita,1970,14.3508
ita,1971,14.5843
ita,1972,13.9229
ita,1973,15.1656
ita,1974,13.8967
ita,1975,14.1479
ita,1976,13.7847
ita,1977,14.1917
ita,1978,14.4309
ita,1979,15.289
ita,1980,16.2061
ita,1981,15.191
ita,1982,14.9809
ita,1983,15.2691
ita,1984,15.3097
ita,1985,16.7415
ita,1986,17.8591
ita,1987,19.502
ita,1988,19.8639
ita,1989,20.3035
ita,1990,21.5213
ita,1991,20.104
ita,1992,22.4304
ita,1993,18.8449
ita,1994,18.8113
ita,1995,19.3228
ita,1996,18.659
ita,1997,19.4283
ita,1998,20.0836
ita,1999,21.3842
ita,2000,20.8895
ita,2001,20.4485
ita,2002,22.1513
ita,2003,22.4659
ita,2004,22.6429
ita,2005,21.4245
ita,2006,22.0258
ita,2007,21.607
ita,2008,21.1999
ita,2009,18.8067
ita,2010,19.1176
ita,2011,19.3815
ita,2012,16.9359
ita,2013,16.6178
ita,2014,15.3504
ita,2015,14.7562
ita,2016,15.088
ita,2017,15.5815
ita,2018,16.0687
ita,2019,15.3996
ita,2020,14.2645
ita,2021,15.9225
ita,2022,15.6802
ita,2023,16.203
ita,2024,16.5046
jam,1970,6.8914
jam,1971,6.921
jam,1972,6.9476
jam,1973,6.5464
jam,1974,7.1436
jam,1975,7.3787
jam,1976,6.5813
jam,1977,6.1025
jam,1978,5.2649
jam,1979,4.5452
jam,1980,5.4837
jam,1981,5.4097
jam,1982,5.525
jam,1983,5.5695
jam,1984,4.7073
jam,1985,4.334
jam,1986,4.6196
jam,1987,4.9661
jam,1988,5.3729
jam,1989,5.5516
jam,1990,6.035
jam,1991,4.9118
jam,1992,5.0294
jam,1993,5.2338
jam,1994,5.5017
jam,1995,6.0729
jam,1996,6.5018
jam,1997,6.3834
jam,1998,6.2354
jam,1999,5.5766
jam,2000,5.6374
jam,2001,5.4161
jam,2002,5.707
jam,2003,4.6643
jam,2004,4.5583
jam,2005,4.9989
jam,2006,5.3329
jam,2007,5.3019
jam,2008,6.0708
jam,2009,4.7886
jam,2010,4.6874
jam,2011,5.5974
jam,2012,5.7694
jam,2013,5.5451
jam,2014,5.4812
jam,2015,4.6302
jam,2016,4.4238
jam,2017,4.7323
jam,2018,4.5039
jam,2019,4.6724
jam,2020,5.2674
jam,2021,4.9326
jam,2022,5.1026
jam,2023,5.2176
jam,2024,5.2904
jor,1970,11.1227
jor,1971,11.742
jor,1972,11.2828
jor,1973,11.4841
jor,1974,11.464
jor,1975,13.0247
jor,1976,16.4818
jor,1977,17.0958
jor,1978,19.8219
jor,1979,22.9807
jor,1980,21.6178
jor,1981,18.4707
jor,1982,18.821
jor,1983,17.8818
jor,1984,18.2827
jor,1985,19.1488
jor,1986,19.5306
jor,1987,21.044
jor,1988,17.0846
jor,1989,12.5672
jor,1990,9.7157
jor,1991,6.8426
jor,1992,10.5338
jor,1993,10.8909
jor,1994,10.5542
jor,1995,9.3697
jor,1996,10.2699
jor,1997,10.2402
jor,1998,9.8129
jor,1999,10.4406
jor,2000,10.3079
jor,2001,10.2645
jor,2002,10.5084
jor,2003,11.9788
jor,2004,13.2071
jor,2005,11.8131
jor,2006,9.8264
jor,2007,9.9049
jor,2008,9.6013
jor,2009,9.6358
jor,2010,10.2499
jor,2011,10.9098
jor,2012,9.101
jor,2013,9.283
jor,2014,8.6498
jor,2015,8.5447
jor,2016,8.7776
jor,2017,7.4548
jor,2018,7.2815
jor,2019,7.0748
jor,2020,6.7001
jor,2021,6.9367
jor,2022,7.0761
jor,2023,7.378
jor,2024,7.6139
jpn,1970,13.0188
jpn,1971,13.8
jpn,1972,15.3552
jpn,1973,17.5255
jpn,1974,16.3199
jpn,1975,15.0551
jpn,1976,15.6274
jpn,1977,16.655
jpn,1978,18.3644
jpn,1979,17.9684
jpn,1980,16.8833
jpn,1981,16.6347
jpn,1982,15.5913
jpn,1983,15.8513
jpn,1984,16.5272
jpn,1985,16.8919
jpn,1986,19.8079
jpn,1987,20.9845
jpn,1988,22.5275
jpn,1989,22.6297
jpn,1990,22.2928
jpn,1991,22.4401
jpn,1992,22.7165
jpn,1993,22.5886
jpn,1994,23.5048
jpn,1995,24.528
jpn,1996,24.7383
jpn,1997,24.6395
jpn,1998,23.331
jpn,1999,22.3115
jpn,2000,24.1424
jpn,2001,23.4638
jpn,2002,22.3485
jpn,2003,20.4524
jpn,2004,22.3462
jpn,2005,22.6226
jpn,2006,22.297
jpn,2007,21.5192
jpn,2008,21.4902
jpn,2009,19.1595
jpn,2010,19.2045
jpn,2011,19.63
jpn,2012,20.8414
jpn,2013,20.5425
jpn,2014,20.4743
jpn,2015,19.3257
jpn,2016,19.764
jpn,2017,19.287
jpn,2018,19.7585
jpn,2019,19.7154
jpn,2020,19.3363
jpn,2021,19.3442
jpn,2022,17.774
jpn,2023,17.8951
jpn,2024,18.0824
kaz,1992,13.8895
kaz,1993,12.6816
kaz,1994,10.1155
kaz,1995,8.9046
kaz,1996,8.1991
kaz,1997,7.8765
kaz,1998,9.1755
kaz,1999,9.4783
kaz,2000,8.4112
kaz,2001,10.8393
kaz,2002,11.7963
kaz,2003,10.7953
kaz,2004,10.9371
kaz,2005,12.9191
kaz,2006,14.0297
kaz,2007,15.93
kaz,2008,11.4413
kaz,2009,15.7279
kaz,2010,14.721
kaz,2011,15.911
kaz,2012,18.1322
kaz,2013,18.5694
kaz,2014,21.2209
kaz,2015,24.6997
kaz,2016,22.7653
kaz,2017,22.1164
kaz,2018,21.2856
kaz,2019,19.7418
kaz,2020,19.8531
kaz,2021,18.6758
kaz,2022,17.6601
kaz,2023,17.0764
kaz,2024,17.4122
ken,1970,4.0056
ken,1971,3.993
ken,1972,3.8674
ken,1973,4.0275
ken,1974,3.9796
ken,1975,3.8589
ken,1976,3.7747
ken,1977,3.8683
ken,1978,3.791
ken,1979,3.7285
ken,1980,3.6405
ken,1981,3.4792
ken,1982,3.5803
ken,1983,3.4695
ken,1984,3.2445
ken,1985,3.3367
ken,1986,3.4588
ken,1987,3.2532
ken,1988,3.2838
ken,1989,3.2454
ken,1990,3.27
ken,1991,2.9535
ken,1992,2.8811
ken,1993,2.3111
ken,1994,2.519
ken,1995,2.646
ken,1996,2.1544
ken,1997,2.3957
ken,1998,2.8313
ken,1999,2.6144
ken,2000,2.4565
ken,2001,2.6752
ken,2002,2.2299
ken,2003,2.1637
ken,2004,2.4379
ken,2005,2.5863
ken,2006,2.5618
ken,2007,3.4503
ken,2008,3.3901
ken,2009,3.2032
ken,2010,3.5275
ken,2011,3.4724
ken,2012,3.7578
ken,2013,3.9516
ken,2014,3.9961
ken,2015,4.2041
ken,2016,4.0598
ken,2017,3.786
ken,2018,4.0861
ken,2019,4.9264
ken,2020,4.8215
ken,2021,5.0291
ken,2022,4.9528
ken,2023,4.8411
ken,2024,4.856
kgz,1992,4.1162
kgz,1993,3.8869
kgz,1994,2.6853
kgz,1995,2.7217
kgz,1996,2.2395
kgz,1997,2.4862
kgz,1998,2.5253
kgz,1999,2.5551
kgz,2000,2.5116
kgz,2001,2.6289
kgz,2002,2.5097
kgz,2003,2.5197
kgz,2004,2.5425
kgz,2005,2.3862
kgz,2006,2.4531
kgz,2007,2.9007
kgz,2008,2.8839
kgz,2009,2.89
kgz,2010,2.8166
kgz,2011,3.0222
kgz,2012,3.3191
kgz,2013,3.8655
kgz,2014,3.69
kgz,2015,3.5246
kgz,2016,3.437
kgz,2017,3.4488
kgz,2018,4.0778
kgz,2019,4.3174
kgz,2020,4.4083
kgz,2021,3.9152
kgz,2022,3.6823
kgz,2023,3.3874
kgz,2024,3.4075
khm,1970,4.8081
khm,1971,4.3763
khm,1972,4.0236
khm,1973,3.7308
khm,1974,3.4705
khm,1975,3.3814
khm,1976,3.2177
khm,1977,3.193
khm,1978,3.0549
khm,1979,2.75
khm,1980,3.0676
khm,1981,3.0479
khm,1982,3.2647
khm,1983,3.3246
khm,1984,3.1419
khm,1985,3.2923
khm,1986,3.3763
khm,1987,3.3059
khm,1988,3.4387
khm,1989,3.4555
khm,1990,3.363
khm,1991,3.3289
khm,1992,3.2812
khm,1993,3.1649
khm,1994,2.9491
khm,1995,2.904
khm,1996,3.0392
khm,1997,3.0781
khm,1998,2.7443
khm,1999,2.6676
khm,2000,2.4463
khm,2001,2.4724
khm,2002,2.8549
khm,2003,2.8189
khm,2004,3.1117
khm,2005,3.7639
khm,2006,3.788
khm,2007,4.004
khm,2008,4.3953
khm,2009,4.7023
khm,2010,6.7844
khm,2011,4.7361
khm,2012,4.8728
khm,2013,5.0333
khm,2014,5.4319
khm,2015,5.9514
khm,2016,5.8074
khm,2017,6.9764
khm,2018,7.8081
khm,2019,7.7612
khm,2020,7.5781
khm,2021,8.4726
khm,2022,8.5337
khm,2023,8.7306
khm,2024,8.8979
kor,1970,4.114
kor,1971,4.2354
kor,1972,4.0487
kor,1973,4.557
kor,1974,4.9758
kor,1975,5.0773
kor,1976,6.0951
kor,1977,7.0625
kor,1978,7.6527
kor,1979,8.216
kor,1980,7.0279
kor,1981,7.3192
kor,1982,7.7063
kor,1983,8.4076
kor,1984,8.8154
kor,1985,8.9126
kor,1986,9.3613
kor,1987,10.255
kor,1988,11.6952
kor,1989,13.0617
kor,1990,14.1031
kor,1991,15.9647
kor,1992,17.0223
kor,1993,17.0488
kor,1994,19.1912
kor,1995,20.5139
kor,1996,22.053
kor,1997,21.3964
kor,1998,14.9478
kor,1999,16.8388
kor,2000,19.6903
kor,2001,20.3615
kor,2002,21.2547
kor,2003,22.4941
kor,2004,21.9713
kor,2005,21.8695
kor,2006,23.1151
kor,2007,24.2734
kor,2008,22.4376
kor,2009,20.3281
kor,2010,21.4439
kor,2011,22.3733
kor,2012,21.8224
kor,2013,21.8525
kor,2014,21.466
kor,2015,21.3218
kor,2016,22.1155
kor,2017,23.1764
kor,2018,23.5591
kor,2019,23.4056
kor,2020,23.4835
kor,2021,24.3572
kor,2022,23.4632
kor,2023,23.8556
kor,2024,24.3123
kwt,1970,108.1889
kwt,1971,120.4553
kwt,1972,114.7728
kwt,1973,105.4129
kwt,1974,145.2265
kwt,1975,114.6621
kwt,1976,121.7508
kwt,1977,105.0881
kwt,1978,106.6759
kwt,1979,133.0712
kwt,1980,119.7355
kwt,1981,96.4692
kwt,1982,86.7393
kwt,1983,74.1132
kwt,1984,78.2358
kwt,1985,75.0502
kwt,1986,62.0455
kwt,1987,63.3582
kwt,1988,57.9251
kwt,1989,62.2022
kwt,1990,36.0802
kwt,1991,85.1627
kwt,1992,30.9824
kwt,1993,37.2516
kwt,1994,33.0595
kwt,1995,41.3336
kwt,1996,45.9034
kwt,1997,40.1828
kwt,1998,43.035
kwt,1999,39.4879
kwt,2000,34.6538
kwt,2001,36.3658
kwt,2002,41.9896
kwt,2003,45.7734
kwt,2004,53.1232
kwt,2005,58.4853
kwt,2006,53.0236
kwt,2007,56.7732
kwt,2008,66.3175
kwt,2009,47.4721
kwt,2010,45.3276
kwt,2011,46.9978
kwt,2012,39.5027
kwt,2013,41.6568
kwt,2014,44.4912
kwt,2015,49.6689
kwt,2016,51.6596
kwt,2017,54.346
kwt,2018,53.807
kwt,2019,51.7308
kwt,2020,39.6191
kwt,2021,41.3437
kwt,2022,42.2585
kwt,2023,40.8308
kwt,2024,41.5642
lao,1970,4.5262
lao,1971,4.2254
lao,1972,4.0904
lao,1973,3.8268
lao,1974,3.7377
lao,1975,3.5872
lao,1976,3.3584
lao,1977,3.398
lao,1978,3.4651
lao,1979,3.5412
lao,1980,3.8156
lao,1981,3.882
lao,1982,3.8552
lao,1983,3.8319
lao,1984,3.9694
lao,1985,4.0465
lao,1986,4.0343
lao,1987,3.9464
lao,1988,3.8602
lao,1989,4.0073
lao,1990,3.9743
lao,1991,3.8655
lao,1992,4.0395
lao,1993,4.0456
lao,1994,4.372
lao,1995,4.2072
lao,1996,4.2337
lao,1997,4.2844
lao,1998,3.8451
lao,1999,3.8658
lao,2000,4.2145
lao,2001,4.1317
lao,2002,4.4915
lao,2003,4.6017
lao,2004,4.6483
lao,2005,4.761
lao,2006,4.8105
lao,2007,5.5202
lao,2008,5.7979
lao,2009,6.3073
lao,2010,7.3748
lao,2011,6.7308
lao,2012,8.3964
lao,2013,8.5413
lao,2014,9.249
lao,2015,10.3569
lao,2016,11.205
lao,2017,11.3558
lao,2018,11.3017
lao,2019,11.2339
lao,2020,10.7716
lao,2021,10.6732
lao,2022,10.1936
lao,2023,10.0218
lao,2024,9.904
lbn,1970,16.718
lbn,1971,17.1688
lbn,1972,18.2619
lbn,1973,18.9966
lbn,1974,21.2794
lbn,1975,18.567
lbn,1976,8.3226
lbn,1977,11.252
lbn,1978,11.8734
lbn,1979,14.4356
lbn,1980,14.8726
lbn,1981,14.2294
lbn,1982,10.4272
lbn,1983,11.1567
lbn,1984,9.1534
lbn,1985,8.7309
lbn,1986,8.9993
lbn,1987,6.8398
lbn,1988,8.6848
lbn,1989,7.5035
lbn,1990,5.1635
lbn,1991,7.1469
lbn,1992,6.9106
lbn,1993,8.7065
lbn,1994,9.1209
lbn,1995,9.5272
lbn,1996,10.6001
lbn,1997,11.0186
lbn,1998,10.2715
lbn,1999,10.8785
lbn,2000,10.7312
lbn,2001,13.1829
lbn,2002,13.6965
lbn,2003,13.7274
lbn,2004,9.7763
lbn,2005,9.6885
lbn,2006,9.5618
lbn,2007,9.5828
lbn,2008,10.3195
lbn,2009,10.7852
lbn,2010,9.9948
lbn,2011,11.5865
lbn,2012,12.4002
lbn,2013,12.2911
lbn,2014,11.8731
lbn,2015,9.9095
lbn,2016,9.6745
lbn,2017,10.0075
lbn,2018,10.9524
lbn,2019,9.9954
lbn,2020,11.2607
lbn,2021,12.5525
lbn,2022,10.2584
lbn,2023,10.3075
lbn,2024,10.5771
lbr,1970,1.8109
lbr,1971,1.9155
lbr,1972,1.8896
lbr,1973,1.922
lbr,1974,1.7998
lbr,1975,1.736
lbr,1976,1.7376
lbr,1977,2.0623
lbr,1978,1.9241
lbr,1979,2.0354
lbr,1980,1.998
lbr,1981,1.8125
lbr,1982,1.7714
lbr,1983,1.5938
lbr,1984,1.5542
lbr,1985,1.5561
lbr,1986,1.7228
lbr,1987,1.7625
lbr,1988,1.9486
lbr,1989,1.9426
lbr,1990,1.6
lbr,1991,2.1281
lbr,1992,1.5921
lbr,1993,1.4212
lbr,1994,1.3639
lbr,1995,1.2748
lbr,1996,1.269
lbr,1997,1.6527
lbr,1998,1.7046
lbr,1999,1.7553
lbr,2000,1.664
lbr,2001,1.7064
lbr,2002,1.5283
lbr,2003,1.5579
lbr,2004,2.4479
lbr,2005,2.567
lbr,2006,2.1259
lbr,2007,1.968
lbr,2008,1.9778
lbr,2009,2.0401
lbr,2010,1.9278
lbr,2011,1.9817
lbr,2012,1.8971
lbr,2013,1.8746
lbr,2014,2.0822
lbr,2015,2.2196
lbr,2016,2.124
lbr,2017,2.0229
lbr,2018,2.1347
lbr,2019,1.8678
lbr,2020,1.7729
lbr,2021,1.7515
lbr,2022,1.7433
lbr,2023,1.6605
lbr,2024,1.6255
lby,1970,12.776
lby,1971,13.5318
lby,1972,13.9756
lby,1973,15.7953
lby,1974,20.4373
lby,1975,18.0209
lby,1976,20.7296
lby,1977,20.1028
lby,1978,17.246
lby,1979,19.2278
lby,1980,21.1369
lby,1981,18.198
lby,1982,17.68
lby,1983,16.747
lby,1984,15.1042
lby,1985,15.3094
lby,1986,11.1739
lby,1987,9.5944
lby,1988,9.6219
lby,1989,9.7818
lby,1990,9.2395
lby,1991,9.4687
lby,1992,10.3164
lby,1993,12.0746
lby,1994,11.5714
lby,1995,10.3736
lby,1996,11.3755
lby,1997,10.9107
lby,1998,10.6758
lby,1999,11.3759
lby,2000,10.0214
lby,2001,10.8605
lby,2002,15.5044
lby,2003,16.2427
lby,2004,14.0534
lby,2005,14.5619
lby,2006,15.4974
lby,2007,17.4283
lby,2008,20.0587
lby,2009,24.1224
lby,2010,23.1704
lby,2011,15.3058
lby,2012,18.9664
lby,2013,19.083
lby,2014,21.8947
lby,2015,14.7689
lby,2016,15.6318
lby,2017,15.658
lby,2018,16.3079
lby,2019,20.3781
lby,2020,14.5202
lby,2021,13.5903
lby,2022,12.746
lby,2023,12.7146
lby,2024,13.2189
lka,1970,2.5484
lka,1971,2.5227
lka,1972,2.6826
lka,1973,2.5035
lka,1974,2.5541
lka,1975,2.3933
lka,1976,2.3087
lka,1977,2.1679
lka,1978,1.9229
lka,1979,2.0515
lka,1980,2.0551
lka,1981,2.0205
lka,1982,2.1709
lka,1983,2.186
lka,1984,2.2954
lka,1985,2.4607
lka,1986,2.4938
lka,1987,2.2966
lka,1988,2.198
lka,1989,2.1723
lka,1990,2.2852
lka,1991,2.2522
lka,1992,2.4993
lka,1993,2.5603
lka,1994,2.8978
lka,1995,2.9329
lka,1996,2.9104
lka,1997,3.0406
lka,1998,3.1635
lka,1999,3.3118
lka,2000,3.6676
lka,2001,3.5191
lka,2002,3.5445
lka,2003,3.537
lka,2004,3.5037
lka,2005,3.5145
lka,2006,4.4606
lka,2007,4.897
lka,2008,5.1591
lka,2009,4.095
lka,2010,4.5604
lka,2011,6.1067
lka,2012,6.2964
lka,2013,4.3936
lka,2014,6.3526
lka,2015,6.4951
lka,2016,4.6201
lka,2017,6.7597
lka,2018,4.4636
lka,2019,4.1734
lka,2020,4.1882
lka,2021,4.2393
lka,2022,4.1154
lka,2023,4.0791
lka,2024,4.0748
ltu,1992,10.7989
ltu,1993,11.9977
ltu,1994,8.4812
ltu,1995,8.7635
ltu,1996,9.7709
ltu,1997,10.9343
ltu,1998,11.6527
ltu,1999,12.4602
ltu,2000,12.022
ltu,2001,12.072
ltu,2002,12.9303
ltu,2003,13.9802
ltu,2004,14.6277
ltu,2005,15.2022
ltu,2006,16.4509
ltu,2007,19.7233
ltu,2008,19.4854
ltu,2009,15.5157
ltu,2010,15.6179
ltu,2011,17.2524
ltu,2012,16.9602
ltu,2013,17.5525
ltu,2014,17.5731
ltu,2015,17.8831
ltu,2016,18.5397
ltu,2017,20.082
ltu,2018,20.8275
ltu,2019,22.2243
ltu,2020,20.7205
ltu,2021,22.3568
ltu,2022,21.8326
ltu,2023,23.5716
ltu,2024,24.4785
lux,1970,26.9216
lux,1971,25.7665
lux,1972,25.6736
lux,1973,27.2033
lux,1974,26.8724
lux,1975,25.2156
lux,1976,25.6944
lux,1977,25.4017
lux,1978,25.7353
lux,1979,25.3674
lux,1980,25.2899
lux,1981,23.8779
lux,1982,22.9786
lux,1983,22.4896
lux,1984,22.9944
lux,1985,22.6902
lux,1986,24.4262
lux,1987,25.2221
lux,1988,25.4271
lux,1989,26.0725
lux,1990,27.3142
lux,1991,26.1379
lux,1992,28.6753
lux,1993,33.3236
lux,1994,31.3204
lux,1995,33.082
lux,1996,26.95
lux,1997,27.5764
lux,1998,30.235
lux,1999,37.409
lux,2000,33.265
lux,2001,30.5432
lux,2002,34.2631
lux,2003,40.2513
lux,2004,51.5087
lux,2005,36.3858
lux,2006,34.7705
lux,2007,43.6643
lux,2008,39.7144
lux,2009,56.4015
lux,2010,48.3841
lux,2011,36.6254
lux,2012,34.3104
lux,2013,44.4449
lux,2014,42.9414
lux,2015,46.2659
lux,2016,41.5069
lux,2017,38.0681
lux,2018,43.2234
lux,2019,50.3558
lux,2020,44.0043
lux,2021,76.7988
lux,2022,72.4463
lux,2023,74.171
lux,2024,75.2715
lva,1992,8.3552
lva,1993,9.4732
lva,1994,6.4359
lva,1995,6.3248
lva,1996,7.3737
lva,1997,7.9186
lva,1998,8.3406
lva,1999,9.2729
lva,2000,9.1149
lva,2001,8.795
lva,2002,10.4925
lva,2003,13.0279
lva,2004,12.5877
lva,2005,17.823
lva,2006,17.7673
lva,2007,23.3469
lva,2008,20.0702
lva,2009,14.0546
lva,2010,14.4424
lva,2011,17.3767
lva,2012,17.9627
lva,2013,17.7633
lva,2014,18.2079
lva,2015,17.4755
lva,2016,16.971
lva,2017,19.0987
lva,2018,20.2277
lva,2019,21.8942
lva,2020,21.4418
lva,2021,22.6476
lva,2022,22.4096
lva,2023,24.1775
lva,2024,25.2099
mar,1970,4.4579
mar,1971,4.6544
mar,1972,4.5842
mar,1973,4.3621
mar,1974,4.7315
mar,1975,4.6403
mar,1976,5.1507
mar,1977,4.8535
mar,1978,5.0636
mar,1979,5.188
mar,1980,5.1171
mar,1981,4.294
mar,1982,4.3853
mar,1983,4.0995
mar,1984,4.0019
mar,1985,4.1742
mar,1986,4.6845
mar,1987,4.4213
mar,1988,4.7469
mar,1989,4.7497
mar,1990,4.3944
mar,1991,4.8845
mar,1992,4.7679
mar,1993,4.5616
mar,1994,5.1935
mar,1995,4.4442
mar,1996,5.0685
mar,1997,4.631
mar,1998,5.023
mar,1999,5.1639
mar,2000,5.0745
mar,2001,5.1998
mar,2002,5.5581
mar,2003,5.9468
mar,2004,5.9927
mar,2005,5.4685
mar,2006,5.943
mar,2007,5.8498
mar,2008,6.3421
mar,2009,6.4475
mar,2010,6.0002
mar,2011,6.1415
mar,2012,5.9911
mar,2013,6.1899
mar,2014,5.6036
mar,2015,5.6799
mar,2016,5.5232
mar,2017,6.0064
mar,2018,6.4693
mar,2019,5.6046
mar,2020,5.3177
mar,2021,5.8649
mar,2022,5.7127
mar,2023,5.8469
mar,2024,6.0211
mda,1992,5.5607
mda,1993,6.0206
mda,1994,3.5187
mda,1995,4.1072
mda,1996,4.0528
mda,1997,4.8199
mda,1998,4.013
mda,1999,3.4794
mda,2000,3.8441
mda,2001,3.8858
mda,2002,3.9499
mda,2003,4.1006
mda,2004,4.8674
mda,2005,5.2785
mda,2006,5.6547
mda,2007,5.3056
mda,2008,6.7968
mda,2009,5.203
mda,2010,6.9063
mda,2011,7.2197
mda,2012,8.1946
mda,2013,8.8881
mda,2014,9.1996
mda,2015,6.774
mda,2016,6.8163
mda,2017,7.511
mda,2018,8.7895
mda,2019,8.6447
mda,2020,8.4382
mda,2021,10.3113
mda,2022,9.4251
mda,2023,8.7534
mda,2024,9.2886
mdg,1970,5.7185
mdg,1971,5.4739
mdg,1972,5.3455
mdg,1973,5.3537
mdg,1974,5.3113
mdg,1975,5.208
mdg,1976,5.1003
mdg,1977,4.8079
mdg,1978,4.966
mdg,1979,4.7804
mdg,1980,4.4676
mdg,1981,4.3471
mdg,1982,4.3237
mdg,1983,4.3279
mdg,1984,4.154
mdg,1985,4.0879
mdg,1986,4.1462
mdg,1987,3.8659
mdg,1988,3.7109
mdg,1989,3.6971
mdg,1990,3.9224
mdg,1991,3.5451
mdg,1992,3.6678
mdg,1993,3.5885
mdg,1994,3.3739
mdg,1995,3.3412
mdg,1996,3.4023
mdg,1997,3.1925
mdg,1998,3.0993
mdg,1999,3.0667
mdg,2000,2.8726
mdg,2001,2.7162
mdg,2002,2.6343
mdg,2003,2.7797
mdg,2004,2.5079
mdg,2005,2.6951
mdg,2006,2.8407
mdg,2007,3.0418
mdg,2008,3.1993
mdg,2009,3.1469
mdg,2010,2.9704
mdg,2011,2.9001
mdg,2012,2.9942
mdg,2013,2.7695
mdg,2014,2.8025
mdg,2015,2.8124
mdg,2016,2.6173
mdg,2017,2.6071
mdg,2018,2.2385
mdg,2019,2.1446
mdg,2020,2.1512
mdg,2021,2.1443
mdg,2022,2.1131
mdg,2023,2.0496
mdg,2024,2.0432
mex,1970,8.11
mex,1971,7.8326
mex,1972,7.8389
mex,1973,7.9595
mex,1974,8.1689
mex,1975,8.4435
mex,1976,8.167
mex,1977,7.8915
mex,1978,8.438
mex,1979,8.6914
mex,1980,9.8411
mex,1981,10.8152
mex,1982,9.959
mex,1983,9.2811
mex,1984,9.5
mex,1985,9.6557
mex,1986,8.4779
mex,1987,8.6346
mex,1988,8.7267
mex,1989,9.0498
mex,1990,9.8088
mex,1991,9.8153
mex,1992,10.7525
mex,1993,10.5877
mex,1994,10.9605
mex,1995,8.9975
mex,1996,9.7612
mex,1997,10.1139
mex,1998,10.8364
mex,1999,11.0927
mex,2000,11.9456
mex,2001,12.0535
mex,2002,11.7013
mex,2003,11.6296
mex,2004,11.7791
mex,2005,11.8253
mex,2006,12.1273
mex,2007,12.1844
mex,2008,11.8871
mex,2009,10.505
mex,2010,10.7486
mex,2011,10.7108
mex,2012,10.9167
mex,2013,10.9885
mex,2014,11.0302
mex,2015,10.6866
mex,2016,10.6008
mex,2017,10.4337
mex,2018,10.878
mex,2019,10.8043
mex,2020,9.774
mex,2021,10.5643
mex,2022,10.7683
mex,2023,11.1529
mex,2024,11.3094
mkd,1992,6.7322
mkd,1993,3.7741
mkd,1994,8.9677
mkd,1995,9.4855
mkd,1996,10.358
mkd,1997,13.5753
mkd,1998,19.2824
mkd,1999,14.5534
mkd,2000,14.2707
mkd,2001,16.6865
mkd,2002,15.8045
mkd,2003,16.4965
mkd,2004,16.0864
mkd,2005,14.1582
mkd,2006,9.9269
mkd,2007,8.6651
mkd,2008,9.2897
mkd,2009,9.0813
mkd,2010,8.8433
mkd,2011,10.0062
mkd,2012,9.386
mkd,2013,10.0697
mkd,2014,10.473
mkd,2015,9.4616
mkd,2016,8.8875
mkd,2017,10.7341
mkd,2018,10.1766
mkd,2019,9.3803
mkd,2020,9.2657
mkd,2021,8.8244
mkd,2022,8.8899
mkd,2023,9.3255
mkd,2024,9.633
mli,1970,1.5424
mli,1971,1.5972
mli,1972,1.4213
mli,1973,1.4151
mli,1974,1.4454
mli,1975,1.6293
mli,1976,1.6428
mli,1977,1.6337
mli,1978,1.6921
mli,1979,1.6491
mli,1980,1.6303
mli,1981,1.6781
mli,1982,1.6361
mli,1983,1.5897
mli,1984,1.4065
mli,1985,1.6884
mli,1986,1.8012
mli,1987,1.7604
mli,1988,2.0096
mli,1989,1.9298
mli,1990,1.8402
mli,1991,2.115
mli,1992,1.9827
mli,1993,2.28
mli,1994,2.8389
mli,1995,2.4521
mli,1996,2.9351
mli,1997,2.1901
mli,1998,2.4399
mli,1999,2.627
mli,2000,2.4279
mli,2001,2.1011
mli,2002,1.8251
mli,2003,2.5668
mli,2004,2.237
mli,2005,2.2404
mli,2006,2.1138
mli,2007,2.3742
mli,2008,2.601
mli,2009,2.8027
mli,2010,2.8124
mli,2011,2.9475
mli,2012,2.7234
mli,2013,2.5982
mli,2014,2.9637
mli,2015,3.0063
mli,2016,3.1683
mli,2017,3.8247
mli,2018,3.8053
mli,2019,3.8046
mli,2020,3.5191
mli,2021,3.2813
mli,2022,3.2166
mli,2023,3.1647
mli,2024,3.1692
mlt,1970,9.6713
mlt,1971,9.5719
mlt,1972,9.2211
mlt,1973,10.0269
mlt,1974,11.9406
mlt,1975,12.9331
mlt,1976,15.0247
mlt,1977,14.5206
mlt,1978,13.9215
mlt,1979,14.5411
mlt,1980,16.0859
mlt,1981,16.2441
mlt,1982,15.9663
mlt,1983,15.5213
mlt,1984,17.9188
mlt,1985,17.9424
mlt,1986,17.9431
mlt,1987,18.3577
mlt,1988,19.2915
mlt,1989,19.9758
mlt,1990,17.4369
mlt,1991,22.4581
mlt,1992,15.7538
mlt,1993,14.8427
mlt,1994,16.4737
mlt,1995,17.0412
mlt,1996,16.9207
mlt,1997,16.0335
mlt,1998,19.0653
mlt,1999,18.9411
mlt,2000,20.2362
mlt,2001,20.2673
mlt,2002,19.346
mlt,2003,21.7489
mlt,2004,21.8731
mlt,2005,22.9996
mlt,2006,22.7745
mlt,2007,23.4766
mlt,2008,22.5365
mlt,2009,18.0815
mlt,2010,24.4096
mlt,2011,21.0851
mlt,2012,19.7718
mlt,2013,20.4201
mlt,2014,17.034
mlt,2015,18.2317
mlt,2016,15.1156
mlt,2017,17.0976
mlt,2018,18.8695
mlt,2019,18.6926
mlt,2020,18.6447
mlt,2021,19.6905
mlt,2022,19.7215
mlt,2023,20.4629
mlt,2024,21.033
mmr,1970,2.6263
mmr,1971,2.6466
mmr,1972,2.6229
mmr,1973,2.7035
mmr,1974,2.635
mmr,1975,2.6559
mmr,1976,2.6444
mmr,1977,2.7363
mmr,1978,2.8415
mmr,1979,2.877
mmr,1980,2.8808
mmr,1981,2.9657
mmr,1982,3.0334
mmr,1983,3.1052
mmr,1984,3.113
mmr,1985,3.1895
mmr,1986,3.0912
mmr,1987,2.9733
mmr,1988,2.8601
mmr,1989,2.6665
mmr,1990,2.8807
mmr,1991,2.885
mmr,1992,2.9582
mmr,1993,2.9798
mmr,1994,3.0873
mmr,1995,3.2297
mmr,1996,3.2626
mmr,1997,3.2848
mmr,1998,3.1337
mmr,1999,3.3308
mmr,2000,3.2645
mmr,2001,3.332
mmr,2002,3.4443
mmr,2003,3.5502
mmr,2004,3.5546
mmr,2005,3.6067
mmr,2006,3.7258
mmr,2007,4.045
mmr,2008,4.2648
mmr,2009,4.3639
mmr,2010,4.5558
mmr,2011,4.629
mmr,2012,4.5777
mmr,2013,4.7696
mmr,2014,5.3439
mmr,2015,5.1616
mmr,2016,5.1518
mmr,2017,5.7345
mmr,2018,4.3873
mmr,2019,4.3642
mmr,2020,4.2992
mmr,2021,4.1327
mmr,2022,4.1618
mmr,2023,4.2307
mmr,2024,4.261
mng,1970,24.6145
mng,1971,25.0131
mng,1972,24.8109
mng,1973,24.6837
mng,1974,24.0228
mng,1975,24.4104
mng,1976,23.9415
mng,1977,22.7949
mng,1978,22.1653
mng,1979,22.2425
mng,1980,22.2038
mng,1981,22.0432
mng,1982,23.5411
mng,1983,23.7819
mng,1984,22.0247
mng,1985,24.0684
mng,1986,24.2656
mng,1987,25.1388
mng,1988,24.5799
mng,1989,24.3198
mng,1990,24.3912
mng,1991,18.1547
mng,1992,21.4101
mng,1993,19.1943
mng,1994,17.826
mng,1995,16.1208
mng,1996,16.8126
mng,1997,16.6391
mng,1998,17.2707
mng,1999,17.8723
mng,2000,15.6795
mng,2001,15.2577
mng,2002,12.9698
mng,2003,12.4059
mng,2004,12.0879
mng,2005,13.7976
mng,2006,15.2947
mng,2007,17.7127
mng,2008,18.5968
mng,2009,18.8913
mng,2010,17.7953
mng,2011,21.0662
mng,2012,19.965
mng,2013,24.5526
mng,2014,24.5832
mng,2015,23.1607
mng,2016,22.8474
mng,2017,22.9976
mng,2018,24.6799
mng,2019,26.0194
mng,2020,23.8647
mng,2021,25.1756
mng,2022,25.0279
mng,2023,25.0436
mng,2024,24.9456
moz,1970,6.713
moz,1971,6.9728
moz,1972,7.0647
moz,1973,7.1327
moz,1974,6.3068
moz,1975,5.6057
moz,1976,5.1409
moz,1977,4.9308
moz,1978,4.486
moz,1979,4.228
moz,1980,3.9196
moz,1981,3.8208
moz,1982,3.7622
moz,1983,3.4867
moz,1984,3.5502
moz,1985,3.8801
moz,1986,3.9803
moz,1987,2.7431
moz,1988,2.6467
moz,1989,2.698
moz,1990,2.7751
moz,1991,2.629
moz,1992,2.4224
moz,1993,2.4622
moz,1994,2.3273
moz,1995,2.572
moz,1996,2.4859
moz,1997,2.4809
moz,1998,2.4955
moz,1999,2.4125
moz,2000,2.3435
moz,2001,2.0566
moz,2002,2.1746
moz,2003,2.5554
moz,2004,2.216
moz,2005,2.069
moz,2006,2.045
moz,2007,1.9736
moz,2008,1.9129
moz,2009,2.0656
moz,2010,2.423
moz,2011,2.7135
moz,2012,3.3878
moz,2013,3.1992
moz,2014,3.3519
moz,2015,2.6714
moz,2016,2.7262
moz,2017,2.4756
moz,2018,2.6266
moz,2019,2.7459
moz,2020,2.3275
moz,2021,2.2786
moz,2022,2.2955
moz,2023,2.2727
moz,2024,2.2645
mrt,1970,11.124
mrt,1971,10.6188
mrt,1972,9.7335
mrt,1973,9.4592
mrt,1974,8.5941
mrt,1975,8.6301
mrt,1976,8.7821
mrt,1977,8.5323
mrt,1978,8.2012
mrt,1979,8.1357
mrt,1980,8.1478
mrt,1981,8.3869
mrt,1982,8.2584
mrt,1983,7.515
mrt,1984,7.0248
mrt,1985,7.1515
mrt,1986,7.1327
mrt,1987,7.0726
mrt,1988,7.0818
mrt,1989,7.1771
mrt,1990,7.2508
mrt,1991,6.3788
mrt,1992,6.4246
mrt,1993,9.2005
mrt,1994,8.3062
mrt,1995,13.6756
mrt,1996,5.9246
mrt,1997,17.0667
mrt,1998,10.3907
mrt,1999,6.3759
mrt,2000,10.3261
mrt,2001,10.6867
mrt,2002,7.6449
mrt,2003,12.6893
mrt,2004,7.5459
mrt,2005,6.0931
mrt,2006,7.3398
mrt,2007,8.231
mrt,2008,6.5119
mrt,2009,7.336
mrt,2010,6.4937
mrt,2011,5.3926
mrt,2012,5.8391
mrt,2013,5.8384
mrt,2014,5.2376
mrt,2015,5.0829
mrt,2016,5.0518
mrt,2017,5.0114
mrt,2018,5.6639
mrt,2019,5.347
mrt,2020,5.4781
mrt,2021,6.0617
mrt,2022,5.93
mrt,2023,5.7727
mrt,2024,5.76
mwi,1970,2.754
mwi,1971,3.1136
mwi,1972,3.1961
mwi,1973,3.0856
mwi,1974,3.0386
mwi,1975,2.9903
mwi,1976,3.1238
mwi,1977,3.1166
mwi,1978,3.0776
mwi,1979,2.9825
mwi,1980,2.8724
mwi,1981,2.8907
mwi,1982,2.886
mwi,1983,2.6887
mwi,1984,2.6049
mwi,1985,2.5269
mwi,1986,2.4752
mwi,1987,2.3356
mwi,1988,2.3141
mwi,1989,2.3029
mwi,1990,2.1617
mwi,1991,2.3115
mwi,1992,1.8503
mwi,1993,2.2207
mwi,1994,1.7983
mwi,1995,2.1789
mwi,1996,2.2994
mwi,1997,2.1937
mwi,1998,2.3727
mwi,1999,2.7619
mwi,2000,2.8607
mwi,2001,2.7703
mwi,2002,2.5274
mwi,2003,2.659
mwi,2004,2.5042
mwi,2005,2.2896
mwi,2006,2.9193
mwi,2007,3.0474
mwi,2008,2.9931
mwi,2009,3.1718
mwi,2010,3.251
mwi,2011,3.2433
mwi,2012,3.2435
mwi,2013,3.3212
mwi,2014,3.3372
mwi,2015,2.9655
mwi,2016,2.7962
mwi,2017,3.0452
mwi,2018,2.9335
mwi,2019,3.1487
mwi,2020,3.6309
mwi,2021,3.678
mwi,2022,3.6252
mwi,2023,3.5478
mwi,2024,3.4856
mys,1970,4.8298
mys,1971,5.0191
mys,1972,5.3323
mys,1973,6.2026
mys,1974,6.435
mys,1975,6.2088
mys,1976,6.8821
mys,1977,7.0896
mys,1978,7.4699
mys,1979,8.1765
mys,1980,8.7434
mys,1981,8.8465
mys,1982,9.5191
mys,1983,9.7597
mys,1984,10.5081
mys,1985,9.8665
mys,1986,8.9876
mys,1987,9.0341
mys,1988,9.0485
mys,1989,9.6158
mys,1990,9.0735
mys,1991,10.4585
mys,1992,11.0113
mys,1993,11.7122
mys,1994,11.6373
mys,1995,12.157
mys,1996,12.7416
mys,1997,13.3164
mys,1998,8.3663
mys,1999,8.0196
mys,2000,10.5746
mys,2001,10.6172
mys,2002,10.5595
mys,2003,12.0725
mys,2004,11.6762
mys,2005,12.1024
mys,2006,12.8956
mys,2007,14.6321
mys,2008,14.801
mys,2009,14.1028
mys,2010,15.0057
mys,2011,20.1787
mys,2012,20.8977
mys,2013,20.9892
mys,2014,19.5568
mys,2015,19.1059
mys,2016,18.2206
mys,2017,20.0904
mys,2018,20.6013
mys,2019,21.108
mys,2020,20.0289
mys,2021,20.7397
mys,2022,20.9407
mys,2023,21.3942
mys,2024,21.8155
nam,1970,11.8379
nam,1971,11.7633
nam,1972,11.1714
nam,1973,11.2953
nam,1974,11.5036
nam,1975,9.8555
nam,1976,9.4534
nam,1977,9.3952
nam,1978,8.4806
nam,1979,9.0967
nam,1980,10.3947
nam,1981,9.7269
nam,1982,9.1792
nam,1983,9.2233
nam,1984,9.005
nam,1985,7.9195
nam,1986,8.0145
nam,1987,8.1649
nam,1988,8.3006
nam,1989,7.6839
nam,1990,6.9987
nam,1991,7.2968
nam,1992,7.1528
nam,1993,6.0808
nam,1994,6.4857
nam,1995,7.1139
nam,1996,7.1526
nam,1997,7.6224
nam,1998,7.6479
nam,1999,6.3159
nam,2000,6.5886
nam,2001,6.5095
nam,2002,5.3016
nam,2003,6.8768
nam,2004,7.392
nam,2005,7.3829
nam,2006,8.6286
nam,2007,8.9635
nam,2008,10.4734
nam,2009,12.7877
nam,2010,10.6018
nam,2011,10.1065
nam,2012,11.9727
nam,2013,12.9055
nam,2014,12.3126
nam,2015,10.8095
nam,2016,10.4711
nam,2017,7.5836
nam,2018,10.3455
nam,2019,11.3541
nam,2020,10.7112
nam,2021,13.4641
nam,2022,12.851
nam,2023,12.8285
nam,2024,13.0279
ner,1970,5.241
ner,1971,5.3876
ner,1972,5.2642
ner,1973,3.9529
ner,1974,4.0562
ner,1975,3.9715
ner,1976,4.5139
ner,1977,4.8701
ner,1978,5.0772
ner,1979,5.2642
ner,1980,5.4662
ner,1981,5.2921
ner,1982,5.2023
ner,1983,5.1
ner,1984,3.5566
ner,1985,3.5349
ner,1986,3.7201
ner,1987,3.742
ner,1988,4.1742
ner,1989,3.891
ner,1990,4.3398
ner,1991,4.0349
ner,1992,3.8711
ner,1993,4.2909
ner,1994,3.6725
ner,1995,3.347
ner,1996,3.4353
ner,1997,2.6941
ner,1998,2.9666
ner,1999,2.9947
ner,2000,2.3152
ner,2001,2.3672
ner,2002,1.8576
ner,2003,1.8313
ner,2004,2.1069
ner,2005,2.1978
ner,2006,2.0123
ner,2007,1.8513
ner,2008,2.3191
ner,2009,1.806
ner,2010,2.4208
ner,2011,2.01
ner,2012,2.4706
ner,2013,2.4747
ner,2014,2.9652
ner,2015,3.517
ner,2016,3.6927
ner,2017,3.5868
ner,2018,4.2227
ner,2019,4.0015
ner,2020,4.6682
ner,2021,3.728
ner,2022,3.6506
ner,2023,3.6066
ner,2024,3.6669
nga,1970,2.9239
nga,1971,2.7412
nga,1972,2.4651
nga,1973,2.5906
nga,1974,2.8184
nga,1975,2.7296
nga,1976,2.6236
nga,1977,2.7089
nga,1978,2.5855
nga,1979,2.6148
nga,1980,2.6908
nga,1981,2.6095
nga,1982,2.6432
nga,1983,2.5826
nga,1984,2.4956
nga,1985,2.5108
nga,1986,2.4395
nga,1987,2.3168
nga,1988,2.4318
nga,1989,2.4171
nga,1990,2.469
nga,1991,2.601
nga,1992,2.7588
nga,1993,2.7815
nga,1994,2.8632
nga,1995,2.8362
nga,1996,2.8458
nga,1997,2.7064
nga,1998,3.0989
nga,1999,2.9046
nga,2000,2.5751
nga,2001,2.6171
nga,2002,2.8101
nga,2003,2.9282
nga,2004,2.9994
nga,2005,3.1431
nga,2006,3.1397
nga,2007,3.5037
nga,2008,3.5255
nga,2009,3.1648
nga,2010,3.54
nga,2011,3.5151
nga,2012,3.1122
nga,2013,3.7396
nga,2014,3.7026
nga,2015,3.6976
nga,2016,3.7982
nga,2017,3.5302
nga,2018,3.8085
nga,2019,3.9043
nga,2020,3.7802
nga,2021,3.3013
nga,2022,3.3131
nga,2023,3.2012
nga,2024,3.1843
nic,1970,8.4427
nic,1971,7.9392
nic,1972,7.566
nic,1973,7.8701
nic,1974,8.6726
nic,1975,8.3948
nic,1976,8.45
nic,1977,8.7184
nic,1978,8.273
nic,1979,6.8464
nic,1980,6.2706
nic,1981,6.3836
nic,1982,6.4497
nic,1983,6.0372
nic,1984,6.1913
nic,1985,5.8237
nic,1986,5.4292
nic,1987,4.9903
nic,1988,4.7913
nic,1989,5.1754
nic,1990,5.1405
nic,1991,5.184
nic,1992,5.425
nic,1993,5.2091
nic,1994,5.1197
nic,1995,5.0082
nic,1996,5.2662
nic,1997,5.534
nic,1998,5.4924
nic,1999,5.8725
nic,2000,5.7383
nic,2001,5.893
nic,2002,6.085
nic,2003,5.3858
nic,2004,5.7697
nic,2005,6.0245
nic,2006,6.4793
nic,2007,7.0599
nic,2008,6.5438
nic,2009,6.2887
nic,2010,6.4263
nic,2011,6.8382
nic,2012,7.7544
nic,2013,7.7229
nic,2014,7.6101
nic,2015,7.6477
nic,2016,8.2892
nic,2017,7.7075
nic,2018,8.238
nic,2019,7.9217
nic,2020,8.1852
nic,2021,8.5181
nic,2022,8.7277
nic,2023,8.8344
nic,2024,8.7481
nld,1970,21.0469
nld,1971,22.07
nld,1972,22.8687
nld,1973,24.3359
nld,1974,24.4295
nld,1975,24.361
nld,1976,25.1253
nld,1977,26.0233
nld,1978,27.0301
nld,1979,27.5347
nld,1980,26.7422
nld,1981,23.7685
nld,1982,22.4751
nld,1983,22.2047
nld,1984,22.3388
nld,1985,22.4033
nld,1986,24.4768
nld,1987,25.5845
nld,1988,25.6747
nld,1989,25.3526
nld,1990,26.3375
nld,1991,24.1198
nld,1992,25.2407
nld,1993,24.3809
nld,1994,25.3088
nld,1995,26.2651
nld,1996,25.5368
nld,1997,25.4532
nld,1998,25.3973
nld,1999,30.0745
nld,2000,28.7902
nld,2001,28.5849
nld,2002,28.1423
nld,2003,29.5463
nld,2004,29.5355
nld,2005,29.0618
nld,2006,30.418
nld,2007,32.5802
nld,2008,31.9803
nld,2009,28.0005
nld,2010,27.6495
nld,2011,29.2704
nld,2012,26.9683
nld,2013,27.5668
nld,2014,26.7575
nld,2015,26.987
nld,2016,26.2005
nld,2017,26.9396
nld,2018,29.8665
nld,2019,30.2637
nld,2020,30.8354
nld,2021,31.8153
nld,2022,31.7467
nld,2023,32.6525
nld,2024,33.2842
nor,1970,15.8564
nor,1971,16.687
nor,1972,16.5439
nor,1973,17.7683
nor,1974,18.3633
nor,1975,18.326
nor,1976,18.9646
nor,1977,18.9664
nor,1978,18.7367
nor,1979,19.0276
nor,1980,19.931
nor,1981,19.8095
nor,1982,19.9219
nor,1983,19.8492
nor,1984,20.7349
nor,1985,21.4277
nor,1986,22.2236
nor,1987,23.2494
nor,1988,23.0815
nor,1989,23.1299
nor,1990,24.301
nor,1991,19.9797
nor,1992,23.6328
nor,1993,23.2955
nor,1994,23.2113
nor,1995,23.9096
nor,1996,24.1577
nor,1997,25.3505
nor,1998,30.7129
nor,1999,29.7252
nor,2000,27.207
nor,2001,26.8209
nor,2002,28.9131
nor,2003,29.2033
nor,2004,30.9058
nor,2005,32.4714
nor,2006,33.5527
nor,2007,36.9628
nor,2008,35.8877
nor,2009,32.1816
nor,2010,35.6114
nor,2011,34.7794
nor,2012,34.3937
nor,2013,35.5423
nor,2014,34.696
nor,2015,31.8462
nor,2016,34.417
nor,2017,34.1589
nor,2018,35.2595
nor,2019,36.8627
nor,2020,35.3895
nor,2021,36.1669
nor,2022,37.7529
nor,2023,37.5221
nor,2024,38.0752
npl,1970,2.4259
npl,1971,2.403
npl,1972,2.352
npl,1973,2.3716
npl,1974,2.3702
npl,1975,2.3598
npl,1976,2.3122
npl,1977,2.2428
npl,1978,2.2421
npl,1979,2.1271
npl,1980,2.2184
npl,1981,2.2155
npl,1982,2.0899
npl,1983,2.2287
npl,1984,2.1762
npl,1985,2.1591
npl,1986,2.1261
npl,1987,2.1844
npl,1988,2.2787
npl,1989,2.3086
npl,1990,2.3318
npl,1991,2.2417
npl,1992,2.1987
npl,1993,2.2575
npl,1994,2.2115
npl,1995,2.2719
npl,1996,2.3437
npl,1997,2.3006
npl,1998,2.2781
npl,1999,2.3191
npl,2000,2.3871
npl,2001,2.471
npl,2002,2.7938
npl,2003,2.9788
npl,2004,3.0445
npl,2005,3.1281
npl,2006,3.1767
npl,2007,3.2622
npl,2008,3.2945
npl,2009,3.4357
npl,2010,3.6001
npl,2011,3.6642
npl,2012,4.343
npl,2013,4.4938
npl,2014,4.7813
npl,2015,4.9446
npl,2016,5.1606
npl,2017,6.4064
npl,2018,7.4931
npl,2019,7.9268
npl,2020,7.3964
npl,2021,7.6539
npl,2022,7.8057
npl,2023,7.948
npl,2024,8.1034
nzl,1970,31.1833
nzl,1971,31.1822
nzl,1972,32.8486
nzl,1973,34.4056
nzl,1974,33.3363
nzl,1975,29.9503
nzl,1976,29.298
nzl,1977,29.2269
nzl,1978,28.5744
nzl,1979,29.2028
nzl,1980,28.5328
nzl,1981,28.2027
nzl,1982,28.0771
nzl,1983,30.9438
nzl,1984,33.4031
nzl,1985,32.3925
nzl,1986,28.4125
nzl,1987,28.6342
nzl,1988,29.2203
nzl,1989,28.5726
nzl,1990,28.9083
nzl,1991,31.9577
nzl,1992,24.4872
nzl,1993,25.6943
nzl,1994,25.6131
nzl,1995,27.1124
nzl,1996,28.3089
nzl,1997,27.7359
nzl,1998,25.9556
nzl,1999,25.0673
nzl,2000,23.9383
nzl,2001,24.6405
nzl,2002,26.0687
nzl,2003,28.962
nzl,2004,31.0083
nzl,2005,32.9307
nzl,2006,30.7186
nzl,2007,32.9294
nzl,2008,30.6075
nzl,2009,29.1701
nzl,2010,27.1517
nzl,2011,28.9223
nzl,2012,29.2792
nzl,2013,30.3294
nzl,2014,31.6224
nzl,2015,30.3965
nzl,2016,31.6539
nzl,2017,31.4189
nzl,2018,30.9405
nzl,2019,30.6689
nzl,2020,30.6568
nzl,2021,33.3731
nzl,2022,32.808
nzl,2023,33.0667
nzl,2024,32.8888
omn,1970,9.9201
omn,1971,9.6433
omn,1972,9.7369
omn,1973,9.976
omn,1974,13.9116
omn,1975,14.6094
omn,1976,15.6205
omn,1977,14.2885
omn,1978,12.3395
omn,1979,12.6497
omn,1980,15.1338
omn,1981,18.282
omn,1982,20.2055
omn,1983,24.3914
omn,1984,20.6361
omn,1985,21.5326
omn,1986,15.8104
omn,1987,13.6366
omn,1988,12.5727
omn,1989,12.6674
omn,1990,12.4727
omn,1991,15.3328
omn,1992,16.0809
omn,1993,14.679
omn,1994,15.2061
omn,1995,17.4055
omn,1996,16.2289
omn,1997,19.9793
omn,1998,23.6684
omn,1999,25.6685
omn,2000,31.0803
omn,2001,37.4327
omn,2002,34.3686
omn,2003,38.8149
omn,2004,40.5367
omn,2005,39.4494
omn,2006,52.601
omn,2007,54.0314
omn,2008,56.8755
omn,2009,57.6181
omn,2010,49.0785
omn,2011,44.8
omn,2012,45.2541
omn,2013,44.3174
omn,2014,39.3331
omn,2015,42.5003
omn,2016,40.7825
omn,2017,38.6241
omn,2018,34.1061
omn,2019,33.4674
omn,2020,35.5516
omn,2021,36.1446
omn,2022,38.5833
omn,2023,38.4645
omn,2024,39.1447
pak,1970,2.7788
pak,1971,2.6916
pak,1972,2.4002
pak,1973,2.3741
pak,1974,2.4815
pak,1975,2.3997
pak,1976,2.5088
pak,1977,2.6029
pak,1978,2.5261
pak,1979,2.5564
pak,1980,2.4882
pak,1981,2.5913
pak,1982,2.6187
pak,1983,2.5447
pak,1984,2.5094
pak,1985,2.4734
pak,1986,2.4494
pak,1987,2.6067
pak,1988,2.4565
pak,1989,2.473
pak,1990,2.4314
pak,1991,2.4293
pak,1992,2.4324
pak,1993,2.51
pak,1994,2.478
pak,1995,2.5438
pak,1996,2.4933
pak,1997,2.4638
pak,1998,2.5645
pak,1999,2.5923
pak,2000,2.4265
pak,2001,2.2793
pak,2002,2.2935
pak,2003,2.214
pak,2004,2.5038
pak,2005,2.6596
pak,2006,2.9227
pak,2007,3.1979
pak,2008,3.0559
pak,2009,2.9588
pak,2010,2.8164
pak,2011,3.0523
pak,2012,2.9935
pak,2013,3.112
pak,2014,3.1873
pak,2015,3.3479
pak,2016,3.7212
pak,2017,3.8949
pak,2018,3.785
pak,2019,3.811
pak,2020,3.8987
pak,2021,4.0692
pak,2022,4.1114
pak,2023,3.9366
pak,2024,3.8289
pan,1970,14.6608
pan,1971,15.925
pan,1972,8.7152
pan,1973,9.1481
pan,1974,10.0672
pan,1975,8.7056
pan,1976,7.9207
pan,1977,7.8843
pan,1978,8.3191
pan,1979,8.4339
pan,1980,8.7842
pan,1981,8.5205
pan,1982,8.2741
pan,1983,7.8303
pan,1984,7.7879
pan,1985,7.715
pan,1986,7.6172
pan,1987,7.4125
pan,1988,6.5396
pan,1989,6.2052
pan,1990,6.6062
pan,1991,5.8771
pan,1992,6.8432
pan,1993,6.5962
pan,1994,6.4673
pan,1995,5.9873
pan,1996,5.6555
pan,1997,5.6847
pan,1998,6.6907
pan,1999,5.89
pan,2000,5.6426
pan,2001,5.4752
pan,2002,6.0189
pan,2003,6.2773
pan,2004,6.5116
pan,2005,5.9073
pan,2006,5.9731
pan,2007,8.242
pan,2008,9.696
pan,2009,8.3301
pan,2010,9.1559
pan,2011,8.9929
pan,2012,11.6796
pan,2013,12.8277
pan,2014,12.4425
pan,2015,12.2667
pan,2016,12.3193
pan,2017,11.3957
pan,2018,10.8764
pan,2019,10.8521
pan,2020,8.3803
pan,2021,37.3141
pan,2022,37.4215
pan,2023,38.5064
pan,2024,39.3764
per,1970,7.6853
per,1971,7.2946
per,1972,6.6576
per,1973,6.3032
per,1974,6.6049
per,1975,6.0344
per,1976,7.1004
per,1977,7.519
per,1978,6.6863
per,1979,5.5124
per,1980,5.5647
per,1981,5.9666
per,1982,6.0959
per,1983,5.0307
per,1984,5.2201
per,1985,4.9752
per,1986,5.582
per,1987,6.0409
per,1988,5.3148
per,1989,5.3677
per,1990,4.3819
per,1991,4.6738
per,1992,4.7155
per,1993,5.0159
per,1994,5.5356
per,1995,5.9416
per,1996,6.0015
per,1997,6.0287
per,1998,5.893
per,1999,6.1389
per,2000,5.9279
per,2001,5.9405
per,2002,6.0197
per,2003,5.4488
per,2004,5.0905
per,2005,5.1362
per,2006,5.4163
per,2007,5.9979
per,2008,6.7611
per,2009,6.1679
per,2010,6.5645
per,2011,6.6212
per,2012,7.4121
per,2013,7.3468
per,2014,7.4357
per,2015,7.1615
per,2016,6.9701
per,2017,6.3566
per,2018,6.4395
per,2019,6.4647
per,2020,6.3438
per,2021,6.3426
per,2022,6.4599
per,2023,6.5779
per,2024,6.5755
phl,1970,4.6035
phl,1971,4.7935
phl,1972,4.6753
phl,1973,4.8642
phl,1974,4.9907
phl,1975,5.1498
phl,1976,5.4308
phl,1977,5.1457
phl,1978,5.0747
phl,1979,4.9702
phl,1980,4.9535
phl,1981,4.9758
phl,1982,4.9189
phl,1983,4.3832
phl,1984,4.2409
phl,1985,3.8094
phl,1986,3.7357
phl,1987,3.6028
phl,1988,3.5285
phl,1989,3.7084
phl,1990,4.0995
phl,1991,3.5444
phl,1992,3.7014
phl,1993,3.8054
phl,1994,4.0274
phl,1995,3.958
phl,1996,4.2211
phl,1997,4.4277
phl,1998,3.9008
phl,1999,3.677
phl,2000,3.7219
phl,2001,3.73
phl,2002,3.7624
phl,2003,3.7046
phl,2004,3.878
phl,2005,3.7982
phl,2006,3.846
phl,2007,4.2592
phl,2008,4.2438
phl,2009,4.2407
phl,2010,4.2484
phl,2011,4.7054
phl,2012,4.7679
phl,2013,4.7554
phl,2014,7.1097
phl,2015,7.1929
phl,2016,7.8906
phl,2017,7.9169
phl,2018,7.95
phl,2019,8.0468
phl,2020,7.4557
phl,2021,8.0049
phl,2022,8.2193
phl,2023,8.5983
phl,2024,8.9813
png,1970,5.0914
png,1971,5.2201
png,1972,5.3202
png,1973,5.8162
png,1974,5.8072
png,1975,5.3704
png,1976,5.4681
png,1977,5.5025
png,1978,5.5837
png,1979,5.6394
png,1980,5.8997
png,1981,5.5973
png,1982,5.5078
png,1983,5.2575
png,1984,5.1954
png,1985,4.9875
png,1986,4.9826
png,1987,5.0279
png,1988,5.0424
png,1989,4.942
png,1990,5.5087
png,1991,6.4519
png,1992,6.349
png,1993,5.7383
png,1994,5.3817
png,1995,4.6833
png,1996,4.8643
png,1997,5.4046
png,1998,4.7146
png,1999,3.5138
png,2000,2.2772
png,2001,4.102
png,2002,2.7238
png,2003,3.2485
png,2004,2.4638
png,2005,2.7878
png,2006,3.2817
png,2007,3.6808
png,2008,3.7457
png,2009,4.7949
png,2010,5.246
png,2011,5.8925
png,2012,5.9548
png,2013,3.2601
png,2014,2.585
png,2015,2.3268
png,2016,2.3335
png,2017,2.3011
png,2018,2.4103
png,2019,2.3481
png,2020,2.3941
png,2021,2.3142
png,2022,2.3245
png,2023,2.3099
png,2024,2.3017
pol,1970,16.384
pol,1971,16.6722
pol,1972,17.3647
pol,1973,18.3542
pol,1974,18.8837
pol,1975,19.1369
pol,1976,19.8501
pol,1977,19.7811
pol,1978,20.2421
pol,1979,19.3361
pol,1980,17.9836
pol,1981,16.4409
pol,1982,16.9016
pol,1983,17.7872
pol,1984,18.116
pol,1985,17.5082
pol,1986,17.7402
pol,1987,16.7668
pol,1988,16.8362
pol,1989,16.9127
pol,1990,12.2856
pol,1991,12.7268
pol,1992,11.6338
pol,1993,12.266
pol,1994,11.8919
pol,1995,12.2569
pol,1996,13.3221
pol,1997,13.3307
pol,1998,13.3068
pol,1999,13.5472
pol,2000,13.406
pol,2001,12.497
pol,2002,12.3914
pol,2003,12.2826
pol,2004,12.8643
pol,2005,13.2264
pol,2006,13.7511
pol,2007,15.4154
pol,2008,16.34
pol,2009,14.9566
pol,2010,15.5831
pol,2011,16.9918
pol,2012,15.8407
pol,2013,14.8373
pol,2014,15.0639
pol,2015,15.2135
pol,2016,15.1269
pol,2017,15.4273
pol,2018,15.4405
pol,2019,15.1421
pol,2020,15.2857
pol,2021,14.6308
pol,2022,14.1275
pol,2023,14.47
pol,2024,15.0068
prk,1970,6.391
prk,1971,6.6404
prk,1972,6.6891
prk,1973,6.8281
prk,1974,7.009
prk,1975,7.3902
prk,1976,7.2745
prk,1977,7.2496
prk,1978,7.1416
prk,1979,7.4312
prk,1980,7.4193
prk,1981,7.485
prk,1982,7.644
prk,1983,7.5044
prk,1984,7.5115
prk,1985,7.5786
prk,1986,7.4681
prk,1987,7.2169
prk,1988,7.4764
prk,1989,8.0897
prk,1990,9.2497
prk,1991,6.6278
prk,1992,6.7925
prk,1993,6.0127
prk,1994,7.3842
prk,1995,6.6029
prk,1996,6.5862
prk,1997,6.3023
prk,1998,3.5812
prk,1999,3.9594
prk,2000,4.1169
prk,2001,4.7856
prk,2002,4.5846
prk,2003,4.839
prk,2004,4.9688
prk,2005,4.9295
prk,2006,4.9043
prk,2007,4.8318
prk,2008,4.5809
prk,2009,4.1991
prk,2010,4.2504
prk,2011,4.3807
prk,2012,4.4138
prk,2013,4.4095
prk,2014,4.2394
prk,2015,4.4356
prk,2016,4.7221
prk,2017,4.3146
prk,2018,4.1738
prk,2019,4.2814
prk,2020,4.0998
prk,2021,4.056
prk,2022,4.1388
prk,2023,4.2452
prk,2024,4.3416
prt,1970,9.2901
prt,1971,9.5416
prt,1972,9.8945
prt,1973,10.6186
prt,1974,10.46
prt,1975,10.0533
prt,1976,10.2816
prt,1977,10.4356
prt,1978,10.7377
prt,1979,11.1811
prt,1980,11.729
prt,1981,11.8138
prt,1982,12.185
prt,1983,10.739
prt,1984,10.0403
prt,1985,10.7757
prt,1986,11.9177
prt,1987,12.7771
prt,1988,13.6185
prt,1989,14.7133
prt,1990,15.6893
prt,1991,16.4533
prt,1992,17.3589
prt,1993,16.7164
prt,1994,18.5755
prt,1995,17.8852
prt,1996,19.7388
prt,1997,20.472
prt,1998,22.1876
prt,1999,24.6647
prt,2000,24.3719
prt,2001,25.1555
prt,2002,25.2278
prt,2003,23.8614
prt,2004,23.9209
prt,2005,23.4051
prt,2006,22.2552
prt,2007,20.4108
prt,2008,17.6031
prt,2009,18.8531
prt,2010,19.5699
prt,2011,17.0244
prt,2012,13.6341
prt,2013,11.867
prt,2014,11.887
prt,2015,12.096
prt,2016,13.4521
prt,2017,12.14
prt,2018,12.5907
prt,2019,12.9498
prt,2020,13.5405
prt,2021,13.9511
prt,2022,14.0479
prt,2023,14.5234
prt,2024,14.8125
pry,1970,8.907
pry,1971,8.6551
pry,1972,8.5352
pry,1973,8.7993
pry,1974,9.2378
pry,1975,9.522
pry,1976,10.3236
pry,1977,11.0306
pry,1978,11.3847
pry,1979,11.813
pry,1980,12.7017
pry,1981,13.4771
pry,1982,13.2815
pry,1983,12.9427
pry,1984,12.4925
pry,1985,12.309
pry,1986,12.36
pry,1987,12.1443
pry,1988,12.8949
pry,1989,12.1451
pry,1990,11.9971
pry,1991,10.5244
pry,1992,11.8899
pry,1993,12.2902
pry,1994,11.8907
pry,1995,12.3128
pry,1996,13.7648
pry,1997,13.9432
pry,1998,12.7903
pry,1999,11.9346
pry,2000,11.0251
pry,2001,11.5389
pry,2002,8.6184
pry,2003,8.0075
pry,2004,8.3659
pry,2005,7.4919
pry,2006,8.3678
pry,2007,9.7978
pry,2008,10.6104
pry,2009,9.9862
pry,2010,13.8594
pry,2011,16.9854
pry,2012,15.9798
pry,2013,17.1011
pry,2014,18.2737
pry,2015,17.4111
pry,2016,15.9834
pry,2017,16.5582
pry,2018,15.967
pry,2019,15.8463
pry,2020,15.1866
pry,2021,14.6937
pry,2022,14.3582
pry,2023,14.5613
pry,2024,14.5029
pse,1970,3.924
pse,1971,4.1812
pse,1972,4.7713
pse,1973,4.7634
pse,1974,5.6107
pse,1975,5.2396
pse,1976,4.9353
pse,1977,4.5937
pse,1978,5.2283
pse,1979,5.6944
pse,1980,5.3345
pse,1981,5.2193
pse,1982,4.8109
pse,1983,4.8521
pse,1984,4.7678
pse,1985,4.5199
pse,1986,5.5533
pse,1987,5.4851
pse,1988,5.214
pse,1989,4.73
pse,1990,4.5036
pse,1991,4.3694
pse,1992,5.077
pse,1993,5.3418
pse,1994,4.8211
pse,1995,5.6992
pse,1996,5.2033
pse,1997,5.2792
pse,1998,5.5041
pse,1999,6.019
pse,2000,5.3055
pse,2001,5.2289
pse,2002,5.9298
pse,2003,5.7789
pse,2004,6.5571
pse,2005,6.5297
pse,2006,6.2108
pse,2007,6.1907
pse,2008,5.6216
pse,2009,5.1295
pse,2010,5.3255
pse,2011,5.1983
pse,2012,5.5654
pse,2013,5.3887
pse,2014,4.9487
pse,2015,6.2792
pse,2016,5.9947
pse,2017,6.3038
pse,2018,6.757
pse,2019,6.5816
pse,2020,4.852
pse,2021,4.8513
pse,2022,4.9197
pse,2023,4.9
pse,2024,4.8728
qat,1970,77.6527
qat,1971,86.1267
qat,1972,95.0592
qat,1973,101.4578
qat,1974,93.0444
qat,1975,86.7955
qat,1976,107.4264
qat,1977,94.8595
qat,1978,94.6635
qat,1979,103.6662
qat,1980,105.3479
qat,1981,102.7576
qat,1982,83.6585
qat,1983,65.7618
qat,1984,76.3654
qat,1985,63.9892
qat,1986,50.1606
qat,1987,48.8011
qat,1988,49.8466
qat,1989,56.4603
qat,1990,50.8458
qat,1991,50.184
qat,1992,48.6666
qat,1993,51.0842
qat,1994,47.0823
qat,1995,54.0062
qat,1996,52.2886
qat,1997,56.8996
qat,1998,57.7965
qat,1999,36.5778
qat,2000,46.2635
qat,2001,55.5693
qat,2002,58.898
qat,2003,56.542
qat,2004,55.0856
qat,2005,87.7705
qat,2006,82.3687
qat,2007,87.3094
qat,2008,89.636
qat,2009,84.2732
qat,2010,66.728
qat,2011,81.6795
qat,2012,75.4865
qat,2013,74.8178
qat,2014,90.2669
qat,2015,71.3255
qat,2016,83.2165
qat,2017,66.1079
qat,2018,67.6414
qat,2019,71.4568
qat,2020,70.4115
qat,2021,66.8414
qat,2022,71.8056
qat,2023,74.1406
qat,2024,76.2503
rou,1970,12.788
rou,1971,13.7951
rou,1972,14.5161
rou,1973,14.4215
rou,1974,14.7491
rou,1975,14.8437
rou,1976,16.0514
rou,1977,16.0047
rou,1978,16.2473
rou,1979,16.5866
rou,1980,16.2298
rou,1981,16.2635
rou,1982,17.2303
rou,1983,16.6617
rou,1984,16.4315
rou,1985,16.3078
rou,1986,16.6119
rou,1987,16.369
rou,1988,16.5068
rou,1989,15.3005
rou,1990,12.0257
rou,1991,9.1045
rou,1992,8.2456
rou,1993,8.4389
rou,1994,8.5046
rou,1995,8.9447
rou,1996,8.8701
rou,1997,8.9075
rou,1998,8.2638
rou,1999,7.7037
rou,2000,7.7475
rou,2001,8.7897
rou,2002,8.2335
rou,2003,8.9844
rou,2004,10.8248
rou,2005,11.3859
rou,2006,12.146
rou,2007,14.9711
rou,2008,16.2101
rou,2009,12.1246
rou,2010,12.3461
rou,2011,14.7248
rou,2012,13.8636
rou,2013,12.776
rou,2014,13.157
rou,2015,14.0786
rou,2016,13.5126
rou,2017,14.9607
rou,2018,17.1589
rou,2019,17.3308
rou,2020,16.1641
rou,2021,18.2608
rou,2022,18.0841
rou,2023,18.6291
rou,2024,19.4318
rus,1992,11.2537
rus,1993,11.3215
rus,1994,10.8605
rus,1995,9.9746
rus,1996,9.4708
rus,1997,9.5418
rus,1998,7.804
rus,1999,6.7066
rus,2000,6.7128
rus,2001,7.6368
rus,2002,8.0259
rus,2003,7.9442
rus,2004,8.8021
rus,2005,9.1417
rus,2006,10.0112
rus,2007,11.436
rus,2008,11.9326
rus,2009,11.1055
rus,2010,10.6202
rus,2011,11.993
rus,2012,12.0733
rus,2013,12.9186
rus,2014,12.2
rus,2015,11.7683
rus,2016,12.3613
rus,2017,12.7592
rus,2018,11.5699
rus,2019,12.9442
rus,2020,13.6219
rus,2021,12.6174
rus,2022,12.3018
rus,2023,11.6871
rus,2024,11.7745
rwa,1970,2.4767
rwa,1971,2.472
rwa,1972,2.374
rwa,1973,2.4005
rwa,1974,2.341
rwa,1975,2.4054
rwa,1976,2.3508
rwa,1977,2.3518
rwa,1978,2.3465
rwa,1979,2.2325
rwa,1980,2.2144
rwa,1981,2.2563
rwa,1982,2.2364
rwa,1983,2.2678
rwa,1984,2.2088
rwa,1985,2.3134
rwa,1986,2.1524
rwa,1987,2.1304
rwa,1988,2.0103
rwa,1989,2.0454
rwa,1990,1.9558
rwa,1991,2.0602
rwa,1992,1.9257
rwa,1993,1.7221
rwa,1994,1.9849
rwa,1995,1.8939
rwa,1996,1.7593
rwa,1997,1.8048
rwa,1998,1.946
rwa,1999,1.9412
rwa,2000,1.7836
rwa,2001,1.8388
rwa,2002,2.0025
rwa,2003,1.9819
rwa,2004,1.8039
rwa,2005,2.1355
rwa,2006,2.1429
rwa,2007,2.0743
rwa,2008,2.3761
rwa,2009,2.4383
rwa,2010,2.6223
rwa,2011,2.7611
rwa,2012,2.8275
rwa,2013,2.7774
rwa,2014,2.4044
rwa,2015,2.529
rwa,2016,2.4824
rwa,2017,2.4339
rwa,2018,2.6258
rwa,2019,2.7401
rwa,2020,2.7939
rwa,2021,3.317
rwa,2022,3.3771
rwa,2023,3.3996
rwa,2024,3.418
sau,1970,10.1232
sau,1971,10.6501
sau,1972,10.763
sau,1973,11.7533
sau,1974,17.686
sau,1975,15.6264
sau,1976,19.0296
sau,1977,20.9365
sau,1978,20.5169
sau,1979,22.263
sau,1980,31.3556
sau,1981,31.9586
sau,1982,30.0975
sau,1983,30.2373
sau,1984,26.0709
sau,1985,20.7871
sau,1986,17.834
sau,1987,16.4869
sau,1988,15.9229
sau,1989,15.7256
sau,1990,15.0245
sau,1991,16.5384
sau,1992,17.4557
sau,1993,18.4671
sau,1994,16.6165
sau,1995,14.6479
sau,1996,14.2496
sau,1997,14.1297
sau,1998,14.3784
sau,1999,13.2476
sau,2000,14.5642
sau,2001,15.8917
sau,2002,16.5051
sau,2003,17.2793
sau,2004,18.0835
sau,2005,19.1932
sau,2006,20.7179
sau,2007,22.2072
sau,2008,24.5737
sau,2009,25.6986
sau,2010,26.1142
sau,2011,25.9779
sau,2012,28.1716
sau,2013,30.1078
sau,2014,29.1241
sau,2015,30.171
sau,2016,25.3616
sau,2017,25.4815
sau,2018,23.3712
sau,2019,23.544
sau,2020,22.2457
sau,2021,21.7549
sau,2022,23.3122
sau,2023,23.5294
sau,2024,23.7394
sdn,2012,5.904
sdn,2013,6.2248
sdn,2014,5.9937
sdn,2015,5.6551
sdn,2016,6.0762
sdn,2017,6.1038
sdn,2018,5.6206
sdn,2019,5.0592
sdn,2020,4.6884
sdn,2021,4.7604
sdn,2022,4.5494
sdn,2023,4.1746
sdn,2024,4.1444
sen,1970,9.4776
sen,1971,10.0443
sen,1972,9.3715
sen,1973,9.8814
sen,1974,11.5609
sen,1975,10.8249
sen,1976,10.3456
sen,1977,10.0574
sen,1978,10.3669
sen,1979,10.2099
sen,1980,10.1204
sen,1981,10.1255
sen,1982,9.3933
sen,1983,9.0659
sen,1984,8.5804
sen,1985,8.9282
sen,1986,7.8155
sen,1987,7.8588
sen,1988,7.3424
sen,1989,7.5455
sen,1990,7.6131
sen,1991,6.4541
sen,1992,4.5961
sen,1993,5.2129
sen,1994,4.8364
sen,1995,3.5331
sen,1996,3.639
sen,1997,3.4002
sen,1998,4.0379
sen,1999,4.1039
sen,2000,3.7132
sen,2001,4.4493
sen,2002,3.5288
sen,2003,4.2653
sen,2004,4.5913
sen,2005,4.5378
sen,2006,3.9549
sen,2007,4.4501
sen,2008,4.5612
sen,2009,4.226
sen,2010,4.2661
sen,2011,4.1508
sen,2012,4.1385
sen,2013,4.4043
sen,2014,4.0989
sen,2015,4.1516
sen,2016,4.3724
sen,2017,4.8351
sen,2018,5.1291
sen,2019,5.0138
sen,2020,5.5027
sen,2021,5.5184
sen,2022,5.4728
sen,2023,5.4011
sen,2024,5.4636
sgp,1970,13.8401
sgp,1971,14.4478
sgp,1972,15.3548
sgp,1973,17.4211
sgp,1974,17.6677
sgp,1975,17.0983
sgp,1976,17.5126
sgp,1977,17.4668
sgp,1978,17.6525
sgp,1979,18.4174
sgp,1980,18.7404
sgp,1981,19.5279
sgp,1982,19.7677
sgp,1983,20.5374
sgp,1984,21.7019
sgp,1985,21.1784
sgp,1986,20.1755
sgp,1987,20.5046
sgp,1988,22.2245
sgp,1989,23.7566
sgp,1990,25.5316
sgp,1991,24.9007
sgp,1992,30.135
sgp,1993,33.2885
sgp,1994,34.6456
sgp,1995,38.9853
sgp,1996,46.5788
sgp,1997,44.891
sgp,1998,56.1662
sgp,1999,38.7845
sgp,2000,37.7302
sgp,2001,45.5672
sgp,2002,32.6021
sgp,2003,36.9335
sgp,2004,37.5748
sgp,2005,34.4804
sgp,2006,36.5006
sgp,2007,39.2469
sgp,2008,38.5462
sgp,2009,32.5323
sgp,2010,37.8784
sgp,2011,40.2436
sgp,2012,41.6964
sgp,2013,40.4055
sgp,2014,36.0211
sgp,2015,34.2979
sgp,2016,37.4057
sgp,2017,41.0123
sgp,2018,40.8198
sgp,2019,40.4697
sgp,2020,43.5848
sgp,2021,48.5304
sgp,2022,51.2117
sgp,2023,53.0402
sgp,2024,54.3944
sle,1970,2.2273
sle,1971,2.1745
sle,1972,2.2504
sle,1973,2.1471
sle,1974,2.1443
sle,1975,2.11
sle,1976,1.9787
sle,1977,1.9491
sle,1978,1.9421
sle,1979,1.8333
sle,1980,1.7821
sle,1981,1.7388
sle,1982,1.7828
sle,1983,1.6294
sle,1984,1.7532
sle,1985,1.616
sle,1986,1.4561
sle,1987,1.3084
sle,1988,1.387
sle,1989,1.3475
sle,1990,1.457
sle,1991,1.3337
sle,1992,1.325
sle,1993,1.4193
sle,1994,1.2961
sle,1995,1.5212
sle,1996,1.7027
sle,1997,1.3596
sle,1998,1.3208
sle,1999,1.4414
sle,2000,1.2372
sle,2001,1.3856
sle,2002,1.5604
sle,2003,1.7555
sle,2004,1.7015
sle,2005,1.4869
sle,2006,1.8467
sle,2007,1.8508
sle,2008,1.9203
sle,2009,2.1992
sle,2010,2.3851
sle,2011,2.6365
sle,2012,2.3345
sle,2013,2.9969
sle,2014,3.108
sle,2015,3.0632
sle,2016,2.9314
sle,2017,2.9293
sle,2018,2.7327
sle,2019,2.5673
sle,2020,2.7304
sle,2021,3.0337
sle,2022,3.0212
sle,2023,2.9431
sle,2024,2.9762
slv,1970,4.7501
slv,1971,4.6961
slv,1972,4.677
slv,1973,4.7336
slv,1974,4.8795
slv,1975,5.0408
slv,1976,5.0753
slv,1977,5.527
slv,1978,5.6891
slv,1979,5.5536
slv,1980,5.0457
slv,1981,4.6405
slv,1982,4.433
slv,1983,4.6438
slv,1984,4.8846
slv,1985,5.1205
slv,1986,4.6434
slv,1987,4.9492
slv,1988,4.9852
slv,1989,5.0689
slv,1990,4.879
slv,1991,5.327
slv,1992,5.4353
slv,1993,5.6936
slv,1994,6.0597
slv,1995,6.6647
slv,1996,7.0324
slv,1997,7.4169
slv,1998,7.1169
slv,1999,6.6854
slv,2000,6.9708
slv,2001,6.6754
slv,2002,6.9139
slv,2003,6.3995
slv,2004,6.5743
slv,2005,6.6123
slv,2006,7.4017
slv,2007,8.0135
slv,2008,7.611
slv,2009,7.1458
slv,2010,7.397
slv,2011,7.2702
slv,2012,7.9712
slv,2013,8.0784
slv,2014,7.4696
slv,2015,7.2666
slv,2016,7.4247
slv,2017,7.1681
slv,2018,6.9389
slv,2019,7.1378
slv,2020,7.0682
slv,2021,8.5687
slv,2022,8.9046
slv,2023,9.1216
slv,2024,9.1284
som,1970,8.9169
som,1971,8.7339
som,1972,8.7481
som,1973,8.2393
som,1974,8.0906
som,1975,8.4968
som,1976,8.2656
som,1977,8.3565
som,1978,8.1893
som,1979,7.1915
som,1980,6.6676
som,1981,6.9632
som,1982,7.1711
som,1983,6.7084
som,1984,6.6496
som,1985,6.6408
som,1986,6.4429
som,1987,6.4283
som,1988,6.7166
som,1989,6.8884
som,1990,6.5465
som,1991,5.7706
som,1992,5.6965
som,1993,5.9227
som,1994,6.0056
som,1995,5.9593
som,1996,5.8272
som,1997,5.467
som,1998,5.4157
som,1999,5.7551
som,2000,4.9922
som,2001,3.2384
som,2002,4.978
som,2003,5.8667
som,2004,4.8575
som,2005,3.8252
som,2006,3.8632
som,2007,4.4553
som,2008,4.5829
som,2009,3.3677
som,2010,4.5778
som,2011,5.5909
som,2012,8.0049
som,2013,7.3607
som,2014,8.2715
som,2015,7.6772
som,2016,6.131
som,2017,2.7456
som,2018,3.3155
som,2019,3.7646
som,2020,4.1017
som,2021,3.7609
som,2022,3.8139
som,2023,3.7027
som,2024,3.659
srb,2006,10.2767
srb,2007,11.6417
srb,2008,13.1876
srb,2009,11.9669
srb,2010,12.4547
srb,2011,13.3388
srb,2012,12.8629
srb,2013,12.7792
srb,2014,12.7156
srb,2015,11.1975
srb,2016,11.6166
srb,2017,11.7807
srb,2018,13.0941
srb,2019,13.6491
srb,2020,15.8518
srb,2021,15.8274
srb,2022,15.714
srb,2023,16.7125
srb,2024,17.2494
ssd,2009,0.0006
ssd,2010,0.001
ssd,2011,0.2511
ssd,2012,4.3465
ssd,2013,4.064
ssd,2014,4.4584
ssd,2015,4.0829
ssd,2016,3.6532
ssd,2017,3.1337
ssd,2018,2.7076
ssd,2019,4.5974
ssd,2020,6.9934
ssd,2021,2.4226
ssd,2022,2.4031
ssd,2023,2.3435
ssd,2024,2.3528
svk,1993,14.8742
svk,1994,12.3594
svk,1995,13.3497
svk,1996,14.6927
svk,1997,15.7415
svk,1998,15.4918
svk,1999,16.1001
svk,2000,12.8927
svk,2001,11.5369
svk,2002,11.791
svk,2003,11.7798
svk,2004,13.1776
svk,2005,15.5949
svk,2006,15.4757
svk,2007,16.6025
svk,2008,18.0598
svk,2009,14.9941
svk,2010,14.8774
svk,2011,15.2578
svk,2012,13.9957
svk,2013,14.1445
svk,2014,14.9498
svk,2015,14.5324
svk,2016,16.0436
svk,2017,15.1366
svk,2018,16.0213
svk,2019,16.6301
svk,2020,16.0646
svk,2021,16.9016
svk,2022,15.9035
svk,2023,16.2993
svk,2024,17.0227
svn,1992,13.469
svn,1993,16.8201
svn,1994,13.7019
svn,1995,15.4318
svn,1996,15.3604
svn,1997,15.7389
svn,1998,21.9757
svn,1999,21.4751
svn,2000,22.9432
svn,2001,21.1496
svn,2002,23.7947
svn,2003,25.8592
svn,2004,25.9915
svn,2005,24.4117
svn,2006,24.8562
svn,2007,23.9128
svn,2008,24.1108
svn,2009,21.4501
svn,2010,20.2945
svn,2011,20.7793
svn,2012,19.0111
svn,2013,18.0713
svn,2014,18.8417
svn,2015,17.9786
svn,2016,18.1352
svn,2017,17.9537
svn,2018,18.1719
svn,2019,19.301
svn,2020,17.6886
svn,2021,20.1801
svn,2022,19.9346
svn,2023,20.8386
svn,2024,21.45
swe,1970,19.1823
swe,1971,20.1671
swe,1972,19.8922
swe,1973,20.4224
swe,1974,20.2404
swe,1975,20.1995
swe,1976,19.7077
swe,1977,18.4095
swe,1978,17.7913
swe,1979,18.9711
swe,1980,18.5384
swe,1981,17.4775
swe,1982,16.6797
swe,1983,15.901
swe,1984,17.0887
swe,1985,17.0293
swe,1986,18.2728
swe,1987,18.731
swe,1988,19.5993
swe,1989,19.2337
swe,1990,20.6549
swe,1991,17.1433
swe,1992,18.9904
swe,1993,17.3568
swe,1994,17.721
swe,1995,17.7673
swe,1996,18.3708
swe,1997,18.0908
swe,1998,19.4512
swe,1999,22.239
swe,2000,21.8644
swe,2001,20.8095
swe,2002,21.4789
swe,2003,22.4099
swe,2004,22.5635
swe,2005,23.5077
swe,2006,23.094
swe,2007,24.1263
swe,2008,24.3006
swe,2009,21.4231
swe,2010,23.4485
swe,2011,24.6028
swe,2012,24.2558
swe,2013,23.8748
swe,2014,23.8224
swe,2015,23.2121
swe,2016,23.5482
swe,2017,24.1867
swe,2018,24.2315
swe,2019,23.59
swe,2020,24.2205
swe,2021,24.5134
swe,2022,23.7868
swe,2023,23.9817
swe,2024,24.293
syr,1970,2.6564
syr,1971,2.8109
syr,1972,3.4008
syr,1973,2.4053
syr,1974,3.3994
syr,1975,3.7113
syr,1976,4.2961
syr,1977,3.7605
syr,1978,4.1434
syr,1979,4.0603
syr,1980,4.911
syr,1981,5.4881
syr,1982,5.2651
syr,1983,5.425
syr,1984,5.4982
syr,1985,3.9574
syr,1986,3.691
syr,1987,3.4394
syr,1988,4.0473
syr,1989,3.2126
syr,1990,2.9251
syr,1991,3.5643
syr,1992,3.628
syr,1993,3.6595
syr,1994,3.6457
syr,1995,3.5792
syr,1996,5.3146
syr,1997,4.941
syr,1998,5.4355
syr,1999,5.6797
syr,2000,5.0604
syr,2001,5.2108
syr,2002,6.2335
syr,2003,6.0011
syr,2004,5.9327
syr,2005,6.2388
syr,2006,6.2567
syr,2007,7.4972
syr,2008,6.8355
syr,2009,7.9931
syr,2010,8.672
syr,2011,7.8938
syr,2012,5.6142
syr,2013,4.469
syr,2014,3.212
syr,2015,2.9815
syr,2016,2.3646
syr,2017,2.5715
syr,2018,2.8459
syr,2019,2.9119
syr,2020,2.7659
syr,2021,2.3148
syr,2022,2.2673
syr,2023,2.2098
syr,2024,2.1408
tcd,1970,5.0919
tcd,1971,5.0784
tcd,1972,5.0097
tcd,1973,4.5364
tcd,1974,4.0645
tcd,1975,4.2526
tcd,1976,4.1783
tcd,1977,4.4799
tcd,1978,4.488
tcd,1979,4.305
tcd,1980,4.3505
tcd,1981,4.3557
tcd,1982,4.2576
tcd,1983,4.2204
tcd,1984,3.5392
tcd,1985,3.8926
tcd,1986,3.8259
tcd,1987,3.8065
tcd,1988,3.9378
tcd,1989,3.6829
tcd,1990,3.7129
tcd,1991,5.3789
tcd,1992,5.6155
tcd,1993,5.4096
tcd,1994,5.6133
tcd,1995,5.6513
tcd,1996,5.5904
tcd,1997,5.6533
tcd,1998,5.8151
tcd,1999,5.9279
tcd,2000,5.8614
tcd,2001,6.0835
tcd,2002,5.6117
tcd,2003,6.9519
tcd,2004,6.1864
tcd,2005,6.7559
tcd,2006,7.1542
tcd,2007,7.0661
tcd,2008,7.2224
tcd,2009,6.9586
tcd,2010,7.6265
tcd,2011,7.6088
tcd,2012,8.3587
tcd,2013,7.4015
tcd,2014,7.894
tcd,2015,8.1872
tcd,2016,8.3003
tcd,2017,8.5496
tcd,2018,8.793
tcd,2019,8.8351
tcd,2020,9.1302
tcd,2021,9.1556
tcd,2022,8.4273
tcd,2023,8.0906
tcd,2024,8.0109
tgo,1970,4.6074
tgo,1971,4.5808
tgo,1972,4.4656
tgo,1973,4.6076
tgo,1974,4.6633
tgo,1975,4.4926
tgo,1976,4.3247
tgo,1977,4.3132
tgo,1978,4.7574
tgo,1979,4.6579
tgo,1980,4.2508
tgo,1981,3.7774
tgo,1982,3.5236
tgo,1983,3.2147
tgo,1984,3.3481
tgo,1985,3.4165
tgo,1986,3.8092
tgo,1987,3.8
tgo,1988,4.2597
tgo,1989,4.1242
tgo,1990,4.4278
tgo,1991,3.8236
tgo,1992,3.9922
tgo,1993,3.8793
tgo,1994,3.5075
tgo,1995,4.0962
tgo,1996,4.1959
tgo,1997,3.9763
tgo,1998,3.829
tgo,1999,3.9879
tgo,2000,3.3833
tgo,2001,3.4079
tgo,2002,3.7829
tgo,2003,3.1335
tgo,2004,2.7003
tgo,2005,2.6838
tgo,2006,2.7541
tgo,2007,2.9387
tgo,2008,3.2302
tgo,2009,2.8789
tgo,2010,3.1315
tgo,2011,3.3687
tgo,2012,3.0731
tgo,2013,3.1981
tgo,2014,3.3443
tgo,2015,2.9329
tgo,2016,3.1601
tgo,2017,3.1941
tgo,2018,2.7459
tgo,2019,2.6902
tgo,2020,2.7252
tgo,2021,2.5788
tgo,2022,2.5214
tgo,2023,2.4983
tgo,2024,2.5086
tha,1970,4.1272
tha,1971,4.0535
tha,1972,3.8235
tha,1973,4.1183
tha,1974,4.1516
tha,1975,4.2223
tha,1976,4.5338
tha,1977,4.6086
tha,1978,4.8004
tha,1979,4.7499
tha,1980,4.5768
tha,1981,4.794
tha,1982,4.9378
tha,1983,5.0822
tha,1984,5.3218
tha,1985,5.2454
tha,1986,5.0116
tha,1987,5.2141
tha,1988,5.7877
tha,1989,6.5128
tha,1990,7.0218
tha,1991,7.567
tha,1992,8.0647
tha,1993,7.7421
tha,1994,8.5057
tha,1995,9.0227
tha,1996,9.6542
tha,1997,9.1074
tha,1998,6.4825
tha,1999,6.8165
tha,2000,7.0932
tha,2001,7.3935
tha,2002,8.2157
tha,2003,8.8894
tha,2004,9.4724
tha,2005,9.8693
tha,2006,10.7863
tha,2007,10.5489
tha,2008,10.7547
tha,2009,10.1995
tha,2010,10.9531
tha,2011,11.8002
tha,2012,11.761
tha,2013,12.2297
tha,2014,10.9649
tha,2015,10.9432
tha,2016,12.3467
tha,2017,10.7301
tha,2018,11.4905
tha,2019,11.8677
tha,2020,11.3871
tha,2021,11.7059
tha,2022,11.529
tha,2023,11.8544
tha,2024,12.2099
tjk,1992,3.208
tjk,1993,3.6892
tjk,1994,2.251
tjk,1995,2.1066
tjk,1996,1.5934
tjk,1997,1.7953
tjk,1998,2.1032
tjk,1999,1.9215
tjk,2000,1.5417
tjk,2001,1.7355
tjk,2002,2.1882
tjk,2003,2.3143
tjk,2004,2.2724
tjk,2005,2.4261
tjk,2006,2.6247
tjk,2007,3.0466
tjk,2008,3.2512
tjk,2009,3.4197
tjk,2010,3.2432
tjk,2011,4.1553
tjk,2012,4.1847
tjk,2013,4.3871
tjk,2014,5.0921
tjk,2015,4.6212
tjk,2016,5.0327
tjk,2017,4.7946
tjk,2018,4.8675
tjk,2019,5.0002
tjk,2020,4.487
tjk,2021,4.1236
tjk,2022,3.9094
tjk,2023,3.6286
tjk,2024,3.658
tkm,1992,6.204
tkm,1993,4.4019
tkm,1994,5.707
tkm,1995,5.8757
tkm,1996,4.175
tkm,1997,5.7399
tkm,1998,7.5727
tkm,1999,10.2798
tkm,2000,7.2551
tkm,2001,12.1862
tkm,2002,11.0528
tkm,2003,15.0867
tkm,2004,13.8935
tkm,2005,10.4039
tkm,2006,7.0318
tkm,2007,7.3245
tkm,2008,7.3541
tkm,2009,6.6101
tkm,2010,5.9021
tkm,2011,6.4564
tkm,2012,8.0297
tkm,2013,8.4064
tkm,2014,9.4176
tkm,2015,9.959
tkm,2016,10.167
tkm,2017,10.5307
tkm,2018,11.572
tkm,2019,13.0446
tkm,2020,11.9808
tkm,2021,11.5833
tkm,2022,11.8793
tkm,2023,11.3794
tkm,2024,11.6707
tun,1970,5.099
tun,1971,5.4494
tun,1972,5.7554
tun,1973,5.9415
tun,1974,6.5198
tun,1975,6.9832
tun,1976,6.8483
tun,1977,7.2175
tun,1978,6.9736
tun,1979,7.2675
tun,1980,7.6802
tun,1981,7.481
tun,1982,7.3783
tun,1983,8.541
tun,1984,8.1539
tun,1985,8.36
tun,1986,6.812
tun,1987,7.4989
tun,1988,5.9877
tun,1989,5.5469
tun,1990,5.9924
tun,1991,7.0141
tun,1992,7.0178
tun,1993,6.9729
tun,1994,7.1894
tun,1995,6.2115
tun,1996,7.0018
tun,1997,6.4936
tun,1998,6.8633
tun,1999,7.5982
tun,2000,7.6455
tun,2001,7.7023
tun,2002,7.7708
tun,2003,7.6233
tun,2004,7.601
tun,2005,7.3177
tun,2006,7.654
tun,2007,7.6793
tun,2008,8.0313
tun,2009,7.9475
tun,2010,8.6705
tun,2011,8.2772
tun,2012,8.0486
tun,2013,8.2711
tun,2014,8.6724
tun,2015,8.6907
tun,2016,9.766
tun,2017,8.7509
tun,2018,8.191
tun,2019,7.9818
tun,2020,7.7874
tun,2021,7.3511
tun,2022,7.2234
tun,2023,7.2848
tun,2024,7.4399
tur,1970,5.9634
tur,1971,6.0369
tur,1972,6.1653
tur,1973,6.1489
tur,1974,6.7735
tur,1975,7.1082
tur,1976,7.8248
tur,1977,7.9133
tur,1978,8.091
tur,1979,8.0853
tur,1980,7.1361
tur,1981,7.217
tur,1982,7.0738
tur,1983,6.781
tur,1984,7.1782
tur,1985,7.5703
tur,1986,8.2646
tur,1987,8.9965
tur,1988,8.643
tur,1989,8.2382
tur,1990,8.784
tur,1991,8.9226
tur,1992,9.8584
tur,1993,11.0161
tur,1994,9.0303
tur,1995,10.1149
tur,1996,10.823
tur,1997,10.8223
tur,1998,11.5
tur,1999,10.3977
tur,2000,10.3314
tur,2001,7.7762
tur,2002,8.3351
tur,2003,8.8225
tur,2004,9.5762
tur,2005,10.7933
tur,2006,12.1778
tur,2007,13.966
tur,2008,13.743
tur,2009,12.4227
tur,2010,15.263
tur,2011,17.4783
tur,2012,17.0149
tur,2013,18.2408
tur,2014,16.7681
tur,2015,17.4452
tur,2016,16.0657
tur,2017,15.5024
tur,2018,17.0733
tur,2019,16.9217
tur,2020,18.7035
tur,2021,19.1155
tur,2022,19.4014
tur,2023,20.3806
tur,2024,21.3303
tza,1970,5.1334
tza,1971,5.1159
tza,1972,4.9824
tza,1973,5.073
tza,1974,4.9597
tza,1975,5.0911
tza,1976,4.9867
tza,1977,5.016
tza,1978,4.8936
tza,1979,4.8473
tza,1980,4.6534
tza,1981,4.664
tza,1982,4.6555
tza,1983,4.6432
tza,1984,4.4353
tza,1985,4.4895
tza,1986,4.2781
tza,1987,3.9798
tza,1988,3.8271
tza,1989,4.0486
tza,1990,3.7524
tza,1991,3.7401
tza,1992,3.2186
tza,1993,3.4856
tza,1994,2.9434
tza,1995,5.2747
tza,1996,3.7154
tza,1997,2.7863
tza,1998,3.2008
tza,1999,3.0822
tza,2000,3.0528
tza,2001,3.3074
tza,2002,3.261
tza,2003,3.3646
tza,2004,3.395
tza,2005,3.2129
tza,2006,3.0522
tza,2007,3.2421
tza,2008,3.3107
tza,2009,3.1028
tza,2010,3.3764
tza,2011,3.6414
tza,2012,3.6655
tza,2013,3.9825
tza,2014,4.1985
tza,2015,3.8319
tza,2016,3.6972
tza,2017,3.5738
tza,2018,3.4503
tza,2019,3.7724
tza,2020,4.0299
tza,2021,4.3378
tza,2022,4.2789
tza,2023,4.2552
tza,2024,4.2566
uga,1970,5.0762
uga,1971,4.8457
uga,1972,4.7927
uga,1973,4.7064
uga,1974,4.6949
uga,1975,4.8031
uga,1976,4.6575
uga,1977,4.4736
uga,1978,4.3575
uga,1979,3.7405
uga,1980,3.604
uga,1981,3.7659
uga,1982,3.8128
uga,1983,3.9115
uga,1984,3.6578
uga,1985,3.6803
uga,1986,3.6469
uga,1987,3.4558
uga,1988,3.5058
uga,1989,3.496
uga,1990,3.4413
uga,1991,3.3054
uga,1992,3.3462
uga,1993,3.3422
uga,1994,3.3374
uga,1995,3.4637
uga,1996,3.3861
uga,1997,3.2028
uga,1998,3.7106
uga,1999,3.8921
uga,2000,3.6638
uga,2001,3.5737
uga,2002,3.7151
uga,2003,3.7346
uga,2004,3.5371
uga,2005,3.4864
uga,2006,3.4295
uga,2007,3.4519
uga,2008,3.434
uga,2009,4.1409
uga,2010,4.0022
uga,2011,3.8709
uga,2012,3.7834
uga,2013,3.5251
uga,2014,3.7785
uga,2015,3.5201
uga,2016,3.2585
uga,2017,3.4374
uga,2018,3.72
uga,2019,3.7679
uga,2020,4.1416
uga,2021,3.9714
uga,2022,3.9377
uga,2023,3.8715
uga,2024,3.8944
ukr,1992,9.9733
ukr,1993,8.9199
ukr,1994,6.89
ukr,1995,5.7447
ukr,1996,4.7682
ukr,1997,4.8022
ukr,1998,4.2767
ukr,1999,3.9541
ukr,2000,4.3924
ukr,2001,5.4816
ukr,2002,5.2251
ukr,2003,5.7081
ukr,2004,5.8659
ukr,2005,6.3593
ukr,2006,7.1373
ukr,2007,7.6057
ukr,2008,8.1103
ukr,2009,6.3723
ukr,2010,6.3437
ukr,2011,8.1161
ukr,2012,7.5304
ukr,2013,8.2537
ukr,2014,7.5857
ukr,2015,5.8235
ukr,2016,6.8771
ukr,2017,7.2394
ukr,2018,8.6063
ukr,2019,8.9053
ukr,2020,7.9452
ukr,2021,9.2534
ukr,2022,9.4336
ukr,2023,9.9915
ukr,2024,9.8646
ury,1970,11.4102
ury,1971,11.9466
ury,1972,10.4068
ury,1973,11.4927
ury,1974,12.9251
ury,1975,11.6925
ury,1976,11.2364
ury,1977,10.991
ury,1978,11.0634
ury,1979,12.5168
ury,1980,14.8554
ury,1981,15.4426
ury,1982,13.6353
ury,1983,9.6304
ury,1984,8.9888
ury,1985,9.1775
ury,1986,9.5889
ury,1987,10.5666
ury,1988,10.5151
ury,1989,9.8964
ury,1990,9.5572
ury,1991,9.2683
ury,1992,11.6577
ury,1993,11.5965
ury,1994,12.4535
ury,1995,12.4925
ury,1996,16.5787
ury,1997,22.5982
ury,1998,24.3051
ury,1999,26.2565
ury,2000,24.9608
ury,2001,22.4974
ury,2002,21.6164
ury,2003,16.962
ury,2004,21.7307
ury,2005,28.2008
ury,2006,27.167
ury,2007,28.0569
ury,2008,26.1828
ury,2009,26.6795
ury,2010,28.4904
ury,2011,27.3825
ury,2012,24.9264
ury,2013,27.1674
ury,2014,12.3128
ury,2015,11.7533
ury,2016,11.1819
ury,2017,11.6938
ury,2018,10.6272
ury,2019,11.7078
ury,2020,8.8883
ury,2021,8.9368
ury,2022,9.245
ury,2023,9.463
ury,2024,9.6024
usa,1970,32.7734
usa,1971,33.229
usa,1972,33.4363
usa,1973,34.1661
usa,1974,32.878
usa,1975,30.6512
usa,1976,30.8458
usa,1977,31.4284
usa,1978,32.2423
usa,1979,32.606
usa,1980,30.091
usa,1981,29.6639
usa,1982,28.7429
usa,1983,28.5005
usa,1984,31.2056
usa,1985,32.5736
usa,1986,32.0622
usa,1987,32.5522
usa,1988,32.2209
usa,1989,32.1384
usa,1990,32.4993
usa,1991,30.1021
usa,1992,31.0796
usa,1993,31.0264
usa,1994,32.7685
usa,1995,32.2597
usa,1996,32.4607
usa,1997,34.0471
usa,1998,35.5066
usa,1999,36.2249
usa,2000,37.5435
usa,2001,36.4397
usa,2002,36.2661
usa,2003,36.233
usa,2004,37.4771
usa,2005,38.4047
usa,2006,37.6053
usa,2007,35.4365
usa,2008,32.7075
usa,2009,28.7593
usa,2010,28.956
usa,2011,28.5487
usa,2012,29.1406
usa,2013,29.2754
usa,2014,30.1451
usa,2015,30.7108
usa,2016,30.9618
usa,2017,30.876
usa,2018,31.058
usa,2019,30.7537
usa,2020,29.9647
usa,2021,31.14
usa,2022,31.219
usa,2023,31.5227
usa,2024,31.5686
uzb,1992,4.2274
uzb,1993,3.6211
uzb,1994,4.0113
uzb,1995,3.1532
uzb,1996,3.6513
uzb,1997,3.4861
uzb,1998,3.2163
uzb,1999,3.9839
uzb,2000,2.7525
uzb,2001,2.7025
uzb,2002,2.6104
uzb,2003,2.3273
uzb,2004,2.2709
uzb,2005,2.2995
uzb,2006,2.7274
uzb,2007,3.0132
uzb,2008,3.2511
uzb,2009,3.515
uzb,2010,3.6651
uzb,2011,3.7334
uzb,2012,4.0063
uzb,2013,4.2413
uzb,2014,4.5577
uzb,2015,4.7938
uzb,2016,5.133
uzb,2017,4.4863
uzb,2018,5.9959
uzb,2019,5.9559
uzb,2020,5.5109
uzb,2021,5.7455
uzb,2022,5.3699
uzb,2023,5.0781
uzb,2024,5.213
ven,1970,7.2049
ven,1971,7.1712
ven,1972,7.1533
ven,1973,7.3109
ven,1974,7.6944
ven,1975,7.6655
ven,1976,8.9013
ven,1977,8.9434
ven,1978,9.8567
ven,1979,9.3468
ven,1980,9.084
ven,1981,9.8416
ven,1982,8.3252
ven,1983,7.6931
ven,1984,7.0025
ven,1985,7.3155
ven,1986,7.6629
ven,1987,7.5279
ven,1988,7.6435
ven,1989,6.4191
ven,1990,5.8416
ven,1991,6.6344
ven,1992,10.5172
ven,1993,9.0893
ven,1994,8.4684
ven,1995,8.4521
ven,1996,8.51
ven,1997,9.174
ven,1998,9.99
ven,1999,9.8953
ven,2000,9.5677
ven,2001,10.2359
ven,2002,8.4091
ven,2003,6.7144
ven,2004,7.8548
ven,2005,8.8029
ven,2006,8.0807
ven,2007,11.2938
ven,2008,10.7203
ven,2009,10.7008
ven,2010,9.833
ven,2011,9.109
ven,2012,11.4264
ven,2013,12.426
ven,2014,11.7383
ven,2015,15.853
ven,2016,7.9487
ven,2017,9.3279
ven,2018,7.5958
ven,2019,9.0533
ven,2020,8.2272
ven,2021,10.7268
ven,2022,10.448
ven,2023,10.3951
ven,2024,10.2918
vnm,1970,1.8703
vnm,1971,1.8883
vnm,1972,1.7769
vnm,1973,1.7554
vnm,1974,1.7161
vnm,1975,1.6468
vnm,1976,1.7988
vnm,1977,1.7931
vnm,1978,1.7701
vnm,1979,1.7703
vnm,1980,1.4803
vnm,1981,1.4044
vnm,1982,1.5168
vnm,1983,1.6424
vnm,1984,1.7945
vnm,1985,1.772
vnm,1986,1.7746
vnm,1987,2.4415
vnm,1988,2.0062
vnm,1989,2.0138
vnm,1990,1.9451
vnm,1991,2.1001
vnm,1992,2.3283
vnm,1993,2.4295
vnm,1994,2.4954
vnm,1995,2.789
vnm,1996,2.9132
vnm,1997,3.0398
vnm,1998,3.302
vnm,1999,3.4314
vnm,2000,3.6973
vnm,2001,3.9271
vnm,2002,5.5522
vnm,2003,6.2372
vnm,2004,6.3937
vnm,2005,6.9262
vnm,2006,7.0518
vnm,2007,7.9924
vnm,2008,9.0095
vnm,2009,9.6899
vnm,2010,9.493
vnm,2011,9.6011
vnm,2012,8.4764
vnm,2013,8.6757
vnm,2014,11.1275
vnm,2015,10.4903
vnm,2016,10.9886
vnm,2017,10.2992
vnm,2018,10.9462
vnm,2019,10.5145
vnm,2020,10.1322
vnm,2021,10.8604
vnm,2022,11.2998
vnm,2023,11.7251
vnm,2024,12.1809
yem,1970,2.9387
yem,1971,3.1471
yem,1972,3.064
yem,1973,3.0666
yem,1974,3.031
yem,1975,3.2327
yem,1976,3.141
yem,1977,3.024
yem,1978,2.9303
yem,1979,2.957
yem,1980,2.8875
yem,1981,2.8635
yem,1982,2.8344
yem,1983,2.8857
yem,1984,3.275
yem,1985,3.1813
yem,1986,3.04
yem,1987,2.7699
yem,1988,2.7183
yem,1989,2.9759
yem,1990,3.527
yem,1991,1.9029
yem,1992,2.2837
yem,1993,2.1509
yem,1994,2.3827
yem,1995,2.4254
yem,1996,2.5371
yem,1997,2.5191
yem,1998,2.6698
yem,1999,2.8028
yem,2000,2.9401
yem,2001,2.6837
yem,2002,2.5883
yem,2003,3.4172
yem,2004,3.2154
yem,2005,3.7806
yem,2006,4.3353
yem,2007,4.8178
yem,2008,5.0796
yem,2009,3.909
yem,2010,3.7784
yem,2011,3.3386
yem,2012,3.6389
yem,2013,3.53
yem,2014,3.2402
yem,2015,2.6046
yem,2016,2.3435
yem,2017,1.9415
yem,2018,2.7243
yem,2019,1.9185
yem,2020,1.5447
yem,2021,1.501
yem,2022,1.6538
yem,2023,1.6274
yem,2024,1.6262
zaf,1970,8.7569
zaf,1971,9.3482
zaf,1972,9.0841
zaf,1973,8.4237
zaf,1974,9.8455
zaf,1975,8.8432
zaf,1976,8.6013
zaf,1977,8.6057
zaf,1978,8.4024
zaf,1979,8.3726
zaf,1980,9.0295
zaf,1981,9.9864
zaf,1982,8.7049
zaf,1983,7.9319
zaf,1984,8.1385
zaf,1985,7.3316
zaf,1986,7.0557
zaf,1987,7.3384
zaf,1988,7.1182
zaf,1989,7.2396
zaf,1990,6.6514
zaf,1991,6.5664
zaf,1992,5.6306
zaf,1993,6.1524
zaf,1994,6.4026
zaf,1995,5.672
zaf,1996,6.1086
zaf,1997,6.2677
zaf,1998,5.9469
zaf,1999,5.628
zaf,2000,6.077
zaf,2001,5.7558
zaf,2002,6.1936
zaf,2003,6.6628
zaf,2004,6.8405
zaf,2005,7.3914
zaf,2006,7.4186
zaf,2007,7.3974
zaf,2008,7.3392
zaf,2009,7.2756
zaf,2010,7.296
zaf,2011,7.1477
zaf,2012,7.3637
zaf,2013,7.2417
zaf,2014,6.8836
zaf,2015,6.4168
zaf,2016,6.1545
zaf,2017,6.7579
zaf,2018,6.6275
zaf,2019,6.3548
zaf,2020,5.9338
zaf,2021,6.0513
zaf,2022,5.9845
zaf,2023,5.8132
zaf,2024,5.8236
zmb,1970,6.2971
zmb,1971,6.7267
zmb,1972,7.0856
zmb,1973,6.6835
zmb,1974,6.5942
zmb,1975,6.0901
zmb,1976,5.9075
zmb,1977,5.4213
zmb,1978,4.763
zmb,1979,4.6204
zmb,1980,4.6136
zmb,1981,4.3355
zmb,1982,4.6752
zmb,1983,4.0285
zmb,1984,3.9808
zmb,1985,3.8318
zmb,1986,3.4249
zmb,1987,3.208
zmb,1988,4.2143
zmb,1989,4.031
zmb,1990,3.4749
zmb,1991,3.3725
zmb,1992,3.2425
zmb,1993,3.356
zmb,1994,2.8819
zmb,1995,2.9547
zmb,1996,3.0976
zmb,1997,3.0061
zmb,1998,3.1199
zmb,1999,3.2436
zmb,2000,3.2311
zmb,2001,3.4322
zmb,2002,3.3414
zmb,2003,3.6134
zmb,2004,3.3816
zmb,2005,3.2691
zmb,2006,3.4672
zmb,2007,3.394
zmb,2008,3.0069
zmb,2009,3.0781
zmb,2010,3.5034
zmb,2011,3.9387
zmb,2012,3.9941
zmb,2013,3.991
zmb,2014,4.1837
zmb,2015,3.7887
zmb,2016,4.085
zmb,2017,4.4312
zmb,2018,3.9265
zmb,2019,3.4541
zmb,2020,2.6051
zmb,2021,2.6719
zmb,2022,2.7427
zmb,2023,2.6774
zmb,2024,2.6898
zwe,1970,4.6423
zwe,1971,5.2534
zwe,1972,5.3457
zwe,1973,4.3237
zwe,1974,5.1856
zwe,1975,4.8219
zwe,1976,4.7145
zwe,1977,4.5192
zwe,1978,4.2768
zwe,1979,3.8502
zwe,1980,3.9695
zwe,1981,4.6847
zwe,1982,4.0137
zwe,1983,3.266
zwe,1984,3.2905
zwe,1985,4.19
zwe,1986,4.0295
zwe,1987,3.2917
zwe,1988,3.8353
zwe,1989,3.5404
zwe,1990,3.304
zwe,1991,3.3032
zwe,1992,2.6773
zwe,1993,3.3369
zwe,1994,3.4344
zwe,1995,2.1324
zwe,1996,3.6379
zwe,1997,3.8242
zwe,1998,2.7985
zwe,1999,2.9618
zwe,2000,3.1403
zwe,2001,3.5132
zwe,2002,3.119
zwe,2003,3.3321
zwe,2004,3.6319
zwe,2005,3.1076
zwe,2006,3.5638
zwe,2007,3.1663
zwe,2008,2.8757
zwe,2009,3.3928
zwe,2010,3.7653
zwe,2011,3.277
zwe,2012,3.9693
zwe,2013,3.6217
zwe,2014,3.4664
zwe,2015,3.6173
zwe,2016,2.8842
zwe,2017,3.1136
zwe,2018,3.2233
zwe,2019,2.6739
zwe,2020,2.8722
zwe,2021,3.175
zwe,2022,3.2191
zwe,2023,3.1335
zwe,2024,3.2326
