,geo,name,time,Material footprint (tonnes),Material footprint per capita (tonnes)
0,afg,Afghanistan,1970,31053738.19,2.8879
1,afg,Afghanistan,1971,30404573.41,2.7601
2,afg,Afghanistan,1972,28278518.69,2.5055
3,afg,Afghanistan,1973,29889490.71,2.5822
4,afg,Afghanistan,1974,31340092.89,2.6403
5,afg,Afghanistan,1975,32865698.97,2.7034
6,afg,Afghanistan,1976,33982020.72,2.7349
7,afg,Afghanistan,1977,32181966.75,2.5365
8,afg,Afghanistan,1978,32808398.81,2.5356
9,afg,Afghanistan,1979,31962624.66,2.4612
10,afg,Afghanistan,1980,31352874.98,2.5109
11,afg,Afghanistan,1981,30950988.66,2.7746
12,afg,Afghanistan,1982,30498329.27,3.0231
13,afg,Afghanistan,1983,29065203.87,2.9207
14,afg,Afghanistan,1984,27095890.13,2.6451
15,afg,Afghanistan,1985,25569455.67,2.4324
16,afg,Afghanistan,1986,23051702.84,2.2062
17,afg,Afghanistan,1987,23758148.08,2.3015
18,afg,Afghanistan,1988,22684543.42,2.1847
19,afg,Afghanistan,1989,22012584.49,2.0624
20,afg,Afghanistan,1990,21651324.94,2.0245
21,afg,Afghanistan,1991,23020034.21,2.1424
22,afg,Afghanistan,1992,25488091.87,2.1139
23,afg,Afghanistan,1993,27304048.66,1.9498
24,afg,Afghanistan,1994,25111622.65,1.6248
25,afg,Afghanistan,1995,30462477.59,1.8553
26,afg,Afghanistan,1996,32730519.81,1.9133
27,afg,Afghanistan,1997,35508097.46,1.9961
28,afg,Afghanistan,1998,40533381.3,2.1918
29,afg,Afghanistan,1999,32140637.52,1.6685
30,afg,Afghanistan,2000,38671503.87,1.9788
31,afg,Afghanistan,2001,37828681.58,1.9213
32,afg,Afghanistan,2002,45121658.32,2.1486
33,afg,Afghanistan,2003,44619649.3,1.9704
34,afg,Afghanistan,2004,40247115.29,1.7087
35,afg,Afghanistan,2005,43975252.85,1.8014
36,afg,Afghanistan,2006,45841136.68,1.8017
37,afg,Afghanistan,2007,45788957.84,1.7677
38,afg,Afghanistan,2008,37852726.31,1.4323
39,afg,Afghanistan,2009,47042365.98,1.7178
40,afg,Afghanistan,2010,47862176.05,1.6979
41,afg,Afghanistan,2011,47585009.03,1.6269
42,afg,Afghanistan,2012,54764594.58,1.7975
43,afg,Afghanistan,2013,52828566.25,1.6749
44,afg,Afghanistan,2014,53420960.11,1.6329
45,afg,Afghanistan,2015,51803810.04,1.5348
46,afg,Afghanistan,2016,48353505.61,1.396
47,afg,Afghanistan,2017,44765119.26,1.2559
48,afg,Afghanistan,2018,52004515.51,1.4175
49,afg,Afghanistan,2019,63575542.28,1.6833
50,afg,Afghanistan,2020,62977647.99,1.616
51,afg,Afghanistan,2021,54112697.4,1.3495
52,afg,Afghanistan,2022,52755431.79,1.2827
53,afg,Afghanistan,2023,52608505.3,1.2455
54,afg,Afghanistan,2024,52518398.07,1.2109
55,alb,Albania,1970,20350425.49,8.7539
56,alb,Albania,1971,20708736.92,8.6654
57,alb,Albania,1972,22025908.74,8.9712
58,alb,Albania,1973,22860992.31,9.0703
59,alb,Albania,1974,22924768.02,8.8668
60,alb,Albania,1975,24649189.11,9.3012
61,alb,Albania,1976,27437422.93,10.1112
62,alb,Albania,1977,28733230.07,10.3551
63,alb,Albania,1978,30482149.43,10.7585
64,alb,Albania,1979,28537725.89,9.8789
65,alb,Albania,1980,27970126.49,9.5083
66,alb,Albania,1981,29237967.81,9.7708
67,alb,Albania,1982,28592622.93,9.4018
68,alb,Albania,1983,29994313.75,9.7135
69,alb,Albania,1984,31184973.34,9.9578
70,alb,Albania,1985,31242449.72,9.8503
71,alb,Albania,1986,31350579.23,9.7753
72,alb,Albania,1987,31575594.87,9.7525
73,alb,Albania,1988,31213937.48,9.566
74,alb,Albania,1989,32453375.58,9.8877
75,alb,Albania,1990,37935195.86,11.5127
76,alb,Albania,1991,17845201.35,5.4042
77,alb,Albania,1992,19392591.25,5.8699
78,alb,Albania,1993,15909503.37,4.82
79,alb,Albania,1994,16883912.69,5.1257
80,alb,Albania,1995,15678812.23,4.7738
81,alb,Albania,1996,17981429.12,5.4967
82,alb,Albania,1997,18487791.68,5.682
83,alb,Albania,1998,18328988.27,5.6708
84,alb,Albania,1999,20104317.67,6.2664
85,alb,Albania,2000,21517842.09,6.7623
86,alb,Albania,2001,21880670.24,6.9383
87,alb,Albania,2002,23448142.23,7.5069
88,alb,Albania,2003,26739158.36,8.6451
89,alb,Albania,2004,29016291.34,9.4743
90,alb,Albania,2005,30452730.13,10.0417
91,alb,Albania,2006,29675553.74,9.8807
92,alb,Albania,2007,29263747.42,9.833
93,alb,Albania,2008,30984403.48,10.4972
94,alb,Albania,2009,32730249.18,11.1687
95,alb,Albania,2010,30912518.61,10.6105
96,alb,Albania,2011,29688621.91,10.2351
97,alb,Albania,2012,26052643.58,9.0079
98,alb,Albania,2013,24810830.9,8.5939
99,alb,Albania,2014,27673467.1,9.5952
100,alb,Albania,2015,26836006.69,9.31
101,alb,Albania,2016,30152936.88,10.4659
102,alb,Albania,2017,26596788.37,9.2371
103,alb,Albania,2018,25856662.29,8.9873
104,alb,Albania,2019,25492207.62,8.8703
105,alb,Albania,2020,28775224.45,10.0372
106,alb,Albania,2021,26449197.74,9.2651
107,alb,Albania,2022,27093821.63,9.5323
108,alb,Albania,2023,28429043.99,10.0369
109,alb,Albania,2024,29277480.06,10.36
110,dza,Algeria,1970,67736157.55,4.9099
111,dza,Algeria,1971,64409332.18,4.5647
112,dza,Algeria,1972,72900149.22,5.0486
113,dza,Algeria,1973,75570801.24,5.1108
114,dza,Algeria,1974,87143481.78,5.7507
115,dza,Algeria,1975,92651748.7,5.8921
116,dza,Algeria,1976,99686783.06,6.0414
117,dza,Algeria,1977,103799160.4,6.058
118,dza,Algeria,1978,113835276,6.4559
119,dza,Algeria,1979,124494027.5,6.8528
120,dza,Algeria,1980,133926190.3,7.1468
121,dza,Algeria,1981,134379988.1,6.9442
122,dza,Algeria,1982,145453221.8,7.2726
123,dza,Algeria,1983,154911762.4,7.4901
124,dza,Algeria,1984,172542854,8.0652
125,dza,Algeria,1985,181899543,8.2185
126,dza,Algeria,1986,202514961.7,8.8502
127,dza,Algeria,1987,196532415.9,8.3326
128,dza,Algeria,1988,175527624.9,7.2403
129,dza,Algeria,1989,179067607.9,7.1945
130,dza,Algeria,1990,177061750.5,6.9387
131,dza,Algeria,1991,163475738.1,6.2553
132,dza,Algeria,1992,160406212.4,5.9969
133,dza,Algeria,1993,163353233,5.9718
134,dza,Algeria,1994,160571123.2,5.7476
135,dza,Algeria,1995,160480463.1,5.6352
136,dza,Algeria,1996,155797516.7,5.3752
137,dza,Algeria,1997,135471667.8,4.596
138,dza,Algeria,1998,152335685.7,5.0906
139,dza,Algeria,1999,154490313.4,5.0909
140,dza,Algeria,2000,150136449.5,4.8786
141,dza,Algeria,2001,159880280.6,5.1242
142,dza,Algeria,2002,186218904.6,5.8884
143,dza,Algeria,2003,205949731.2,6.4247
144,dza,Algeria,2004,221563440.8,6.8152
145,dza,Algeria,2005,232465649.7,7.0537
146,dza,Algeria,2006,244083984.9,7.3002
147,dza,Algeria,2007,272777339.6,8.0267
148,dza,Algeria,2008,331865260.5,9.5999
149,dza,Algeria,2009,346613615.9,9.8481
150,dza,Algeria,2010,331977732.1,9.2585
151,dza,Algeria,2011,337243533.1,9.2285
152,dza,Algeria,2012,345215410,9.2649
153,dza,Algeria,2013,344303531,9.0605
154,dza,Algeria,2014,354549539.2,9.1473
155,dza,Algeria,2015,395818248.9,10.0098
156,dza,Algeria,2016,397261022.3,9.848
157,dza,Algeria,2017,397502380.4,9.663
158,dza,Algeria,2018,409391456.4,9.7644
159,dza,Algeria,2019,406201436.1,9.5117
160,dza,Algeria,2020,384298263.5,8.8443
161,dza,Algeria,2021,383470177.1,8.6801
162,dza,Algeria,2022,395155027.2,8.8001
163,dza,Algeria,2023,401530777.8,8.8042
164,dza,Algeria,2024,417649808.9,9.0247
165,ago,Angola,1970,38548770.6,6.3931
166,ago,Angola,1971,39067836.07,6.3247
167,ago,Angola,1972,38499373.21,6.0489
168,ago,Angola,1973,40070743.81,6.0914
169,ago,Angola,1974,39840863.54,5.8568
170,ago,Angola,1975,35245175.36,5.0116
171,ago,Angola,1976,32175905.49,4.4278
172,ago,Angola,1977,31683208.86,4.2177
173,ago,Angola,1978,31085506.19,3.9999
174,ago,Angola,1979,31319800.63,3.8939
175,ago,Angola,1980,32621502.75,3.9161
176,ago,Angola,1981,32578497.97,3.7744
177,ago,Angola,1982,33006388.79,3.689
178,ago,Angola,1983,33398302.45,3.6002
179,ago,Angola,1984,35400481.73,3.6808
180,ago,Angola,1985,37441334.76,3.7552
181,ago,Angola,1986,36745802.86,3.5563
182,ago,Angola,1987,37646819.34,3.5203
183,ago,Angola,1988,40793942.8,3.6883
184,ago,Angola,1989,39508268.72,3.4537
185,ago,Angola,1990,36740641.93,3.1061
186,ago,Angola,1991,47104693.66,3.852
187,ago,Angola,1992,69212805.84,5.4789
188,ago,Angola,1993,73733094.34,5.6551
189,ago,Angola,1994,89134601.87,6.6212
190,ago,Angola,1995,48653705.6,3.4972
191,ago,Angola,1996,49174063.28,3.4188
192,ago,Angola,1997,59433817.35,3.9966
193,ago,Angola,1998,60658816.95,3.9474
194,ago,Angola,1999,60505552.6,3.8124
195,ago,Angola,2000,56925125.9,3.4723
196,ago,Angola,2001,63962945.71,3.7755
197,ago,Angola,2002,67627290.78,3.8609
198,ago,Angola,2003,72798010.89,4.0166
199,ago,Angola,2004,75175994.76,4.0049
200,ago,Angola,2005,87278816.45,4.4871
201,ago,Angola,2006,83586717.3,4.1457
202,ago,Angola,2007,108767751.1,5.2018
203,ago,Angola,2008,137803997,6.3529
204,ago,Angola,2009,158187985.2,7.0282
205,ago,Angola,2010,145023296.2,6.2071
206,ago,Angola,2011,171147169.6,7.055
207,ago,Angola,2012,171498636,6.8087
208,ago,Angola,2013,189913562.7,7.2633
209,ago,Angola,2014,184849719.1,6.8139
210,ago,Angola,2015,197371765.9,7.017
211,ago,Angola,2016,180616947,6.1951
212,ago,Angola,2017,146128458.5,4.8373
213,ago,Angola,2018,147399597.3,4.7132
214,ago,Angola,2019,112210404.3,3.4683
215,ago,Angola,2020,116233408.5,3.4771
216,ago,Angola,2021,103378322.9,2.9961
217,ago,Angola,2022,110988187.7,3.1186
218,ago,Angola,2023,107762903.2,2.9376
219,ago,Angola,2024,110188242.7,2.9147
220,arg,Argentina,1970,394286832.2,16.5369
221,arg,Argentina,1971,409148205,16.8906
222,arg,Argentina,1972,398049076.2,16.1724
223,arg,Argentina,1973,421423420.4,16.8431
224,arg,Argentina,1974,426940688,16.7758
225,arg,Argentina,1975,420207612.3,16.2396
226,arg,Argentina,1976,432076236.6,16.4348
227,arg,Argentina,1977,449916682.1,16.8421
228,arg,Argentina,1978,451041698.8,16.6153
229,arg,Argentina,1979,455060706.7,16.4972
230,arg,Argentina,1980,437179137.1,15.5997
231,arg,Argentina,1981,456842342.3,16.0457
232,arg,Argentina,1982,443622455,15.3382
233,arg,Argentina,1983,443816386.9,15.1075
234,arg,Argentina,1984,447160018.6,14.9892
235,arg,Argentina,1985,436004885.4,14.3957
236,arg,Argentina,1986,433539538.1,14.0996
237,arg,Argentina,1987,438869276.5,14.0589
238,arg,Argentina,1988,445911773.6,14.0707
239,arg,Argentina,1989,382774193.2,11.9
240,arg,Argentina,1990,391910378.4,12.0079
241,arg,Argentina,1991,424392878.8,12.8193
242,arg,Argentina,1992,466647830.4,13.9014
243,arg,Argentina,1993,473752758,13.9228
244,arg,Argentina,1994,486324700.8,14.101
245,arg,Argentina,1995,461077242.1,13.194
246,arg,Argentina,1996,463076210.9,13.0852
247,arg,Argentina,1997,518862091.1,14.4869
248,arg,Argentina,1998,571682745.1,15.7779
249,arg,Argentina,1999,542455027.1,14.7997
250,arg,Argentina,2000,529686960.5,14.2885
251,arg,Argentina,2001,501683081.8,13.3852
252,arg,Argentina,2002,422829343.8,11.1609
253,arg,Argentina,2003,443431082,11.5844
254,arg,Argentina,2004,468524068.6,12.1163
255,arg,Argentina,2005,509108495.4,13.0305
256,arg,Argentina,2006,522059017.7,13.2244
257,arg,Argentina,2007,574237230.1,14.4005
258,arg,Argentina,2008,569352514.4,14.1371
259,arg,Argentina,2009,475158841.6,11.6792
260,arg,Argentina,2010,556497683.9,13.54
261,arg,Argentina,2011,625510655.7,15.065
262,arg,Argentina,2012,613682918.6,14.6281
263,arg,Argentina,2013,676443787.1,15.9583
264,arg,Argentina,2014,663920259.1,15.5034
265,arg,Argentina,2015,701896917.4,16.2262
266,arg,Argentina,2016,690186970,15.8052
267,arg,Argentina,2017,785026570.7,17.8194
268,arg,Argentina,2018,701848614.2,15.8026
269,arg,Argentina,2019,700599219.4,15.6574
270,arg,Argentina,2020,691606882.9,15.3567
271,arg,Argentina,2021,705727558.5,15.587
272,arg,Argentina,2022,736286445.9,16.1785
273,arg,Argentina,2023,747461339.5,16.3294
274,arg,Argentina,2024,760559360.7,16.5131
275,arm,Armenia,1992,10485880.34,2.9335
276,arm,Armenia,1993,8738591.127,2.5275
277,arm,Armenia,1994,7481430.094,2.2176
278,arm,Armenia,1995,9771629.565,2.9408
279,arm,Armenia,1996,11073325.33,3.3567
280,arm,Armenia,1997,11317257.88,3.4594
281,arm,Armenia,1998,12628214.3,3.8969
282,arm,Armenia,1999,12561745.39,3.9182
283,arm,Armenia,2000,19037906.24,6.0084
284,arm,Armenia,2001,18169822.27,5.7993
285,arm,Armenia,2002,17067643.83,5.4968
286,arm,Armenia,2003,16918290.07,5.4856
287,arm,Armenia,2004,18603356.06,6.0681
288,arm,Armenia,2005,20162769.37,6.6167
289,arm,Armenia,2006,21474946.29,7.0957
290,arm,Armenia,2007,25781369.67,8.5812
291,arm,Armenia,2008,43282599.83,14.5077
292,arm,Armenia,2009,37463432.82,12.6382
293,arm,Armenia,2010,21470797.7,7.2874
294,arm,Armenia,2011,20725857.32,7.0761
295,arm,Armenia,2012,20564727.96,7.0562
296,arm,Armenia,2013,21086068.36,7.2676
297,arm,Armenia,2014,21165474.73,7.3239
298,arm,Armenia,2015,20901091.86,7.2609
299,arm,Armenia,2016,19329451.06,6.7448
300,arm,Armenia,2017,20062926.18,7.0349
301,arm,Armenia,2018,20966721.58,7.3916
302,arm,Armenia,2019,21929787.49,7.7749
303,arm,Armenia,2020,24234865.28,8.638
304,arm,Armenia,2021,20615990.12,7.3867
305,arm,Armenia,2022,21565053.89,7.7559
306,arm,Armenia,2023,22118857,7.9622
307,arm,Armenia,2024,22734410.09,8.1838
308,aus,Australia,1970,387641978.1,30.7774
309,aus,Australia,1971,409045723.5,31.48
310,aus,Australia,1972,421817242.9,31.7148
311,aus,Australia,1973,455977633.7,33.7428
312,aus,Australia,1974,478612323.3,34.9011
313,aus,Australia,1975,489586943.9,35.2554
314,aus,Australia,1976,493778703.5,35.1743
315,aus,Australia,1977,465259626.5,32.7801
316,aus,Australia,1978,457144202.2,31.8438
317,aus,Australia,1979,454746917.6,31.3175
318,aus,Australia,1980,481285805.1,32.7265
319,aus,Australia,1981,502874278.7,33.682
320,aus,Australia,1982,490490161.5,32.3362
321,aus,Australia,1983,474118700,30.8208
322,aus,Australia,1984,501979622.5,32.2206
323,aus,Australia,1985,487568830.2,30.8868
324,aus,Australia,1986,474716595.5,29.647
325,aus,Australia,1987,478264161.1,29.4149
326,aus,Australia,1988,507136096,30.6873
327,aus,Australia,1989,539303256.1,32.1079
328,aus,Australia,1990,553619492.1,32.4742
329,aus,Australia,1991,527441552.1,30.539
330,aus,Australia,1992,535329816.1,30.656
331,aus,Australia,1993,543929956.4,30.8499
332,aus,Australia,1994,564429319.5,31.6997
333,aus,Australia,1995,623594767.3,34.6384
334,aus,Australia,1996,590935281.6,32.4479
335,aus,Australia,1997,631294597.3,34.2904
336,aus,Australia,1998,650769095.7,34.9845
337,aus,Australia,1999,622971480.8,33.1352
338,aus,Australia,2000,632380374.3,33.2517
339,aus,Australia,2001,665787541.8,34.5897
340,aus,Australia,2002,681587570.5,34.9966
341,aus,Australia,2003,753036831.3,38.2272
342,aus,Australia,2004,807973613.4,40.5506
343,aus,Australia,2005,841775120.3,41.7304
344,aus,Australia,2006,852867700.2,41.6703
345,aus,Australia,2007,880634482.1,42.2755
346,aus,Australia,2008,756936092.9,35.6241
347,aus,Australia,2009,789593271.2,36.4525
348,aus,Australia,2010,829018546.2,37.6499
349,aus,Australia,2011,826419005,36.9646
350,aus,Australia,2012,821704560,36.1518
351,aus,Australia,2013,786637966.5,34.0362
352,aus,Australia,2014,801367068.7,34.1449
353,aus,Australia,2015,768437174.4,32.2598
354,aus,Australia,2016,773106237.4,31.9522
355,aus,Australia,2017,837297264.8,34.0499
356,aus,Australia,2018,833269136.7,33.3585
357,aus,Australia,2019,844346345.8,33.2981
358,aus,Australia,2020,802624118.9,31.2669
359,aus,Australia,2021,827652231.1,31.9297
360,aus,Australia,2022,828497517.5,31.6493
361,aus,Australia,2023,831904427,31.4649
362,aus,Australia,2024,830945491.8,31.1222
363,aut,Austria,1970,144128493.9,19.3065
364,aut,Austria,1971,153124823.2,20.4206
365,aut,Austria,1972,163644738,21.6976
366,aut,Austria,1973,172189487.8,22.7042
367,aut,Austria,1974,175841251.9,23.1461
368,aut,Austria,1975,168659050,22.2596
369,aut,Austria,1976,176056844.4,23.2771
370,aut,Austria,1977,178892555.4,23.6432
371,aut,Austria,1978,180407677.8,23.8627
372,aut,Austria,1979,186458643.3,24.7048
373,aut,Austria,1980,184066161.7,24.3875
374,aut,Austria,1981,164922971,21.797
375,aut,Austria,1982,168481883.9,22.2527
376,aut,Austria,1983,165256595.7,21.8619
377,aut,Austria,1984,167629176.4,22.1774
378,aut,Austria,1985,163580887.1,21.6316
379,aut,Austria,1986,180229245.2,23.817
380,aut,Austria,1987,188587784.4,24.9047
381,aut,Austria,1988,193376510.8,25.4988
382,aut,Austria,1989,188957173.9,24.7995
383,aut,Austria,1990,191114562.1,24.8888
384,aut,Austria,1991,192076743.2,24.7661
385,aut,Austria,1992,214001189.6,27.2932
386,aut,Austria,1993,200124302.6,25.3153
387,aut,Austria,1994,212005633,26.7166
388,aut,Austria,1995,215750318.7,27.1476
389,aut,Austria,1996,211822182.4,26.6174
390,aut,Austria,1997,212373079,26.6563
391,aut,Austria,1998,220076919.7,27.5929
392,aut,Austria,1999,219757406.1,27.4993
393,aut,Austria,2000,212298085.8,26.5027
394,aut,Austria,2001,209609560.9,26.0721
395,aut,Austria,2002,209754027,25.9629
396,aut,Austria,2003,224152506.8,27.6046
397,aut,Austria,2004,231207215.6,28.2953
398,aut,Austria,2005,223828487.7,27.2065
399,aut,Austria,2006,232439527.3,28.114
400,aut,Austria,2007,237342759.1,28.6137
401,aut,Austria,2008,239919214.2,28.8325
402,aut,Austria,2009,217694086.5,26.0932
403,aut,Austria,2010,218087190.3,26.0782
404,aut,Austria,2011,221703577,26.421
405,aut,Austria,2012,216735963.7,25.7112
406,aut,Austria,2013,210521624.5,24.827
407,aut,Austria,2014,208558913.4,24.4041
408,aut,Austria,2015,199391026,23.0712
409,aut,Austria,2016,208424751.1,23.8568
410,aut,Austria,2017,203834683.5,23.1696
411,aut,Austria,2018,210648753,23.8277
412,aut,Austria,2019,205053925.2,23.0918
413,aut,Austria,2020,202994724.6,22.7885
414,aut,Austria,2021,225048397.4,25.2238
415,aut,Austria,2022,222577859.1,24.8979
416,aut,Austria,2023,231532400.2,25.8437
417,aut,Austria,2024,236241771.2,26.3159
418,aze,Azerbaijan,1992,20465116.3,2.6775
419,aze,Azerbaijan,1993,23864851.87,3.0833
420,aze,Azerbaijan,1994,24841896.79,3.1759
421,aze,Azerbaijan,1995,24131217.73,3.0587
422,aze,Azerbaijan,1996,25511108.48,3.2093
423,aze,Azerbaijan,1997,32076597.46,4.0095
424,aze,Azerbaijan,1998,30145428.19,3.7489
425,aze,Azerbaijan,1999,33970520.32,4.1931
426,aze,Azerbaijan,2000,41788467.98,5.1022
427,aze,Azerbaijan,2001,46347589.83,5.5962
428,aze,Azerbaijan,2002,38885869.01,4.6447
429,aze,Azerbaijan,2003,45061460.33,5.325
430,aze,Azerbaijan,2004,52578195.47,6.1451
431,aze,Azerbaijan,2005,51393230.11,5.9371
432,aze,Azerbaijan,2006,56102472.69,6.4019
433,aze,Azerbaijan,2007,57042511.66,6.4249
434,aze,Azerbaijan,2008,57477140.48,6.3866
435,aze,Azerbaijan,2009,61153161.31,6.7057
436,aze,Azerbaijan,2010,63336963.49,6.8567
437,aze,Azerbaijan,2011,63957779.77,6.8338
438,aze,Azerbaijan,2012,72374868.96,7.63
439,aze,Azerbaijan,2013,88148621.36,9.1683
440,aze,Azerbaijan,2014,83751037.89,8.597
441,aze,Azerbaijan,2015,78660471.5,7.9749
442,aze,Azerbaijan,2016,68993556.59,6.9158
443,aze,Azerbaijan,2017,71546300.18,7.1038
444,aze,Azerbaijan,2018,66627937.59,6.5627
445,aze,Azerbaijan,2019,82716652.33,8.0835
446,aze,Azerbaijan,2020,84890779.43,8.2539
447,aze,Azerbaijan,2021,77005984.02,7.4669
448,aze,Azerbaijan,2022,76405230.55,7.3764
449,aze,Azerbaijan,2023,71771080.61,6.8927
450,aze,Azerbaijan,2024,73609723.93,7.0353
451,bhs,Bahamas,1970,2438314.637,13.6121
452,bhs,Bahamas,1971,2515732.184,13.6402
453,bhs,Bahamas,1972,2557616.137,13.5194
454,bhs,Bahamas,1973,2672236.21,13.8055
455,bhs,Bahamas,1974,2682087.55,13.5619
456,bhs,Bahamas,1975,2644498.951,13.0993
457,bhs,Bahamas,1976,2717421.404,13.1852
458,bhs,Bahamas,1977,2754515.633,13.0835
459,bhs,Bahamas,1978,2794738.903,12.9978
460,bhs,Bahamas,1979,2882378.361,13.136
461,bhs,Bahamas,1980,2840177.613,12.6934
462,bhs,Bahamas,1981,2868220.322,12.5823
463,bhs,Bahamas,1982,2891028.392,12.4518
464,bhs,Bahamas,1983,2843125.762,12.0173
465,bhs,Bahamas,1984,3029914.367,12.5636
466,bhs,Bahamas,1985,3119266.073,12.6833
467,bhs,Bahamas,1986,3134106.432,12.4962
468,bhs,Bahamas,1987,3146653.283,12.31
469,bhs,Bahamas,1988,3158995.883,12.1289
470,bhs,Bahamas,1989,3279658.115,12.3531
471,bhs,Bahamas,1990,3228377.87,11.927
472,bhs,Bahamas,1991,3048385.577,11.0426
473,bhs,Bahamas,1992,3260408.133,11.5628
474,bhs,Bahamas,1993,3408565.235,11.8286
475,bhs,Bahamas,1994,3773736.5,12.836
476,bhs,Bahamas,1995,4623376.807,15.4342
477,bhs,Bahamas,1996,4346719.904,14.2547
478,bhs,Bahamas,1997,6056781.245,19.5272
479,bhs,Bahamas,1998,7726633.138,24.498
480,bhs,Bahamas,1999,6633169.257,20.711
481,bhs,Bahamas,2000,7375458.587,22.6927
482,bhs,Bahamas,2001,6347036.996,19.2553
483,bhs,Bahamas,2002,5625031.128,16.8413
484,bhs,Bahamas,2003,5864411.318,17.3252
485,bhs,Bahamas,2004,5290836.201,15.4212
486,bhs,Bahamas,2005,5733265.771,16.4842
487,bhs,Bahamas,2006,6615617.22,18.759
488,bhs,Bahamas,2007,6186644.138,17.2973
489,bhs,Bahamas,2008,5759207.47,15.8746
490,bhs,Bahamas,2009,5761431.331,15.6536
491,bhs,Bahamas,2010,5793617.741,15.5212
492,bhs,Bahamas,2011,6955687.889,18.4037
493,bhs,Bahamas,2012,5906584.99,15.4598
494,bhs,Bahamas,2013,5418993.192,14.0516
495,bhs,Bahamas,2014,5536307.419,14.2274
496,bhs,Bahamas,2015,4539303.388,11.5593
497,bhs,Bahamas,2016,6094540.123,15.3912
498,bhs,Bahamas,2017,6608600.186,16.5621
499,bhs,Bahamas,2018,8652403.022,21.5284
500,bhs,Bahamas,2019,7498695.271,18.5356
501,bhs,Bahamas,2020,5359890.712,13.1864
502,bhs,Bahamas,2021,6573655.738,16.1156
503,bhs,Bahamas,2022,6740920.597,16.4419
504,bhs,Bahamas,2023,6890012.155,16.6981
505,bhs,Bahamas,2024,6976930.702,16.8029
506,bhr,Bahrain,1970,6754932.827,30.3517
507,bhr,Bahrain,1971,6725210.274,29.1145
508,bhr,Bahrain,1972,7400662.531,30.4375
509,bhr,Bahrain,1973,7949056.455,30.9745
510,bhr,Bahrain,1974,9149160.45,33.8073
511,bhr,Bahrain,1975,8842605.95,31.0141
512,bhr,Bahrain,1976,11379530.86,37.9262
513,bhr,Bahrain,1977,13011474.31,41.2621
514,bhr,Bahrain,1978,14305601.73,43.2308
515,bhr,Bahrain,1979,12348948.97,35.6189
516,bhr,Bahrain,1980,13469689.7,37.148
517,bhr,Bahrain,1981,14358523.41,38.0429
518,bhr,Bahrain,1982,15495710.87,39.6293
519,bhr,Bahrain,1983,16962819.64,41.9071
520,bhr,Bahrain,1984,17231005.73,41.1028
521,bhr,Bahrain,1985,16518533.88,38.0283
522,bhr,Bahrain,1986,14393141.25,31.9708
523,bhr,Bahrain,1987,13576960.43,29.0998
524,bhr,Bahrain,1988,14136226.13,29.2471
525,bhr,Bahrain,1989,15852733.59,31.6834
526,bhr,Bahrain,1990,14855035.01,28.7099
527,bhr,Bahrain,1991,15761670.17,29.4382
528,bhr,Bahrain,1992,16273804.13,29.3502
529,bhr,Bahrain,1993,17407119.1,30.3389
530,bhr,Bahrain,1994,14949072.91,25.1984
531,bhr,Bahrain,1995,13919847.11,22.7102
532,bhr,Bahrain,1996,13827721.21,21.8532
533,bhr,Bahrain,1997,14766849.11,22.6262
534,bhr,Bahrain,1998,15823237.38,23.5295
535,bhr,Bahrain,1999,13789383.2,19.923
536,bhr,Bahrain,2000,15513482.75,21.8057
537,bhr,Bahrain,2001,14229888.17,19.4861
538,bhr,Bahrain,2002,18520434.99,24.7492
539,bhr,Bahrain,2003,15543241.13,19.9719
540,bhr,Bahrain,2004,21939502.36,26.3237
541,bhr,Bahrain,2005,24982061.3,27.6987
542,bhr,Bahrain,2006,26003308.26,26.7805
543,bhr,Bahrain,2007,27517773.51,26.4459
544,bhr,Bahrain,2008,34319418.42,30.9088
545,bhr,Bahrain,2009,34246046.91,29.0355
546,bhr,Bahrain,2010,34395553.16,28.3407
547,bhr,Bahrain,2011,34923861.37,28.8132
548,bhr,Bahrain,2012,42581052.25,34.7618
549,bhr,Bahrain,2013,47269986.32,37.4661
550,bhr,Bahrain,2014,47583342.25,36.2917
551,bhr,Bahrain,2015,46907323.11,34.4364
552,bhr,Bahrain,2016,41477099.94,29.4235
553,bhr,Bahrain,2017,38651863.39,26.5314
554,bhr,Bahrain,2018,44353829.52,29.8209
555,bhr,Bahrain,2019,40217970.5,26.9163
556,bhr,Bahrain,2020,38097923.19,25.7859
557,bhr,Bahrain,2021,34794023.21,23.7783
558,bhr,Bahrain,2022,35559608.31,24.1535
559,bhr,Bahrain,2023,36522561.85,24.5859
560,bhr,Bahrain,2024,37625111.16,25.105
561,bgd,Bangladesh,1970,125353738.4,1.8559
562,bgd,Bangladesh,1971,119748930.5,1.7513
563,bgd,Bangladesh,1972,118114432,1.7032
564,bgd,Bangladesh,1973,123101784.3,1.7303
565,bgd,Bangladesh,1974,123117467.2,1.6877
566,bgd,Bangladesh,1975,130613792.2,1.7485
567,bgd,Bangladesh,1976,128789216.8,1.6862
568,bgd,Bangladesh,1977,137219121.6,1.7561
569,bgd,Bangladesh,1978,142702686.6,1.7836
570,bgd,Bangladesh,1979,144979419.5,1.77
571,bgd,Bangladesh,1980,136540214.4,1.6268
572,bgd,Bangladesh,1981,137151452.3,1.5919
573,bgd,Bangladesh,1982,139121365.8,1.571
574,bgd,Bangladesh,1983,141658896.8,1.5559
575,bgd,Bangladesh,1984,146054830.2,1.5615
576,bgd,Bangladesh,1985,149756568.7,1.5606
577,bgd,Bangladesh,1986,150541929.6,1.5319
578,bgd,Bangladesh,1987,151424820.8,1.5069
579,bgd,Bangladesh,1988,163633253.2,1.5935
580,bgd,Bangladesh,1989,173391321.4,1.653
581,bgd,Bangladesh,1990,177957028.7,1.6609
582,bgd,Bangladesh,1991,175453140.5,1.6061
583,bgd,Bangladesh,1992,180578833.2,1.6229
584,bgd,Bangladesh,1993,187656835.6,1.6545
585,bgd,Bangladesh,1994,186327672.1,1.6116
586,bgd,Bangladesh,1995,203668284,1.729
587,bgd,Bangladesh,1996,213061123.8,1.7773
588,bgd,Bangladesh,1997,214665288,1.759
589,bgd,Bangladesh,1998,240630098.6,1.9351
590,bgd,Bangladesh,1999,251457944,1.9838
591,bgd,Bangladesh,2000,269640298.9,2.0871
592,bgd,Bangladesh,2001,271876505.7,2.0648
593,bgd,Bangladesh,2002,283179785.6,2.1111
594,bgd,Bangladesh,2003,234968832.4,1.7213
595,bgd,Bangladesh,2004,271377769.6,1.9553
596,bgd,Bangladesh,2005,319426518.7,2.2668
597,bgd,Bangladesh,2006,326211347.5,2.2871
598,bgd,Bangladesh,2007,344030816.2,2.3868
599,bgd,Bangladesh,2008,356370851.7,2.4506
600,bgd,Bangladesh,2009,357639651.3,2.4378
601,bgd,Bangladesh,2010,382717097.5,2.5791
602,bgd,Bangladesh,2011,405381997.6,2.6988
603,bgd,Bangladesh,2012,493071938.5,3.242
604,bgd,Bangladesh,2013,520873320.2,3.3816
605,bgd,Bangladesh,2014,380633815.1,2.4406
606,bgd,Bangladesh,2015,439451650,2.7843
607,bgd,Bangladesh,2016,601601998.5,3.7651
608,bgd,Bangladesh,2017,626343350.9,3.8712
609,bgd,Bangladesh,2018,666126247.6,4.0696
610,bgd,Bangladesh,2019,692660658.2,4.1849
611,bgd,Bangladesh,2020,694800798.5,4.15
612,bgd,Bangladesh,2021,718881996.6,4.2448
613,bgd,Bangladesh,2022,736748915.5,4.3038
614,bgd,Bangladesh,2023,750906408.3,4.3416
615,bgd,Bangladesh,2024,770191908.8,4.4086
616,blr,Belarus,1992,96425869.95,9.2045
617,blr,Belarus,1993,104906988.1,10.0097
618,blr,Belarus,1994,86238265.15,8.2325
619,blr,Belarus,1995,94822008.35,9.0637
620,blr,Belarus,1996,100535325.3,9.6331
621,blr,Belarus,1997,94519758.71,9.0876
622,blr,Belarus,1998,92410792.37,8.9221
623,blr,Belarus,1999,80272413.53,7.7872
624,blr,Belarus,2000,84650531.8,8.2534
625,blr,Belarus,2001,83667883.73,8.2018
626,blr,Belarus,2002,87827499.74,8.6654
627,blr,Belarus,2003,86197144.47,8.5633
628,blr,Belarus,2004,102661332.8,10.2664
629,blr,Belarus,2005,96900081.4,9.7532
630,blr,Belarus,2006,113056116.6,11.4491
631,blr,Belarus,2007,127326842.6,12.9582
632,blr,Belarus,2008,146178359,14.9347
633,blr,Belarus,2009,135160313,13.8516
634,blr,Belarus,2010,147013552.1,15.1071
635,blr,Belarus,2011,132058790.3,13.6045
636,blr,Belarus,2012,141856544.8,14.6338
637,blr,Belarus,2013,150480554.7,15.5276
638,blr,Belarus,2014,156055338.6,16.0986
639,blr,Belarus,2015,129766679.9,13.3772
640,blr,Belarus,2016,118373723.1,12.1933
641,blr,Belarus,2017,131923064.1,13.5893
642,blr,Belarus,2018,121508270.3,12.5323
643,blr,Belarus,2019,120837680,12.491
644,blr,Belarus,2020,118774968.3,12.3291
645,blr,Belarus,2021,107298210.4,11.2024
646,blr,Belarus,2022,102750949.1,10.7762
647,blr,Belarus,2023,96845389.04,10.1961
648,blr,Belarus,2024,96930449.57,10.2517
649,bel,Belgium,1970,298583422.3,31.0076
650,bel,Belgium,1971,315909333.2,32.6812
651,bel,Belgium,1972,341241119.5,35.1784
652,bel,Belgium,1973,367277316.1,37.7547
653,bel,Belgium,1974,372942307.8,38.2542
654,bel,Belgium,1975,384704990,39.4026
655,bel,Belgium,1976,398828000.4,40.8069
656,bel,Belgium,1977,410539538.9,41.9501
657,bel,Belgium,1978,435627270.5,44.4508
658,bel,Belgium,1979,449569478.7,45.8084
659,bel,Belgium,1980,425955189.4,43.3366
660,bel,Belgium,1981,377292742.3,38.3288
661,bel,Belgium,1982,339922322.2,34.4842
662,bel,Belgium,1983,326866033.2,33.1288
663,bel,Belgium,1984,325389323.1,32.9555
664,bel,Belgium,1985,336577014.6,34.0647
665,bel,Belgium,1986,398122749.1,40.264
666,bel,Belgium,1987,441953067.6,44.6407
667,bel,Belgium,1988,451602224.9,45.5336
668,bel,Belgium,1989,456444490.6,45.933
669,bel,Belgium,1990,534053922,53.6222
670,bel,Belgium,1991,384678193,38.5176
671,bel,Belgium,1992,471101863.1,47.0328
672,bel,Belgium,1993,415315687.5,41.3507
673,bel,Belgium,1994,396200543.7,39.3478
674,bel,Belgium,1995,401042062.1,39.726
675,bel,Belgium,1996,390353016.4,38.5601
676,bel,Belgium,1997,389656929,38.3714
677,bel,Belgium,1998,394099014.5,38.6806
678,bel,Belgium,1999,450934940.7,44.1046
679,bel,Belgium,2000,413890827.7,40.3232
680,bel,Belgium,2001,369476487.6,35.8393
681,bel,Belgium,2002,390420170.3,37.7015
682,bel,Belgium,2003,383973173.3,36.9114
683,bel,Belgium,2004,454341368.4,43.452
684,bel,Belgium,2005,474095872.8,45.0791
685,bel,Belgium,2006,490382349.1,46.3369
686,bel,Belgium,2007,488586363.3,45.8607
687,bel,Belgium,2008,540544176.6,50.3923
688,bel,Belgium,2009,377626854.2,34.9611
689,bel,Belgium,2010,512544761.4,47.1178
690,bel,Belgium,2011,467688689,42.6889
691,bel,Belgium,2012,451874351.3,40.9635
692,bel,Belgium,2013,406397757,36.6017
693,bel,Belgium,2014,410350161.6,36.7147
694,bel,Belgium,2015,366629155.2,32.5942
695,bel,Belgium,2016,461630933.9,40.7915
696,bel,Belgium,2017,430532000.6,37.8174
697,bel,Belgium,2018,464125341.7,40.5399
698,bel,Belgium,2019,460408171.3,39.9987
699,bel,Belgium,2020,432901138,37.4426
700,bel,Belgium,2021,510872048,43.9974
701,bel,Belgium,2022,505336027.8,43.3544
702,bel,Belgium,2023,533718039,45.671
703,bel,Belgium,2024,553319206.7,47.2286
704,blz,Belize,1970,708423.0687,5.8593
705,blz,Belize,1971,764508.566,6.2109
706,blz,Belize,1972,845070.8968,6.7576
707,blz,Belize,1973,967885.2793,7.6287
708,blz,Belize,1974,1037813.766,8.0688
709,blz,Belize,1975,1000249.144,7.6471
710,blz,Belize,1976,882449.3059,6.6115
711,blz,Belize,1977,1221016.831,8.966
712,blz,Belize,1978,1702199.719,12.2519
713,blz,Belize,1979,1577141.682,11.1205
714,blz,Belize,1980,1601339.25,11.0336
715,blz,Belize,1981,1284943.856,8.6375
716,blz,Belize,1982,1212237.027,7.9538
717,blz,Belize,1983,1165511.996,7.4687
718,blz,Belize,1984,1200865.231,7.5185
719,blz,Belize,1985,1177679.022,7.2058
720,blz,Belize,1986,1327184.726,7.9381
721,blz,Belize,1987,1449001.861,8.4747
722,blz,Belize,1988,1490027.252,8.5234
723,blz,Belize,1989,1766789.079,9.8872
724,blz,Belize,1990,2572609.577,14.0896
725,blz,Belize,1991,2498984.302,13.4021
726,blz,Belize,1992,1796849.92,9.4422
727,blz,Belize,1993,1714445.534,8.8293
728,blz,Belize,1994,1677669.905,8.4553
729,blz,Belize,1995,1668935.984,8.1989
730,blz,Belize,1996,1684346.898,8.0268
731,blz,Belize,1997,2101121.202,9.6774
732,blz,Belize,1998,2096887.528,9.3234
733,blz,Belize,1999,2367270.881,10.1716
734,blz,Belize,2000,2868713.231,11.9328
735,blz,Belize,2001,2594117.031,10.4559
736,blz,Belize,2002,2703934.272,10.5628
737,blz,Belize,2003,2460423.786,9.3199
738,blz,Belize,2004,2362490.205,8.6815
739,blz,Belize,2005,2233921.247,7.9676
740,blz,Belize,2006,2437662.306,8.4427
741,blz,Belize,2007,3085491.989,10.3828
742,blz,Belize,2008,2225112.845,7.2794
743,blz,Belize,2009,2293066.028,7.2988
744,blz,Belize,2010,1835632.14,5.6988
745,blz,Belize,2011,2060222.643,6.2519
746,blz,Belize,2012,1923656.229,5.7072
747,blz,Belize,2013,2563966.698,7.4385
748,blz,Belize,2014,2210278.417,6.2732
749,blz,Belize,2015,3308895.627,9.1947
750,blz,Belize,2016,3380514.552,9.2034
751,blz,Belize,2017,3358276.33,8.9627
752,blz,Belize,2018,3027699.678,7.9245
753,blz,Belize,2019,3371529.282,8.6651
754,blz,Belize,2020,3928594.815,9.9478
755,blz,Belize,2021,4088170.584,10.2196
756,blz,Belize,2022,4376389.775,10.7986
757,blz,Belize,2023,4495724.171,10.9432
758,blz,Belize,2024,4562069.309,10.9492
759,ben,Benin,1970,10363895.38,3.4278
760,ben,Benin,1971,10313475.57,3.3394
761,ben,Benin,1972,10687386.1,3.3859
762,ben,Benin,1973,11169908.47,3.461
763,ben,Benin,1974,10421648.42,3.1569
764,ben,Benin,1975,10643369.52,3.1501
765,ben,Benin,1976,11102316.99,3.2085
766,ben,Benin,1977,11202420.38,3.1588
767,ben,Benin,1978,12043842.1,3.3115
768,ben,Benin,1979,12446627.92,3.3348
769,ben,Benin,1980,14078633.84,3.6721
770,ben,Benin,1981,14114164.97,3.5808
771,ben,Benin,1982,14238667.5,3.5119
772,ben,Benin,1983,13951101,3.3444
773,ben,Benin,1984,15212484.97,3.5435
774,ben,Benin,1985,15456356.64,3.4973
775,ben,Benin,1986,15685815.28,3.4464
776,ben,Benin,1987,15178842.59,3.2373
777,ben,Benin,1988,16072705.8,3.3266
778,ben,Benin,1989,16474290.08,3.3083
779,ben,Benin,1990,18365890.59,3.5777
780,ben,Benin,1991,18226280.68,3.4434
781,ben,Benin,1992,19781084.76,3.6244
782,ben,Benin,1993,19704899.82,3.4533
783,ben,Benin,1994,20728205.4,3.4994
784,ben,Benin,1995,21630790.52,3.5774
785,ben,Benin,1996,21923415.44,3.5338
786,ben,Benin,1997,22396557.72,3.5066
787,ben,Benin,1998,22123724.03,3.3601
788,ben,Benin,1999,23865707.53,3.5156
789,ben,Benin,2000,21130313.73,3.0195
790,ben,Benin,2001,27244343.86,3.7776
791,ben,Benin,2002,30310701.71,4.0785
792,ben,Benin,2003,31725364.67,4.1421
793,ben,Benin,2004,29214129.88,3.7005
794,ben,Benin,2005,31801768,3.9023
795,ben,Benin,2006,36868299.1,4.3877
796,ben,Benin,2007,46988549.8,5.4336
797,ben,Benin,2008,49744279.9,5.5852
798,ben,Benin,2009,53503577.95,5.833
799,ben,Benin,2010,48328522.91,5.1165
800,ben,Benin,2011,49251168.75,5.0637
801,ben,Benin,2012,49050857.31,4.8982
802,ben,Benin,2013,54848046.17,5.3205
803,ben,Benin,2014,66071565.3,6.2244
804,ben,Benin,2015,48835441.58,4.4669
805,ben,Benin,2016,40734284.96,3.6176
806,ben,Benin,2017,46087885.85,3.9742
807,ben,Benin,2018,47107540.23,3.9451
808,ben,Benin,2019,45391992.31,3.6933
809,ben,Benin,2020,52187529.94,4.1277
810,ben,Benin,2021,47267901.74,3.6369
811,ben,Benin,2022,47748600.79,3.5759
812,ben,Benin,2023,48334383.7,3.5248
813,ben,Benin,2024,49958164.58,3.5481
814,btn,Bhutan,1970,2766044.432,9.2543
815,btn,Bhutan,1971,2801648.828,9.0716
816,btn,Bhutan,1972,2810230.315,8.806
817,btn,Bhutan,1973,2928434.539,8.8794
818,btn,Bhutan,1974,3044888.723,8.9334
819,btn,Bhutan,1975,2889831.741,8.2035
820,btn,Bhutan,1976,3138583.913,8.6197
821,btn,Bhutan,1977,3422475.748,9.093
822,btn,Bhutan,1978,3523617.933,9.0565
823,btn,Bhutan,1979,3682430.821,9.1588
824,btn,Bhutan,1980,4159770.09,10.0173
825,btn,Bhutan,1981,4393226.406,10.2492
826,btn,Bhutan,1982,4506202.764,10.1904
827,btn,Bhutan,1983,4360877.618,9.5626
828,btn,Bhutan,1984,4454506.755,9.4743
829,btn,Bhutan,1985,4771433.766,9.8476
830,btn,Bhutan,1986,5309860.015,10.6378
831,btn,Bhutan,1987,5754588.262,11.1951
832,btn,Bhutan,1988,5894235.435,11.1411
833,btn,Bhutan,1989,6191311.74,11.3767
834,btn,Bhutan,1990,3046471.714,5.4553
835,btn,Bhutan,1991,13125157.86,23.1195
836,btn,Bhutan,1992,5575636.155,10.2128
837,btn,Bhutan,1993,4487970.074,8.6168
838,btn,Bhutan,1994,3617066.949,6.9391
839,btn,Bhutan,1995,3385847.75,6.4182
840,btn,Bhutan,1996,3667041.913,6.8225
841,btn,Bhutan,1997,4945604.581,9.0436
842,btn,Bhutan,1998,4768790.728,8.5594
843,btn,Bhutan,1999,7254387.901,12.7049
844,btn,Bhutan,2000,4321523.182,7.3595
845,btn,Bhutan,2001,4529236.227,7.5083
846,btn,Bhutan,2002,6563524.259,10.6026
847,btn,Bhutan,2003,5987757.121,9.4351
848,btn,Bhutan,2004,5941728.574,9.1412
849,btn,Bhutan,2005,4680128.922,7.0556
850,btn,Bhutan,2006,3057226.522,4.5409
851,btn,Bhutan,2007,3748504.543,5.4995
852,btn,Bhutan,2008,4383151.191,6.3548
853,btn,Bhutan,2009,5039811.33,7.2237
854,btn,Bhutan,2010,9512960.395,13.4837
855,btn,Bhutan,2011,8961590.612,12.563
856,btn,Bhutan,2012,8961659.965,12.427
857,btn,Bhutan,2013,9647090.759,13.2353
858,btn,Bhutan,2014,14765504.7,20.0521
859,btn,Bhutan,2015,16430959.2,22.1062
860,btn,Bhutan,2016,17690855.86,23.5953
861,btn,Bhutan,2017,17968689.74,23.7643
862,btn,Bhutan,2018,18350326.38,24.0788
863,btn,Bhutan,2019,16667381.09,21.7176
864,btn,Bhutan,2020,18226701.92,23.5943
865,btn,Bhutan,2021,18353522.34,23.6062
866,btn,Bhutan,2022,18878609.71,24.1274
867,btn,Bhutan,2023,19432285.56,24.6783
868,btn,Bhutan,2024,19963887.71,25.1948
869,bol,Bolivia,1970,29017999.47,6.3279
870,bol,Bolivia,1971,29901232.59,6.3779
871,bol,Bolivia,1972,32984426.58,6.8806
872,bol,Bolivia,1973,34568827.77,7.0516
873,bol,Bolivia,1974,38176370.52,7.6143
874,bol,Bolivia,1975,40074699.89,7.8152
875,bol,Bolivia,1976,42427563.01,8.0901
876,bol,Bolivia,1977,42668123.2,7.9547
877,bol,Bolivia,1978,45284369.14,8.2543
878,bol,Bolivia,1979,45772900,8.1586
879,bol,Bolivia,1980,46546148.98,8.1146
880,bol,Bolivia,1981,47948753.47,8.1782
881,bol,Bolivia,1982,48250899.83,8.0537
882,bol,Bolivia,1983,48986527.08,8.0035
883,bol,Bolivia,1984,48385406.82,7.7393
884,bol,Bolivia,1985,51607468.79,8.0818
885,bol,Bolivia,1986,47571244.84,7.294
886,bol,Bolivia,1987,48848344.9,7.333
887,bol,Bolivia,1988,49925341.68,7.3376
888,bol,Bolivia,1989,51509044.65,7.4123
889,bol,Bolivia,1990,45681387.46,6.4374
890,bol,Bolivia,1991,46342270.15,6.3965
891,bol,Bolivia,1992,47487816.07,6.4221
892,bol,Bolivia,1993,50688785.21,6.7187
893,bol,Bolivia,1994,52369200.31,6.8067
894,bol,Bolivia,1995,40206231.44,5.1274
895,bol,Bolivia,1996,57340951.06,7.1772
896,bol,Bolivia,1997,57320964.81,7.0439
897,bol,Bolivia,1998,61851825.87,7.4638
898,bol,Bolivia,1999,64105359.47,7.5963
899,bol,Bolivia,2000,64036446.18,7.4525
900,bol,Bolivia,2001,60979620.06,6.9722
901,bol,Bolivia,2002,64920488.98,7.294
902,bol,Bolivia,2003,60723453.69,6.7043
903,bol,Bolivia,2004,55224226.54,5.992
904,bol,Bolivia,2005,65021521.67,6.9339
905,bol,Bolivia,2006,67235040.69,7.0457
906,bol,Bolivia,2007,71438043.36,7.3563
907,bol,Bolivia,2008,73741037.63,7.4632
908,bol,Bolivia,2009,84762899.68,8.433
909,bol,Bolivia,2010,82329978.06,8.0532
910,bol,Bolivia,2011,90829835.26,8.7368
911,bol,Bolivia,2012,90444350.28,8.5569
912,bol,Bolivia,2013,96870450.38,9.0168
913,bol,Bolivia,2014,106497330.7,9.7552
914,bol,Bolivia,2015,124512842.9,11.2274
915,bol,Bolivia,2016,124897485.4,11.0892
916,bol,Bolivia,2017,129414530.1,11.3169
917,bol,Bolivia,2018,139320815.1,12.0033
918,bol,Bolivia,2019,143694349.4,12.2009
919,bol,Bolivia,2020,136401212.3,11.4276
920,bol,Bolivia,2021,142882635.2,11.8285
921,bol,Bolivia,2022,146625925.3,11.9948
922,bol,Bolivia,2023,149712331.1,12.0847
923,bol,Bolivia,2024,150150164,11.9477
924,bih,Bosnia and Herzegovina,1992,38383206.26,8.977
925,bih,Bosnia and Herzegovina,1993,28723550.54,7.2847
926,bih,Bosnia and Herzegovina,1994,23560053.65,6.2621
927,bih,Bosnia and Herzegovina,1995,19517659.54,5.204
928,bih,Bosnia and Herzegovina,1996,22678843.71,5.8036
929,bih,Bosnia and Herzegovina,1997,25261600.72,6.2409
930,bih,Bosnia and Herzegovina,1998,31359642.93,7.6207
931,bih,Bosnia and Herzegovina,1999,31710134.23,7.6355
932,bih,Bosnia and Herzegovina,2000,32706818.61,7.8258
933,bih,Bosnia and Herzegovina,2001,33055242.31,7.8798
934,bih,Bosnia and Herzegovina,2002,37657202.45,8.9694
935,bih,Bosnia and Herzegovina,2003,43270559.97,10.3425
936,bih,Bosnia and Herzegovina,2004,44933870.11,10.8461
937,bih,Bosnia and Herzegovina,2005,46260312.65,11.2987
938,bih,Bosnia and Herzegovina,2006,45319190.42,11.1676
939,bih,Bosnia and Herzegovina,2007,47851482.5,11.9394
940,bih,Bosnia and Herzegovina,2008,56351141.12,14.29
941,bih,Bosnia and Herzegovina,2009,44752619.18,11.5409
942,bih,Bosnia and Herzegovina,2010,41762622.43,10.9582
943,bih,Bosnia and Herzegovina,2011,43964191.44,11.7453
944,bih,Bosnia and Herzegovina,2012,42525444.13,11.5735
945,bih,Bosnia and Herzegovina,2013,40713592.51,11.2544
946,bih,Bosnia and Herzegovina,2014,39017282.09,10.9259
947,bih,Bosnia and Herzegovina,2015,48024890.69,13.6267
948,bih,Bosnia and Herzegovina,2016,49481525.1,14.2148
949,bih,Bosnia and Herzegovina,2017,48690644.83,14.1541
950,bih,Bosnia and Herzegovina,2018,50127970.89,14.743
951,bih,Bosnia and Herzegovina,2019,48930027.63,14.5594
952,bih,Bosnia and Herzegovina,2020,53788525.98,16.2091
953,bih,Bosnia and Herzegovina,2021,47668604.11,14.5734
954,bih,Bosnia and Herzegovina,2022,49089794.4,15.1815
955,bih,Bosnia and Herzegovina,2023,50463173.68,15.7165
956,bih,Bosnia and Herzegovina,2024,51439788.54,16.1032
957,bwa,Botswana,1970,3169280.84,5.3513
958,bwa,Botswana,1971,3667758.274,6.0711
959,bwa,Botswana,1972,3839456.857,6.1274
960,bwa,Botswana,1973,4010912.718,6.1026
961,bwa,Botswana,1974,4667298.991,6.7489
962,bwa,Botswana,1975,4441060.373,6.1009
963,bwa,Botswana,1976,4675974.315,6.101
964,bwa,Botswana,1977,4676074.715,5.7946
965,bwa,Botswana,1978,4508743.558,5.3082
966,bwa,Botswana,1979,4689597.157,5.2486
967,bwa,Botswana,1980,5488950.004,5.8482
968,bwa,Botswana,1981,6001639.154,6.107
969,bwa,Botswana,1982,5529033.471,5.4047
970,bwa,Botswana,1983,5476462.338,5.163
971,bwa,Botswana,1984,5661325.148,5.1505
972,bwa,Botswana,1985,5296433.628,4.6513
973,bwa,Botswana,1986,5613837.395,4.7605
974,bwa,Botswana,1987,6175679.886,5.0605
975,bwa,Botswana,1988,6959587.287,5.5179
976,bwa,Botswana,1989,8250053.588,6.338
977,bwa,Botswana,1990,8438415.079,6.2904
978,bwa,Botswana,1991,8385709.913,6.074
979,bwa,Botswana,1992,7886207.143,5.551
980,bwa,Botswana,1993,7859585.087,5.3749
981,bwa,Botswana,1994,8087554.295,5.379
982,bwa,Botswana,1995,10386981.68,6.7289
983,bwa,Botswana,1996,8440434.665,5.3347
984,bwa,Botswana,1997,12797726.05,7.903
985,bwa,Botswana,1998,13956699.45,8.4295
986,bwa,Botswana,1999,16545504.98,9.7812
987,bwa,Botswana,2000,13835211.1,8.0112
988,bwa,Botswana,2001,11883439.99,6.7446
989,bwa,Botswana,2002,10199723.05,5.6819
990,bwa,Botswana,2003,12688794.44,6.9457
991,bwa,Botswana,2004,13541814.76,7.2841
992,bwa,Botswana,2005,11885446.63,6.2793
993,bwa,Botswana,2006,11303278.77,5.8606
994,bwa,Botswana,2007,11545697.91,5.8698
995,bwa,Botswana,2008,15517759.47,7.7306
996,bwa,Botswana,2009,19044675.49,9.2946
997,bwa,Botswana,2010,17555515.02,8.3931
998,bwa,Botswana,2011,20721717.77,9.7101
999,bwa,Botswana,2012,19204006.4,8.8277
1000,bwa,Botswana,2013,24728696.14,11.1527
1001,bwa,Botswana,2014,19708778.5,8.7192
1002,bwa,Botswana,2015,15460768.11,6.707
1003,bwa,Botswana,2016,20558887.88,8.7395
1004,bwa,Botswana,2017,13537417.65,5.6363
1005,bwa,Botswana,2018,17607669.75,7.1827
1006,bwa,Botswana,2019,16986034.27,6.7952
1007,bwa,Botswana,2020,15261487.37,5.9934
1008,bwa,Botswana,2021,13792447.8,5.3285
1009,bwa,Botswana,2022,14053015.06,5.3428
1010,bwa,Botswana,2023,14131775.09,5.2822
1011,bwa,Botswana,2024,14170680.58,5.2104
1012,bra,Brazil,1970,694457279.2,7.2062
1013,bra,Brazil,1971,718064383.2,7.2703
1014,bra,Brazil,1972,764878475.3,7.5585
1015,bra,Brazil,1973,815798541,7.8694
1016,bra,Brazil,1974,875073216.4,8.2424
1017,bra,Brazil,1975,925847579.3,8.5174
1018,bra,Brazil,1976,1049973406,9.4349
1019,bra,Brazil,1977,1105286145,9.7006
1020,bra,Brazil,1978,1168668254,10.0174
1021,bra,Brazil,1979,1237883073,10.3634
1022,bra,Brazil,1980,1321278405,10.8046
1023,bra,Brazil,1981,1399498800,11.181
1024,bra,Brazil,1982,1449462043,11.3182
1025,bra,Brazil,1983,1373307036,10.4851
1026,bra,Brazil,1984,1436208464,10.7269
1027,bra,Brazil,1985,1560300499,11.4071
1028,bra,Brazil,1986,1596592102,11.4334
1029,bra,Brazil,1987,1686121408,11.8352
1030,bra,Brazil,1988,1699881181,11.7028
1031,bra,Brazil,1989,1770763153,11.9643
1032,bra,Brazil,1990,1811692894,12.0213
1033,bra,Brazil,1991,1798630889,11.73
1034,bra,Brazil,1992,1811628004,11.6204
1035,bra,Brazil,1993,1744005303,11.0073
1036,bra,Brazil,1994,1858932794,11.5476
1037,bra,Brazil,1995,1953799710,11.9487
1038,bra,Brazil,1996,1970780711,11.8695
1039,bra,Brazil,1997,2051718832,12.173
1040,bra,Brazil,1998,2110935979,12.3418
1041,bra,Brazil,1999,2039899090,11.7583
1042,bra,Brazil,2000,2050404960,11.6584
1043,bra,Brazil,2001,2072226790,11.6279
1044,bra,Brazil,2002,2092188318,11.5926
1045,bra,Brazil,2003,2149523263,11.7699
1046,bra,Brazil,2004,2202074913,11.921
1047,bra,Brazil,2005,2287971400,12.2484
1048,bra,Brazil,2006,2509720822,13.2916
1049,bra,Brazil,2007,2822706852,14.7957
1050,bra,Brazil,2008,3102615963,16.1031
1051,bra,Brazil,2009,3092574832,15.8987
1052,bra,Brazil,2010,3398997378,17.3106
1053,bra,Brazil,2011,3765069382,18.9977
1054,bra,Brazil,2012,3800504113,19.0046
1055,bra,Brazil,2013,3921094212,19.4381
1056,bra,Brazil,2014,3804674198,18.6999
1057,bra,Brazil,2015,3598002175,17.5351
1058,bra,Brazil,2016,3581977602,17.316
1059,bra,Brazil,2017,3574009057,17.1411
1060,bra,Brazil,2018,3508462444,16.6937
1061,bra,Brazil,2019,3584887756,16.9272
1062,bra,Brazil,2020,3580667319,16.7952
1063,bra,Brazil,2021,3492326863,16.2944
1064,bra,Brazil,2022,3548965735,16.4828
1065,bra,Brazil,2023,3588560549,16.5813
1066,bra,Brazil,2024,3632581101,16.691
1067,brn,Brunei,1970,3297471.178,24.7292
1068,brn,Brunei,1971,3336826.276,24.0638
1069,brn,Brunei,1972,3947299.17,27.4335
1070,brn,Brunei,1973,4675453.139,31.3652
1071,brn,Brunei,1974,6415997.57,41.5775
1072,brn,Brunei,1975,6499125.017,40.7078
1073,brn,Brunei,1976,7346113.198,44.5046
1074,brn,Brunei,1977,7922987.151,46.4528
1075,brn,Brunei,1978,7498302.345,42.5614
1076,brn,Brunei,1979,9053332.246,49.757
1077,brn,Brunei,1980,11724667.55,62.3915
1078,brn,Brunei,1981,9188777.338,47.3407
1079,brn,Brunei,1982,9745832.333,48.5761
1080,brn,Brunei,1983,9105119.389,43.8752
1081,brn,Brunei,1984,8761888.273,40.8133
1082,brn,Brunei,1985,8557673.117,38.5274
1083,brn,Brunei,1986,6158692.601,26.7985
1084,brn,Brunei,1987,6184937.933,26.0186
1085,brn,Brunei,1988,6291181.863,25.6021
1086,brn,Brunei,1989,6720025.324,26.4755
1087,brn,Brunei,1990,7436452.282,28.3912
1088,brn,Brunei,1991,6808030.904,25.228
1089,brn,Brunei,1992,9395293.633,33.8672
1090,brn,Brunei,1993,10713229.44,37.6282
1091,brn,Brunei,1994,11197823.34,38.3572
1092,brn,Brunei,1995,10233812.38,34.2157
1093,brn,Brunei,1996,10991119.05,35.8957
1094,brn,Brunei,1997,13837468.66,44.1788
1095,brn,Brunei,1998,10739290.5,33.5443
1096,brn,Brunei,1999,9758579.615,29.8386
1097,brn,Brunei,2000,9889338.274,29.6154
1098,brn,Brunei,2001,9273448.844,27.215
1099,brn,Brunei,2002,10356247.42,29.8053
1100,brn,Brunei,2003,10698361.96,30.2175
1101,brn,Brunei,2004,11150576.46,30.9342
1102,brn,Brunei,2005,10527715.28,28.708
1103,brn,Brunei,2006,11025786.24,29.575
1104,brn,Brunei,2007,10636678.45,28.0838
1105,brn,Brunei,2008,9168809.592,23.8418
1106,brn,Brunei,2009,8461727.012,21.6794
1107,brn,Brunei,2010,8015462.46,20.2384
1108,brn,Brunei,2011,10511102.43,26.1792
1109,brn,Brunei,2012,11002608.06,27.0578
1110,brn,Brunei,2013,13114825.51,31.8551
1111,brn,Brunei,2014,10370457.71,24.8897
1112,brn,Brunei,2015,11117454.05,26.3799
1113,brn,Brunei,2016,8949988.704,21.0097
1114,brn,Brunei,2017,9434690.928,21.9271
1115,brn,Brunei,2018,9951327.233,22.9149
1116,brn,Brunei,2019,10307712.79,23.531
1117,brn,Brunei,2020,8558493.207,19.3752
1118,brn,Brunei,2021,9168741.608,20.5867
1119,brn,Brunei,2022,9429485.847,21.001
1120,brn,Brunei,2023,9246571.223,20.4333
1121,brn,Brunei,2024,9414579.912,20.6524
1122,bgr,Bulgaria,1970,103465578.7,12.0548
1123,bgr,Bulgaria,1971,103835169.6,12.0093
1124,bgr,Bulgaria,1972,108482734.2,12.4691
1125,bgr,Bulgaria,1973,109272942.3,12.4834
1126,bgr,Bulgaria,1974,105372268.5,11.9596
1127,bgr,Bulgaria,1975,107381344.3,12.1185
1128,bgr,Bulgaria,1976,109901512.8,12.3451
1129,bgr,Bulgaria,1977,108296870.2,12.1199
1130,bgr,Bulgaria,1978,110173489.4,12.2985
1131,bgr,Bulgaria,1979,101489855.7,11.3088
1132,bgr,Bulgaria,1980,101656944.4,11.3196
1133,bgr,Bulgaria,1981,106324386.8,11.8422
1134,bgr,Bulgaria,1982,114421377.8,12.7553
1135,bgr,Bulgaria,1983,111737703.9,12.4757
1136,bgr,Bulgaria,1984,118920559,13.3028
1137,bgr,Bulgaria,1985,107352659,12.039
1138,bgr,Bulgaria,1986,115600190.7,13.0003
1139,bgr,Bulgaria,1987,111649456.7,12.5933
1140,bgr,Bulgaria,1988,111728048.8,12.6449
1141,bgr,Bulgaria,1989,113871786.9,12.9335
1142,bgr,Bulgaria,1990,108675014.7,12.3948
1143,bgr,Bulgaria,1991,65845049.73,7.5496
1144,bgr,Bulgaria,1992,61236785.22,7.0643
1145,bgr,Bulgaria,1993,59810359.08,6.9454
1146,bgr,Bulgaria,1994,58765172.74,6.8744
1147,bgr,Bulgaria,1995,64294530.31,7.5841
1148,bgr,Bulgaria,1996,47202788.5,5.6185
1149,bgr,Bulgaria,1997,54151969.85,6.5095
1150,bgr,Bulgaria,1998,60499237.51,7.3467
1151,bgr,Bulgaria,1999,67321018.82,8.2478
1152,bgr,Bulgaria,2000,67551338.69,8.342
1153,bgr,Bulgaria,2001,74713921.86,9.2987
1154,bgr,Bulgaria,2002,76463943.53,9.5882
1155,bgr,Bulgaria,2003,71504574.25,9.0309
1156,bgr,Bulgaria,2004,79611485.52,10.1218
1157,bgr,Bulgaria,2005,84217611.54,10.7761
1158,bgr,Bulgaria,2006,94231628.94,12.1338
1159,bgr,Bulgaria,2007,98686079.36,12.7848
1160,bgr,Bulgaria,2008,108415682.5,14.126
1161,bgr,Bulgaria,2009,92374922.76,12.0993
1162,bgr,Bulgaria,2010,84831981.33,11.1735
1163,bgr,Bulgaria,2011,89566786.98,11.874
1164,bgr,Bulgaria,2012,86194198.03,11.5104
1165,bgr,Bulgaria,2013,85172232.25,11.4615
1166,bgr,Bulgaria,2014,91714560.36,12.4407
1167,bgr,Bulgaria,2015,95858278.92,13.1146
1168,bgr,Bulgaria,2016,86135792.33,11.8874
1169,bgr,Bulgaria,2017,89968339.02,12.5262
1170,bgr,Bulgaria,2018,92872584.47,13.0486
1171,bgr,Bulgaria,2019,91079494.02,12.9144
1172,bgr,Bulgaria,2020,86337144.07,12.3707
1173,bgr,Bulgaria,2021,103694778.6,15.0591
1174,bgr,Bulgaria,2022,103535643.9,15.2663
1175,bgr,Bulgaria,2023,108061380.1,16.1582
1176,bgr,Bulgaria,2024,109935443.7,16.61
1177,bfa,Burkina Faso,1970,8038265.053,1.4324
1178,bfa,Burkina Faso,1971,7378625.075,1.2927
1179,bfa,Burkina Faso,1972,7470551.849,1.2869
1180,bfa,Burkina Faso,1973,7309683.145,1.2373
1181,bfa,Burkina Faso,1974,8503344.878,1.413
1182,bfa,Burkina Faso,1975,9423139.897,1.5351
1183,bfa,Burkina Faso,1976,8422591.251,1.3434
1184,bfa,Burkina Faso,1977,9200570.108,1.4339
1185,bfa,Burkina Faso,1978,9818005.405,1.4926
1186,bfa,Burkina Faso,1979,10486303.67,1.5535
1187,bfa,Burkina Faso,1980,9990322.254,1.441
1188,bfa,Burkina Faso,1981,10671429.61,1.498
1189,bfa,Burkina Faso,1982,10538538.49,1.4393
1190,bfa,Burkina Faso,1983,9663495.958,1.2831
1191,bfa,Burkina Faso,1984,9504151.725,1.2261
1192,bfa,Burkina Faso,1985,12046302.24,1.5097
1193,bfa,Burkina Faso,1986,13995803.89,1.7052
1194,bfa,Burkina Faso,1987,13132732.06,1.5569
1195,bfa,Burkina Faso,1988,15388473.12,1.7762
1196,bfa,Burkina Faso,1989,14810428.29,1.665
1197,bfa,Burkina Faso,1990,12787956.81,1.4004
1198,bfa,Burkina Faso,1991,17755626.86,1.8959
1199,bfa,Burkina Faso,1992,28591291.35,2.9787
1200,bfa,Burkina Faso,1993,20580861.81,2.0915
1201,bfa,Burkina Faso,1994,18376604.76,1.821
1202,bfa,Burkina Faso,1995,21562421.05,2.0827
1203,bfa,Burkina Faso,1996,24602111.6,2.3163
1204,bfa,Burkina Faso,1997,23015657.26,2.112
1205,bfa,Burkina Faso,1998,25130388.98,2.2436
1206,bfa,Burkina Faso,1999,27560348.63,2.3896
1207,bfa,Burkina Faso,2000,22011599.14,1.8524
1208,bfa,Burkina Faso,2001,24915608.05,2.034
1209,bfa,Burkina Faso,2002,25660845.73,2.0314
1210,bfa,Burkina Faso,2003,30067211.99,2.3074
1211,bfa,Burkina Faso,2004,28176880.28,2.0956
1212,bfa,Burkina Faso,2005,35210374.94,2.5375
1213,bfa,Burkina Faso,2006,35009921.74,2.4455
1214,bfa,Burkina Faso,2007,31239132.26,2.1169
1215,bfa,Burkina Faso,2008,38769867.37,2.551
1216,bfa,Burkina Faso,2009,33355861.63,2.1314
1217,bfa,Burkina Faso,2010,37980033.39,2.3565
1218,bfa,Burkina Faso,2011,35475457.94,2.1367
1219,bfa,Burkina Faso,2012,47245087.81,2.7607
1220,bfa,Burkina Faso,2013,46394924.07,2.6306
1221,bfa,Burkina Faso,2014,41463514.43,2.282
1222,bfa,Burkina Faso,2015,40978294.81,2.1892
1223,bfa,Burkina Faso,2016,36082277.01,1.8719
1224,bfa,Burkina Faso,2017,48853471.33,2.4629
1225,bfa,Burkina Faso,2018,44429694.33,2.1787
1226,bfa,Burkina Faso,2019,50669054.58,2.4184
1227,bfa,Burkina Faso,2020,45183820.35,2.0994
1228,bfa,Burkina Faso,2021,45952798.52,2.0792
1229,bfa,Burkina Faso,2022,46041987.67,2.0306
1230,bfa,Burkina Faso,2023,46818563.45,2.0136
1231,bfa,Burkina Faso,2024,48558930.99,2.0368
1232,bdi,Burundi,1970,11160651.21,3.1907
1233,bdi,Burundi,1971,11325115.85,3.1616
1234,bdi,Burundi,1972,10767672.13,3.0084
1235,bdi,Burundi,1973,11236799.51,3.1463
1236,bdi,Burundi,1974,11282625.71,3.0827
1237,bdi,Burundi,1975,11863032.42,3.1641
1238,bdi,Burundi,1976,12005885.05,3.134
1239,bdi,Burundi,1977,12218254.96,3.111
1240,bdi,Burundi,1978,12365562.32,3.0612
1241,bdi,Burundi,1979,12883870,3.114
1242,bdi,Burundi,1980,12707983.25,2.9466
1243,bdi,Burundi,1981,13056175.66,2.9074
1244,bdi,Burundi,1982,13858493.92,3.0112
1245,bdi,Burundi,1983,14660384.09,3.1017
1246,bdi,Burundi,1984,14951052.35,3.0876
1247,bdi,Burundi,1985,16250933.43,3.2843
1248,bdi,Burundi,1986,16870104.04,3.3461
1249,bdi,Burundi,1987,17121979.77,3.3196
1250,bdi,Burundi,1988,17283827.9,3.2785
1251,bdi,Burundi,1989,17199691.11,3.2007
1252,bdi,Burundi,1990,23169529.91,4.2251
1253,bdi,Burundi,1991,13491108.89,2.4114
1254,bdi,Burundi,1992,13677114.18,2.3815
1255,bdi,Burundi,1993,14610394.54,2.63
1256,bdi,Burundi,1994,12863312.75,2.3026
1257,bdi,Burundi,1995,12889051.16,2.1725
1258,bdi,Burundi,1996,13400266.41,2.2595
1259,bdi,Burundi,1997,12990097.28,2.1928
1260,bdi,Burundi,1998,12999482.48,2.1539
1261,bdi,Burundi,1999,11768240.65,1.9042
1262,bdi,Burundi,2000,11802041.9,1.8711
1263,bdi,Burundi,2001,13969894.92,2.1606
1264,bdi,Burundi,2002,14570676.49,2.1914
1265,bdi,Burundi,2003,13912839.12,2.0279
1266,bdi,Burundi,2004,14486162.35,2.0344
1267,bdi,Burundi,2005,15863143.74,2.1469
1268,bdi,Burundi,2006,16600262.82,2.1676
1269,bdi,Burundi,2007,16094185.78,2.0258
1270,bdi,Burundi,2008,16358071.59,1.9761
1271,bdi,Burundi,2009,16496587.02,1.8941
1272,bdi,Burundi,2010,17752955.83,1.9452
1273,bdi,Burundi,2011,19225547.48,2.0332
1274,bdi,Burundi,2012,15390424.85,1.5712
1275,bdi,Burundi,2013,20211149.32,1.9913
1276,bdi,Burundi,2014,18722086.67,1.7839
1277,bdi,Burundi,2015,18207705.4,1.6973
1278,bdi,Burundi,2016,19322439.32,1.7722
1279,bdi,Burundi,2017,19677080.63,1.7639
1280,bdi,Burundi,2018,21971231.44,1.9116
1281,bdi,Burundi,2019,20643058.09,1.7384
1282,bdi,Burundi,2020,20598064.14,1.6856
1283,bdi,Burundi,2021,21291135.68,1.6963
1284,bdi,Burundi,2022,21524029.15,1.6699
1285,bdi,Burundi,2023,21121631.51,1.5955
1286,bdi,Burundi,2024,21488319.8,1.581
1287,khm,Cambodia,1970,32255102.92,4.8081
1288,khm,Cambodia,1971,29304809.71,4.3763
1289,khm,Cambodia,1972,27224555.63,4.0236
1290,khm,Cambodia,1973,25564660.46,3.7308
1291,khm,Cambodia,1974,23993124.37,3.4705
1292,khm,Cambodia,1975,22749814.27,3.3814
1293,khm,Cambodia,1976,20294569.44,3.2177
1294,khm,Cambodia,1977,19286584.88,3.193
1295,khm,Cambodia,1978,18210945.06,3.0549
1296,khm,Cambodia,1979,16642475.35,2.75
1297,khm,Cambodia,1980,19015931.8,3.0676
1298,khm,Cambodia,1981,19398311.41,3.0479
1299,khm,Cambodia,1982,21611468.43,3.2647
1300,khm,Cambodia,1983,22879473.86,3.3246
1301,khm,Cambodia,1984,22413993.47,3.1419
1302,khm,Cambodia,1985,24283954.3,3.2923
1303,khm,Cambodia,1986,25866676.32,3.3763
1304,khm,Cambodia,1987,26366318.55,3.3059
1305,khm,Cambodia,1988,28437201.14,3.4387
1306,khm,Cambodia,1989,29616529.62,3.4555
1307,khm,Cambodia,1990,29966947,3.363
1308,khm,Cambodia,1991,30823431.37,3.3289
1309,khm,Cambodia,1992,31887556.56,3.2812
1310,khm,Cambodia,1993,32420054.62,3.1649
1311,khm,Cambodia,1994,31367710.64,2.9491
1312,khm,Cambodia,1995,31710069.04,2.904
1313,khm,Cambodia,1996,33986409.82,3.0392
1314,khm,Cambodia,1997,35187245.3,3.0781
1315,khm,Cambodia,1998,32023733.2,2.7443
1316,khm,Cambodia,1999,31741570.15,2.6676
1317,khm,Cambodia,2000,29646262.87,2.4463
1318,khm,Cambodia,2001,30504898.15,2.4724
1319,khm,Cambodia,2002,35862214.55,2.8549
1320,khm,Cambodia,2003,36046757.02,2.8189
1321,khm,Cambodia,2004,40503690.61,3.1117
1322,khm,Cambodia,2005,49858164.4,3.7639
1323,khm,Cambodia,2006,51053184.98,3.788
1324,khm,Cambodia,2007,54914534.95,4.004
1325,khm,Cambodia,2008,61287825.39,4.3953
1326,khm,Cambodia,2009,66564732.68,4.7023
1327,khm,Cambodia,2010,97447546.1,6.7844
1328,khm,Cambodia,2011,69023433.79,4.7361
1329,khm,Cambodia,2012,72051618.94,4.8728
1330,khm,Cambodia,2013,75497529.81,5.0333
1331,khm,Cambodia,2014,82623471.7,5.4319
1332,khm,Cambodia,2015,91755976.31,5.9514
1333,khm,Cambodia,2016,90738687.94,5.8074
1334,khm,Cambodia,2017,110441969.4,6.9764
1335,khm,Cambodia,2018,125126326.4,7.8081
1336,khm,Cambodia,2019,125792211.8,7.7612
1337,khm,Cambodia,2020,124256643.9,7.5781
1338,khm,Cambodia,2021,140551673.7,8.4726
1339,khm,Cambodia,2022,143092170.4,8.5337
1340,khm,Cambodia,2023,147937728.8,8.7306
1341,khm,Cambodia,2024,152348107.7,8.8979
1342,cmr,Cameroon,1970,18066617.26,2.7998
1343,cmr,Cameroon,1971,19136221.81,2.8875
1344,cmr,Cameroon,1972,20123642.3,2.9552
1345,cmr,Cameroon,1973,21212648.72,3.0309
1346,cmr,Cameroon,1974,22176960.24,3.0824
1347,cmr,Cameroon,1975,24107478.44,3.2589
1348,cmr,Cameroon,1976,23590563.87,3.1048
1349,cmr,Cameroon,1977,24736445.19,3.1726
1350,cmr,Cameroon,1978,25063583.61,3.1278
1351,cmr,Cameroon,1979,28776904.87,3.4909
1352,cmr,Cameroon,1980,31158846.87,3.6572
1353,cmr,Cameroon,1981,30387074.86,3.4417
1354,cmr,Cameroon,1982,30695840.07,3.3929
1355,cmr,Cameroon,1983,30526432.18,3.3035
1356,cmr,Cameroon,1984,32081043.63,3.3739
1357,cmr,Cameroon,1985,34424564.07,3.5112
1358,cmr,Cameroon,1986,36752727.09,3.6343
1359,cmr,Cameroon,1987,36026575.74,3.4528
1360,cmr,Cameroon,1988,35587930.67,3.3076
1361,cmr,Cameroon,1989,35217631.69,3.1758
1362,cmr,Cameroon,1990,36447136.14,3.1886
1363,cmr,Cameroon,1991,37239741.1,3.1619
1364,cmr,Cameroon,1992,37265512.13,3.0725
1365,cmr,Cameroon,1993,39240876.4,3.1426
1366,cmr,Cameroon,1994,37513953.53,2.9196
1367,cmr,Cameroon,1995,36978790.16,2.799
1368,cmr,Cameroon,1996,40773379.43,3.0035
1369,cmr,Cameroon,1997,41838626.68,3.0011
1370,cmr,Cameroon,1998,47968199.22,3.351
1371,cmr,Cameroon,1999,47941987.68,3.2616
1372,cmr,Cameroon,2000,47393123.18,3.1404
1373,cmr,Cameroon,2001,46624756.15,3.0094
1374,cmr,Cameroon,2002,53639424.34,3.3706
1375,cmr,Cameroon,2003,52431269.58,3.206
1376,cmr,Cameroon,2004,57432944.07,3.4167
1377,cmr,Cameroon,2005,61493056.36,3.5596
1378,cmr,Cameroon,2006,63639430.12,3.5851
1379,cmr,Cameroon,2007,68273384.32,3.7406
1380,cmr,Cameroon,2008,69805273.28,3.7176
1381,cmr,Cameroon,2009,72697398.05,3.7629
1382,cmr,Cameroon,2010,74218490.06,3.7337
1383,cmr,Cameroon,2011,76576532.41,3.7448
1384,cmr,Cameroon,2012,90168587.18,4.2871
1385,cmr,Cameroon,2013,89632908.59,4.1434
1386,cmr,Cameroon,2014,90457321.68,4.0565
1387,cmr,Cameroon,2015,89905589.1,3.9068
1388,cmr,Cameroon,2016,92207020.76,3.8887
1389,cmr,Cameroon,2017,103590455.7,4.2467
1390,cmr,Cameroon,2018,105545719.1,4.2089
1391,cmr,Cameroon,2019,108973619.4,4.2267
1392,cmr,Cameroon,2020,108198106.8,4.0843
1393,cmr,Cameroon,2021,111782113.7,4.1098
1394,cmr,Cameroon,2022,113494780.9,4.0658
1395,cmr,Cameroon,2023,114796156.3,4.0072
1396,cmr,Cameroon,2024,118712033.3,4.0386
1397,can,Canada,1970,700743280.1,32.6922
1398,can,Canada,1971,737193493.3,33.6792
1399,can,Canada,1972,771105916.3,34.6998
1400,can,Canada,1973,813618492.3,36.1576
1401,can,Canada,1974,856325595.1,37.5377
1402,can,Canada,1975,835307327.4,36.1038
1403,can,Canada,1976,889542051.2,37.9463
1404,can,Canada,1977,915656867.3,38.6104
1405,can,Canada,1978,889883357.5,37.1362
1406,can,Canada,1979,903498021.1,37.3051
1407,can,Canada,1980,901874100.2,36.7939
1408,can,Canada,1981,886281702.6,35.7144
1409,can,Canada,1982,827040821.9,32.9478
1410,can,Canada,1983,885534546,34.9176
1411,can,Canada,1984,898553539.8,35.0969
1412,can,Canada,1985,941099862.1,36.4147
1413,can,Canada,1986,950719990.5,36.4036
1414,can,Canada,1987,1013136394,38.3228
1415,can,Canada,1988,1061622120,39.5905
1416,can,Canada,1989,1104819436,40.5522
1417,can,Canada,1990,1056071135,38.1843
1418,can,Canada,1991,951165163.9,33.9511
1419,can,Canada,1992,971589096.7,34.2741
1420,can,Canada,1993,964216822.6,33.6337
1421,can,Canada,1994,970057539.6,33.472
1422,can,Canada,1995,943584172,32.2159
1423,can,Canada,1996,922271368.4,31.1643
1424,can,Canada,1997,980001456.6,32.7949
1425,can,Canada,1998,985495531.6,32.692
1426,can,Canada,1999,971544400.4,31.9589
1427,can,Canada,2000,980804088.1,31.9654
1428,can,Canada,2001,969874750.4,31.2835
1429,can,Canada,2002,1050677032,33.544
1430,can,Canada,2003,1108799579,35.067
1431,can,Canada,2004,1163008667,36.4446
1432,can,Canada,2005,1219793405,37.8631
1433,can,Canada,2006,1299224484,39.937
1434,can,Canada,2007,1384432619,42.1281
1435,can,Canada,2008,1369440018,41.2252
1436,can,Canada,2009,1364939958,40.6306
1437,can,Canada,2010,1439831537,42.3936
1438,can,Canada,2011,1480984267,43.1478
1439,can,Canada,2012,1500001676,43.2378
1440,can,Canada,2013,1532285886,43.7001
1441,can,Canada,2014,1485665422,41.9625
1442,can,Canada,2015,1454025152,40.6924
1443,can,Canada,2016,1398452514,38.7238
1444,can,Canada,2017,1477788466,40.4272
1445,can,Canada,2018,1452975396,39.2322
1446,can,Canada,2019,1490007018,39.7096
1447,can,Canada,2020,1559971611,41.1725
1448,can,Canada,2021,1528367985,40.0568
1449,can,Canada,2022,1561577380,40.6086
1450,can,Canada,2023,1562112482,40.2801
1451,can,Canada,2024,1580975969,40.4269
1452,caf,Central African Republic,1970,6006851.092,2.9056
1453,caf,Central African Republic,1971,6257729.053,2.964
1454,caf,Central African Republic,1972,6716151.381,3.1186
1455,caf,Central African Republic,1973,6971565.938,3.1748
1456,caf,Central African Republic,1974,6824894.702,3.0478
1457,caf,Central African Republic,1975,7106439.957,3.1115
1458,caf,Central African Republic,1976,7560686.508,3.2612
1459,caf,Central African Republic,1977,7869984.211,3.3603
1460,caf,Central African Republic,1978,8095486.713,3.4217
1461,caf,Central African Republic,1979,9089803.202,3.8027
1462,caf,Central African Republic,1980,9254613.565,3.8317
1463,caf,Central African Republic,1981,9065730.138,3.7139
1464,caf,Central African Republic,1982,9085556.903,3.6819
1465,caf,Central African Republic,1983,9157494.587,3.6702
1466,caf,Central African Republic,1984,8817710.591,3.4942
1467,caf,Central African Republic,1985,9149992.123,3.5839
1468,caf,Central African Republic,1986,9942756.074,3.8484
1469,caf,Central African Republic,1987,9675481.56,3.6992
1470,caf,Central African Republic,1988,9873714.011,3.7158
1471,caf,Central African Republic,1989,10036039.38,3.6842
1472,caf,Central African Republic,1990,10825765.81,3.8537
1473,caf,Central African Republic,1991,10312040.09,3.5583
1474,caf,Central African Republic,1992,10812944.75,3.6143
1475,caf,Central African Republic,1993,10211574.52,3.3056
1476,caf,Central African Republic,1994,10103359.81,3.1693
1477,caf,Central African Republic,1995,11007644.32,3.3594
1478,caf,Central African Republic,1996,11971280.88,3.5591
1479,caf,Central African Republic,1997,11110385.98,3.2125
1480,caf,Central African Republic,1998,11713874.64,3.295
1481,caf,Central African Republic,1999,11394777.68,3.1173
1482,caf,Central African Republic,2000,11268636.81,2.9976
1483,caf,Central African Republic,2001,11789392.86,3.0663
1484,caf,Central African Republic,2002,12196165.51,3.1028
1485,caf,Central African Republic,2003,11342363.72,2.8167
1486,caf,Central African Republic,2004,12851524.25,3.123
1487,caf,Central African Republic,2005,12960933.26,3.0795
1488,caf,Central African Republic,2006,13501522.74,3.144
1489,caf,Central African Republic,2007,13628826.24,3.1148
1490,caf,Central African Republic,2008,14416498.89,3.2272
1491,caf,Central African Republic,2009,14670051.9,3.2139
1492,caf,Central African Republic,2010,15356073.7,3.2952
1493,caf,Central African Republic,2011,15806436.71,3.3403
1494,caf,Central African Republic,2012,16405750.69,3.437
1495,caf,Central African Republic,2013,14912283.97,3.1052
1496,caf,Central African Republic,2014,14996680.11,3.1251
1497,caf,Central African Republic,2015,15191535.29,3.1522
1498,caf,Central African Republic,2016,15363910.15,3.1328
1499,caf,Central African Republic,2017,15339180.91,3.0698
1500,caf,Central African Republic,2018,16066048.88,3.1534
1501,caf,Central African Republic,2019,15942535.1,3.0604
1502,caf,Central African Republic,2020,16437325.15,3.0764
1503,caf,Central African Republic,2021,16739015.8,3.0674
1504,caf,Central African Republic,2022,16751811.57,3.0026
1505,caf,Central African Republic,2023,16776660.43,2.9216
1506,caf,Central African Republic,2024,17204470.32,2.9083
1507,tcd,Chad,1970,18674084.6,5.0919
1508,tcd,Chad,1971,19005906.2,5.0784
1509,tcd,Chad,1972,19158953,5.0097
1510,tcd,Chad,1973,17750440.23,4.5364
1511,tcd,Chad,1974,16260187.57,4.0645
1512,tcd,Chad,1975,17368176.78,4.2526
1513,tcd,Chad,1976,17394406.41,4.1783
1514,tcd,Chad,1977,18988323,4.4799
1515,tcd,Chad,1978,19359084.23,4.488
1516,tcd,Chad,1979,18954841.52,4.305
1517,tcd,Chad,1980,19177833.09,4.3505
1518,tcd,Chad,1981,19205347.51,4.3557
1519,tcd,Chad,1982,19682261.99,4.2576
1520,tcd,Chad,1983,20507465.85,4.2204
1521,tcd,Chad,1984,17414968.82,3.5392
1522,tcd,Chad,1985,19336611.04,3.8926
1523,tcd,Chad,1986,19581510.79,3.8259
1524,tcd,Chad,1987,20177720.71,3.8065
1525,tcd,Chad,1988,21591356.26,3.9378
1526,tcd,Chad,1989,20884048.78,3.6829
1527,tcd,Chad,1990,21635201.99,3.7129
1528,tcd,Chad,1991,32501595.9,5.3789
1529,tcd,Chad,1992,35394174.71,5.6155
1530,tcd,Chad,1993,34882742.09,5.4096
1531,tcd,Chad,1994,37008226.7,5.6133
1532,tcd,Chad,1995,38931022.74,5.6513
1533,tcd,Chad,1996,40252444.43,5.5904
1534,tcd,Chad,1997,42121965.35,5.6533
1535,tcd,Chad,1998,44829378.07,5.8151
1536,tcd,Chad,1999,47315633.89,5.9279
1537,tcd,Chad,2000,48410392.94,5.8614
1538,tcd,Chad,2001,51945953.1,6.0835
1539,tcd,Chad,2002,49598602.98,5.6117
1540,tcd,Chad,2003,63932467.66,6.9519
1541,tcd,Chad,2004,59472595.08,6.1864
1542,tcd,Chad,2005,67593018.71,6.7559
1543,tcd,Chad,2006,74157165.67,7.1542
1544,tcd,Chad,2007,75767364.91,7.0661
1545,tcd,Chad,2008,80158652.06,7.2224
1546,tcd,Chad,2009,79997474.63,6.9586
1547,tcd,Chad,2010,90714831.72,7.6265
1548,tcd,Chad,2011,93723575.69,7.6088
1549,tcd,Chad,2012,106615001.9,8.3587
1550,tcd,Chad,2013,97824010.42,7.4015
1551,tcd,Chad,2014,108125188.9,7.894
1552,tcd,Chad,2015,115769828.5,8.1872
1553,tcd,Chad,2016,121123439.4,8.3003
1554,tcd,Chad,2017,128978669.2,8.5496
1555,tcd,Chad,2018,137207437.1,8.793
1556,tcd,Chad,2019,142482283.3,8.8351
1557,tcd,Chad,2020,151969162.9,9.1302
1558,tcd,Chad,2021,157290749.3,9.1556
1559,tcd,Chad,2022,149359364.6,8.4273
1560,tcd,Chad,2023,147883834.2,8.0906
1561,tcd,Chad,2024,150982441.5,8.0109
1562,chl,Chile,1970,87955084.76,8.9563
1563,chl,Chile,1971,90925711.4,9.1068
1564,chl,Chile,1972,89366515.84,8.8083
1565,chl,Chile,1973,97570871.89,9.4657
1566,chl,Chile,1974,98762181.91,9.4304
1567,chl,Chile,1975,63198330.61,5.94
1568,chl,Chile,1976,73600594.31,6.8118
1569,chl,Chile,1977,81530942.6,7.4323
1570,chl,Chile,1978,80607835.19,7.2374
1571,chl,Chile,1979,91496925.62,8.094
1572,chl,Chile,1980,100691552.2,8.7788
1573,chl,Chile,1981,111374507.1,9.5702
1574,chl,Chile,1982,93324530.63,7.9039
1575,chl,Chile,1983,85276399.53,7.1203
1576,chl,Chile,1984,89741528.95,7.3875
1577,chl,Chile,1985,84992888.17,6.8952
1578,chl,Chile,1986,84777090.8,6.7743
1579,chl,Chile,1987,88039040.21,6.9252
1580,chl,Chile,1988,94260643.05,7.2966
1581,chl,Chile,1989,103584277.5,7.89
1582,chl,Chile,1990,105096113.8,7.8766
1583,chl,Chile,1991,102475897.1,7.5561
1584,chl,Chile,1992,126203189.7,9.1569
1585,chl,Chile,1993,142069444.4,10.149
1586,chl,Chile,1994,145539217.8,10.2415
1587,chl,Chile,1995,151934249.6,10.5387
1588,chl,Chile,1996,173099199.7,11.8435
1589,chl,Chile,1997,184903023.3,12.4856
1590,chl,Chile,1998,201519834.1,13.4376
1591,chl,Chile,1999,184375554.8,12.1488
1592,chl,Chile,2000,198547557.4,12.9332
1593,chl,Chile,2001,203450937.9,13.1056
1594,chl,Chile,2002,194019648.8,12.3628
1595,chl,Chile,2003,194140763.5,12.2416
1596,chl,Chile,2004,188770121.3,11.7849
1597,chl,Chile,2005,209868724.6,12.9746
1598,chl,Chile,2006,202272987.6,12.3831
1599,chl,Chile,2007,205860209.9,12.4798
1600,chl,Chile,2008,218500283.7,13.1141
1601,chl,Chile,2009,199578931.2,11.8561
1602,chl,Chile,2010,218085176.3,12.8254
1603,chl,Chile,2011,234076317.2,13.63
1604,chl,Chile,2012,238007233.8,13.7245
1605,chl,Chile,2013,239236524.3,13.6629
1606,chl,Chile,2014,222687950.2,12.5904
1607,chl,Chile,2015,222872945.7,12.4718
1608,chl,Chile,2016,230976276.8,12.7725
1609,chl,Chile,2017,225424015.5,12.2723
1610,chl,Chile,2018,245467870.8,13.1256
1611,chl,Chile,2019,249941514.7,13.1275
1612,chl,Chile,2020,249484862.9,12.9265
1613,chl,Chile,2021,279285185.8,14.3273
1614,chl,Chile,2022,275792593.9,14.0684
1615,chl,Chile,2023,287439540.2,14.6432
1616,chl,Chile,2024,289638829.7,14.7333
1617,chn,China,1970,2137952761,2.5992
1618,chn,China,1971,2294295937,2.7207
1619,chn,China,1972,2382103857,2.7608
1620,chn,China,1973,2485133454,2.8187
1621,chn,China,1974,2520130320,2.8021
1622,chn,China,1975,2693001971,2.9428
1623,chn,China,1976,2819040068,3.0333
1624,chn,China,1977,2937948666,3.1169
1625,chn,China,1978,3202511969,3.3529
1626,chn,China,1979,3345910633,3.4555
1627,chn,China,1980,3392245784,3.4531
1628,chn,China,1981,3424221769,3.4336
1629,chn,China,1982,3643479186,3.595
1630,chn,China,1983,4059253801,3.944
1631,chn,China,1984,4475228962,4.2859
1632,chn,China,1985,4758380693,4.488
1633,chn,China,1986,5182095642,4.8082
1634,chn,China,1987,5495340948,5.0101
1635,chn,China,1988,6022166004,5.3967
1636,chn,China,1989,6177935731,5.4459
1637,chn,China,1990,6059479266,5.2522
1638,chn,China,1991,6318075549,5.3972
1639,chn,China,1992,7402250649,6.2529
1640,chn,China,1993,8368903625,6.9983
1641,chn,China,1994,8625560787,7.1446
1642,chn,China,1995,9465797176,7.7707
1643,chn,China,1996,10044382780,8.1775
1644,chn,China,1997,9847206829,7.9554
1645,chn,China,1998,10219279148,8.1962
1646,chn,China,1999,10471155400,8.3407
1647,chn,China,2000,10720626835,8.4808
1648,chn,China,2001,11351769986,8.9192
1649,chn,China,2002,11856650425,9.2563
1650,chn,China,2003,13416274298,10.4093
1651,chn,China,2004,14678050481,11.3185
1652,chn,China,2005,15273824183,11.7051
1653,chn,China,2006,16472778027,12.5451
1654,chn,China,2007,16950197812,12.8264
1655,chn,China,2008,18378189792,13.8165
1656,chn,China,2009,21830553588,16.3021
1657,chn,China,2010,24382272015,18.0852
1658,chn,China,2011,26941137682,19.8521
1659,chn,China,2012,28940998184,21.178
1660,chn,China,2013,31145795073,22.6334
1661,chn,China,2014,32167757096,23.2226
1662,chn,China,2015,31893637456,22.8839
1663,chn,China,2016,32252635771,23.0065
1664,chn,China,2017,32329998800,22.9246
1665,chn,China,2018,31974989180,22.5642
1666,chn,China,2019,33009176828,23.2154
1667,chn,China,2020,33751660050,23.6865
1668,chn,China,2021,34828413730,24.4257
1669,chn,China,2022,34893364914,24.4713
1670,chn,China,2023,35508003856,24.9062
1671,chn,China,2024,36545990207,25.6431
1672,col,Colombia,1970,149546771.5,7.1535
1673,col,Colombia,1971,162690385.2,7.6004
1674,col,Colombia,1972,157722652.9,7.2026
1675,col,Colombia,1973,164964337.3,7.3657
1676,col,Colombia,1974,171623453,7.4952
1677,col,Colombia,1975,178179783.1,7.6133
1678,col,Colombia,1976,185972258.7,7.777
1679,col,Colombia,1977,190020672.8,7.7737
1680,col,Colombia,1978,201629586.4,8.064
1681,col,Colombia,1979,205361820.4,8.0284
1682,col,Colombia,1980,205116163.2,7.836
1683,col,Colombia,1981,206741057.6,7.7183
1684,col,Colombia,1982,211920751.2,7.7329
1685,col,Colombia,1983,209957068.9,7.4871
1686,col,Colombia,1984,211947048.8,7.3877
1687,col,Colombia,1985,213923882,7.2946
1688,col,Colombia,1986,219281382.9,7.3191
1689,col,Colombia,1987,219230084.7,7.1637
1690,col,Colombia,1988,227289509.6,7.2717
1691,col,Colombia,1989,231523326.1,7.2525
1692,col,Colombia,1990,231423209.5,7.0986
1693,col,Colombia,1991,228022009.9,6.8531
1694,col,Colombia,1992,248600195.5,7.3249
1695,col,Colombia,1993,268596194.1,7.7596
1696,col,Colombia,1994,281677205.9,7.9806
1697,col,Colombia,1995,286978263.9,7.9782
1698,col,Colombia,1996,290473252.5,7.9294
1699,col,Colombia,1997,290375322.9,7.7865
1700,col,Colombia,1998,291124632.2,7.6724
1701,col,Colombia,1999,281942430.2,7.307
1702,col,Colombia,2000,279570131.1,7.1291
1703,col,Colombia,2001,268427712.3,6.738
1704,col,Colombia,2002,276990307.2,6.847
1705,col,Colombia,2003,284693525.3,6.934
1706,col,Colombia,2004,288852391,6.9355
1707,col,Colombia,2005,308228692.6,7.3004
1708,col,Colombia,2006,319700406.5,7.4744
1709,col,Colombia,2007,340525739,7.8631
1710,col,Colombia,2008,337455391.7,7.7018
1711,col,Colombia,2009,346331806.8,7.8154
1712,col,Colombia,2010,353537020.5,7.8886
1713,col,Colombia,2011,364952860.3,8.0548
1714,col,Colombia,2012,382014361.9,8.3441
1715,col,Colombia,2013,402324554.8,8.7012
1716,col,Colombia,2014,423589796.3,9.0747
1717,col,Colombia,2015,430348610.2,9.1331
1718,col,Colombia,2016,409114339.6,8.5902
1719,col,Colombia,2017,389094764.4,8.0472
1720,col,Colombia,2018,407459313.6,8.2688
1721,col,Colombia,2019,427102102.5,8.5101
1722,col,Colombia,2020,400600022.5,7.8656
1723,col,Colombia,2021,422782600.7,8.2067
1724,col,Colombia,2022,435799677,8.4011
1725,col,Colombia,2023,445606419.7,8.5553
1726,col,Colombia,2024,446203434.5,8.525
1727,cri,Costa Rica,1970,16434418.38,8.8562
1728,cri,Costa Rica,1971,17088482.49,8.968
1729,cri,Costa Rica,1972,18176528.33,9.2949
1730,cri,Costa Rica,1973,19792994.77,9.8657
1731,cri,Costa Rica,1974,20659585.32,10.0375
1732,cri,Costa Rica,1975,20856575.99,9.876
1733,cri,Costa Rica,1976,21238026.81,9.7982
1734,cri,Costa Rica,1977,23568133.55,10.5894
1735,cri,Costa Rica,1978,25077369.46,10.969
1736,cri,Costa Rica,1979,25970652.68,11.0548
1737,cri,Costa Rica,1980,26531886.76,10.9895
1738,cri,Costa Rica,1981,20186048.43,8.1352
1739,cri,Costa Rica,1982,19653472.94,7.7049
1740,cri,Costa Rica,1983,20961003.06,7.9927
1741,cri,Costa Rica,1984,22939912.54,8.5082
1742,cri,Costa Rica,1985,23522813.07,8.4875
1743,cri,Costa Rica,1986,24467358.36,8.5915
1744,cri,Costa Rica,1987,24212948.33,8.2791
1745,cri,Costa Rica,1988,23569957.73,7.8528
1746,cri,Costa Rica,1989,25592625.97,8.312
1747,cri,Costa Rica,1990,26838299.61,8.4978
1748,cri,Costa Rica,1991,25354224.34,7.8268
1749,cri,Costa Rica,1992,27741389.03,8.351
1750,cri,Costa Rica,1993,29767305.08,8.7413
1751,cri,Costa Rica,1994,32869041.55,9.4204
1752,cri,Costa Rica,1995,30079904.24,8.419
1753,cri,Costa Rica,1996,31088188.22,8.5028
1754,cri,Costa Rica,1997,32057081.94,8.5727
1755,cri,Costa Rica,1998,37484003.26,9.8089
1756,cri,Costa Rica,1999,37368414.74,9.5781
1757,cri,Costa Rica,2000,32371442.13,8.1352
1758,cri,Costa Rica,2001,33322544.56,8.2212
1759,cri,Costa Rica,2002,34237512.05,8.3048
1760,cri,Costa Rica,2003,36238206.79,8.6516
1761,cri,Costa Rica,2004,41581957.91,9.7775
1762,cri,Costa Rica,2005,43681484.32,10.1211
1763,cri,Costa Rica,2006,48150402.81,10.9978
1764,cri,Costa Rica,2007,49508863.83,11.1506
1765,cri,Costa Rica,2008,51029480.69,11.335
1766,cri,Costa Rica,2009,44408355.38,9.732
1767,cri,Costa Rica,2010,52052448.59,11.2613
1768,cri,Costa Rica,2011,52011336.73,11.1137
1769,cri,Costa Rica,2012,54016883.93,11.4042
1770,cri,Costa Rica,2013,57085038.16,11.9137
1771,cri,Costa Rica,2014,57670464.92,11.9048
1772,cri,Costa Rica,2015,57541555.47,11.7546
1773,cri,Costa Rica,2016,56723489.04,11.4704
1774,cri,Costa Rica,2017,57765821.04,11.5674
1775,cri,Costa Rica,2018,54130406.48,10.7386
1776,cri,Costa Rica,2019,55447218.15,10.9051
1777,cri,Costa Rica,2020,49461477.07,9.6546
1778,cri,Costa Rica,2021,52884034.37,10.2609
1779,cri,Costa Rica,2022,54486019.88,10.5169
1780,cri,Costa Rica,2023,57268075.35,10.9874
1781,cri,Costa Rica,2024,57921990.93,11.0397
1782,civ,Cote d'Ivoire,1970,32431078.8,5.9212
1783,civ,Cote d'Ivoire,1971,34352017.68,6.0068
1784,civ,Cote d'Ivoire,1972,34966130.08,5.8472
1785,civ,Cote d'Ivoire,1973,37656188.16,6.0179
1786,civ,Cote d'Ivoire,1974,39068739.5,5.9657
1787,civ,Cote d'Ivoire,1975,42441402.03,6.1922
1788,civ,Cote d'Ivoire,1976,46763349.5,6.547
1789,civ,Cote d'Ivoire,1977,52224532.98,7.0422
1790,civ,Cote d'Ivoire,1978,54850166.16,7.1226
1791,civ,Cote d'Ivoire,1979,58413010.1,7.3049
1792,civ,Cote d'Ivoire,1980,61346570.77,7.3878
1793,civ,Cote d'Ivoire,1981,57475471.09,6.6664
1794,civ,Cote d'Ivoire,1982,56306754.78,6.2926
1795,civ,Cote d'Ivoire,1983,50695919.17,5.4617
1796,civ,Cote d'Ivoire,1984,53079095.23,5.5168
1797,civ,Cote d'Ivoire,1985,50327532.35,5.0509
1798,civ,Cote d'Ivoire,1986,55382579.8,5.372
1799,civ,Cote d'Ivoire,1987,56012697.27,5.2528
1800,civ,Cote d'Ivoire,1988,54662747.06,4.9499
1801,civ,Cote d'Ivoire,1989,55183826.2,4.8141
1802,civ,Cote d'Ivoire,1990,55878126.21,4.6915
1803,civ,Cote d'Ivoire,1991,55350359.34,4.4748
1804,civ,Cote d'Ivoire,1992,55862104.97,4.3512
1805,civ,Cote d'Ivoire,1993,53632499.32,4.0275
1806,civ,Cote d'Ivoire,1994,47400676.92,3.4343
1807,civ,Cote d'Ivoire,1995,52662317.57,3.6827
1808,civ,Cote d'Ivoire,1996,54645147.68,3.6895
1809,civ,Cote d'Ivoire,1997,53130853.16,3.4646
1810,civ,Cote d'Ivoire,1998,50152828.44,3.1624
1811,civ,Cote d'Ivoire,1999,53115210.37,3.2495
1812,civ,Cote d'Ivoire,2000,51081462.18,3.0406
1813,civ,Cote d'Ivoire,2001,51429744.51,2.9822
1814,civ,Cote d'Ivoire,2002,56637598.5,3.2028
1815,civ,Cote d'Ivoire,2003,59404943.72,3.2791
1816,civ,Cote d'Ivoire,2004,57861523.67,3.1201
1817,civ,Cote d'Ivoire,2005,55721649.77,2.9373
1818,civ,Cote d'Ivoire,2006,61326452.21,3.1621
1819,civ,Cote d'Ivoire,2007,64847562.35,3.2722
1820,civ,Cote d'Ivoire,2008,62977785.69,3.1109
1821,civ,Cote d'Ivoire,2009,62210653.11,3.0086
1822,civ,Cote d'Ivoire,2010,66618676.83,3.1543
1823,civ,Cote d'Ivoire,2011,67829511.76,3.1457
1824,civ,Cote d'Ivoire,2012,83610832.45,3.7986
1825,civ,Cote d'Ivoire,2013,92900256.39,4.1345
1826,civ,Cote d'Ivoire,2014,95430315.9,4.1499
1827,civ,Cote d'Ivoire,2015,118403481,5.0178
1828,civ,Cote d'Ivoire,2016,111342382.3,4.5983
1829,civ,Cote d'Ivoire,2017,129735038,5.2211
1830,civ,Cote d'Ivoire,2018,135536985.9,5.3164
1831,civ,Cote d'Ivoire,2019,171036165.8,6.5412
1832,civ,Cote d'Ivoire,2020,175427091,6.5429
1833,civ,Cote d'Ivoire,2021,369502137.8,13.4471
1834,civ,Cote d'Ivoire,2022,380765987,13.5213
1835,civ,Cote d'Ivoire,2023,390107645.2,13.5111
1836,civ,Cote d'Ivoire,2024,404593399.6,13.6672
1837,hrv,Croatia,1992,42799696.41,8.9197
1838,hrv,Croatia,1993,40820185.46,8.5177
1839,hrv,Croatia,1994,42075844.77,8.7305
1840,hrv,Croatia,1995,54048040.48,11.2434
1841,hrv,Croatia,1996,53724163.81,11.2898
1842,hrv,Croatia,1997,68285510.15,14.4938
1843,hrv,Croatia,1998,65343867.4,14.0225
1844,hrv,Croatia,1999,63623097.57,13.8151
1845,hrv,Croatia,2000,55266602.84,12.1507
1846,hrv,Croatia,2001,61663627.26,13.6825
1847,hrv,Croatia,2002,72419595.21,16.1547
1848,hrv,Croatia,2003,82913475.67,18.5857
1849,hrv,Croatia,2004,86505291.81,19.4685
1850,hrv,Croatia,2005,87338889.97,19.7167
1851,hrv,Croatia,2006,89639987.67,20.2917
1852,hrv,Croatia,2007,98389740.26,22.3332
1853,hrv,Croatia,2008,101314883.3,23.0593
1854,hrv,Croatia,2009,84786036.45,19.3481
1855,hrv,Croatia,2010,72713125.78,16.6442
1856,hrv,Croatia,2011,82163167.7,18.8801
1857,hrv,Croatia,2012,72108802.37,16.6472
1858,hrv,Croatia,2013,69472508.58,16.1232
1859,hrv,Croatia,2014,60356138.11,14.0888
1860,hrv,Croatia,2015,54966360.26,12.9186
1861,hrv,Croatia,2016,65378950.85,15.4789
1862,hrv,Croatia,2017,54114339.67,12.9075
1863,hrv,Croatia,2018,56752600.86,13.6409
1864,hrv,Croatia,2019,54864667.6,13.2852
1865,hrv,Croatia,2020,57129351.71,13.9446
1866,hrv,Croatia,2021,57582214.8,14.1823
1867,hrv,Croatia,2022,59284495.68,14.7095
1868,hrv,Croatia,2023,62061836.71,15.4821
1869,hrv,Croatia,2024,63833734.35,16.012
1870,cub,Cuba,1970,89947572.6,10.1411
1871,cub,Cuba,1971,82813258.95,9.1753
1872,cub,Cuba,1972,81860197.24,8.9276
1873,cub,Cuba,1973,91638221.47,9.8558
1874,cub,Cuba,1974,92316305.95,9.8072
1875,cub,Cuba,1975,98035957.96,10.3041
1876,cub,Cuba,1976,101330439,10.5543
1877,cub,Cuba,1977,102053704.6,10.5509
1878,cub,Cuba,1978,110474930.1,11.3541
1879,cub,Cuba,1979,110082123.6,11.2619
1880,cub,Cuba,1980,105605781.2,10.7661
1881,cub,Cuba,1981,109672162.9,11.1359
1882,cub,Cuba,1982,112445450.7,11.348
1883,cub,Cuba,1983,114499832.5,11.4677
1884,cub,Cuba,1984,122578553.7,12.178
1885,cub,Cuba,1985,116956330.2,11.5239
1886,cub,Cuba,1986,113946615.4,11.1325
1887,cub,Cuba,1987,114596343.5,11.0969
1888,cub,Cuba,1988,116701104,11.1939
1889,cub,Cuba,1989,117299309.8,11.1425
1890,cub,Cuba,1990,100675542.3,9.4738
1891,cub,Cuba,1991,128562705.4,11.9997
1892,cub,Cuba,1992,128809078.6,11.9447
1893,cub,Cuba,1993,98146689.81,9.0533
1894,cub,Cuba,1994,100605008.2,9.2407
1895,cub,Cuba,1995,99283773.87,9.0863
1896,cub,Cuba,1996,98493581.85,8.9842
1897,cub,Cuba,1997,111237463.3,10.1142
1898,cub,Cuba,1998,114012142.2,10.333
1899,cub,Cuba,1999,120944351.9,10.9253
1900,cub,Cuba,2000,95256493.37,8.5772
1901,cub,Cuba,2001,93108759.95,8.3587
1902,cub,Cuba,2002,106712666,9.5535
1903,cub,Cuba,2003,72480313.18,6.4719
1904,cub,Cuba,2004,87283284.17,7.7756
1905,cub,Cuba,2005,66552277.97,5.9178
1906,cub,Cuba,2006,67006107.21,5.9505
1907,cub,Cuba,2007,72156348.91,6.4026
1908,cub,Cuba,2008,76377923.19,6.7731
1909,cub,Cuba,2009,53684639.44,4.7579
1910,cub,Cuba,2010,58996008.37,5.2253
1911,cub,Cuba,2011,69684874.76,6.1675
1912,cub,Cuba,2012,74707950.84,6.6059
1913,cub,Cuba,2013,68720665.29,6.0699
1914,cub,Cuba,2014,68396069.24,6.0356
1915,cub,Cuba,2015,86316762.37,7.6118
1916,cub,Cuba,2016,85972695.96,7.58
1917,cub,Cuba,2017,81835703.22,7.2188
1918,cub,Cuba,2018,76143135.46,6.7215
1919,cub,Cuba,2019,79077896.8,6.9877
1920,cub,Cuba,2020,75901800.37,6.7166
1921,cub,Cuba,2021,73728982.75,6.55
1922,cub,Cuba,2022,74985124.56,6.6878
1923,cub,Cuba,2023,76490633.15,6.8329
1924,cub,Cuba,2024,76464169.07,6.8427
1925,cyp,Cyprus,1970,9514848.198,14.8483
1926,cyp,Cyprus,1971,10999282.63,17.0687
1927,cyp,Cyprus,1972,14527898.81,22.4328
1928,cyp,Cyprus,1973,14369687.27,22.0833
1929,cyp,Cyprus,1974,12072071.18,18.6129
1930,cyp,Cyprus,1975,9585132.896,14.8611
1931,cyp,Cyprus,1976,10435771.1,16.083
1932,cyp,Cyprus,1977,11707311.17,17.8353
1933,cyp,Cyprus,1978,12545245.18,18.8942
1934,cyp,Cyprus,1979,14207996.43,21.1551
1935,cyp,Cyprus,1980,15982286.18,23.5266
1936,cyp,Cyprus,1981,14783646.39,21.5138
1937,cyp,Cyprus,1982,15152151.84,21.7632
1938,cyp,Cyprus,1983,15526331.72,21.9461
1939,cyp,Cyprus,1984,15485310.41,21.517
1940,cyp,Cyprus,1985,15620716.23,21.3496
1941,cyp,Cyprus,1986,15810462.05,21.2665
1942,cyp,Cyprus,1987,15787083.71,20.9095
1943,cyp,Cyprus,1988,16443426.68,21.4551
1944,cyp,Cyprus,1989,17366403.31,22.3336
1945,cyp,Cyprus,1990,16759561.46,21.255
1946,cyp,Cyprus,1991,17715309.79,22.1702
1947,cyp,Cyprus,1992,20192358.26,24.9156
1948,cyp,Cyprus,1993,18908944.53,22.8926
1949,cyp,Cyprus,1994,18268662.19,21.634
1950,cyp,Cyprus,1995,22994359.18,26.6627
1951,cyp,Cyprus,1996,18623447.65,21.1616
1952,cyp,Cyprus,1997,22187111.62,24.7218
1953,cyp,Cyprus,1998,23688217.29,25.8984
1954,cyp,Cyprus,1999,29044134.58,31.1766
1955,cyp,Cyprus,2000,25512870.5,26.9056
1956,cyp,Cyprus,2001,25219241.6,26.1385
1957,cyp,Cyprus,2002,37270807.3,37.9465
1958,cyp,Cyprus,2003,36814997.65,36.8021
1959,cyp,Cyprus,2004,39506416.82,38.7818
1960,cyp,Cyprus,2005,33033948.64,31.8534
1961,cyp,Cyprus,2006,41566670.92,39.3833
1962,cyp,Cyprus,2007,41054106.21,38.2299
1963,cyp,Cyprus,2008,42385310.22,38.8005
1964,cyp,Cyprus,2009,43799182.41,39.4241
1965,cyp,Cyprus,2010,45920098.87,40.6486
1966,cyp,Cyprus,2011,41841064.94,36.5397
1967,cyp,Cyprus,2012,28706732.33,24.8209
1968,cyp,Cyprus,2013,21440349.18,18.3727
1969,cyp,Cyprus,2014,23204962.43,19.7154
1970,cyp,Cyprus,2015,20991888.62,17.6807
1971,cyp,Cyprus,2016,25155757.88,21.0002
1972,cyp,Cyprus,2017,35209821.14,29.1346
1973,cyp,Cyprus,2018,27729713.86,22.7511
1974,cyp,Cyprus,2019,29199212.04,23.7617
1975,cyp,Cyprus,2020,29476459.03,23.8186
1976,cyp,Cyprus,2021,29655411.4,23.8352
1977,cyp,Cyprus,2022,29605712.72,23.6564
1978,cyp,Cyprus,2023,31185943.07,24.748
1979,cyp,Cyprus,2024,32223950.66,25.4039
1980,cze,Czech Republic,1993,179918032.6,17.4357
1981,cze,Czech Republic,1994,181146125.8,17.5507
1982,cze,Czech Republic,1995,187940585.8,18.226
1983,cze,Czech Republic,1996,195990826.6,19.0363
1984,cze,Czech Republic,1997,191898832.9,18.6689
1985,cze,Czech Republic,1998,181423740.4,17.676
1986,cze,Czech Republic,1999,187334267.9,18.278
1987,cze,Czech Republic,2000,189154382.1,18.4817
1988,cze,Czech Republic,2001,190800547.8,18.6506
1989,cze,Czech Republic,2002,194438085.7,18.9915
1990,cze,Czech Republic,2003,201430367.4,19.6555
1991,cze,Czech Republic,2004,222080131.2,21.6431
1992,cze,Czech Republic,2005,229860834,22.3598
1993,cze,Czech Republic,2006,213165674,20.686
1994,cze,Czech Republic,2007,227864785.3,22.0418
1995,cze,Czech Republic,2008,237803983.9,22.913
1996,cze,Czech Republic,2009,204218641.9,19.5959
1997,cze,Czech Republic,2010,202827857,19.382
1998,cze,Czech Republic,2011,214758797.2,20.4603
1999,cze,Czech Republic,2012,197252920.3,18.7662
2000,cze,Czech Republic,2013,186001901.7,17.69
2001,cze,Czech Republic,2014,186192799.8,17.7037
2002,cze,Czech Republic,2015,185562166.9,17.6326
2003,cze,Czech Republic,2016,182786588,17.3626
2004,cze,Czech Republic,2017,186354259.3,17.6953
2005,cze,Czech Republic,2018,197019125.7,18.7021
2006,cze,Czech Republic,2019,195702797.5,18.5731
2007,cze,Czech Republic,2020,179340172.3,17.0298
2008,cze,Czech Republic,2021,202960963.5,19.3098
2009,cze,Czech Republic,2022,201496827.8,19.2012
2010,cze,Czech Republic,2023,211839652.9,20.1842
2011,cze,Czech Republic,2024,216667492.3,20.6277
2012,dnk,Denmark,1970,100362830.3,20.3867
2013,dnk,Denmark,1971,102925369.4,20.7868
2014,dnk,Denmark,1972,105690635.8,21.2184
2015,dnk,Denmark,1973,115062535.3,22.9731
2016,dnk,Denmark,1974,106997820.6,21.2568
2017,dnk,Denmark,1975,108701572.4,21.4902
2018,dnk,Denmark,1976,113324410.3,22.3133
2019,dnk,Denmark,1977,115140345.4,22.6005
2020,dnk,Denmark,1978,116518576,22.8068
2021,dnk,Denmark,1979,118515909.8,23.1503
2022,dnk,Denmark,1980,107771510.7,21.027
2023,dnk,Denmark,1981,97379077.66,18.9935
2024,dnk,Denmark,1982,99114541.69,19.3341
2025,dnk,Denmark,1983,98590486.6,19.2397
2026,dnk,Denmark,1984,101518423.1,19.8227
2027,dnk,Denmark,1985,105520789.8,20.6117
2028,dnk,Denmark,1986,118444607.6,23.1366
2029,dnk,Denmark,1987,124946988,24.3965
2030,dnk,Denmark,1988,123418461,24.0765
2031,dnk,Denmark,1989,120336997.2,23.4395
2032,dnk,Denmark,1990,95821840.92,18.6256
2033,dnk,Denmark,1991,90307402.89,17.5071
2034,dnk,Denmark,1992,106148543.8,20.5099
2035,dnk,Denmark,1993,107499612.8,20.6978
2036,dnk,Denmark,1994,120357946.7,23.0845
2037,dnk,Denmark,1995,129987930.5,24.8296
2038,dnk,Denmark,1996,131407229.3,25.0013
2039,dnk,Denmark,1997,128133892.2,24.2798
2040,dnk,Denmark,1998,162898678.6,30.7414
2041,dnk,Denmark,1999,168609472.5,31.6944
2042,dnk,Denmark,2000,154719147.5,28.9701
2043,dnk,Denmark,2001,150530132.1,28.0801
2044,dnk,Denmark,2002,146847033.9,27.3016
2045,dnk,Denmark,2003,149792719.4,27.7581
2046,dnk,Denmark,2004,158592803,29.2845
2047,dnk,Denmark,2005,178814123.2,32.8925
2048,dnk,Denmark,2006,177620044.4,32.5439
2049,dnk,Denmark,2007,181034331.4,33.0371
2050,dnk,Denmark,2008,179028255.5,32.5343
2051,dnk,Denmark,2009,150181672.7,27.1751
2052,dnk,Denmark,2010,141277951.9,25.4516
2053,dnk,Denmark,2011,153996690.3,27.6177
2054,dnk,Denmark,2012,149008883.3,26.6042
2055,dnk,Denmark,2013,153058274.4,27.2085
2056,dnk,Denmark,2014,142962324.2,25.3001
2057,dnk,Denmark,2015,144467531.5,25.4443
2058,dnk,Denmark,2016,143466773.9,25.1394
2059,dnk,Denmark,2017,151953068.8,26.4852
2060,dnk,Denmark,2018,150234366.1,26.0521
2061,dnk,Denmark,2019,149067059.6,25.7195
2062,dnk,Denmark,2020,141786448.8,24.3383
2063,dnk,Denmark,2021,150748843.2,25.7504
2064,dnk,Denmark,2022,151800416.8,25.8065
2065,dnk,Denmark,2023,156017837.6,26.3949
2066,dnk,Denmark,2024,158732756.8,26.7241
2067,dji,Djibouti,1970,1003180.628,6.9482
2068,dji,Djibouti,1971,1042816.865,6.7617
2069,dji,Djibouti,1972,1122240.908,6.7918
2070,dji,Djibouti,1973,1191488.208,6.7192
2071,dji,Djibouti,1974,1246664.123,6.5138
2072,dji,Djibouti,1975,1257454.198,6.0286
2073,dji,Djibouti,1976,1384525.984,6.0379
2074,dji,Djibouti,1977,1396059.935,5.5162
2075,dji,Djibouti,1978,1388692.685,4.9877
2076,dji,Djibouti,1979,1428192.722,4.7157
2077,dji,Djibouti,1980,1503469.638,4.6386
2078,dji,Djibouti,1981,1621657.058,4.7512
2079,dji,Djibouti,1982,1699194.993,4.785
2080,dji,Djibouti,1983,1791569.434,4.872
2081,dji,Djibouti,1984,1899302.111,4.97
2082,dji,Djibouti,1985,1970694.281,4.918
2083,dji,Djibouti,1986,1956366.285,4.611
2084,dji,Djibouti,1987,1910554.147,4.2243
2085,dji,Djibouti,1988,1908913.717,3.9576
2086,dji,Djibouti,1989,1924146.272,3.6924
2087,dji,Djibouti,1990,1995768.086,3.4578
2088,dji,Djibouti,1991,1803343.187,2.8692
2089,dji,Djibouti,1992,2369866.229,3.8028
2090,dji,Djibouti,1993,2446670.848,4.0029
2091,dji,Djibouti,1994,2813193.474,4.5121
2092,dji,Djibouti,1995,2532651.246,4.0225
2093,dji,Djibouti,1996,2415365.847,3.7468
2094,dji,Djibouti,1997,2190892.914,3.2808
2095,dji,Djibouti,1998,2964274.676,4.2656
2096,dji,Djibouti,1999,2733130.526,3.7993
2097,dji,Djibouti,2000,2371004.691,3.1953
2098,dji,Djibouti,2001,1905421.173,2.4892
2099,dji,Djibouti,2002,2116694.899,2.6823
2100,dji,Djibouti,2003,2175080.644,2.6972
2101,dji,Djibouti,2004,2420196.928,2.9573
2102,dji,Djibouti,2005,2346596.185,2.8243
2103,dji,Djibouti,2006,2694377.079,3.1813
2104,dji,Djibouti,2007,3625903.601,4.1908
2105,dji,Djibouti,2008,2609035.213,2.9551
2106,dji,Djibouti,2009,3848803.046,4.2712
2107,dji,Djibouti,2010,4434861.234,4.8247
2108,dji,Djibouti,2011,8920818.413,9.5225
2109,dji,Djibouti,2012,13206393.63,13.8389
2110,dji,Djibouti,2013,13906904.98,14.3112
2111,dji,Djibouti,2014,11493762.19,11.6206
2112,dji,Djibouti,2015,11065124.46,10.9963
2113,dji,Djibouti,2016,9732652.77,9.5114
2114,dji,Djibouti,2017,11903016.39,11.4426
2115,dji,Djibouti,2018,9394714.74,8.8864
2116,dji,Djibouti,2019,11719879.9,10.9124
2117,dji,Djibouti,2020,14323074.04,13.1386
2118,dji,Djibouti,2021,12176057.02,11.0135
2119,dji,Djibouti,2022,12233776.93,10.9147
2120,dji,Djibouti,2023,12531554.82,11.0269
2121,dji,Djibouti,2024,12990641.48,11.2734
2122,dom,Dominican Republic,1970,29993660.31,6.7012
2123,dom,Dominican Republic,1971,32926625.75,7.1582
2124,dom,Dominican Republic,1972,34858413.93,7.3778
2125,dom,Dominican Republic,1973,36754420.06,7.5764
2126,dom,Dominican Republic,1974,38834153.04,7.8002
2127,dom,Dominican Republic,1975,37952531.44,7.4323
2128,dom,Dominican Republic,1976,40755809.45,7.7848
2129,dom,Dominican Republic,1977,41961813.43,7.8213
2130,dom,Dominican Republic,1978,39457192.6,7.18
2131,dom,Dominican Republic,1979,40731168.17,7.24
2132,dom,Dominican Republic,1980,40021045.8,6.9532
2133,dom,Dominican Republic,1981,40270969.11,6.8427
2134,dom,Dominican Republic,1982,42941170.12,7.139
2135,dom,Dominican Republic,1983,44956477.51,7.3133
2136,dom,Dominican Republic,1984,47770363.82,7.6042
2137,dom,Dominican Republic,1985,33078649.78,5.1542
2138,dom,Dominican Republic,1986,33516566.81,5.1137
2139,dom,Dominican Republic,1987,33592285.72,5.0192
2140,dom,Dominican Republic,1988,31974339.79,4.6786
2141,dom,Dominican Republic,1989,35864724.32,5.1382
2142,dom,Dominican Republic,1990,37188876.58,5.2166
2143,dom,Dominican Republic,1991,36538933.58,5.0202
2144,dom,Dominican Republic,1992,44283431.06,5.9622
2145,dom,Dominican Republic,1993,40423856.38,5.3357
2146,dom,Dominican Republic,1994,41821574.1,5.4145
2147,dom,Dominican Republic,1995,46815755.34,5.9488
2148,dom,Dominican Republic,1996,48321475.89,6.0309
2149,dom,Dominican Republic,1997,51808112.87,6.3568
2150,dom,Dominican Republic,1998,57608990.98,6.9558
2151,dom,Dominican Republic,1999,57300518.51,6.8123
2152,dom,Dominican Republic,2000,56430615.14,6.6072
2153,dom,Dominican Republic,2001,52242216.33,6.0263
2154,dom,Dominican Republic,2002,59919969.05,6.8129
2155,dom,Dominican Republic,2003,47313449.29,5.3043
2156,dom,Dominican Republic,2004,47534373.25,5.2564
2157,dom,Dominican Republic,2005,54645234.19,5.9625
2158,dom,Dominican Republic,2006,56662940.3,6.1032
2159,dom,Dominican Republic,2007,60671690.15,6.4529
2160,dom,Dominican Republic,2008,63426907.23,6.6604
2161,dom,Dominican Republic,2009,54007991.67,5.5978
2162,dom,Dominican Republic,2010,59235313.52,6.0594
2163,dom,Dominican Republic,2011,59010276.31,5.9584
2164,dom,Dominican Republic,2012,72852626.03,7.2628
2165,dom,Dominican Republic,2013,70904895.15,6.9809
2166,dom,Dominican Republic,2014,72018846.41,7.0043
2167,dom,Dominican Republic,2015,75369686.13,7.243
2168,dom,Dominican Republic,2016,79601648.23,7.5612
2169,dom,Dominican Republic,2017,77245510.65,7.255
2170,dom,Dominican Republic,2018,72471369.33,6.7318
2171,dom,Dominican Republic,2019,76930602.17,7.0696
2172,dom,Dominican Republic,2020,82941130.92,7.5403
2173,dom,Dominican Republic,2021,87655651.21,7.8842
2174,dom,Dominican Republic,2022,91831799.53,8.1782
2175,dom,Dominican Republic,2023,94192771.98,8.3114
2176,dom,Dominican Republic,2024,94973031.3,8.3062
2177,cod,"Congo, Dem. Rep.",1970,58305069.73,2.8933
2178,cod,"Congo, Dem. Rep.",1971,60597770.08,2.9256
2179,cod,"Congo, Dem. Rep.",1972,62615086.55,2.9433
2180,cod,"Congo, Dem. Rep.",1973,65325975.81,2.9892
2181,cod,"Congo, Dem. Rep.",1974,68124365.84,3.0347
2182,cod,"Congo, Dem. Rep.",1975,67940206.67,2.9472
2183,cod,"Congo, Dem. Rep.",1976,67931615.02,2.8718
2184,cod,"Congo, Dem. Rep.",1977,71428285.5,2.9447
2185,cod,"Congo, Dem. Rep.",1978,74166240.88,2.9648
2186,cod,"Congo, Dem. Rep.",1979,73993153.84,2.8566
2187,cod,"Congo, Dem. Rep.",1980,72021362.18,2.6966
2188,cod,"Congo, Dem. Rep.",1981,70103116.72,2.5531
2189,cod,"Congo, Dem. Rep.",1982,72218065.72,2.5592
2190,cod,"Congo, Dem. Rep.",1983,71022725.7,2.4486
2191,cod,"Congo, Dem. Rep.",1984,68308874.52,2.2861
2192,cod,"Congo, Dem. Rep.",1985,70943367.16,2.3034
2193,cod,"Congo, Dem. Rep.",1986,73007217.47,2.3012
2194,cod,"Congo, Dem. Rep.",1987,71777036.87,2.1942
2195,cod,"Congo, Dem. Rep.",1988,74557538.84,2.2091
2196,cod,"Congo, Dem. Rep.",1989,81844609.04,2.3501
2197,cod,"Congo, Dem. Rep.",1990,86877219.85,2.4141
2198,cod,"Congo, Dem. Rep.",1991,86007078.48,2.3123
2199,cod,"Congo, Dem. Rep.",1992,85183122.98,2.2222
2200,cod,"Congo, Dem. Rep.",1993,92715160.89,2.3424
2201,cod,"Congo, Dem. Rep.",1994,86055953.27,2.073
2202,cod,"Congo, Dem. Rep.",1995,85557103.29,1.9766
2203,cod,"Congo, Dem. Rep.",1996,91560102,2.0753
2204,cod,"Congo, Dem. Rep.",1997,88465489.02,1.9737
2205,cod,"Congo, Dem. Rep.",1998,99073599.67,2.1587
2206,cod,"Congo, Dem. Rep.",1999,90105528.44,1.9079
2207,cod,"Congo, Dem. Rep.",2000,100712921.9,2.0716
2208,cod,"Congo, Dem. Rep.",2001,101026277.9,2.0162
2209,cod,"Congo, Dem. Rep.",2002,105552914.5,2.0431
2210,cod,"Congo, Dem. Rep.",2003,109050604.9,2.0496
2211,cod,"Congo, Dem. Rep.",2004,114018740,2.08
2212,cod,"Congo, Dem. Rep.",2005,119677937.7,2.1163
2213,cod,"Congo, Dem. Rep.",2006,122242152.3,2.0938
2214,cod,"Congo, Dem. Rep.",2007,114067607.9,1.892
2215,cod,"Congo, Dem. Rep.",2008,128123981.2,2.0582
2216,cod,"Congo, Dem. Rep.",2009,123747807.7,1.9254
2217,cod,"Congo, Dem. Rep.",2010,142375089.1,2.1445
2218,cod,"Congo, Dem. Rep.",2011,145725380.4,2.1226
2219,cod,"Congo, Dem. Rep.",2012,156178004.7,2.1998
2220,cod,"Congo, Dem. Rep.",2013,157552690.4,2.1447
2221,cod,"Congo, Dem. Rep.",2014,166879254.5,2.1948
2222,cod,"Congo, Dem. Rep.",2015,169255083.5,2.1518
2223,cod,"Congo, Dem. Rep.",2016,171984945.2,2.112
2224,cod,"Congo, Dem. Rep.",2017,184139640.9,2.1848
2225,cod,"Congo, Dem. Rep.",2018,190074356.7,2.1826
2226,cod,"Congo, Dem. Rep.",2019,188605843.9,2.0978
2227,cod,"Congo, Dem. Rep.",2020,196861816.2,2.1201
2228,cod,"Congo, Dem. Rep.",2021,182710580.7,1.9053
2229,cod,"Congo, Dem. Rep.",2022,186350098.3,1.8821
2230,cod,"Congo, Dem. Rep.",2023,185122930.3,1.8103
2231,cod,"Congo, Dem. Rep.",2024,188967223.5,1.789
2232,ecu,Ecuador,1970,36740961.78,5.9526
2233,ecu,Ecuador,1971,35935905.57,5.6584
2234,ecu,Ecuador,1972,35182430.39,5.3848
2235,ecu,Ecuador,1973,36844429.96,5.4824
2236,ecu,Ecuador,1974,41648004.58,6.0262
2237,ecu,Ecuador,1975,44675565.56,6.2872
2238,ecu,Ecuador,1976,45192063.24,6.187
2239,ecu,Ecuador,1977,50752858.1,6.761
2240,ecu,Ecuador,1978,50678750.6,6.5708
2241,ecu,Ecuador,1979,56397531.29,7.1187
2242,ecu,Ecuador,1980,61520934.09,7.5617
2243,ecu,Ecuador,1981,59528568.21,7.1269
2244,ecu,Ecuador,1982,56403599.3,6.5795
2245,ecu,Ecuador,1983,53338399.9,6.064
2246,ecu,Ecuador,1984,59324954.88,6.5749
2247,ecu,Ecuador,1985,61178790.91,6.6108
2248,ecu,Ecuador,1986,66596917.14,7.0175
2249,ecu,Ecuador,1987,61025980.66,6.2723
2250,ecu,Ecuador,1988,63674407.96,6.3867
2251,ecu,Ecuador,1989,64442282.23,6.3116
2252,ecu,Ecuador,1990,66935238.9,6.4054
2253,ecu,Ecuador,1991,65685471.46,6.1467
2254,ecu,Ecuador,1992,65463546.98,5.998
2255,ecu,Ecuador,1993,69702061.14,6.2609
2256,ecu,Ecuador,1994,76975017.91,6.7833
2257,ecu,Ecuador,1995,80248200.48,6.9409
2258,ecu,Ecuador,1996,84236816.52,7.1537
2259,ecu,Ecuador,1997,87994433.63,7.3403
2260,ecu,Ecuador,1998,97172020.72,7.9651
2261,ecu,Ecuador,1999,80259933.73,6.4663
2262,ecu,Ecuador,2000,76312963.72,6.0439
2263,ecu,Ecuador,2001,91021627.23,7.0859
2264,ecu,Ecuador,2002,96791779.28,7.4053
2265,ecu,Ecuador,2003,95026890.93,7.1442
2266,ecu,Ecuador,2004,96141789.05,7.1034
2267,ecu,Ecuador,2005,100074597.1,7.2676
2268,ecu,Ecuador,2006,105217332.6,7.5107
2269,ecu,Ecuador,2007,109727489.7,7.6992
2270,ecu,Ecuador,2008,119411475,8.2371
2271,ecu,Ecuador,2009,131812551.9,8.9408
2272,ecu,Ecuador,2010,133466199.4,8.9039
2273,ecu,Ecuador,2011,136520291,8.9594
2274,ecu,Ecuador,2012,112418195.7,7.2603
2275,ecu,Ecuador,2013,151729607,9.6502
2276,ecu,Ecuador,2014,156605075.8,9.8136
2277,ecu,Ecuador,2015,139331890.5,8.6029
2278,ecu,Ecuador,2016,127764560.7,7.7718
2279,ecu,Ecuador,2017,129740214.9,7.7703
2280,ecu,Ecuador,2018,127477874.6,7.4918
2281,ecu,Ecuador,2019,130071664.6,7.4996
2282,ecu,Ecuador,2020,116862954.5,6.6442
2283,ecu,Ecuador,2021,120958781,6.7963
2284,ecu,Ecuador,2022,123530426.6,6.8624
2285,ecu,Ecuador,2023,126023134.3,6.928
2286,ecu,Ecuador,2024,126438529.6,6.8801
2287,egy,Egypt,1970,158123571.2,4.5461
2288,egy,Egypt,1971,156201546.3,4.3931
2289,egy,Egypt,1972,152260017.9,4.1909
2290,egy,Egypt,1973,143926908.8,3.8773
2291,egy,Egypt,1974,137511733.7,3.6254
2292,egy,Egypt,1975,142851295.9,3.6841
2293,egy,Egypt,1976,154773228.6,3.9036
2294,egy,Egypt,1977,163050897.8,4.0183
2295,egy,Egypt,1978,170704413.8,4.1058
2296,egy,Egypt,1979,145727374.7,3.4182
2297,egy,Egypt,1980,151844266.1,3.4708
2298,egy,Egypt,1981,135855131.3,3.0258
2299,egy,Egypt,1982,147150828.4,3.1928
2300,egy,Egypt,1983,162342260.8,3.4283
2301,egy,Egypt,1984,179876547.7,3.6954
2302,egy,Egypt,1985,193387417.5,3.865
2303,egy,Egypt,1986,188237439,3.6605
2304,egy,Egypt,1987,186407276.9,3.5277
2305,egy,Egypt,1988,190233667.1,3.5035
2306,egy,Egypt,1989,199963746.3,3.5858
2307,egy,Egypt,1990,214195755.4,3.7437
2308,egy,Egypt,1991,198782095.4,3.3915
2309,egy,Egypt,1992,210589158.2,3.5105
2310,egy,Egypt,1993,209829958.9,3.4184
2311,egy,Egypt,1994,226403574.8,3.6065
2312,egy,Egypt,1995,230486418.9,3.592
2313,egy,Egypt,1996,230214206.5,3.5112
2314,egy,Egypt,1997,242222767,3.6156
2315,egy,Egypt,1998,258475714.5,3.7763
2316,egy,Egypt,1999,279517518.9,3.9984
2317,egy,Egypt,2000,259731921,3.6392
2318,egy,Egypt,2001,260119741.1,3.5704
2319,egy,Egypt,2002,253595001.4,3.4088
2320,egy,Egypt,2003,216834580.9,2.8545
2321,egy,Egypt,2004,218084430.8,2.8132
2322,egy,Egypt,2005,241210292.7,3.0504
2323,egy,Egypt,2006,266792093.7,3.3089
2324,egy,Egypt,2007,282682407.4,3.4382
2325,egy,Egypt,2008,301589554.8,3.597
2326,egy,Egypt,2009,306753706.4,3.5877
2327,egy,Egypt,2010,314958307.9,3.6097
2328,egy,Egypt,2011,332079659.7,3.7229
2329,egy,Egypt,2012,397125523.5,4.3525
2330,egy,Egypt,2013,381816836.3,4.0889
2331,egy,Egypt,2014,419451139.9,4.3879
2332,egy,Egypt,2015,413094595.3,4.2272
2333,egy,Egypt,2016,392874871,3.9373
2334,egy,Egypt,2017,382089460.2,3.7537
2335,egy,Egypt,2018,377094394.6,3.635
2336,egy,Egypt,2019,402086067,3.807
2337,egy,Egypt,2020,398197507.8,3.7054
2338,egy,Egypt,2021,433829350.2,3.9705
2339,egy,Egypt,2022,445489014.3,4.0138
2340,egy,Egypt,2023,443318985.3,3.933
2341,egy,Egypt,2024,446817674.7,3.9029
2342,slv,El Salvador,1970,17191124.4,4.7501
2343,slv,El Salvador,1971,17413001.47,4.6961
2344,slv,El Salvador,1972,17763916.52,4.677
2345,slv,El Salvador,1973,18416687.26,4.7336
2346,slv,El Salvador,1974,19440072.13,4.8795
2347,slv,El Salvador,1975,20550227.58,5.0408
2348,slv,El Salvador,1976,21148023.54,5.0753
2349,slv,El Salvador,1977,23526860.14,5.527
2350,slv,El Salvador,1978,24727949.14,5.6891
2351,slv,El Salvador,1979,24619354.05,5.5536
2352,slv,El Salvador,1980,22750943.62,5.0457
2353,slv,El Salvador,1981,21110307.2,4.6405
2354,slv,El Salvador,1982,20391597.67,4.433
2355,slv,El Salvador,1983,21777750.13,4.6438
2356,slv,El Salvador,1984,23359247.82,4.8846
2357,slv,El Salvador,1985,24971205.41,5.1205
2358,slv,El Salvador,1986,23081483.64,4.6434
2359,slv,El Salvador,1987,25078456.66,4.9492
2360,slv,El Salvador,1988,25775626.02,4.9852
2361,slv,El Salvador,1989,26717170.41,5.0689
2362,slv,El Salvador,1990,26186662.84,4.879
2363,slv,El Salvador,1991,29091182.47,5.327
2364,slv,El Salvador,1992,30177649.95,5.4353
2365,slv,El Salvador,1993,32060862.27,5.6936
2366,slv,El Salvador,1994,34498206.23,6.0597
2367,slv,El Salvador,1995,38309966.5,6.6647
2368,slv,El Salvador,1996,40767872.18,7.0324
2369,slv,El Salvador,1997,43334482.66,7.4169
2370,slv,El Salvador,1998,41883333.47,7.1169
2371,slv,El Salvador,1999,39603396.89,6.6854
2372,slv,El Salvador,2000,41535219.24,6.9708
2373,slv,El Salvador,2001,39972738,6.6754
2374,slv,El Salvador,2002,41561078.42,6.9139
2375,slv,El Salvador,2003,38568836.62,6.3995
2376,slv,El Salvador,2004,39680103.25,6.5743
2377,slv,El Salvador,2005,39924128.18,6.6123
2378,slv,El Salvador,2006,44664794.29,7.4017
2379,slv,El Salvador,2007,48434438.96,8.0135
2380,slv,El Salvador,2008,46184171.46,7.611
2381,slv,El Salvador,2009,43526228.98,7.1458
2382,slv,El Salvador,2010,45225390.51,7.397
2383,slv,El Salvador,2011,44619806.96,7.2702
2384,slv,El Salvador,2012,49113036.94,7.9712
2385,slv,El Salvador,2013,49970076.99,8.0784
2386,slv,El Salvador,2014,46382615.71,7.4696
2387,slv,El Salvador,2015,45278785.05,7.2666
2388,slv,El Salvador,2016,46408287.99,7.4247
2389,slv,El Salvador,2017,44919716.02,7.1681
2390,slv,El Salvador,2018,43550753.78,6.9389
2391,slv,El Salvador,2019,44827233.05,7.1378
2392,slv,El Salvador,2020,44478498.21,7.0682
2393,slv,El Salvador,2021,54104240.82,8.5687
2394,slv,El Salvador,2022,56422918.07,8.9046
2395,slv,El Salvador,2023,58058728.13,9.1216
2396,slv,El Salvador,2024,58388091.99,9.1284
2397,gnq,Equatorial Guinea,1970,1879021.864,5.9284
2398,gnq,Equatorial Guinea,1971,1685651.586,5.4036
2399,gnq,Equatorial Guinea,1972,1649393.029,5.4014
2400,gnq,Equatorial Guinea,1973,1684033.923,5.6502
2401,gnq,Equatorial Guinea,1974,1744733.792,6.0048
2402,gnq,Equatorial Guinea,1975,1827604.808,6.452
2403,gnq,Equatorial Guinea,1976,1850281.985,6.7039
2404,gnq,Equatorial Guinea,1977,1796284.68,6.6191
2405,gnq,Equatorial Guinea,1978,1688569.886,6.234
2406,gnq,Equatorial Guinea,1979,1693640.322,6.1829
2407,gnq,Equatorial Guinea,1980,1700001.606,6.0175
2408,gnq,Equatorial Guinea,1981,1697613.628,5.7168
2409,gnq,Equatorial Guinea,1982,1748659.271,5.5383
2410,gnq,Equatorial Guinea,1983,1756152.641,5.2151
2411,gnq,Equatorial Guinea,1984,1797893.383,5.0221
2412,gnq,Equatorial Guinea,1985,1938510.811,5.1232
2413,gnq,Equatorial Guinea,1986,2051775.677,5.1646
2414,gnq,Equatorial Guinea,1987,2104846.749,5.0747
2415,gnq,Equatorial Guinea,1988,2112230.358,4.8941
2416,gnq,Equatorial Guinea,1989,2068448.168,4.6127
2417,gnq,Equatorial Guinea,1990,3011259.622,6.4682
2418,gnq,Equatorial Guinea,1991,1713396.352,3.5464
2419,gnq,Equatorial Guinea,1992,1540627.408,3.0731
2420,gnq,Equatorial Guinea,1993,991796.0938,1.9064
2421,gnq,Equatorial Guinea,1994,1653375.066,3.0619
2422,gnq,Equatorial Guinea,1995,1656926.512,2.9549
2423,gnq,Equatorial Guinea,1996,2660068.698,4.5661
2424,gnq,Equatorial Guinea,1997,2096486.63,3.462
2425,gnq,Equatorial Guinea,1998,2802397.721,4.4501
2426,gnq,Equatorial Guinea,1999,3099072.144,4.7312
2427,gnq,Equatorial Guinea,2000,2861791.468,4.1779
2428,gnq,Equatorial Guinea,2001,3870773.859,5.3815
2429,gnq,Equatorial Guinea,2002,5147235.082,6.8255
2430,gnq,Equatorial Guinea,2003,7620606.826,9.6502
2431,gnq,Equatorial Guinea,2004,6471478.736,7.8314
2432,gnq,Equatorial Guinea,2005,7834377.871,9.06
2433,gnq,Equatorial Guinea,2006,8735830.149,9.6484
2434,gnq,Equatorial Guinea,2007,12023412.18,12.672
2435,gnq,Equatorial Guinea,2008,9790250.881,9.8397
2436,gnq,Equatorial Guinea,2009,23011186.35,22.048
2437,gnq,Equatorial Guinea,2010,50898831.58,46.5032
2438,gnq,Equatorial Guinea,2011,27552015.55,24.0716
2439,gnq,Equatorial Guinea,2012,19607968.73,16.4271
2440,gnq,Equatorial Guinea,2013,15246107.35,12.2563
2441,gnq,Equatorial Guinea,2014,14327462.38,11.0621
2442,gnq,Equatorial Guinea,2015,14913821.79,11.0721
2443,gnq,Equatorial Guinea,2016,11864998.58,8.4815
2444,gnq,Equatorial Guinea,2017,7457949.467,5.141
2445,gnq,Equatorial Guinea,2018,10501311.5,6.9911
2446,gnq,Equatorial Guinea,2019,9158374.362,5.8971
2447,gnq,Equatorial Guinea,2020,9311998.96,5.8344
2448,gnq,Equatorial Guinea,2021,7868594.838,4.8142
2449,gnq,Equatorial Guinea,2022,7308479.73,4.3635
2450,gnq,Equatorial Guinea,2023,6688592.918,3.9008
2451,gnq,Equatorial Guinea,2024,6798739.961,3.8739
2452,eri,Eritrea,1993,7256816.493,3.6624
2453,eri,Eritrea,1994,10432456.8,5.1077
2454,eri,Eritrea,1995,11320560.49,5.2478
2455,eri,Eritrea,1996,12683283.23,5.602
2456,eri,Eritrea,1997,13146028.39,5.7367
2457,eri,Eritrea,1998,16357701.78,7.0424
2458,eri,Eritrea,1999,16023099.13,6.7996
2459,eri,Eritrea,2000,12593166.27,5.2628
2460,eri,Eritrea,2001,12374299.19,5.0263
2461,eri,Eritrea,2002,12898671.25,5.0634
2462,eri,Eritrea,2003,13895659.4,5.2369
2463,eri,Eritrea,2004,13644221.97,4.9379
2464,eri,Eritrea,2005,13838843.42,4.8871
2465,eri,Eritrea,2006,13946658.39,4.8424
2466,eri,Eritrea,2007,13861642.8,4.7371
2467,eri,Eritrea,2008,11403255.48,3.7938
2468,eri,Eritrea,2009,12512527.72,4.0574
2469,eri,Eritrea,2010,13566103.78,4.3098
2470,eri,Eritrea,2011,12333706.58,3.8452
2471,eri,Eritrea,2012,12055766.38,3.7065
2472,eri,Eritrea,2013,14363083.89,4.3572
2473,eri,Eritrea,2014,12538177.86,3.7727
2474,eri,Eritrea,2015,13368873.39,4.0026
2475,eri,Eritrea,2016,12258137.21,3.6425
2476,eri,Eritrea,2017,11625947.1,3.4225
2477,eri,Eritrea,2018,11045966.88,3.206
2478,eri,Eritrea,2019,13389868.95,3.827
2479,eri,Eritrea,2020,12183308.63,3.4263
2480,eri,Eritrea,2021,8984400.874,2.4817
2481,eri,Eritrea,2022,8905974.11,2.4175
2482,eri,Eritrea,2023,8841834.656,2.3585
2483,eri,Eritrea,2024,8998582.483,2.3571
2484,est,Estonia,1992,17595170.71,11.4226
2485,est,Estonia,1993,16839435.21,11.1932
2486,est,Estonia,1994,18123306.99,12.2809
2487,est,Estonia,1995,12971248.97,8.9286
2488,est,Estonia,1996,13141748.49,9.1601
2489,est,Estonia,1997,14566593.65,10.2474
2490,est,Estonia,1998,15036875.85,10.6558
2491,est,Estonia,1999,15597853.84,11.1136
2492,est,Estonia,2000,17346385.31,12.418
2493,est,Estonia,2001,17774752.2,12.8061
2494,est,Estonia,2002,22407158.41,16.246
2495,est,Estonia,2003,26016998.29,18.9814
2496,est,Estonia,2004,27498336.73,20.1826
2497,est,Estonia,2005,30058933.87,22.1893
2498,est,Estonia,2006,34632542.84,25.7164
2499,est,Estonia,2007,39057447.4,29.1349
2500,est,Estonia,2008,33814505.11,25.2911
2501,est,Estonia,2009,26892027.95,20.1506
2502,est,Estonia,2010,28546232.93,21.4386
2503,est,Estonia,2011,29283399.25,22.0602
2504,est,Estonia,2012,31330617.34,23.6872
2505,est,Estonia,2013,32315461,24.5189
2506,est,Estonia,2014,29477062.77,22.4241
2507,est,Estonia,2015,31251002.01,23.7712
2508,est,Estonia,2016,32094395.31,24.3892
2509,est,Estonia,2017,35608490.43,27.0263
2510,est,Estonia,2018,34882470.84,26.3832
2511,est,Estonia,2019,34502930.34,25.9999
2512,est,Estonia,2020,34657216.84,26.069
2513,est,Estonia,2021,36787349.18,27.6867
2514,est,Estonia,2022,36952035.07,27.866
2515,est,Estonia,2023,38518652.89,29.1198
2516,est,Estonia,2024,39623644.47,30.0397
2517,eth,Ethiopia,1993,158999770.5,2.9558
2518,eth,Ethiopia,1994,163125579.3,2.9328
2519,eth,Ethiopia,1995,167207459.1,2.9091
2520,eth,Ethiopia,1996,185327327.1,3.1227
2521,eth,Ethiopia,1997,188617149.6,3.0803
2522,eth,Ethiopia,1998,181723551,2.8783
2523,eth,Ethiopia,1999,176065784.9,2.7055
2524,eth,Ethiopia,2000,187037655.5,2.7903
2525,eth,Ethiopia,2001,198259990.4,2.8725
2526,eth,Ethiopia,2002,207020715.3,2.9128
2527,eth,Ethiopia,2003,211528499,2.891
2528,eth,Ethiopia,2004,219364234.7,2.9132
2529,eth,Ethiopia,2005,223801003.6,2.8889
2530,eth,Ethiopia,2006,216454278.9,2.7162
2531,eth,Ethiopia,2007,244043528.9,2.9763
2532,eth,Ethiopia,2008,244166738.2,2.8944
2533,eth,Ethiopia,2009,268990026.2,3.1005
2534,eth,Ethiopia,2010,251157981.3,2.8145
2535,eth,Ethiopia,2011,229718082.3,2.5019
2536,eth,Ethiopia,2012,234429236.7,2.482
2537,eth,Ethiopia,2013,253628010.7,2.6124
2538,eth,Ethiopia,2014,252596918,2.5324
2539,eth,Ethiopia,2015,289924533.1,2.8293
2540,eth,Ethiopia,2016,322535923,3.0632
2541,eth,Ethiopia,2017,377370921.8,3.4878
2542,eth,Ethiopia,2018,365107335.2,3.2854
2543,eth,Ethiopia,2019,390002365.4,3.4175
2544,eth,Ethiopia,2020,417443471.9,3.5621
2545,eth,Ethiopia,2021,421013813.5,3.5002
2546,eth,Ethiopia,2022,424262885.2,3.4387
2547,eth,Ethiopia,2023,437730626.3,3.4596
2548,eth,Ethiopia,2024,455156033,3.5088
2549,fin,Finland,1970,84655693.36,18.377
2550,fin,Finland,1971,86409899.74,18.7342
2551,fin,Finland,1972,87244166.36,18.8033
2552,fin,Finland,1973,91600228.4,19.6307
2553,fin,Finland,1974,100137783.7,21.3487
2554,fin,Finland,1975,96763473.09,20.5383
2555,fin,Finland,1976,98156460.94,20.7716
2556,fin,Finland,1977,94608085.58,19.9648
2557,fin,Finland,1978,95743693.74,20.1464
2558,fin,Finland,1979,100441626.6,21.081
2559,fin,Finland,1980,105048549.6,21.9794
2560,fin,Finland,1981,100870875,21.0154
2561,fin,Finland,1982,104613068.9,21.6731
2562,fin,Finland,1983,106265142.1,21.8845
2563,fin,Finland,1984,107334896,21.987
2564,fin,Finland,1985,108067463.7,22.0448
2565,fin,Finland,1986,121612793,24.7272
2566,fin,Finland,1987,123206261.5,24.9801
2567,fin,Finland,1988,136311880.3,27.5569
2568,fin,Finland,1989,146384887.8,29.4865
2569,fin,Finland,1990,154947118.6,31.073
2570,fin,Finland,1991,111123993.1,22.1634
2571,fin,Finland,1992,123355712,24.465
2572,fin,Finland,1993,115957352.1,22.8866
2573,fin,Finland,1994,112952259.2,22.1976
2574,fin,Finland,1995,117744277.1,23.0512
2575,fin,Finland,1996,114284362.3,22.3006
2576,fin,Finland,1997,117804697.7,22.9195
2577,fin,Finland,1998,118724631.9,23.0375
2578,fin,Finland,1999,145925713,28.2501
2579,fin,Finland,2000,145352448,28.0809
2580,fin,Finland,2001,177119659.8,34.1402
2581,fin,Finland,2002,178608636.5,34.3439
2582,fin,Finland,2003,189593424.8,36.3694
2583,fin,Finland,2004,188997951.5,36.1501
2584,fin,Finland,2005,201002929.4,38.3149
2585,fin,Finland,2006,205688626.4,39.0579
2586,fin,Finland,2007,210290250.5,39.7623
2587,fin,Finland,2008,205590227.8,38.6931
2588,fin,Finland,2009,176122342.9,32.989
2589,fin,Finland,2010,174098607.4,32.4613
2590,fin,Finland,2011,183628108.1,34.0799
2591,fin,Finland,2012,177894699.2,32.8591
2592,fin,Finland,2013,176601828.4,32.4703
2593,fin,Finland,2014,172176677,31.5259
2594,fin,Finland,2015,161136236,29.4073
2595,fin,Finland,2016,170780800.4,31.0781
2596,fin,Finland,2017,176044933,31.9609
2597,fin,Finland,2018,179346600.6,32.5171
2598,fin,Finland,2019,165883289.4,30.043
2599,fin,Finland,2020,170759433.3,30.8817
2600,fin,Finland,2021,168076016.5,30.3606
2601,fin,Finland,2022,166010836.2,29.9618
2602,fin,Finland,2023,173960624.8,31.3698
2603,fin,Finland,2024,177793432.1,32.0355
2604,fra,France,1970,898375614.1,17.7813
2605,fra,France,1971,914907668.2,17.9497
2606,fra,France,1972,937857702.2,18.2426
2607,fra,France,1973,1007302984,19.4407
2608,fra,France,1974,995489117.9,19.084
2609,fra,France,1975,984788190,18.7757
2610,fra,France,1976,989440175.6,18.7802
2611,fra,France,1977,976872967.8,18.4575
2612,fra,France,1978,990301432.1,18.6233
2613,fra,France,1979,1033474527,19.343
2614,fra,France,1980,1052663976,19.5976
2615,fra,France,1981,984111279.7,18.2186
2616,fra,France,1982,944406469.4,17.3861
2617,fra,France,1983,908642577.8,16.6441
2618,fra,France,1984,892967604.9,16.2814
2619,fra,France,1985,925873126.1,16.801
2620,fra,France,1986,985279056.4,17.7939
2621,fra,France,1987,1029843985,18.5085
2622,fra,France,1988,1073359535,19.1975
2623,fra,France,1989,1075519926,19.1476
2624,fra,France,1990,1126841533,19.9749
2625,fra,France,1991,1036161944,18.2921
2626,fra,France,1992,1066824474,18.761
2627,fra,France,1993,996675994.5,17.4691
2628,fra,France,1994,1030572160,18.0075
2629,fra,France,1995,1030810985,17.952
2630,fra,France,1996,1016692101,17.6438
2631,fra,France,1997,1042905110,18.0311
2632,fra,France,1998,1130985573,19.4728
2633,fra,France,1999,1192248288,20.4319
2634,fra,France,2000,1205956025,20.5565
2635,fra,France,2001,1181427694,20.0192
2636,fra,France,2002,1205969114,20.3118
2637,fra,France,2003,1252306113,20.9667
2638,fra,France,2004,1286681341,21.406
2639,fra,France,2005,1308992764,21.6326
2640,fra,France,2006,1333696303,21.8929
2641,fra,France,2007,1381888848,22.5323
2642,fra,France,2008,1364860419,22.1134
2643,fra,France,2009,1245873901,20.0645
2644,fra,France,2010,1141729800,18.2839
2645,fra,France,2011,1253811732,19.973
2646,fra,France,2012,1181465769,18.7322
2647,fra,France,2013,1182598112,18.6721
2648,fra,France,2014,1172077248,18.4322
2649,fra,France,2015,1092820499,17.1262
2650,fra,France,2016,1085887966,16.9698
2651,fra,France,2017,1121963944,17.4913
2652,fra,France,2018,1125409248,17.5085
2653,fra,France,2019,1124104038,17.4551
2654,fra,France,2020,1073897612,16.6547
2655,fra,France,2021,1133702407,17.5682
2656,fra,France,2022,1116122106,17.2703
2657,fra,France,2023,1147874064,17.726
2658,fra,France,2024,1164794989,17.9526
2659,gab,Gabon,1970,2816320.641,4.7159
2660,gab,Gabon,1971,3059279.454,5.0177
2661,gab,Gabon,1972,3142416.739,5.0498
2662,gab,Gabon,1973,3927132.424,6.1817
2663,gab,Gabon,1974,5773789.001,8.8975
2664,gab,Gabon,1975,6350441.968,9.5734
2665,gab,Gabon,1976,7819326.722,11.5217
2666,gab,Gabon,1977,7150044.363,10.2889
2667,gab,Gabon,1978,5768160.966,8.0998
2668,gab,Gabon,1979,6467963.171,8.8579
2669,gab,Gabon,1980,7625481.478,10.1798
2670,gab,Gabon,1981,7165894.682,9.3196
2671,gab,Gabon,1982,6851251.643,8.677
2672,gab,Gabon,1983,6535363.303,8.0574
2673,gab,Gabon,1984,6936814.572,8.3233
2674,gab,Gabon,1985,7115998.077,8.3084
2675,gab,Gabon,1986,6388634.873,7.257
2676,gab,Gabon,1987,6001375.483,6.6312
2677,gab,Gabon,1988,5904746.275,6.346
2678,gab,Gabon,1989,6099616.326,6.377
2679,gab,Gabon,1990,6875052.839,6.9938
2680,gab,Gabon,1991,7005245.903,6.9359
2681,gab,Gabon,1992,7260659.582,6.9986
2682,gab,Gabon,1993,7563195.387,7.099
2683,gab,Gabon,1994,6967124.814,6.3708
2684,gab,Gabon,1995,7709524.578,6.8715
2685,gab,Gabon,1996,7271145.618,6.3194
2686,gab,Gabon,1997,7532035.01,6.3841
2687,gab,Gabon,1998,9163280.563,7.574
2688,gab,Gabon,1999,7510214.608,6.0529
2689,gab,Gabon,2000,6686095.726,5.2525
2690,gab,Gabon,2001,6075519.081,4.6499
2691,gab,Gabon,2002,7813516.633,5.8236
2692,gab,Gabon,2003,8275736.291,6.0039
2693,gab,Gabon,2004,8147571.746,5.7494
2694,gab,Gabon,2005,10320178.09,7.0766
2695,gab,Gabon,2006,11843023.88,7.882
2696,gab,Gabon,2007,12944281.01,8.3524
2697,gab,Gabon,2008,12596434.25,7.8729
2698,gab,Gabon,2009,13787153.61,8.338
2699,gab,Gabon,2010,12670885.29,7.4051
2700,gab,Gabon,2011,14855203.49,8.3809
2701,gab,Gabon,2012,14416151.63,7.8489
2702,gab,Gabon,2013,15528321.39,8.1632
2703,gab,Gabon,2014,15680526.53,7.9724
2704,gab,Gabon,2015,16390102.24,8.0798
2705,gab,Gabon,2016,15409049.25,7.3862
2706,gab,Gabon,2017,16017377.8,7.484
2707,gab,Gabon,2018,12226723.86,5.5779
2708,gab,Gabon,2019,11239818.17,5.0115
2709,gab,Gabon,2020,11541189.12,5.0342
2710,gab,Gabon,2021,11008707.22,4.7022
2711,gab,Gabon,2022,11127501.11,4.6578
2712,gab,Gabon,2023,10815906.7,4.439
2713,gab,Gabon,2024,10989309.33,4.423
2714,gmb,Gambia,1970,2407217.241,4.5528
2715,gmb,Gambia,1971,2492866.135,4.5798
2716,gmb,Gambia,1972,2601495.999,4.6409
2717,gmb,Gambia,1973,3021313.383,5.2318
2718,gmb,Gambia,1974,3088993.321,5.1924
2719,gmb,Gambia,1975,3149419.961,5.1385
2720,gmb,Gambia,1976,3100842.193,4.9072
2721,gmb,Gambia,1977,3047161.368,4.674
2722,gmb,Gambia,1978,3285644.183,4.8823
2723,gmb,Gambia,1979,3213988.379,4.6234
2724,gmb,Gambia,1980,3320641.669,4.6211
2725,gmb,Gambia,1981,3498699.437,4.7099
2726,gmb,Gambia,1982,3594005.329,4.678
2727,gmb,Gambia,1983,3403125.459,4.2776
2728,gmb,Gambia,1984,3573129.114,4.3321
2729,gmb,Gambia,1985,4030946.587,4.7093
2730,gmb,Gambia,1986,3547227.547,3.9902
2731,gmb,Gambia,1987,3602320.644,3.899
2732,gmb,Gambia,1988,3813743.295,3.9692
2733,gmb,Gambia,1989,3957107.19,3.9582
2734,gmb,Gambia,1990,3972068.81,3.817
2735,gmb,Gambia,1991,3832256.631,3.5368
2736,gmb,Gambia,1992,4203667.556,3.7295
2737,gmb,Gambia,1993,4971441.183,4.2552
2738,gmb,Gambia,1994,4447588.822,3.6882
2739,gmb,Gambia,1995,4823331.526,3.883
2740,gmb,Gambia,1996,4458284.714,3.4856
2741,gmb,Gambia,1997,4402417.693,3.3428
2742,gmb,Gambia,1998,4507008.469,3.3233
2743,gmb,Gambia,1999,5149716.259,3.6876
2744,gmb,Gambia,2000,5045768.487,3.51
2745,gmb,Gambia,2001,3968842.398,2.6826
2746,gmb,Gambia,2002,4737866.793,3.1125
2747,gmb,Gambia,2003,5556990.914,3.5479
2748,gmb,Gambia,2004,5072849.341,3.1465
2749,gmb,Gambia,2005,5058984.627,3.0469
2750,gmb,Gambia,2006,5436949.791,3.1771
2751,gmb,Gambia,2007,4876110.054,2.7629
2752,gmb,Gambia,2008,5565560.006,3.0571
2753,gmb,Gambia,2009,6078368.89,3.2364
2754,gmb,Gambia,2010,6518756.423,3.3649
2755,gmb,Gambia,2011,4971569.004,2.488
2756,gmb,Gambia,2012,5401976.078,2.621
2757,gmb,Gambia,2013,5178128.403,2.4369
2758,gmb,Gambia,2014,5313750.98,2.4275
2759,gmb,Gambia,2015,5937746.502,2.6353
2760,gmb,Gambia,2016,7224852.649,3.1179
2761,gmb,Gambia,2017,7180174.973,3.0154
2762,gmb,Gambia,2018,7650301.195,3.1291
2763,gmb,Gambia,2019,7774777.391,3.0989
2764,gmb,Gambia,2020,8339655.069,3.24
2765,gmb,Gambia,2021,8173247.021,3.096
2766,gmb,Gambia,2022,8326594.753,3.0771
2767,gmb,Gambia,2023,8406249.774,3.0313
2768,gmb,Gambia,2024,8747177.613,3.078
2769,geo,Georgia,1992,27839976.53,5.3137
2770,geo,Georgia,1993,17873879.87,3.4859
2771,geo,Georgia,1994,14746386.21,2.9505
2772,geo,Georgia,1995,11977259.46,2.4555
2773,geo,Georgia,1996,15146567.5,3.1812
2774,geo,Georgia,1997,21997269.79,4.7408
2775,geo,Georgia,1998,22040362.48,4.8779
2776,geo,Georgia,1999,21336641.46,4.8553
2777,geo,Georgia,2000,17890527.16,4.1946
2778,geo,Georgia,2001,20520986.94,4.9514
2779,geo,Georgia,2002,22646895.83,5.5765
2780,geo,Georgia,2003,23427240.03,5.8308
2781,geo,Georgia,2004,22608274.77,5.6679
2782,geo,Georgia,2005,25988906.87,6.5609
2783,geo,Georgia,2006,29015373.29,7.3758
2784,geo,Georgia,2007,33542065.81,8.5863
2785,geo,Georgia,2008,36499052.13,9.4077
2786,geo,Georgia,2009,34970832.7,9.0711
2787,geo,Georgia,2010,34678289.64,9.0383
2788,geo,Georgia,2011,38711398.41,10.1295
2789,geo,Georgia,2012,42697448.05,11.2233
2790,geo,Georgia,2013,40124603.77,10.5981
2791,geo,Georgia,2014,40747885.73,10.7963
2792,geo,Georgia,2015,41777720.54,11.0783
2793,geo,Georgia,2016,38915846.36,10.3195
2794,geo,Georgia,2017,38357709.65,10.1693
2795,geo,Georgia,2018,41084830.61,10.8911
2796,geo,Georgia,2019,40994667.72,10.8716
2797,geo,Georgia,2020,44358816.56,11.779
2798,geo,Georgia,2021,43000653.23,11.4425
2799,geo,Georgia,2022,43601243.14,11.6444
2800,geo,Georgia,2023,43419317.98,11.6459
2801,geo,Georgia,2024,44721149.91,12.0301
2802,deu,Germany,1970,1880235851,24.0149
2803,deu,Germany,1971,1938483758,24.6905
2804,deu,Germany,1972,1968910289,25.0359
2805,deu,Germany,1973,2055938268,26.1345
2806,deu,Germany,1974,1985556544,25.2549
2807,deu,Germany,1975,1924107125,24.5067
2808,deu,Germany,1976,1949328794,24.8752
2809,deu,Germany,1977,1976020605,25.2619
2810,deu,Germany,1978,2034067325,26.0539
2811,deu,Germany,1979,2102523607,26.9846
2812,deu,Germany,1980,2069552558,26.6055
2813,deu,Germany,1981,1914890914,24.6496
2814,deu,Germany,1982,1877549978,24.192
2815,deu,Germany,1983,1868190930,24.0852
2816,deu,Germany,1984,1876005868,24.1851
2817,deu,Germany,1985,1893088876,24.3833
2818,deu,Germany,1986,2012449587,25.8658
2819,deu,Germany,1987,2073271758,26.5495
2820,deu,Germany,1988,2083806191,26.5529
2821,deu,Germany,1989,2079635116,26.3524
2822,deu,Germany,1990,2077656829,26.1768
2823,deu,Germany,1991,1924059462,24.1104
2824,deu,Germany,1992,2054292603,25.613
2825,deu,Germany,1993,2112135556,26.2138
2826,deu,Germany,1994,2152625012,26.6143
2827,deu,Germany,1995,2145779554,26.4509
2828,deu,Germany,1996,2047649712,25.1861
2829,deu,Germany,1997,2004768000,24.6177
2830,deu,Germany,1998,2131410349,26.1445
2831,deu,Germany,1999,2252435094,27.6179
2832,deu,Germany,2000,2181359832,26.7482
2833,deu,Germany,2001,1987993014,24.3882
2834,deu,Germany,2002,1930646107,23.7054
2835,deu,Germany,2003,1991504855,24.4817
2836,deu,Germany,2004,2079455235,25.588
2837,deu,Germany,2005,2072388262,25.5182
2838,deu,Germany,2006,2162570516,26.6399
2839,deu,Germany,2007,2246931880,27.6771
2840,deu,Germany,2008,2254390322,27.7575
2841,deu,Germany,2009,2062433119,25.3805
2842,deu,Germany,2010,2062033491,25.3554
2843,deu,Germany,2011,2193887468,26.9442
2844,deu,Germany,2012,2094629524,25.6866
2845,deu,Germany,2013,2078715592,25.4493
2846,deu,Germany,2014,2064990624,25.2262
2847,deu,Germany,2015,1941542611,23.6562
2848,deu,Germany,2016,1991882154,24.1935
2849,deu,Germany,2017,2003708047,24.2508
2850,deu,Germany,2018,2047339244,24.6975
2851,deu,Germany,2019,1979933861,23.8121
2852,deu,Germany,2020,1882289497,22.5887
2853,deu,Germany,2021,2026558912,24.2968
2854,deu,Germany,2022,1966112523,23.583
2855,deu,Germany,2023,2026644643,24.331
2856,deu,Germany,2024,2065475763,24.8098
2857,gha,Ghana,1970,48020593.45,5.4188
2858,gha,Ghana,1971,49708921.42,5.4572
2859,gha,Ghana,1972,46155935.95,4.9281
2860,gha,Ghana,1973,46231661.37,4.7972
2861,gha,Ghana,1974,48613965.23,4.9011
2862,gha,Ghana,1975,48774905.49,4.7772
2863,gha,Ghana,1976,46155922.99,4.392
2864,gha,Ghana,1977,43572436.69,4.025
2865,gha,Ghana,1978,41609892.29,3.7274
2866,gha,Ghana,1979,39298585.95,3.4126
2867,gha,Ghana,1980,37201959.63,3.1354
2868,gha,Ghana,1981,39034994.6,3.1962
2869,gha,Ghana,1982,39343313.92,3.1262
2870,gha,Ghana,1983,38550085.8,2.969
2871,gha,Ghana,1984,43674145.4,3.2733
2872,gha,Ghana,1985,44983652.42,3.2952
2873,gha,Ghana,1986,45979526.62,3.2909
2874,gha,Ghana,1987,46485061.32,3.2483
2875,gha,Ghana,1988,49607497.12,3.3812
2876,gha,Ghana,1989,51949587.57,3.4512
2877,gha,Ghana,1990,50863393.69,3.2928
2878,gha,Ghana,1991,60973274.48,3.8485
2879,gha,Ghana,1992,62749466.65,3.8635
2880,gha,Ghana,1993,77539633.95,4.6588
2881,gha,Ghana,1994,72972690.48,4.2822
2882,gha,Ghana,1995,75260624.58,4.3157
2883,gha,Ghana,1996,76251253.9,4.2732
2884,gha,Ghana,1997,80331634.14,4.3974
2885,gha,Ghana,1998,94929047.6,5.0724
2886,gha,Ghana,1999,97297375.39,5.0737
2887,gha,Ghana,2000,95915969.15,4.8774
2888,gha,Ghana,2001,105485158.4,5.2232
2889,gha,Ghana,2002,109997759.8,5.299
2890,gha,Ghana,2003,118148994.3,5.5392
2891,gha,Ghana,2004,120645276.9,5.5073
2892,gha,Ghana,2005,139479906.2,6.1999
2893,gha,Ghana,2006,150073008.1,6.4971
2894,gha,Ghana,2007,139644129.5,5.8901
2895,gha,Ghana,2008,146534600.9,6.0238
2896,gha,Ghana,2009,137415063.3,5.5074
2897,gha,Ghana,2010,162477938.8,6.3531
2898,gha,Ghana,2011,180838531.1,6.9007
2899,gha,Ghana,2012,206530979.8,7.6895
2900,gha,Ghana,2013,207062859.1,7.5226
2901,gha,Ghana,2014,170599521.8,6.0504
2902,gha,Ghana,2015,193742704.3,6.7106
2903,gha,Ghana,2016,192241966.3,6.5047
2904,gha,Ghana,2017,224123531.2,7.4158
2905,gha,Ghana,2018,227762429.5,7.378
2906,gha,Ghana,2019,239214432,7.5887
2907,gha,Ghana,2020,213629460.5,6.6385
2908,gha,Ghana,2021,213061202.7,6.4892
2909,gha,Ghana,2022,210408828,6.2854
2910,gha,Ghana,2023,210833316.9,6.1788
2911,gha,Ghana,2024,213320572.7,6.1339
2912,grc,Greece,1970,110215821.9,12.8985
2913,grc,Greece,1971,115331248.4,13.448
2914,grc,Greece,1972,123056772.2,14.2812
2915,grc,Greece,1973,137321066.4,15.8452
2916,grc,Greece,1974,131479625.3,15.0612
2917,grc,Greece,1975,137419467.9,15.6062
2918,grc,Greece,1976,141464957.3,15.9121
2919,grc,Greece,1977,153276706.5,17.0625
2920,grc,Greece,1978,152029663.3,16.7354
2921,grc,Greece,1979,166913043.3,18.1542
2922,grc,Greece,1980,161668821.2,17.3704
2923,grc,Greece,1981,167416516.7,17.7744
2924,grc,Greece,1982,165421738.3,17.3602
2925,grc,Greece,1983,164418868.2,17.0624
2926,grc,Greece,1984,170096204.7,17.463
2927,grc,Greece,1985,175850842.7,17.8708
2928,grc,Greece,1986,173848548.9,17.4956
2929,grc,Greece,1987,184919568.3,18.4382
2930,grc,Greece,1988,206570808.5,20.4117
2931,grc,Greece,1989,210600397.3,20.6229
2932,grc,Greece,1990,215680274,20.9352
2933,grc,Greece,1991,196102958.3,18.8714
2934,grc,Greece,1992,198424463.2,18.9365
2935,grc,Greece,1993,206748995.4,19.5721
2936,grc,Greece,1994,197326344.8,18.5328
2937,grc,Greece,1995,223294248.9,20.8143
2938,grc,Greece,1996,228689585.2,21.1675
2939,grc,Greece,1997,227919257.6,20.9576
2940,grc,Greece,1998,257539622.4,23.5422
2941,grc,Greece,1999,259206096.3,23.5773
2942,grc,Greece,2000,272907238.9,24.7241
2943,grc,Greece,2001,274591753.8,24.8001
2944,grc,Greece,2002,301903939.3,27.2068
2945,grc,Greece,2003,304720281.5,27.4264
2946,grc,Greece,2004,317719400.6,28.5845
2947,grc,Greece,2005,316772994.7,28.5036
2948,grc,Greece,2006,317563070,28.5936
2949,grc,Greece,2007,335246649.5,30.2256
2950,grc,Greece,2008,334871653.8,30.2405
2951,grc,Greece,2009,279376310.2,25.2704
2952,grc,Greece,2010,234919690.2,21.2909
2953,grc,Greece,2011,216252074,19.6508
2954,grc,Greece,2012,182666532.5,16.6611
2955,grc,Greece,2013,169183492.4,15.5008
2956,grc,Greece,2014,172898543.4,15.9163
2957,grc,Greece,2015,162800175.1,15.0648
2958,grc,Greece,2016,159520503.1,14.8395
2959,grc,Greece,2017,154873034.3,14.4846
2960,grc,Greece,2018,158320812.2,14.8892
2961,grc,Greece,2019,147468924.4,13.9463
2962,grc,Greece,2020,134870279.5,12.8298
2963,grc,Greece,2021,148677283.5,14.2338
2964,grc,Greece,2022,145539985.6,14.0145
2965,grc,Greece,2023,150921337.5,14.5941
2966,grc,Greece,2024,152802182.3,14.8312
2967,gtm,Guatemala,1970,26063167.15,4.7794
2968,gtm,Guatemala,1971,26364298.35,4.7093
2969,gtm,Guatemala,1972,27229711.28,4.74
2970,gtm,Guatemala,1973,29085563.41,4.9339
2971,gtm,Guatemala,1974,29785168.12,4.9247
2972,gtm,Guatemala,1975,30703688.07,4.9508
2973,gtm,Guatemala,1976,33013394.76,5.2049
2974,gtm,Guatemala,1977,34999459.43,5.3952
2975,gtm,Guatemala,1978,34121088.82,5.1319
2976,gtm,Guatemala,1979,34422615.51,5.0512
2977,gtm,Guatemala,1980,36699257.84,5.2519
2978,gtm,Guatemala,1981,38120599.24,5.32
2979,gtm,Guatemala,1982,38915179.3,5.307
2980,gtm,Guatemala,1983,38232679.93,5.0895
2981,gtm,Guatemala,1984,38373140.51,4.9713
2982,gtm,Guatemala,1985,41013117.68,5.1705
2983,gtm,Guatemala,1986,38028442.69,4.6671
2984,gtm,Guatemala,1987,36160506.81,4.3206
2985,gtm,Guatemala,1988,37895442.08,4.4064
2986,gtm,Guatemala,1989,38708823.84,4.3791
2987,gtm,Guatemala,1990,37390704.78,4.1158
2988,gtm,Guatemala,1991,45827416.68,4.9121
2989,gtm,Guatemala,1992,53007128.28,5.5351
2990,gtm,Guatemala,1993,52341526.92,5.3237
2991,gtm,Guatemala,1994,52464837.58,5.1972
2992,gtm,Guatemala,1995,58151295.57,5.6114
2993,gtm,Guatemala,1996,57938449.7,5.4493
2994,gtm,Guatemala,1997,60986809.42,5.5924
2995,gtm,Guatemala,1998,69233372.87,6.1904
2996,gtm,Guatemala,1999,75452961.58,6.582
2997,gtm,Guatemala,2000,71220687.96,6.0686
2998,gtm,Guatemala,2001,76587096.27,6.3774
2999,gtm,Guatemala,2002,77008616.61,6.266
3000,gtm,Guatemala,2003,86567252.88,6.8865
3001,gtm,Guatemala,2004,91287926.16,7.1028
3002,gtm,Guatemala,2005,92376779.1,7.034
3003,gtm,Guatemala,2006,102038110,7.6077
3004,gtm,Guatemala,2007,115210704.8,8.4116
3005,gtm,Guatemala,2008,107256500.9,7.6724
3006,gtm,Guatemala,2009,93401777.82,6.5502
3007,gtm,Guatemala,2010,114652626.4,7.8836
3008,gtm,Guatemala,2011,118475212.2,7.987
3009,gtm,Guatemala,2012,127789683.7,8.4471
3010,gtm,Guatemala,2013,159233774.8,10.3247
3011,gtm,Guatemala,2014,180105712.2,11.4617
3012,gtm,Guatemala,2015,140116410.6,8.7567
3013,gtm,Guatemala,2016,141633129.9,8.6939
3014,gtm,Guatemala,2017,130167067.2,7.8515
3015,gtm,Guatemala,2018,120841567.2,7.1715
3016,gtm,Guatemala,2019,136300684.4,7.9678
3017,gtm,Guatemala,2020,132626705.6,7.6386
3018,gtm,Guatemala,2021,146078963.4,8.2959
3019,gtm,Guatemala,2022,150183897.8,8.4165
3020,gtm,Guatemala,2023,153758789.5,8.4987
3021,gtm,Guatemala,2024,154991137.9,8.4425
3022,gin,Guinea,1970,16305157.71,3.8616
3023,gin,Guinea,1971,16583515.78,3.8583
3024,gin,Guinea,1972,16560240.57,3.7876
3025,gin,Guinea,1973,16787984.51,3.7766
3026,gin,Guinea,1974,16919950.19,3.7458
3027,gin,Guinea,1975,17038674.61,3.7137
3028,gin,Guinea,1976,17522410.09,3.7612
3029,gin,Guinea,1977,17606220.13,3.722
3030,gin,Guinea,1978,17656868.37,3.6747
3031,gin,Guinea,1979,17797548.73,3.6432
3032,gin,Guinea,1980,17920220.05,3.6038
3033,gin,Guinea,1981,18147971.98,3.5813
3034,gin,Guinea,1982,18158662.68,3.5118
3035,gin,Guinea,1983,18438531.93,3.4906
3036,gin,Guinea,1984,18939517.23,3.506
3037,gin,Guinea,1985,19075185.38,3.4484
3038,gin,Guinea,1986,18488274.1,3.2599
3039,gin,Guinea,1987,18929198.17,3.252
3040,gin,Guinea,1988,19626753.89,3.2836
3041,gin,Guinea,1989,20352963.63,3.3169
3042,gin,Guinea,1990,21447703.37,3.3754
3043,gin,Guinea,1991,21701529.07,3.2803
3044,gin,Guinea,1992,22673204.84,3.3186
3045,gin,Guinea,1993,23373078.05,3.3172
3046,gin,Guinea,1994,24562740,3.3823
3047,gin,Guinea,1995,30786013.84,4.1222
3048,gin,Guinea,1996,31662779.52,4.1211
3049,gin,Guinea,1997,30480298.22,3.8864
3050,gin,Guinea,1998,31859260.82,3.9861
3051,gin,Guinea,1999,35003711.21,4.2819
3052,gin,Guinea,2000,33463911.69,4.0139
3053,gin,Guinea,2001,34019002.32,4.028
3054,gin,Guinea,2002,38283072.41,4.463
3055,gin,Guinea,2003,36720554.26,4.186
3056,gin,Guinea,2004,39058011.08,4.3586
3057,gin,Guinea,2005,38325237.29,4.1931
3058,gin,Guinea,2006,35895296.76,3.847
3059,gin,Guinea,2007,41401691.5,4.3366
3060,gin,Guinea,2008,39855569.99,4.0753
3061,gin,Guinea,2009,41978553.89,4.1889
3062,gin,Guinea,2010,39219723.56,3.8186
3063,gin,Guinea,2011,40272952.35,3.8254
3064,gin,Guinea,2012,41194215.98,3.8183
3065,gin,Guinea,2013,48613548.58,4.3973
3066,gin,Guinea,2014,49703790.46,4.3856
3067,gin,Guinea,2015,56672246.48,4.8746
3068,gin,Guinea,2016,60121516.35,5.0391
3069,gin,Guinea,2017,52726479,4.3074
3070,gin,Guinea,2018,53980001.59,4.2995
3071,gin,Guinea,2019,57813890.16,4.4895
3072,gin,Guinea,2020,61180879.44,4.6331
3073,gin,Guinea,2021,56073160.28,4.1438
3074,gin,Guinea,2022,57753565.3,4.1671
3075,gin,Guinea,2023,58249479.69,4.1048
3076,gin,Guinea,2024,59926819.16,4.1247
3077,hti,Haiti,1970,16833662.58,3.5963
3078,hti,Haiti,1971,17492036.47,3.6698
3079,hti,Haiti,1972,17360321.14,3.5771
3080,hti,Haiti,1973,17355531.81,3.5128
3081,hti,Haiti,1974,17681021.94,3.5147
3082,hti,Haiti,1975,17571384.07,3.4289
3083,hti,Haiti,1976,18270536.15,3.4985
3084,hti,Haiti,1977,18026951.08,3.3861
3085,hti,Haiti,1978,18351348.94,3.3805
3086,hti,Haiti,1979,18444841.85,3.3315
3087,hti,Haiti,1980,19277757.99,3.414
3088,hti,Haiti,1981,19820415.27,3.4409
3089,hti,Haiti,1982,20183417.1,3.4339
3090,hti,Haiti,1983,20171579.09,3.3632
3091,hti,Haiti,1984,20403685.13,3.334
3092,hti,Haiti,1985,20166428.58,3.2289
3093,hti,Haiti,1986,19336326.32,3.0331
3094,hti,Haiti,1987,23849287.83,3.6644
3095,hti,Haiti,1988,24197438.93,3.6415
3096,hti,Haiti,1989,28077449.21,4.1387
3097,hti,Haiti,1990,28100240.71,4.0576
3098,hti,Haiti,1991,27677110.76,3.9169
3099,hti,Haiti,1992,24968293.8,3.465
3100,hti,Haiti,1993,18043122.53,2.4562
3101,hti,Haiti,1994,16983748.15,2.2687
3102,hti,Haiti,1995,17681510.4,2.3182
3103,hti,Haiti,1996,16986160.59,2.186
3104,hti,Haiti,1997,17491494.81,2.2099
3105,hti,Haiti,1998,17479192.68,2.1684
3106,hti,Haiti,1999,21248587.51,2.5885
3107,hti,Haiti,2000,21820667.17,2.6101
3108,hti,Haiti,2001,21324788.13,2.5053
3109,hti,Haiti,2002,21387365.75,2.4692
3110,hti,Haiti,2003,21587138.03,2.4497
3111,hti,Haiti,2004,22669458.11,2.5297
3112,hti,Haiti,2005,23181821.13,2.5441
3113,hti,Haiti,2006,24316283.15,2.6242
3114,hti,Haiti,2007,24643550.94,2.6159
3115,hti,Haiti,2008,24801293.22,2.5901
3116,hti,Haiti,2009,26061194.14,2.6783
3117,hti,Haiti,2010,26849023.3,2.7278
3118,hti,Haiti,2011,26892003.57,2.7015
3119,hti,Haiti,2012,26410799.03,2.6127
3120,hti,Haiti,2013,26978482.46,2.6292
3121,hti,Haiti,2014,29418442.78,2.8252
3122,hti,Haiti,2015,27153386.38,2.5704
3123,hti,Haiti,2016,27188626.53,2.5377
3124,hti,Haiti,2017,27299558.8,2.513
3125,hti,Haiti,2018,28368110.33,2.576
3126,hti,Haiti,2019,25730945.77,2.3055
3127,hti,Haiti,2020,25251436.82,2.2333
3128,hti,Haiti,2021,27745475.36,2.4237
3129,hti,Haiti,2022,27870006.52,2.4057
3130,hti,Haiti,2023,29223774.57,2.4925
3131,hti,Haiti,2024,29334454.9,2.4719
3132,hnd,Honduras,1970,17740955.06,6.3753
3133,hnd,Honduras,1971,17864970.31,6.2302
3134,hnd,Honduras,1972,17961196.34,6.0761
3135,hnd,Honduras,1973,18044452.58,5.9226
3136,hnd,Honduras,1974,18164300.55,5.7912
3137,hnd,Honduras,1975,17890535.78,5.5361
3138,hnd,Honduras,1976,18780274.01,5.6316
3139,hnd,Honduras,1977,20103121.27,5.842
3140,hnd,Honduras,1978,20954944.38,5.9022
3141,hnd,Honduras,1979,21715646.74,5.9288
3142,hnd,Honduras,1980,22634209.85,5.9911
3143,hnd,Honduras,1981,23351699.41,5.9942
3144,hnd,Honduras,1982,23214318.39,5.781
3145,hnd,Honduras,1983,24702126.72,5.9699
3146,hnd,Honduras,1984,26097969.67,6.1235
3147,hnd,Honduras,1985,26163772.74,5.963
3148,hnd,Honduras,1986,26033908.95,5.7654
3149,hnd,Honduras,1987,25941678.22,5.584
3150,hnd,Honduras,1988,25630068.83,5.3641
3151,hnd,Honduras,1989,26632512.16,5.4201
3152,hnd,Honduras,1990,23479735.55,4.6465
3153,hnd,Honduras,1991,23379582.07,4.4988
3154,hnd,Honduras,1992,25357161.14,4.7443
3155,hnd,Honduras,1993,24959760.94,4.5407
3156,hnd,Honduras,1994,25688573.04,4.5443
3157,hnd,Honduras,1995,25817754.54,4.4415
3158,hnd,Honduras,1996,25925775.4,4.3379
3159,hnd,Honduras,1997,27029133.37,4.3992
3160,hnd,Honduras,1998,26783891.84,4.2457
3161,hnd,Honduras,1999,27707750.98,4.2776
3162,hnd,Honduras,2000,30284095.61,4.5494
3163,hnd,Honduras,2001,29181414.23,4.2676
3164,hnd,Honduras,2002,30003248.97,4.274
3165,hnd,Honduras,2003,28354770.68,3.9371
3166,hnd,Honduras,2004,31342542,4.245
3167,hnd,Honduras,2005,32974096.52,4.359
3168,hnd,Honduras,2006,35746694.97,4.6153
3169,hnd,Honduras,2007,38265614.31,4.8288
3170,hnd,Honduras,2008,40353235.99,4.9808
3171,hnd,Honduras,2009,46693890.09,5.6412
3172,hnd,Honduras,2010,41156025.29,4.87
3173,hnd,Honduras,2011,41247416,4.7837
3174,hnd,Honduras,2012,43331134.46,4.9283
3175,hnd,Honduras,2013,45265757.09,5.0516
3176,hnd,Honduras,2014,46423791.88,5.086
3177,hnd,Honduras,2015,48319410.41,5.1987
3178,hnd,Honduras,2016,50304883.73,5.3172
3179,hnd,Honduras,2017,50936168.2,5.2911
3180,hnd,Honduras,2018,55296937.06,5.6467
3181,hnd,Honduras,2019,54605007.47,5.4831
3182,hnd,Honduras,2020,53355885.4,5.2714
3183,hnd,Honduras,2021,59350044.41,5.7743
3184,hnd,Honduras,2022,60620369.62,5.8105
3185,hnd,Honduras,2023,62088557.83,5.8608
3186,hnd,Honduras,2024,62400800.42,5.7997
3187,hun,Hungary,1970,126281525,12.2421
3188,hun,Hungary,1971,134860038.3,13.0358
3189,hun,Hungary,1972,134128912.1,12.9261
3190,hun,Hungary,1973,144433123.2,13.8738
3191,hun,Hungary,1974,147327708.5,14.0876
3192,hun,Hungary,1975,151725402.1,14.4222
3193,hun,Hungary,1976,157183488.4,14.8588
3194,hun,Hungary,1977,165585245.5,15.5802
3195,hun,Hungary,1978,171485841.7,16.0795
3196,hun,Hungary,1979,168809811.4,15.7874
3197,hun,Hungary,1980,172442255.8,16.1181
3198,hun,Hungary,1981,172162673.3,16.1192
3199,hun,Hungary,1982,184249159,17.2913
3200,hun,Hungary,1983,171849925.4,16.1803
3201,hun,Hungary,1984,174092241.8,16.4534
3202,hun,Hungary,1985,168773799.8,16.0085
3203,hun,Hungary,1986,169831361.2,16.1655
3204,hun,Hungary,1987,172824166.8,16.5079
3205,hun,Hungary,1988,172377068.6,16.5203
3206,hun,Hungary,1989,169217251.8,16.2753
3207,hun,Hungary,1990,160632379.3,15.4812
3208,hun,Hungary,1991,141666155.4,13.6549
3209,hun,Hungary,1992,129041383.6,12.4436
3210,hun,Hungary,1993,127788489.6,12.3379
3211,hun,Hungary,1994,133577419.1,12.9155
3212,hun,Hungary,1995,125087950.9,12.1125
3213,hun,Hungary,1996,123418135.4,11.9727
3214,hun,Hungary,1997,125497973.3,12.2006
3215,hun,Hungary,1998,132130753.6,12.877
3216,hun,Hungary,1999,131174145.7,12.8222
3217,hun,Hungary,2000,129495413.2,12.6931
3218,hun,Hungary,2001,137672673.2,13.5266
3219,hun,Hungary,2002,149007456.7,14.6829
3220,hun,Hungary,2003,153843900.9,15.2049
3221,hun,Hungary,2004,182559349,18.085
3222,hun,Hungary,2005,207472757.5,20.5958
3223,hun,Hungary,2006,177295364.3,17.6289
3224,hun,Hungary,2007,162144835.6,16.148
3225,hun,Hungary,2008,174976031.2,17.4566
3226,hun,Hungary,2009,150538117.6,15.0409
3227,hun,Hungary,2010,143047870.3,14.3237
3228,hun,Hungary,2011,142722047.7,14.3392
3229,hun,Hungary,2012,127509911.1,12.8511
3230,hun,Hungary,2013,135118409.6,13.6557
3231,hun,Hungary,2014,152998177.1,15.5046
3232,hun,Hungary,2015,138154238.2,14.034
3233,hun,Hungary,2016,138698554.8,14.1311
3234,hun,Hungary,2017,147510980.8,15.0691
3235,hun,Hungary,2018,166988927.1,17.0809
3236,hun,Hungary,2019,168942824.2,17.2888
3237,hun,Hungary,2020,166531791.8,17.0792
3238,hun,Hungary,2021,181364699.1,18.6785
3239,hun,Hungary,2022,183330573.9,18.3932
3240,hun,Hungary,2023,190933653.8,18.7996
3241,hun,Hungary,2024,196693931.6,19.6792
3242,isl,Iceland,1970,5372950.01,26.2777
3243,isl,Iceland,1971,5702411.291,27.6586
3244,isl,Iceland,1972,6359985.2,30.4028
3245,isl,Iceland,1973,6997544.573,32.9492
3246,isl,Iceland,1974,4813631.325,22.3598
3247,isl,Iceland,1975,4774220.939,21.8931
3248,isl,Iceland,1976,4663982.167,21.1764
3249,isl,Iceland,1977,5087772.744,22.9296
3250,isl,Iceland,1978,4942419.647,22.0998
3251,isl,Iceland,1979,5060455.749,22.406
3252,isl,Iceland,1980,5075952.186,22.2373
3253,isl,Iceland,1981,5285442.593,22.8924
3254,isl,Iceland,1982,5038179.423,21.5311
3255,isl,Iceland,1983,4664769.493,19.6717
3256,isl,Iceland,1984,4939917.088,20.6107
3257,isl,Iceland,1985,8651894.94,35.8142
3258,isl,Iceland,1986,8774730.501,36.057
3259,isl,Iceland,1987,10211231.05,41.5037
3260,isl,Iceland,1988,9650763.018,38.6159
3261,isl,Iceland,1989,9656131.658,38.1602
3262,isl,Iceland,1990,8979365.775,35.2106
3263,isl,Iceland,1991,8508868.638,32.9813
3264,isl,Iceland,1992,7884220.25,30.1774
3265,isl,Iceland,1993,7184584.784,27.2213
3266,isl,Iceland,1994,7412697.633,27.8438
3267,isl,Iceland,1995,8465619.239,31.6258
3268,isl,Iceland,1996,8256773.838,30.6787
3269,isl,Iceland,1997,8513759.359,31.3749
3270,isl,Iceland,1998,10402745.03,37.9268
3271,isl,Iceland,1999,10663730.15,38.4104
3272,isl,Iceland,2000,8652960.895,30.7429
3273,isl,Iceland,2001,7516988.668,26.3534
3274,isl,Iceland,2002,7099554.724,24.6685
3275,isl,Iceland,2003,7950616.395,27.4347
3276,isl,Iceland,2004,9391197.834,32.1219
3277,isl,Iceland,2005,12156896.28,40.9283
3278,isl,Iceland,2006,12990283.16,42.7214
3279,isl,Iceland,2007,12422848.74,39.8356
3280,isl,Iceland,2008,9345101.243,29.4135
3281,isl,Iceland,2009,6232674.559,19.5504
3282,isl,Iceland,2010,6582118.286,20.6768
3283,isl,Iceland,2011,7147970.544,22.3869
3284,isl,Iceland,2012,7424342.927,23.1303
3285,isl,Iceland,2013,7039379.175,21.7249
3286,isl,Iceland,2014,7288888.946,22.2464
3287,isl,Iceland,2015,7728034.375,23.3433
3288,isl,Iceland,2016,8584175.163,25.5729
3289,isl,Iceland,2017,10020383.27,29.1602
3290,isl,Iceland,2018,11688953.23,33.1182
3291,isl,Iceland,2019,10658672.62,29.5439
3292,isl,Iceland,2020,9809255.085,26.7523
3293,isl,Iceland,2021,11229408.11,30.3223
3294,isl,Iceland,2022,11618234.95,31.1565
3295,isl,Iceland,2023,12090876.35,32.215
3296,isl,Iceland,2024,12649708.34,33.4924
3297,ind,India,1970,1622548557,2.9104
3298,ind,India,1971,1619133143,2.8406
3299,ind,India,1972,1601353858,2.7475
3300,ind,India,1973,1678357888,2.8155
3301,ind,India,1974,1673458555,2.7446
3302,ind,India,1975,1757500748,2.8187
3303,ind,India,1976,1765390295,2.7695
3304,ind,India,1977,1848016194,2.8357
3305,ind,India,1978,1915889040,2.8756
3306,ind,India,1979,1851312550,2.7175
3307,ind,India,1980,1891179075,2.714
3308,ind,India,1981,2021715756,2.836
3309,ind,India,1982,2097119628,2.876
3310,ind,India,1983,2241879081,3.0059
3311,ind,India,1984,2262010079,2.965
3312,ind,India,1985,2296406804,2.9432
3313,ind,India,1986,2340343069,2.9332
3314,ind,India,1987,2374989190,2.9115
3315,ind,India,1988,2543738513,3.051
3316,ind,India,1989,2644897103,3.1043
3317,ind,India,1990,2676867547,3.0753
3318,ind,India,1991,2709588231,3.0481
3319,ind,India,1992,2835842243,3.1246
3320,ind,India,1993,2815343493,3.0392
3321,ind,India,1994,2886138048,3.0533
3322,ind,India,1995,3002553480,3.1138
3323,ind,India,1996,3204095161,3.2586
3324,ind,India,1997,3306856813,3.2992
3325,ind,India,1998,3382187316,3.3112
3326,ind,India,1999,3512619925,3.3759
3327,ind,India,2000,3494946692,3.2983
3328,ind,India,2001,3689497309,3.4195
3329,ind,India,2002,3631498670,3.3064
3330,ind,India,2003,3814245703,3.4135
3331,ind,India,2004,3821030687,3.3628
3332,ind,India,2005,4014140475,3.4765
3333,ind,India,2006,4298270345,3.6663
3334,ind,India,2007,4697660432,3.9486
3335,ind,India,2008,4736478829,3.925
3336,ind,India,2009,4990140752,4.0781
3337,ind,India,2010,5166145135,4.1642
3338,ind,India,2011,5492164244,4.3671
3339,ind,India,2012,5580308960,4.3785
3340,ind,India,2013,5394233326,4.1779
3341,ind,India,2014,5379686274,4.1153
3342,ind,India,2015,5671875176,4.2876
3343,ind,India,2016,5935970820,4.4343
3344,ind,India,2017,6067665306,4.4806
3345,ind,India,2018,6354240871,4.6415
3346,ind,India,2019,6494568369,4.6956
3347,ind,India,2020,6295191962,4.5082
3348,ind,India,2021,6762752948,4.8046
3349,ind,India,2022,7096204081,5.0073
3350,ind,India,2023,7445339191,5.2115
3351,ind,India,2024,7807680059,5.4155
3352,idn,Indonesia,1970,223431302.6,1.939
3353,idn,Indonesia,1971,230978313.9,1.9517
3354,idn,Indonesia,1972,235396364.4,1.9374
3355,idn,Indonesia,1973,265267316,2.1271
3356,idn,Indonesia,1974,301639855.8,2.3576
3357,idn,Indonesia,1975,301650091.7,2.2989
3358,idn,Indonesia,1976,326502715.8,2.4272
3359,idn,Indonesia,1977,341857125.1,2.4797
3360,idn,Indonesia,1978,354216639,2.5077
3361,idn,Indonesia,1979,349840798.9,2.4178
3362,idn,Indonesia,1980,387712510.2,2.6165
3363,idn,Indonesia,1981,434073806.9,2.8617
3364,idn,Indonesia,1982,435344369.3,2.8045
3365,idn,Indonesia,1983,446779869,2.8136
3366,idn,Indonesia,1984,462321796.7,2.848
3367,idn,Indonesia,1985,470190083.1,2.836
3368,idn,Indonesia,1986,487546562.7,2.8826
3369,idn,Indonesia,1987,477875566.5,2.7716
3370,idn,Indonesia,1988,501999171.1,2.8572
3371,idn,Indonesia,1989,532478217.2,2.9756
3372,idn,Indonesia,1990,565743955.2,3.1058
3373,idn,Indonesia,1991,586911974.5,3.1663
3374,idn,Indonesia,1992,640345188.9,3.396
3375,idn,Indonesia,1993,690093647.6,3.5992
3376,idn,Indonesia,1994,773508683.1,3.9682
3377,idn,Indonesia,1995,843474500.6,4.257
3378,idn,Indonesia,1996,835754129.5,4.1503
3379,idn,Indonesia,1997,880504022.6,4.3029
3380,idn,Indonesia,1998,646165412.3,3.1087
3381,idn,Indonesia,1999,660337101.9,3.1296
3382,idn,Indonesia,2000,683958578,3.195
3383,idn,Indonesia,2001,756881419,3.4861
3384,idn,Indonesia,2002,777721817.7,3.5333
3385,idn,Indonesia,2003,1005973862,4.5095
3386,idn,Indonesia,2004,1013409394,4.4853
3387,idn,Indonesia,2005,1056709808,4.6184
3388,idn,Indonesia,2006,998023609.1,4.3056
3389,idn,Indonesia,2007,1070082331,4.5563
3390,idn,Indonesia,2008,1146399625,4.8181
3391,idn,Indonesia,2009,1130075219,4.6895
3392,idn,Indonesia,2010,1375148375,5.6355
3393,idn,Indonesia,2011,1460030552,5.9087
3394,idn,Indonesia,2012,1720046149,6.8741
3395,idn,Indonesia,2013,1791597031,7.0737
3396,idn,Indonesia,2014,1756556776,6.8554
3397,idn,Indonesia,2015,1761226859,6.7977
3398,idn,Indonesia,2016,1754683669,6.7011
3399,idn,Indonesia,2017,1888639107,7.1404
3400,idn,Indonesia,2018,1968126224,7.3694
3401,idn,Indonesia,2019,1982506048,7.354
3402,idn,Indonesia,2020,1986733981,7.308
3403,idn,Indonesia,2021,1991010529,7.273
3404,idn,Indonesia,2022,2056000648,7.4628
3405,idn,Indonesia,2023,2138050453,7.7037
3406,idn,Indonesia,2024,2220640116,7.9366
3407,irn,Iran,1970,148174110.7,5.2083
3408,irn,Iran,1971,166328941.4,5.6819
3409,irn,Iran,1972,180946138.5,6.0092
3410,irn,Iran,1973,210738037.5,6.802
3411,irn,Iran,1974,255467860,8.0095
3412,irn,Iran,1975,277364643.8,8.4416
3413,irn,Iran,1976,345075771.9,10.197
3414,irn,Iran,1977,364317456.7,10.4459
3415,irn,Iran,1978,370728195.6,10.2998
3416,irn,Iran,1979,309386836.2,8.3157
3417,irn,Iran,1980,281041153.2,7.2959
3418,irn,Iran,1981,283203743.6,6.9968
3419,irn,Iran,1982,338138998.8,7.9562
3420,irn,Iran,1983,381259355.1,8.6595
3421,irn,Iran,1984,402255764.4,8.8159
3422,irn,Iran,1985,345797228,7.316
3423,irn,Iran,1986,303940292.4,6.2139
3424,irn,Iran,1987,318514262.5,6.302
3425,irn,Iran,1988,319168812.3,6.1247
3426,irn,Iran,1989,324232039.7,6.0441
3427,irn,Iran,1990,378868152.7,6.7905
3428,irn,Iran,1991,399070318.1,6.8816
3429,irn,Iran,1992,409520830.9,6.8975
3430,irn,Iran,1993,412758349.8,6.9075
3431,irn,Iran,1994,387534136.3,6.4604
3432,irn,Iran,1995,438849689.7,7.2185
3433,irn,Iran,1996,467046235.3,7.5821
3434,irn,Iran,1997,487967074.9,7.8099
3435,irn,Iran,1998,526273766.7,8.2928
3436,irn,Iran,1999,482280362.7,7.4801
3437,irn,Iran,2000,520289943.6,7.938
3438,irn,Iran,2001,565650643,8.4837
3439,irn,Iran,2002,580726837.2,8.6255
3440,irn,Iran,2003,636341200.8,9.3642
3441,irn,Iran,2004,706680256.3,10.2326
3442,irn,Iran,2005,695382746.9,9.9082
3443,irn,Iran,2006,735402914.4,10.3177
3444,irn,Iran,2007,805700554.4,11.1409
3445,irn,Iran,2008,758163157,10.3407
3446,irn,Iran,2009,855196346.4,11.5065
3447,irn,Iran,2010,832181290.3,11.0407
3448,irn,Iran,2011,862338574.7,11.2956
3449,irn,Iran,2012,922900236.3,11.9354
3450,irn,Iran,2013,770990990.7,9.8267
3451,irn,Iran,2014,708810739.6,8.8644
3452,irn,Iran,2015,673128875.7,8.2299
3453,irn,Iran,2016,659530561.5,7.9169
3454,irn,Iran,2017,583980253.7,6.9106
3455,irn,Iran,2018,508328358.4,5.9372
3456,irn,Iran,2019,634485658.8,7.3297
3457,irn,Iran,2020,640402862,7.3365
3458,irn,Iran,2021,607860064.7,6.9135
3459,irn,Iran,2022,516265264.9,5.8302
3460,irn,Iran,2023,528373838.2,5.9253
3461,irn,Iran,2024,538657765.8,5.9978
3462,irq,Iraq,1970,17343276.11,1.7677
3463,irq,Iraq,1971,18062084.04,1.7787
3464,irq,Iraq,1972,18001069.43,1.7132
3465,irq,Iraq,1973,18086997.07,1.6636
3466,irq,Iraq,1974,18281184.05,1.626
3467,irq,Iraq,1975,19308009.37,1.662
3468,irq,Iraq,1976,22202376.44,1.8503
3469,irq,Iraq,1977,22298797.84,1.7983
3470,irq,Iraq,1978,24549952.22,1.915
3471,irq,Iraq,1979,26544973.81,2.0058
3472,irq,Iraq,1980,26843825.89,1.9661
3473,irq,Iraq,1981,25692578.51,1.8264
3474,irq,Iraq,1982,26669912.63,1.8434
3475,irq,Iraq,1983,26437818.23,1.7739
3476,irq,Iraq,1984,28300315.39,1.8404
3477,irq,Iraq,1985,30701142.25,1.9488
3478,irq,Iraq,1986,30853338.13,1.9106
3479,irq,Iraq,1987,33598217.99,2.0242
3480,irq,Iraq,1988,34208347.78,2.0138
3481,irq,Iraq,1989,34397830.25,1.9721
3482,irq,Iraq,1990,36174908,2.0486
3483,irq,Iraq,1991,33190704.18,1.8598
3484,irq,Iraq,1992,127482041.3,6.9338
3485,irq,Iraq,1993,82492547.01,4.2752
3486,irq,Iraq,1994,80803049.98,3.9907
3487,irq,Iraq,1995,71859378.62,3.4302
3488,irq,Iraq,1996,72008350.52,3.3277
3489,irq,Iraq,1997,50144379.8,2.2455
3490,irq,Iraq,1998,53835203.6,2.3352
3491,irq,Iraq,1999,79282128.35,3.3283
3492,irq,Iraq,2000,97805175.19,3.9712
3493,irq,Iraq,2001,134821182.1,5.3026
3494,irq,Iraq,2002,108875267.5,4.1468
3495,irq,Iraq,2003,134657024.6,4.9746
3496,irq,Iraq,2004,160122727.5,5.7476
3497,irq,Iraq,2005,203682137.6,7.0973
3498,irq,Iraq,2006,152391913.5,5.2721
3499,irq,Iraq,2007,132565131.8,4.6253
3500,irq,Iraq,2008,170803400,5.8458
3501,irq,Iraq,2009,203618937.3,6.7225
3502,irq,Iraq,2010,203227412.4,6.5002
3503,irq,Iraq,2011,222025070.5,6.8573
3504,irq,Iraq,2012,212449946.1,6.2735
3505,irq,Iraq,2013,223814460.5,6.3079
3506,irq,Iraq,2014,237692570.6,6.4684
3507,irq,Iraq,2015,205873094.6,5.4525
3508,irq,Iraq,2016,177321137.2,4.5822
3509,irq,Iraq,2017,176069838.6,4.4438
3510,irq,Iraq,2018,178562675.2,4.3991
3511,irq,Iraq,2019,233868442.3,5.6268
3512,irq,Iraq,2020,168406926.1,3.9572
3513,irq,Iraq,2021,144317272.2,3.3151
3514,irq,Iraq,2022,145855365.5,3.2779
3515,irq,Iraq,2023,146508382.4,3.2196
3516,irq,Iraq,2024,149346307.7,3.2101
3517,irl,Ireland,1970,44036166.73,14.9903
3518,irl,Ireland,1971,48445860.18,16.315
3519,irl,Ireland,1972,48952042.14,16.2416
3520,irl,Ireland,1973,51292679.31,16.7512
3521,irl,Ireland,1974,51640708.18,16.6042
3522,irl,Ireland,1975,51948360.47,16.4502
3523,irl,Ireland,1976,49708332.49,15.506
3524,irl,Ireland,1977,52739009.27,16.2041
3525,irl,Ireland,1978,58001418.99,17.5466
3526,irl,Ireland,1979,60774012.24,18.1312
3527,irl,Ireland,1980,59480972.5,17.5388
3528,irl,Ireland,1981,57234502.66,16.7116
3529,irl,Ireland,1982,56412116.19,16.3456
3530,irl,Ireland,1983,55141901.84,15.8778
3531,irl,Ireland,1984,57787536.81,16.5536
3532,irl,Ireland,1985,57405475.5,16.3746
3533,irl,Ireland,1986,60176879.27,17.1168
3534,irl,Ireland,1987,61584126.13,17.5269
3535,irl,Ireland,1988,62388027.03,17.8352
3536,irl,Ireland,1989,64539009.7,18.528
3537,irl,Ireland,1990,68578774.15,19.6762
3538,irl,Ireland,1991,68169970.92,19.4504
3539,irl,Ireland,1992,68961892.03,19.545
3540,irl,Ireland,1993,59881682.75,16.8885
3541,irl,Ireland,1994,67652795.17,19.0068
3542,irl,Ireland,1995,67355315.88,18.8171
3543,irl,Ireland,1996,69890580.38,19.3778
3544,irl,Ireland,1997,77596579.45,21.3169
3545,irl,Ireland,1998,81860085.23,22.2526
3546,irl,Ireland,1999,138633389.8,37.2679
3547,irl,Ireland,2000,135164420,35.8626
3548,irl,Ireland,2001,141582174.7,36.9761
3549,irl,Ireland,2002,145765994.1,37.431
3550,irl,Ireland,2003,145908019.3,36.8575
3551,irl,Ireland,2004,152263104.6,37.7641
3552,irl,Ireland,2005,181418562.1,44.0206
3553,irl,Ireland,2006,207202936.6,48.9286
3554,irl,Ireland,2007,188580841.7,43.2541
3555,irl,Ireland,2008,156275151.9,35.0991
3556,irl,Ireland,2009,135422254.8,30.0952
3557,irl,Ireland,2010,120138876.4,26.5525
3558,irl,Ireland,2011,111294805.8,24.49
3559,irl,Ireland,2012,104836478.3,22.9675
3560,irl,Ireland,2013,101380081.8,22.0928
3561,irl,Ireland,2014,107279227.1,23.2097
3562,irl,Ireland,2015,115128613.9,24.6752
3563,irl,Ireland,2016,142481053.5,30.2136
3564,irl,Ireland,2017,138837625.6,29.0951
3565,irl,Ireland,2018,135677400.5,28.0644
3566,irl,Ireland,2019,187482433.8,38.2928
3567,irl,Ireland,2020,171733410.9,34.7208
3568,irl,Ireland,2021,141821665.8,28.441
3569,irl,Ireland,2022,142014128.3,28.2722
3570,irl,Ireland,2023,148673116.3,29.3998
3571,irl,Ireland,2024,154061367.6,30.2706
3572,isr,Israel,1970,113569257,39.0634
3573,isr,Israel,1971,117729380.4,39.0015
3574,isr,Israel,1972,148481744.8,47.5758
3575,isr,Israel,1973,160524518,49.9411
3576,isr,Israel,1974,194569995.1,58.8942
3577,isr,Israel,1975,179235774.1,52.9018
3578,isr,Israel,1976,177073196.1,51.0574
3579,isr,Israel,1977,158967715.6,44.8887
3580,isr,Israel,1978,178297494.7,49.4072
3581,isr,Israel,1979,221985725.6,60.3913
3582,isr,Israel,1980,185163250.2,49.448
3583,isr,Israel,1981,199106494.6,52.1666
3584,isr,Israel,1982,182504460.9,46.8821
3585,isr,Israel,1983,199675418.9,50.1811
3586,isr,Israel,1984,199546137,48.9443
3587,isr,Israel,1985,192731391.3,46.0784
3588,isr,Israel,1986,221201117.3,51.4972
3589,isr,Israel,1987,249484445.6,56.5464
3590,isr,Israel,1988,284502211.5,62.7293
3591,isr,Israel,1989,279655462.6,59.9247
3592,isr,Israel,1990,364759116.6,75.94
3593,isr,Israel,1991,233514853.3,47.2433
3594,isr,Israel,1992,309963175.5,61.0237
3595,isr,Israel,1993,274734813.6,52.7019
3596,isr,Israel,1994,196607789.6,36.7746
3597,isr,Israel,1995,192956985.5,35.2193
3598,isr,Israel,1996,174983523.4,31.1775
3599,isr,Israel,1997,168788134.3,29.3888
3600,isr,Israel,1998,173768602,29.6053
3601,isr,Israel,1999,194240280,32.4053
3602,isr,Israel,2000,205956662.2,33.6698
3603,isr,Israel,2001,195113481.8,31.2783
3604,isr,Israel,2002,203105426.4,31.9514
3605,isr,Israel,2003,195828972.7,30.2396
3606,isr,Israel,2004,186683879.1,28.3026
3607,isr,Israel,2005,194846918.5,29.0205
3608,isr,Israel,2006,201915090.4,29.554
3609,isr,Israel,2007,224185591.6,32.2476
3610,isr,Israel,2008,240158278,33.9469
3611,isr,Israel,2009,216013351.3,30.0031
3612,isr,Israel,2010,236991572.7,32.3386
3613,isr,Israel,2011,228893566.5,30.6838
3614,isr,Israel,2012,254936401.9,33.5791
3615,isr,Israel,2013,245710336,31.8003
3616,isr,Israel,2014,231629941.7,29.455
3617,isr,Israel,2015,256999962.3,32.0938
3618,isr,Israel,2016,242977813.5,29.7803
3619,isr,Israel,2017,273945859.1,32.9688
3620,isr,Israel,2018,282299844.8,33.3827
3621,isr,Israel,2019,287788313.5,33.433
3622,isr,Israel,2020,267484856.1,30.5436
3623,isr,Israel,2021,291259034.2,32.7255
3624,isr,Israel,2022,301623721.7,33.3717
3625,isr,Israel,2023,308091010.7,33.5812
3626,isr,Israel,2024,317123842.5,34.0567
3627,ita,Italy,1970,765243269.7,14.3508
3628,ita,Italy,1971,782242751.1,14.5843
3629,ita,Italy,1972,751772567,13.9229
3630,ita,Italy,1973,824699767.9,15.1656
3631,ita,Italy,1974,760852065.6,13.8967
3632,ita,Italy,1975,779464344.4,14.1479
3633,ita,Italy,1976,763517036.2,13.7847
3634,ita,Italy,1977,789766085.4,14.1917
3635,ita,Italy,1978,806357010.5,14.4309
3636,ita,Italy,1979,857264906.3,15.289
3637,ita,Italy,1980,912882836.2,16.2061
3638,ita,Italy,1981,858791343.3,15.191
3639,ita,Italy,1982,847707474.3,14.9809
3640,ita,Italy,1983,864346348.1,15.2691
3641,ita,Italy,1984,866840047.8,15.3097
3642,ita,Italy,1985,948177678.3,16.7415
3643,ita,Italy,1986,1011525133,17.8591
3644,ita,Italy,1987,1104680810,19.502
3645,ita,Italy,1988,1125707639,19.8639
3646,ita,Italy,1989,1151444681,20.3035
3647,ita,Italy,1990,1221476642,21.5213
3648,ita,Italy,1991,1141794956,20.104
3649,ita,Italy,1992,1274793266,22.4304
3650,ita,Italy,1993,1071696635,18.8449
3651,ita,Italy,1994,1070055834,18.8113
3652,ita,Italy,1995,1099179045,19.3228
3653,ita,Italy,1996,1061679789,18.659
3654,ita,Italy,1997,1105973423,19.4283
3655,ita,Italy,1998,1143533264,20.0836
3656,ita,Italy,1999,1217726453,21.3842
3657,ita,Italy,2000,1190001270,20.8895
3658,ita,Italy,2001,1165463444,20.4485
3659,ita,Italy,2002,1265009187,22.1513
3660,ita,Italy,2003,1290110839,22.4659
3661,ita,Italy,2004,1310134678,22.6429
3662,ita,Italy,2005,1246902418,21.4245
3663,ita,Italy,2006,1286968007,22.0258
3664,ita,Italy,2007,1270023996,21.607
3665,ita,Italy,2008,1255550399,21.1999
3666,ita,Italy,2009,1120182450,18.8067
3667,ita,Italy,2010,1143664012,19.1176
3668,ita,Italy,2011,1163392396,19.3815
3669,ita,Italy,2012,1019373571,16.9359
3670,ita,Italy,2013,1002260452,16.6178
3671,ita,Italy,2014,925977550.6,15.3504
3672,ita,Italy,2015,888806773.7,14.7562
3673,ita,Italy,2016,907072329.8,15.088
3674,ita,Italy,2017,934955029.6,15.5815
3675,ita,Italy,2018,962155336.9,16.0687
3676,ita,Italy,2019,919787083.5,15.3996
3677,ita,Italy,2020,848744358.6,14.2645
3678,ita,Italy,2021,943253858.4,15.9225
3679,ita,Italy,2022,925722073.2,15.6802
3680,ita,Italy,2023,953881825.9,16.203
3681,ita,Italy,2024,968783301.8,16.5046
3682,jam,Jamaica,1970,12811756.73,6.8914
3683,jam,Jamaica,1971,13054054.4,6.921
3684,jam,Jamaica,1972,13306790.03,6.9476
3685,jam,Jamaica,1973,12734854.3,6.5464
3686,jam,Jamaica,1974,14107676.2,7.1436
3687,jam,Jamaica,1975,14780224.58,7.3787
3688,jam,Jamaica,1976,13356717.63,6.5813
3689,jam,Jamaica,1977,12540132.38,6.1025
3690,jam,Jamaica,1978,10953611.8,5.2649
3691,jam,Jamaica,1979,9576530.099,4.5452
3692,jam,Jamaica,1980,11710734.25,5.4837
3693,jam,Jamaica,1981,11720898.6,5.4097
3694,jam,Jamaica,1982,12152822.1,5.525
3695,jam,Jamaica,1983,12435416.39,5.5695
3696,jam,Jamaica,1984,10657679.74,4.7073
3697,jam,Jamaica,1985,9933578.724,4.334
3698,jam,Jamaica,1986,10698346.56,4.6196
3699,jam,Jamaica,1987,11602021.12,4.9661
3700,jam,Jamaica,1988,12652057.72,5.3729
3701,jam,Jamaica,1989,13176061.06,5.5516
3702,jam,Jamaica,1990,14436017.66,6.035
3703,jam,Jamaica,1991,11846698.51,4.9118
3704,jam,Jamaica,1992,12244380.05,5.0294
3705,jam,Jamaica,1993,12870298.87,5.2338
3706,jam,Jamaica,1994,13667200.37,5.5017
3707,jam,Jamaica,1995,15239164.95,6.0729
3708,jam,Jamaica,1996,16468266.08,6.5018
3709,jam,Jamaica,1997,16309346.49,6.3834
3710,jam,Jamaica,1998,16065852.02,6.2354
3711,jam,Jamaica,1999,14478369.29,5.5766
3712,jam,Jamaica,2000,14726172.2,5.6374
3713,jam,Jamaica,2001,14219552.93,5.4161
3714,jam,Jamaica,2002,15056527.88,5.707
3715,jam,Jamaica,2003,12365061.99,4.6643
3716,jam,Jamaica,2004,12143454.98,4.5583
3717,jam,Jamaica,2005,13381368.55,4.9989
3718,jam,Jamaica,2006,14343574.34,5.3329
3719,jam,Jamaica,2007,14321540.1,5.3019
3720,jam,Jamaica,2008,16460225.4,6.0708
3721,jam,Jamaica,2009,13036452.65,4.7886
3722,jam,Jamaica,2010,12814990.26,4.6874
3723,jam,Jamaica,2011,15371332.83,5.5974
3724,jam,Jamaica,2012,15922365.38,5.7694
3725,jam,Jamaica,2013,15377250.23,5.5451
3726,jam,Jamaica,2014,15262623.62,5.4812
3727,jam,Jamaica,2015,12938925.35,4.6302
3728,jam,Jamaica,2016,12398448.17,4.4238
3729,jam,Jamaica,2017,13290040.94,4.7323
3730,jam,Jamaica,2018,12664164.07,4.5039
3731,jam,Jamaica,2019,13147056.32,4.6724
3732,jam,Jamaica,2020,14856424.67,5.2674
3733,jam,Jamaica,2021,13947954.75,4.9326
3734,jam,Jamaica,2022,14427014.18,5.1026
3735,jam,Jamaica,2023,14742690.9,5.2176
3736,jam,Jamaica,2024,14943868.16,5.2904
3737,jpn,Japan,1970,1372402840,13.0188
3738,jpn,Japan,1971,1473693221,13.8
3739,jpn,Japan,1972,1661742475,15.3552
3740,jpn,Japan,1973,1922192312,17.5255
3741,jpn,Japan,1974,1813146504,16.3199
3742,jpn,Japan,1975,1692365939,15.0551
3743,jpn,Japan,1976,1775666091,15.6274
3744,jpn,Japan,1977,1911349377,16.655
3745,jpn,Japan,1978,2126778061,18.3644
3746,jpn,Japan,1979,2098086286,17.9684
3747,jpn,Japan,1980,1985884264,16.8833
3748,jpn,Japan,1981,1969312105,16.6347
3749,jpn,Japan,1982,1856893888,15.5913
3750,jpn,Japan,1983,1898883941,15.8513
3751,jpn,Japan,1984,1991044751,16.5272
3752,jpn,Japan,1985,2045928800,16.8919
3753,jpn,Japan,1986,2410831295,19.8079
3754,jpn,Japan,1987,2565753462,20.9845
3755,jpn,Japan,1988,2766334143,22.5275
3756,jpn,Japan,1989,2789578676,22.6297
3757,jpn,Japan,1990,2757310955,22.2928
3758,jpn,Japan,1991,2784232000,22.4401
3759,jpn,Japan,1992,2826942247,22.7165
3760,jpn,Japan,1993,2818592340,22.5886
3761,jpn,Japan,1994,2940907745,23.5048
3762,jpn,Japan,1995,3076638966,24.528
3763,jpn,Japan,1996,3110247991,24.7383
3764,jpn,Japan,1997,3105260875,24.6395
3765,jpn,Japan,1998,2946898033,23.331
3766,jpn,Japan,1999,2823630024,22.3115
3767,jpn,Japan,2000,3061355461,24.1424
3768,jpn,Japan,2001,2981450202,23.4638
3769,jpn,Japan,2002,2845005496,22.3485
3770,jpn,Japan,2003,2607727651,20.4524
3771,jpn,Japan,2004,2852970686,22.3462
3772,jpn,Japan,2005,2891127229,22.6226
3773,jpn,Japan,2006,2851838964,22.297
3774,jpn,Japan,2007,2754592160,21.5192
3775,jpn,Japan,2008,2752413327,21.4902
3776,jpn,Japan,2009,2454655246,19.1595
3777,jpn,Japan,2010,2460203115,19.2045
3778,jpn,Japan,2011,2512777889,19.63
3779,jpn,Japan,2012,2664653628,20.8414
3780,jpn,Japan,2013,2622850175,20.5425
3781,jpn,Japan,2014,2609995138,20.4743
3782,jpn,Japan,2015,2459207262,19.3257
3783,jpn,Japan,2016,2509902735,19.764
3784,jpn,Japan,2017,2442940921,19.287
3785,jpn,Japan,2018,2494621688,19.7585
3786,jpn,Japan,2019,2480038506,19.7154
3787,jpn,Japan,2020,2421765153,19.3363
3788,jpn,Japan,2021,2410526753,19.3442
3789,jpn,Japan,2022,2203119214,17.774
3790,jpn,Japan,2023,2206366409,17.8951
3791,jpn,Japan,2024,2217476134,18.0824
3792,jor,Jordan,1970,17322166.55,11.1227
3793,jor,Jordan,1971,19213636.13,11.742
3794,jor,Jordan,1972,19234728.56,11.2828
3795,jor,Jordan,1973,20297153.25,11.4841
3796,jor,Jordan,1974,20951470.76,11.464
3797,jor,Jordan,1975,24572773.71,13.0247
3798,jor,Jordan,1976,32059404.77,16.4818
3799,jor,Jordan,1977,34284189.34,17.0958
3800,jor,Jordan,1978,41013483.98,19.8219
3801,jor,Jordan,1979,49134436.43,22.9807
3802,jor,Jordan,1980,47924523.04,21.6178
3803,jor,Jordan,1981,42605527.58,18.4707
3804,jor,Jordan,1982,45289993.09,18.821
3805,jor,Jordan,1983,44968949.98,17.8818
3806,jor,Jordan,1984,48082485.94,18.2827
3807,jor,Jordan,1985,52687770.45,19.1488
3808,jor,Jordan,1986,56244301.05,19.5306
3809,jor,Jordan,1987,63441211.09,21.044
3810,jor,Jordan,1988,53939026.23,17.0846
3811,jor,Jordan,1989,41609297.09,12.5672
3812,jor,Jordan,1990,33816280.49,9.7157
3813,jor,Jordan,1991,25087412.53,6.8426
3814,jor,Jordan,1992,40732962.87,10.5338
3815,jor,Jordan,1993,44388784.87,10.8909
3816,jor,Jordan,1994,45152758.01,10.5542
3817,jor,Jordan,1995,41772058.23,9.3697
3818,jor,Jordan,1996,47330787.75,10.2699
3819,jor,Jordan,1997,48473857.78,10.2402
3820,jor,Jordan,1998,47537427.43,9.8129
3821,jor,Jordan,1999,51688937.21,10.4406
3822,jor,Jordan,2000,52118634.99,10.3079
3823,jor,Jordan,2001,52998567.02,10.2645
3824,jor,Jordan,2002,55437659.63,10.5084
3825,jor,Jordan,2003,64639171.64,11.9788
3826,jor,Jordan,2004,73067322.92,13.2071
3827,jor,Jordan,2005,67081362.44,11.8131
3828,jor,Jordan,2006,59700811.37,9.8264
3829,jor,Jordan,2007,64118651.15,9.9049
3830,jor,Jordan,2008,63683905.11,9.6013
3831,jor,Jordan,2009,65335308.69,9.6358
3832,jor,Jordan,2010,71044611.17,10.2499
3833,jor,Jordan,2011,77568764.07,10.9098
3834,jor,Jordan,2012,65635263.05,9.101
3835,jor,Jordan,2013,71430678.34,9.283
3836,jor,Jordan,2014,74889807.98,8.6498
3837,jor,Jordan,2015,81125473.22,8.5447
3838,jor,Jordan,2016,87466017.84,8.7776
3839,jor,Jordan,2017,76153279.32,7.4548
3840,jor,Jordan,2018,76163393.06,7.2815
3841,jor,Jordan,2019,75691304.91,7.0748
3842,jor,Jordan,2020,73223246.51,6.7001
3843,jor,Jordan,2021,77332221.58,6.9367
3844,jor,Jordan,2022,79860445.96,7.0761
3845,jor,Jordan,2023,83645114.85,7.378
3846,jor,Jordan,2024,86683244.1,7.6139
3847,kaz,Kazakhstan,1992,236723799.5,13.8895
3848,kaz,Kazakhstan,1993,215330473.5,12.6816
3849,kaz,Kazakhstan,1994,169405137.6,10.1155
3850,kaz,Kazakhstan,1995,146340818.5,8.9046
3851,kaz,Kazakhstan,1996,132368191.2,8.1991
3852,kaz,Kazakhstan,1997,124610067.8,7.8765
3853,kaz,Kazakhstan,1998,141984396.7,9.1755
3854,kaz,Kazakhstan,1999,144603535.9,9.4783
3855,kaz,Kazakhstan,2000,128154866.8,8.4112
3856,kaz,Kazakhstan,2001,165639143.9,10.8393
3857,kaz,Kazakhstan,2002,180943328.1,11.7963
3858,kaz,Kazakhstan,2003,166428716.1,10.7953
3859,kaz,Kazakhstan,2004,169765260.5,10.9371
3860,kaz,Kazakhstan,2005,202265009.2,12.9191
3861,kaz,Kazakhstan,2006,221988199.8,14.0297
3862,kaz,Kazakhstan,2007,254977881.9,15.93
3863,kaz,Kazakhstan,2008,185309593,11.4413
3864,kaz,Kazakhstan,2009,257975004.2,15.7279
3865,kaz,Kazakhstan,2010,244777786.6,14.721
3866,kaz,Kazakhstan,2011,268337055.8,15.911
3867,kaz,Kazakhstan,2012,310112668.9,18.1322
3868,kaz,Kazakhstan,2013,322099484.3,18.5694
3869,kaz,Kazakhstan,2014,373323899.6,21.2209
3870,kaz,Kazakhstan,2015,440540729.7,24.6997
3871,kaz,Kazakhstan,2016,411562989.9,22.7653
3872,kaz,Kazakhstan,2017,405057244.2,22.1164
3873,kaz,Kazakhstan,2018,394595383.6,21.2856
3874,kaz,Kazakhstan,2019,370243414.5,19.7418
3875,kaz,Kazakhstan,2020,376796127,19.8531
3876,kaz,Kazakhstan,2021,358508848.6,18.6758
3877,kaz,Kazakhstan,2022,342571295.4,17.6601
3878,kaz,Kazakhstan,2023,334809837.1,17.0764
3879,kaz,Kazakhstan,2024,345251266.5,17.4122
3880,ken,Kenya,1970,45956549.96,4.0056
3881,ken,Kenya,1971,47510430.43,3.993
3882,ken,Kenya,1972,47657706.39,3.8674
3883,ken,Kenya,1973,51392110.96,4.0275
3884,ken,Kenya,1974,52546845.98,3.9796
3885,ken,Kenya,1975,52680945.73,3.8589
3886,ken,Kenya,1976,53231864.6,3.7747
3887,ken,Kenya,1977,56389308.12,3.8683
3888,ken,Kenya,1978,57197012.35,3.791
3889,ken,Kenya,1979,58241898.37,3.7285
3890,ken,Kenya,1980,58928919.91,3.6405
3891,ken,Kenya,1981,58402037.04,3.4792
3892,ken,Kenya,1982,62338832.49,3.5803
3893,ken,Kenya,1983,62691245.73,3.4695
3894,ken,Kenya,1984,60844323.35,3.2445
3895,ken,Kenya,1985,64905779.62,3.3367
3896,ken,Kenya,1986,69732193.86,3.4588
3897,ken,Kenya,1987,67932835.91,3.2532
3898,ken,Kenya,1988,71016037.27,3.2838
3899,ken,Kenya,1989,72656656.95,3.2454
3900,ken,Kenya,1990,75741386.2,3.27
3901,ken,Kenya,1991,70641975.67,2.9535
3902,ken,Kenya,1992,71034766.77,2.8811
3903,ken,Kenya,1993,58683284.05,2.3111
3904,ken,Kenya,1994,65830083.76,2.519
3905,ken,Kenya,1995,71119199.65,2.646
3906,ken,Kenya,1996,59494494.74,2.1544
3907,ken,Kenya,1997,67951372.52,2.3957
3908,ken,Kenya,1998,82495458.41,2.8313
3909,ken,Kenya,1999,78339596.92,2.6144
3910,ken,Kenya,2000,75788199.67,2.4565
3911,ken,Kenya,2001,85072738.1,2.6752
3912,ken,Kenya,2002,73094181.03,2.2299
3913,ken,Kenya,2003,73063425.5,2.1637
3914,ken,Kenya,2004,84817584.37,2.4379
3915,ken,Kenya,2005,92701182.23,2.5863
3916,ken,Kenya,2006,94593648.07,2.5618
3917,ken,Kenya,2007,131237300.4,3.4503
3918,ken,Kenya,2008,132847670.3,3.3901
3919,ken,Kenya,2009,129294722.7,3.2032
3920,ken,Kenya,2010,146452424.7,3.5275
3921,ken,Kenya,2011,148047019.5,3.4724
3922,ken,Kenya,2012,164311675.1,3.7578
3923,ken,Kenya,2013,177001294.4,3.9516
3924,ken,Kenya,2014,183148880,3.9961
3925,ken,Kenya,2015,196968051.6,4.2041
3926,ken,Kenya,2016,194440803.2,4.0598
3927,ken,Kenya,2017,185320011.4,3.786
3928,ken,Kenya,2018,204112582.4,4.0861
3929,ken,Kenya,2019,251006137.5,4.9264
3930,ken,Kenya,2020,250649240.7,4.8215
3931,ken,Kenya,2021,266568332.8,5.0291
3932,ken,Kenya,2022,267585353.2,4.9528
3933,ken,Kenya,2023,266748221.5,4.8411
3934,ken,Kenya,2024,272923541.7,4.856
3935,kwt,Kuwait,1970,86852562.76,108.1889
3936,kwt,Kuwait,1971,103439037.9,120.4553
3937,kwt,Kuwait,1972,104877696.3,114.7728
3938,kwt,Kuwait,1973,102306112,105.4129
3939,kwt,Kuwait,1974,149645143.9,145.2265
3940,kwt,Kuwait,1975,125669465.1,114.6621
3941,kwt,Kuwait,1976,142301274.6,121.7508
3942,kwt,Kuwait,1977,131068491.6,105.0881
3943,kwt,Kuwait,1978,141780227.8,106.6759
3944,kwt,Kuwait,1979,187931991.1,133.0712
3945,kwt,Kuwait,1980,178869245.6,119.7355
3946,kwt,Kuwait,1981,151748629.4,96.4692
3947,kwt,Kuwait,1982,143373139,86.7393
3948,kwt,Kuwait,1983,128662670,74.1132
3949,kwt,Kuwait,1984,141918683.1,78.2358
3950,kwt,Kuwait,1985,141768012.3,75.0502
3951,kwt,Kuwait,1986,122111305.5,62.0455
3952,kwt,Kuwait,1987,129787867.9,63.3582
3953,kwt,Kuwait,1988,123331428.1,57.9251
3954,kwt,Kuwait,1989,137467578,62.2022
3955,kwt,Kuwait,1990,60432175.91,36.0802
3956,kwt,Kuwait,1991,114075406.2,85.1627
3957,kwt,Kuwait,1992,50211129.12,30.9824
3958,kwt,Kuwait,1993,61600895.2,37.2516
3959,kwt,Kuwait,1994,54254173.46,33.0595
3960,kwt,Kuwait,1995,68416303.27,41.3336
3961,kwt,Kuwait,1996,78188108.73,45.9034
3962,kwt,Kuwait,1997,70780740.81,40.1828
3963,kwt,Kuwait,1998,78304048.9,43.035
3964,kwt,Kuwait,1999,74135667.61,39.4879
3965,kwt,Kuwait,2000,67051680.91,34.6538
3966,kwt,Kuwait,2001,72428722.1,36.3658
3967,kwt,Kuwait,2002,85968019.33,41.9896
3968,kwt,Kuwait,2003,96193009.05,45.7734
3969,kwt,Kuwait,2004,114399704.4,53.1232
3970,kwt,Kuwait,2005,130738278.4,58.4853
3971,kwt,Kuwait,2006,125316511.6,53.0236
3972,kwt,Kuwait,2007,142317227.5,56.7732
3973,kwt,Kuwait,2008,175803008.5,66.3175
3974,kwt,Kuwait,2009,132710646.2,47.4721
3975,kwt,Kuwait,2010,133415294.3,45.3276
3976,kwt,Kuwait,2011,147752955.2,46.9978
3977,kwt,Kuwait,2012,134098263.9,39.5027
3978,kwt,Kuwait,2013,151902142.8,41.6568
3979,kwt,Kuwait,2014,167357241.2,44.4912
3980,kwt,Kuwait,2015,194143006.9,49.6689
3981,kwt,Kuwait,2016,209122434,51.6596
3982,kwt,Kuwait,2017,224171937.8,54.346
3983,kwt,Kuwait,2018,232294581.4,53.807
3984,kwt,Kuwait,2019,229741605.9,51.7308
3985,kwt,Kuwait,2020,172756814.3,39.6191
3986,kwt,Kuwait,2021,175715413.4,41.3437
3987,kwt,Kuwait,2022,180396118.6,42.2585
3988,kwt,Kuwait,2023,175985260.1,40.8308
3989,kwt,Kuwait,2024,180778607.6,41.5642
3990,kgz,Kyrgyz Republic,1992,18528020.59,4.1162
3991,kgz,Kyrgyz Republic,1993,17520805.13,3.8869
3992,kgz,Kyrgyz Republic,1994,12166772.06,2.6853
3993,kgz,Kyrgyz Republic,1995,12510061.07,2.7217
3994,kgz,Kyrgyz Republic,1996,10450692.57,2.2395
3995,kgz,Kyrgyz Republic,1997,11780524.84,2.4862
3996,kgz,Kyrgyz Republic,1998,12147706.15,2.5253
3997,kgz,Kyrgyz Republic,1999,12466229.16,2.5551
3998,kgz,Kyrgyz Republic,2000,12395229.8,2.5116
3999,kgz,Kyrgyz Republic,2001,13095832.92,2.6289
4000,kgz,Kyrgyz Republic,2002,12615532.56,2.5097
4001,kgz,Kyrgyz Republic,2003,12795627.4,2.5197
4002,kgz,Kyrgyz Republic,2004,13061038.65,2.5425
4003,kgz,Kyrgyz Republic,2005,12391989.37,2.3862
4004,kgz,Kyrgyz Republic,2006,12871001.4,2.4531
4005,kgz,Kyrgyz Republic,2007,15358327.93,2.9007
4006,kgz,Kyrgyz Republic,2008,15415488.03,2.8839
4007,kgz,Kyrgyz Republic,2009,15646859.84,2.89
4008,kgz,Kyrgyz Republic,2010,15445692.84,2.8166
4009,kgz,Kyrgyz Republic,2011,16780162.53,3.0222
4010,kgz,Kyrgyz Republic,2012,18692888.57,3.3191
4011,kgz,Kyrgyz Republic,2013,22109111.08,3.8655
4012,kgz,Kyrgyz Republic,2014,21455474.09,3.69
4013,kgz,Kyrgyz Republic,2015,20848021.07,3.5246
4014,kgz,Kyrgyz Republic,2016,20684594.92,3.437
4015,kgz,Kyrgyz Republic,2017,21110776.46,3.4488
4016,kgz,Kyrgyz Republic,2018,25378282.8,4.0778
4017,kgz,Kyrgyz Republic,2019,27301605.62,4.3174
4018,kgz,Kyrgyz Republic,2020,28322644.22,4.4083
4019,kgz,Kyrgyz Republic,2021,25557492.77,3.9152
4020,kgz,Kyrgyz Republic,2022,24415917.72,3.6823
4021,kgz,Kyrgyz Republic,2023,22815219.21,3.3874
4022,kgz,Kyrgyz Republic,2024,23305967.66,3.4075
4023,lao,Lao,1970,12108821.55,4.5262
4024,lao,Lao,1971,11580766.65,4.2254
4025,lao,Lao,1972,11487025.08,4.0904
4026,lao,Lao,1973,11011968.97,3.8268
4027,lao,Lao,1974,11014537.7,3.7377
4028,lao,Lao,1975,10807299.2,3.5872
4029,lao,Lao,1976,10316967.01,3.3584
4030,lao,Lao,1977,10621323.33,3.398
4031,lao,Lao,1978,11011786.6,3.4651
4032,lao,Lao,1979,11451153.62,3.5412
4033,lao,Lao,1980,12581927.29,3.8156
4034,lao,Lao,1981,13086330.59,3.882
4035,lao,Lao,1982,13314707.47,3.8552
4036,lao,Lao,1983,13579595.5,3.8319
4037,lao,Lao,1984,14448586.22,3.9694
4038,lao,Lao,1985,15140585.02,4.0465
4039,lao,Lao,1986,15525548.24,4.0343
4040,lao,Lao,1987,15626443.97,3.9464
4041,lao,Lao,1988,15730285.36,3.8602
4042,lao,Lao,1989,16804942,4.0073
4043,lao,Lao,1990,17146976.28,3.9743
4044,lao,Lao,1991,17151995.63,3.8655
4045,lao,Lao,1992,18424813.5,4.0395
4046,lao,Lao,1993,18954660.31,4.0456
4047,lao,Lao,1994,21020253.72,4.372
4048,lao,Lao,1995,20730618.62,4.2072
4049,lao,Lao,1996,21354333.59,4.2337
4050,lao,Lao,1997,22067093.5,4.2844
4051,lao,Lao,1998,20174995.4,3.8451
4052,lao,Lao,1999,20643680.82,3.8658
4053,lao,Lao,2000,22888552,4.2145
4054,lao,Lao,2001,22805722.19,4.1317
4055,lao,Lao,2002,25179936.16,4.4915
4056,lao,Lao,2003,26179613.33,4.6017
4057,lao,Lao,2004,26812091.44,4.6483
4058,lao,Lao,2005,27865900.93,4.761
4059,lao,Lao,2006,28605839.48,4.8105
4060,lao,Lao,2007,33349163.08,5.5202
4061,lao,Lao,2008,35574965.95,5.7979
4062,lao,Lao,2009,39294104.87,6.3073
4063,lao,Lao,2010,46634181.61,7.3748
4064,lao,Lao,2011,43187093.23,6.7308
4065,lao,Lao,2012,54650470.58,8.3964
4066,lao,Lao,2013,56379161.01,8.5413
4067,lao,Lao,2014,61889259.76,9.249
4068,lao,Lao,2015,70296720.86,10.3569
4069,lao,Lao,2016,77217709.89,11.205
4070,lao,Lao,2017,79467048.62,11.3558
4071,lao,Lao,2018,80298429.3,11.3017
4072,lao,Lao,2019,81019190.23,11.2339
4073,lao,Lao,2020,78841456.26,10.7716
4074,lao,Lao,2021,79249298.64,10.6732
4075,lao,Lao,2022,76752814.77,10.1936
4076,lao,Lao,2023,76503930.77,10.0218
4077,lao,Lao,2024,76624471.42,9.904
4078,lva,Latvia,1992,22248897.13,8.3552
4079,lva,Latvia,1993,24998803.6,9.4732
4080,lva,Latvia,1994,16774893.19,6.4359
4081,lva,Latvia,1995,16255659.96,6.3248
4082,lva,Latvia,1996,18687192.56,7.3737
4083,lva,Latvia,1997,19787531.57,7.9186
4084,lva,Latvia,1998,20537451.57,8.3406
4085,lva,Latvia,1999,22499268.53,9.2729
4086,lva,Latvia,2000,21807696.09,9.1149
4087,lva,Latvia,2001,20749659.41,8.795
4088,lva,Latvia,2002,24407151.11,10.4925
4089,lva,Latvia,2003,29890566.15,13.0279
4090,lva,Latvia,2004,28491622.17,12.5877
4091,lva,Latvia,2005,39801460.35,17.823
4092,lva,Latvia,2006,39157638.21,17.7673
4093,lva,Latvia,2007,50804055.28,23.3469
4094,lva,Latvia,2008,43159190.12,20.0702
4095,lva,Latvia,2009,29883864.74,14.0546
4096,lva,Latvia,2010,30351139.75,14.4424
4097,lva,Latvia,2011,36090981.65,17.3767
4098,lva,Latvia,2012,36888825.49,17.9627
4099,lva,Latvia,2013,36085940.54,17.7633
4100,lva,Latvia,2014,36616764.56,18.2079
4101,lva,Latvia,2015,34810338.09,17.4755
4102,lva,Latvia,2016,33491909.28,16.971
4103,lva,Latvia,2017,37335239.63,19.0987
4104,lva,Latvia,2018,39153250.84,20.2277
4105,lva,Latvia,2019,41961469.25,21.8942
4106,lva,Latvia,2020,40676290.98,21.4418
4107,lva,Latvia,2021,42439820.75,22.6476
4108,lva,Latvia,2022,41472412.23,22.4096
4109,lva,Latvia,2023,44249885.66,24.1775
4110,lva,Latvia,2024,45635899.36,25.2099
4111,lbn,Lebanon,1970,39818766.55,16.718
4112,lbn,Lebanon,1971,41928443.15,17.1688
4113,lbn,Lebanon,1972,45763597.75,18.2619
4114,lbn,Lebanon,1973,48818334.64,18.9966
4115,lbn,Lebanon,1974,56026005.71,21.2794
4116,lbn,Lebanon,1975,49974615.43,18.567
4117,lbn,Lebanon,1976,25553863.2,8.3226
4118,lbn,Lebanon,1977,38905059.39,11.252
4119,lbn,Lebanon,1978,37797698.36,11.8734
4120,lbn,Lebanon,1979,41894612.78,14.4356
4121,lbn,Lebanon,1980,44077921.24,14.8726
4122,lbn,Lebanon,1981,43075415.47,14.2294
4123,lbn,Lebanon,1982,32013041.33,10.4272
4124,lbn,Lebanon,1983,34663787.91,11.1567
4125,lbn,Lebanon,1984,28957194.47,9.1534
4126,lbn,Lebanon,1985,28172411.02,8.7309
4127,lbn,Lebanon,1986,29769853.43,8.9993
4128,lbn,Lebanon,1987,23192855.72,6.8398
4129,lbn,Lebanon,1988,30024610.99,8.6848
4130,lbn,Lebanon,1989,26453491.06,7.5035
4131,lbn,Lebanon,1990,18555907.49,5.1635
4132,lbn,Lebanon,1991,26205885.99,7.1469
4133,lbn,Lebanon,1992,25883166.08,6.9106
4134,lbn,Lebanon,1993,33248509.21,8.7065
4135,lbn,Lebanon,1994,35463209.26,9.1209
4136,lbn,Lebanon,1995,37724139.22,9.5272
4137,lbn,Lebanon,1996,42763189.05,10.6001
4138,lbn,Lebanon,1997,45259636.47,11.0186
4139,lbn,Lebanon,1998,42922403.18,10.2715
4140,lbn,Lebanon,1999,46233900.71,10.8785
4141,lbn,Lebanon,2000,46365662.38,10.7312
4142,lbn,Lebanon,2001,57862306.17,13.1829
4143,lbn,Lebanon,2002,60903787.97,13.6965
4144,lbn,Lebanon,2003,61839422.53,13.7274
4145,lbn,Lebanon,2004,44724652.12,9.7763
4146,lbn,Lebanon,2005,44984108.19,9.6885
4147,lbn,Lebanon,2006,45130331.68,9.5618
4148,lbn,Lebanon,2007,46089331.86,9.5828
4149,lbn,Lebanon,2008,50437814.17,10.3195
4150,lbn,Lebanon,2009,53398755.06,10.7852
4151,lbn,Lebanon,2010,49932041.74,9.9948
4152,lbn,Lebanon,2011,58454771.44,11.5865
4153,lbn,Lebanon,2012,64212440.66,12.4002
4154,lbn,Lebanon,2013,69799367.93,12.2911
4155,lbn,Lebanon,2014,74496039.01,11.8731
4156,lbn,Lebanon,2015,63410286.12,9.9095
4157,lbn,Lebanon,2016,60548874.26,9.6745
4158,lbn,Lebanon,2017,61138222.74,10.0075
4159,lbn,Lebanon,2018,65176066.86,10.9524
4160,lbn,Lebanon,2019,57792698.58,9.9954
4161,lbn,Lebanon,2020,63768585.33,11.2607
4162,lbn,Lebanon,2021,70201270.94,12.5525
4163,lbn,Lebanon,2022,56316071.28,10.2584
4164,lbn,Lebanon,2023,55185843.51,10.3075
4165,lbn,Lebanon,2024,55202359.56,10.5771
4166,lbr,Liberia,1970,2650405.073,1.8109
4167,lbr,Liberia,1971,2876379.832,1.9155
4168,lbr,Liberia,1972,2911940.93,1.8896
4169,lbr,Liberia,1973,3041887.543,1.922
4170,lbr,Liberia,1974,2926964.95,1.7998
4171,lbr,Liberia,1975,2901982.723,1.736
4172,lbr,Liberia,1976,2986042.613,1.7376
4173,lbr,Liberia,1977,3646288.642,2.0623
4174,lbr,Liberia,1978,3503455.858,1.9241
4175,lbr,Liberia,1979,3817592.36,2.0354
4176,lbr,Liberia,1980,3860466.067,1.998
4177,lbr,Liberia,1981,3606366.003,1.8125
4178,lbr,Liberia,1982,3627159.81,1.7714
4179,lbr,Liberia,1983,3361665.241,1.5938
4180,lbr,Liberia,1984,3379190.769,1.5542
4181,lbr,Liberia,1985,3485211.879,1.5561
4182,lbr,Liberia,1986,3972458.633,1.7228
4183,lbr,Liberia,1987,4181487.893,1.7625
4184,lbr,Liberia,1988,4753858.048,1.9486
4185,lbr,Liberia,1989,4871273.247,1.9426
4186,lbr,Liberia,1990,3535482.022,1.6
4187,lbr,Liberia,1991,4126849.682,2.1281
4188,lbr,Liberia,1992,3268039.436,1.5921
4189,lbr,Liberia,1993,3031016.036,1.4212
4190,lbr,Liberia,1994,2898482.178,1.3639
4191,lbr,Liberia,1995,2731147.045,1.2748
4192,lbr,Liberia,1996,2796804.543,1.269
4193,lbr,Liberia,1997,3938964.615,1.6527
4194,lbr,Liberia,1998,4498925.962,1.7046
4195,lbr,Liberia,1999,4896926.633,1.7553
4196,lbr,Liberia,2000,4817745.274,1.664
4197,lbr,Liberia,2001,5087992.254,1.7064
4198,lbr,Liberia,2002,4677504.348,1.5283
4199,lbr,Liberia,2003,4806291.028,1.5579
4200,lbr,Liberia,2004,7643590.929,2.4479
4201,lbr,Liberia,2005,8384610.969,2.567
4202,lbr,Liberia,2006,7345826.881,2.1259
4203,lbr,Liberia,2007,7149306.383,1.968
4204,lbr,Liberia,2008,7483684.711,1.9778
4205,lbr,Liberia,2009,7966537.651,2.0401
4206,lbr,Liberia,2010,7749715.487,1.9278
4207,lbr,Liberia,2011,8285802.378,1.9817
4208,lbr,Liberia,2012,8217888.896,1.8971
4209,lbr,Liberia,2013,8299592.921,1.8746
4210,lbr,Liberia,2014,9410514.195,2.0822
4211,lbr,Liberia,2015,10237624.55,2.2196
4212,lbr,Liberia,2016,9995675.07,2.124
4213,lbr,Liberia,2017,9703327.459,2.0229
4214,lbr,Liberia,2018,10437157.23,2.1347
4215,lbr,Liberia,2019,9311689.347,1.8678
4216,lbr,Liberia,2020,9019990.208,1.7729
4217,lbr,Liberia,2021,9096362.796,1.7515
4218,lbr,Liberia,2022,9243937.135,1.7433
4219,lbr,Liberia,2023,8997336.044,1.6605
4220,lbr,Liberia,2024,9000184.916,1.6255
4221,lby,Libya,1970,24391630.77,12.776
4222,lby,Libya,1971,26499550.64,13.5318
4223,lby,Libya,1972,28130088.15,13.9756
4224,lby,Libya,1973,32921513.07,15.7953
4225,lby,Libya,1974,44541911.17,20.4373
4226,lby,Libya,1975,41301018.96,18.0209
4227,lby,Libya,1976,50036262.65,20.7296
4228,lby,Libya,1977,51097314.25,20.1028
4229,lby,Libya,1978,46152303.66,17.246
4230,lby,Libya,1979,54163030.22,19.2278
4231,lby,Libya,1980,62622720.13,21.1369
4232,lby,Libya,1981,56632526.56,18.198
4233,lby,Libya,1982,57733311.07,17.68
4234,lby,Libya,1983,57334822.8,16.747
4235,lby,Libya,1984,53839491.8,15.1042
4236,lby,Libya,1985,56404632.4,15.3094
4237,lby,Libya,1986,42461876.03,11.1739
4238,lby,Libya,1987,37532736.27,9.5944
4239,lby,Libya,1988,38695249.35,9.6219
4240,lby,Libya,1989,40399294.28,9.7818
4241,lby,Libya,1990,39147671.35,9.2395
4242,lby,Libya,1991,41112724.94,9.4687
4243,lby,Libya,1992,45854656.57,10.3164
4244,lby,Libya,1993,54878804.7,12.0746
4245,lby,Libya,1994,53706101.66,11.5714
4246,lby,Libya,1995,49098956.3,10.3736
4247,lby,Libya,1996,54830445.17,11.3755
4248,lby,Libya,1997,53488026.38,10.9107
4249,lby,Libya,1998,53175742.18,10.6758
4250,lby,Libya,1999,57539464.42,11.3759
4251,lby,Libya,2000,51658349.9,10.0214
4252,lby,Libya,2001,57298836.02,10.8605
4253,lby,Libya,2002,83806226.93,15.5044
4254,lby,Libya,2003,90027372.54,16.2427
4255,lby,Libya,2004,79929349.88,14.0534
4256,lby,Libya,2005,85011962.22,14.5619
4257,lby,Libya,2006,92571603.45,15.4974
4258,lby,Libya,2007,106263468.7,17.4283
4259,lby,Libya,2008,124932891.3,20.0587
4260,lby,Libya,2009,153422914.1,24.1224
4261,lby,Libya,2010,150422050.6,23.1704
4262,lby,Libya,2011,94714316.35,15.3058
4263,lby,Libya,2012,111330221.8,18.9664
4264,lby,Libya,2013,114215952.8,19.083
4265,lby,Libya,2014,133508832.5,21.8947
4266,lby,Libya,2015,91452474.64,14.7689
4267,lby,Libya,2016,98202115.66,15.6318
4268,lby,Libya,2017,99871033.76,15.658
4269,lby,Libya,2018,105639419.3,16.3079
4270,lby,Libya,2019,133865755.7,20.3781
4271,lby,Libya,2020,96616332.62,14.5202
4272,lby,Libya,2021,91534429.55,13.5903
4273,lby,Libya,2022,86830216.94,12.746
4274,lby,Libya,2023,87583346.96,12.7146
4275,lby,Libya,2024,92059104.14,13.2189
4276,ltu,Lithuania,1992,40989733.98,10.7989
4277,ltu,Lithuania,1993,45453755.95,11.9977
4278,ltu,Lithuania,1994,31978086.19,8.4812
4279,ltu,Lithuania,1995,32839232.27,8.7635
4280,ltu,Lithuania,1996,36367515.67,9.7709
4281,ltu,Lithuania,1997,40401163.48,10.9343
4282,ltu,Lithuania,1998,42712966.68,11.6527
4283,ltu,Lithuania,1999,45279555.11,12.4602
4284,ltu,Lithuania,2000,43274885.83,12.022
4285,ltu,Lithuania,2001,42978134.9,12.072
4286,ltu,Lithuania,2002,45460318.3,12.9303
4287,ltu,Lithuania,2003,48506762.49,13.9802
4288,ltu,Lithuania,2004,50064697.41,14.6277
4289,ltu,Lithuania,2005,51285021.92,15.2022
4290,ltu,Lithuania,2006,54665383.25,16.4509
4291,ltu,Lithuania,2007,64542951.44,19.7233
4292,ltu,Lithuania,2008,62828403.3,19.4854
4293,ltu,Lithuania,2009,49347430.88,15.5157
4294,ltu,Lithuania,2010,49024778.88,15.6179
4295,ltu,Lithuania,2011,53479007.61,17.2524
4296,ltu,Lithuania,2012,51954964.22,16.9602
4297,ltu,Lithuania,2013,53152432.63,17.5525
4298,ltu,Lithuania,2014,52630190,17.5731
4299,ltu,Lithuania,2015,53001240.36,17.8831
4300,ltu,Lithuania,2016,54389350.04,18.5397
4301,ltu,Lithuania,2017,58327283.96,20.082
4302,ltu,Lithuania,2018,59902503.69,20.8275
4303,ltu,Lithuania,2019,63318880.82,22.2243
4304,ltu,Lithuania,2020,58437284.81,20.7205
4305,ltu,Lithuania,2021,62300622.85,22.3568
4306,ltu,Lithuania,2022,60040769.4,21.8326
4307,ltu,Lithuania,2023,64075878.88,23.5716
4308,ltu,Lithuania,2024,65915562.66,24.4785
4309,lux,Luxembourg,1970,9135643.968,26.9216
4310,lux,Luxembourg,1971,8811409.883,25.7665
4311,lux,Luxembourg,1972,8885086.483,25.6736
4312,lux,Luxembourg,1973,9499000.459,27.2033
4313,lux,Luxembourg,1974,9442610.237,26.8724
4314,lux,Luxembourg,1975,8917897.282,25.2156
4315,lux,Luxembourg,1976,9144362.903,25.6944
4316,lux,Luxembourg,1977,9100592.206,25.4017
4317,lux,Luxembourg,1978,9292209.838,25.7353
4318,lux,Luxembourg,1979,9206625.883,25.3674
4319,lux,Luxembourg,1980,9198970.85,25.2899
4320,lux,Luxembourg,1981,8702841.379,23.8779
4321,lux,Luxembourg,1982,8387664.352,22.9786
4322,lux,Luxembourg,1983,8218586.717,22.4896
4323,lux,Luxembourg,1984,8410869.083,22.9944
4324,lux,Luxembourg,1985,8315181.638,22.6902
4325,lux,Luxembourg,1986,8992992.923,24.4262
4326,lux,Luxembourg,1987,9345425.529,25.2221
4327,lux,Luxembourg,1988,9495287.116,25.4271
4328,lux,Luxembourg,1989,9827988.378,26.0725
4329,lux,Luxembourg,1990,10413995.61,27.3142
4330,lux,Luxembourg,1991,10099643.22,26.1379
4331,lux,Luxembourg,1992,11226832.88,28.6753
4332,lux,Luxembourg,1993,13219388.87,33.3236
4333,lux,Luxembourg,1994,12592142.84,31.3204
4334,lux,Luxembourg,1995,13485366.28,33.082
4335,lux,Luxembourg,1996,11135800.06,26.95
4336,lux,Luxembourg,1997,11538273.8,27.5764
4337,lux,Luxembourg,1998,12806775.78,30.235
4338,lux,Luxembourg,1999,16061536.9,37.409
4339,lux,Luxembourg,2000,14491150.88,33.265
4340,lux,Luxembourg,2001,13477203.75,30.5432
4341,lux,Luxembourg,2002,15278351.17,34.2631
4342,lux,Luxembourg,2003,18167481.64,40.2513
4343,lux,Luxembourg,2004,23580063.32,51.5087
4344,lux,Luxembourg,2005,16914298.22,36.3858
4345,lux,Luxembourg,2006,16425707.33,34.7705
4346,lux,Luxembourg,2007,20953105.26,43.6643
4347,lux,Luxembourg,2008,19405860.49,39.7144
4348,lux,Luxembourg,2009,28080514.78,56.4015
4349,lux,Luxembourg,2010,24534149.73,48.3841
4350,lux,Luxembourg,2011,18979501.15,36.6254
4351,lux,Luxembourg,2012,18204594.13,34.3104
4352,lux,Luxembourg,2013,24136508.64,44.4449
4353,lux,Luxembourg,2014,23878400.16,42.9414
4354,lux,Luxembourg,2015,26344151.65,46.2659
4355,lux,Luxembourg,2016,24213086.45,41.5069
4356,lux,Luxembourg,2017,22699349.71,38.0681
4357,lux,Luxembourg,2018,26276061.62,43.2234
4358,lux,Luxembourg,2019,31219209.18,50.3558
4359,lux,Luxembourg,2020,27740288.57,44.0043
4360,lux,Luxembourg,2021,49099063.1,76.7988
4361,lux,Luxembourg,2022,46916130.55,72.4463
4362,lux,Luxembourg,2023,48564786.23,74.171
4363,lux,Luxembourg,2024,49799204.23,75.2715
4364,mdg,Madagascar,1970,37969283.53,5.7185
4365,mdg,Madagascar,1971,37444035.92,5.4739
4366,mdg,Madagascar,1972,37691634.44,5.3455
4367,mdg,Madagascar,1973,38913997.07,5.3537
4368,mdg,Madagascar,1974,39792060.15,5.3113
4369,mdg,Madagascar,1975,40210535.61,5.208
4370,mdg,Madagascar,1976,40573936.29,5.1003
4371,mdg,Madagascar,1977,39401824.22,4.8079
4372,mdg,Madagascar,1978,41917428.83,4.966
4373,mdg,Madagascar,1979,41552664.61,4.7804
4374,mdg,Madagascar,1980,39976466.04,4.4676
4375,mdg,Madagascar,1981,40024707.25,4.3471
4376,mdg,Madagascar,1982,40949560.49,4.3237
4377,mdg,Madagascar,1983,42154078.42,4.3279
4378,mdg,Madagascar,1984,41602696.79,4.154
4379,mdg,Madagascar,1985,42096397.02,4.0879
4380,mdg,Madagascar,1986,43901615.49,4.1462
4381,mdg,Madagascar,1987,42101622.18,3.8659
4382,mdg,Madagascar,1988,41586954.72,3.7109
4383,mdg,Madagascar,1989,42652671.27,3.6971
4384,mdg,Madagascar,1990,46608488.74,3.9224
4385,mdg,Madagascar,1991,43410590.07,3.5451
4386,mdg,Madagascar,1992,46299551.74,3.6678
4387,mdg,Madagascar,1993,46722306.84,3.5885
4388,mdg,Madagascar,1994,45331467.66,3.3739
4389,mdg,Madagascar,1995,46339547.27,3.3412
4390,mdg,Madagascar,1996,48711938.34,3.4023
4391,mdg,Madagascar,1997,47181590,3.1925
4392,mdg,Madagascar,1998,47267069.91,3.0993
4393,mdg,Madagascar,1999,48242021.09,3.0667
4394,mdg,Madagascar,2000,46583814.48,2.8726
4395,mdg,Madagascar,2001,45386369.48,2.7162
4396,mdg,Madagascar,2002,45341850.51,2.6343
4397,mdg,Madagascar,2003,49267458.46,2.7797
4398,mdg,Madagascar,2004,45771640.69,2.5079
4399,mdg,Madagascar,2005,50646276.67,2.6951
4400,mdg,Madagascar,2006,54968490.21,2.8407
4401,mdg,Madagascar,2007,60607419.5,3.0418
4402,mdg,Madagascar,2008,65628984.3,3.1993
4403,mdg,Madagascar,2009,66452768.01,3.1469
4404,mdg,Madagascar,2010,64549182.58,2.9704
4405,mdg,Madagascar,2011,64812976.97,2.9001
4406,mdg,Madagascar,2012,68766020.09,2.9942
4407,mdg,Madagascar,2013,65326960.69,2.7695
4408,mdg,Madagascar,2014,67866315.39,2.8025
4409,mdg,Madagascar,2015,69889614.21,2.8124
4410,mdg,Madagascar,2016,66747427.3,2.6173
4411,mdg,Madagascar,2017,68225904.34,2.6071
4412,mdg,Madagascar,2018,60097215.19,2.2385
4413,mdg,Madagascar,2019,59048373.92,2.1446
4414,mdg,Madagascar,2020,60716766.83,2.1512
4415,mdg,Madagascar,2021,62004854.91,2.1443
4416,mdg,Madagascar,2022,62571681.52,2.1131
4417,mdg,Madagascar,2023,62155218.78,2.0496
4418,mdg,Madagascar,2024,63453480.82,2.0432
4419,mwi,Malawi,1970,12737412.03,2.754
4420,mwi,Malawi,1971,14765972.43,3.1136
4421,mwi,Malawi,1972,15552374.82,3.1961
4422,mwi,Malawi,1973,15416615.09,3.0856
4423,mwi,Malawi,1974,15600795.49,3.0386
4424,mwi,Malawi,1975,15791913.23,2.9903
4425,mwi,Malawi,1976,16988144.48,3.1238
4426,mwi,Malawi,1977,17489690.79,3.1166
4427,mwi,Malawi,1978,17877005.37,3.0776
4428,mwi,Malawi,1979,17981729.4,2.9825
4429,mwi,Malawi,1980,18002683.83,2.8724
4430,mwi,Malawi,1981,18846847.95,2.8907
4431,mwi,Malawi,1982,19579832.74,2.886
4432,mwi,Malawi,1983,18977941.86,2.6887
4433,mwi,Malawi,1984,19117673.84,2.6049
4434,mwi,Malawi,1985,19267557.8,2.5269
4435,mwi,Malawi,1986,19578620.1,2.4752
4436,mwi,Malawi,1987,19375896.58,2.3356
4437,mwi,Malawi,1988,20259213.15,2.3141
4438,mwi,Malawi,1989,21129027.11,2.3029
4439,mwi,Malawi,1990,20621641.75,2.1617
4440,mwi,Malawi,1991,22725682.83,2.3115
4441,mwi,Malawi,1992,18716801.35,1.8503
4442,mwi,Malawi,1993,22778674.83,2.2207
4443,mwi,Malawi,1994,18220393.27,1.7983
4444,mwi,Malawi,1995,22035020.81,2.1789
4445,mwi,Malawi,1996,23707592.88,2.2994
4446,mwi,Malawi,1997,23061901.09,2.1937
4447,mwi,Malawi,1998,25465228.21,2.3727
4448,mwi,Malawi,1999,30309075.68,2.7619
4449,mwi,Malawi,2000,32124323.41,2.8607
4450,mwi,Malawi,2001,31855700.05,2.7703
4451,mwi,Malawi,2002,29783829.63,2.5274
4452,mwi,Malawi,2003,32142032.43,2.659
4453,mwi,Malawi,2004,31080735.05,2.5042
4454,mwi,Malawi,2005,29204790.2,2.2896
4455,mwi,Malawi,2006,38296793.12,2.9193
4456,mwi,Malawi,2007,41125639.33,3.0474
4457,mwi,Malawi,2008,41572129.19,2.9931
4458,mwi,Malawi,2009,45352929.94,3.1718
4459,mwi,Malawi,2010,47849754.11,3.251
4460,mwi,Malawi,2011,49123810.04,3.2433
4461,mwi,Malawi,2012,50537691.29,3.2435
4462,mwi,Malawi,2013,53221314.93,3.3212
4463,mwi,Malawi,2014,54990584.24,3.3372
4464,mwi,Malawi,2015,50232893.71,2.9655
4465,mwi,Malawi,2016,48669340.99,2.7962
4466,mwi,Malawi,2017,54451676.91,3.0452
4467,mwi,Malawi,2018,53882274.09,2.9335
4468,mwi,Malawi,2019,59406928.32,3.1487
4469,mwi,Malawi,2020,70355952.78,3.6309
4470,mwi,Malawi,2021,73154525.97,3.678
4471,mwi,Malawi,2022,73973540.68,3.6252
4472,mwi,Malawi,2023,74261920.75,3.5478
4473,mwi,Malawi,2024,74856046.4,3.4856
4474,mys,Malaysia,1970,49778000.89,4.8298
4475,mys,Malaysia,1971,52964727.6,5.0191
4476,mys,Malaysia,1972,57597143.01,5.3323
4477,mys,Malaysia,1973,68616899.03,6.2026
4478,mys,Malaysia,1974,72942099.79,6.435
4479,mys,Malaysia,1975,72133019.92,6.2088
4480,mys,Malaysia,1976,81965798.17,6.8821
4481,mys,Malaysia,1977,86626894.55,7.0896
4482,mys,Malaysia,1978,93702154.99,7.4699
4483,mys,Malaysia,1979,105272066.1,8.1765
4484,mys,Malaysia,1980,115549805.2,8.7434
4485,mys,Malaysia,1981,119999702.9,8.8465
4486,mys,Malaysia,1982,132515790.3,9.5191
4487,mys,Malaysia,1983,139494164,9.7597
4488,mys,Malaysia,1984,154326752,10.5081
4489,mys,Malaysia,1985,149064504.5,9.8665
4490,mys,Malaysia,1986,139836431,8.9876
4491,mys,Malaysia,1987,144844511.8,9.0341
4492,mys,Malaysia,1988,149522284.1,9.0485
4493,mys,Malaysia,1989,163662681.6,9.6158
4494,mys,Malaysia,1990,158941060.1,9.0735
4495,mys,Malaysia,1991,188435383.9,10.4585
4496,mys,Malaysia,1992,204003637.9,11.0113
4497,mys,Malaysia,1993,223118984.9,11.7122
4498,mys,Malaysia,1994,227960321.3,11.6373
4499,mys,Malaysia,1995,244804942.3,12.157
4500,mys,Malaysia,1996,263612461.4,12.7416
4501,mys,Malaysia,1997,282961804,13.3164
4502,mys,Malaysia,1998,182474600.2,8.3663
4503,mys,Malaysia,1999,179387098.8,8.0196
4504,mys,Malaysia,2000,242635585,10.5746
4505,mys,Malaysia,2001,249955869.8,10.6172
4506,mys,Malaysia,2002,254932177.5,10.5595
4507,mys,Malaysia,2003,298667538,12.0725
4508,mys,Malaysia,2004,295796963.9,11.6762
4509,mys,Malaysia,2005,313735868.4,12.1024
4510,mys,Malaysia,2006,341855470.5,12.8956
4511,mys,Malaysia,2007,396422471.4,14.6321
4512,mys,Malaysia,2008,409458144.9,14.801
4513,mys,Malaysia,2009,397941467.7,14.1028
4514,mys,Malaysia,2010,430928767.1,15.0057
4515,mys,Malaysia,2011,588898488,20.1787
4516,mys,Malaysia,2012,619830116.1,20.8977
4517,mys,Malaysia,2013,632505153.4,20.9892
4518,mys,Malaysia,2014,598563001.1,19.5568
4519,mys,Malaysia,2015,593598658.1,19.1059
4520,mys,Malaysia,2016,574428691.1,18.2206
4521,mys,Malaysia,2017,642405802.7,20.0904
4522,mys,Malaysia,2018,667466724.3,20.6013
4523,mys,Malaysia,2019,692427141.2,21.108
4524,mys,Malaysia,2020,664957910,20.0289
4525,mys,Malaysia,2021,696312080.2,20.7397
4526,mys,Malaysia,2022,710689420.2,20.9407
4527,mys,Malaysia,2023,734004749.3,21.3942
4528,mys,Malaysia,2024,756383081,21.8155
4529,mli,Mali,1970,9491270.546,1.5424
4530,mli,Mali,1971,9979135.782,1.5972
4531,mli,Mali,1972,9021452.643,1.4213
4532,mli,Mali,1973,9134592.382,1.4151
4533,mli,Mali,1974,9495051.156,1.4454
4534,mli,Mali,1975,10895581.37,1.6293
4535,mli,Mali,1976,11183704.14,1.6428
4536,mli,Mali,1977,11330011.99,1.6337
4537,mli,Mali,1978,11968071.63,1.6921
4538,mli,Mali,1979,11903551.29,1.6491
4539,mli,Mali,1980,12019692.26,1.6303
4540,mli,Mali,1981,12640753.15,1.6781
4541,mli,Mali,1982,12592099.49,1.6361
4542,mli,Mali,1983,12501107.25,1.5897
4543,mli,Mali,1984,11294153.47,1.4065
4544,mli,Mali,1985,13823625.13,1.6884
4545,mli,Mali,1986,15012499.61,1.8012
4546,mli,Mali,1987,14918311.01,1.7604
4547,mli,Mali,1988,17317379.21,2.0096
4548,mli,Mali,1989,16932261.69,1.9298
4549,mli,Mali,1990,16460820.84,1.8402
4550,mli,Mali,1991,19297616.52,2.115
4551,mli,Mali,1992,18460066.32,1.9827
4552,mli,Mali,1993,21674991.84,2.28
4553,mli,Mali,1994,27571252.15,2.8389
4554,mli,Mali,1995,24327703.44,2.4521
4555,mli,Mali,1996,29738381.07,2.9351
4556,mli,Mali,1997,22688318.39,2.1901
4557,mli,Mali,1998,25913171.8,2.4399
4558,mli,Mali,1999,28679083.84,2.627
4559,mli,Mali,2000,27287602.08,2.4279
4560,mli,Mali,2001,24339259.28,2.1011
4561,mli,Mali,2002,21814381.59,1.8251
4562,mli,Mali,2003,31680084.43,2.5668
4563,mli,Mali,2004,28526441.24,2.237
4564,mli,Mali,2005,29529808.21,2.2404
4565,mli,Mali,2006,28797979.74,2.1138
4566,mli,Mali,2007,33430839.37,2.3742
4567,mli,Mali,2008,37848150.58,2.601
4568,mli,Mali,2009,42131322.58,2.8027
4569,mli,Mali,2010,43673907.22,2.8124
4570,mli,Mali,2011,47277443.78,2.9475
4571,mli,Mali,2012,44976553.87,2.7234
4572,mli,Mali,2013,44179256.6,2.5982
4573,mli,Mali,2014,52018791.93,2.9637
4574,mli,Mali,2015,54452718.86,3.0063
4575,mli,Mali,2016,59246766.41,3.1683
4576,mli,Mali,2017,73861034.52,3.8247
4577,mli,Mali,2018,75855809.66,3.8053
4578,mli,Mali,2019,78251042.45,3.8046
4579,mli,Mali,2020,74689130.46,3.5191
4580,mli,Mali,2021,71875824.99,3.2813
4581,mli,Mali,2022,72675600.51,3.2166
4582,mli,Mali,2023,73716678.87,3.1647
4583,mli,Mali,2024,76110073.05,3.1692
4584,mlt,Malta,1970,3050461.62,9.6713
4585,mlt,Malta,1971,3016105.945,9.5719
4586,mlt,Malta,1972,2908100.208,9.2211
4587,mlt,Malta,1973,3170431.475,10.0269
4588,mlt,Malta,1974,3792455.605,11.9406
4589,mlt,Malta,1975,4133676.186,12.9331
4590,mlt,Malta,1976,4838103.607,15.0247
4591,mlt,Malta,1977,4714070.181,14.5206
4592,mlt,Malta,1978,4558814.395,13.9215
4593,mlt,Malta,1979,4805406.794,14.5411
4594,mlt,Malta,1980,5366043.806,16.0859
4595,mlt,Malta,1981,5468049.295,16.2441
4596,mlt,Malta,1982,5423233.376,15.9663
4597,mlt,Malta,1983,5322028.466,15.5213
4598,mlt,Malta,1984,6201438.031,17.9188
4599,mlt,Malta,1985,6264026.614,17.9424
4600,mlt,Malta,1986,6317592.976,17.9431
4601,mlt,Malta,1987,6520079.704,18.3577
4602,mlt,Malta,1988,6914816.164,19.2915
4603,mlt,Malta,1989,7229126.582,19.9758
4604,mlt,Malta,1990,6371296.206,17.4369
4605,mlt,Malta,1991,8279615.155,22.4581
4606,mlt,Malta,1992,5858508.607,15.7538
4607,mlt,Malta,1993,5569597.205,14.8427
4608,mlt,Malta,1994,6236333.958,16.4737
4609,mlt,Malta,1995,6507149.048,17.0412
4610,mlt,Malta,1996,6519011.1,16.9207
4611,mlt,Malta,1997,6234435.393,16.0335
4612,mlt,Malta,1998,7482787.958,19.0653
4613,mlt,Malta,1999,7500363.23,18.9411
4614,mlt,Malta,2000,8078523.008,20.2362
4615,mlt,Malta,2001,8150503.711,20.2673
4616,mlt,Malta,2002,7829287.622,19.346
4617,mlt,Malta,2003,8850046.221,21.7489
4618,mlt,Malta,2004,8941693.226,21.8731
4619,mlt,Malta,2005,9434640.091,22.9996
4620,mlt,Malta,2006,9364826.066,22.7745
4621,mlt,Malta,2007,9674250.097,23.4766
4622,mlt,Malta,2008,9316625.931,22.5365
4623,mlt,Malta,2009,7512843.453,18.0815
4624,mlt,Malta,2010,10221659.08,24.4096
4625,mlt,Malta,2011,8931045.818,21.0851
4626,mlt,Malta,2012,8500015.678,19.7718
4627,mlt,Malta,2013,8934303.641,20.4201
4628,mlt,Malta,2014,7604657.865,17.034
4629,mlt,Malta,2015,8324192.365,18.2317
4630,mlt,Malta,2016,7069633.744,15.1156
4631,mlt,Malta,2017,8198259.792,17.0976
4632,mlt,Malta,2018,9275978.455,18.8695
4633,mlt,Malta,2019,9414258.66,18.6926
4634,mlt,Malta,2020,9608688.718,18.6447
4635,mlt,Malta,2021,10371934.3,19.6905
4636,mlt,Malta,2022,10517213.78,19.7215
4637,mlt,Malta,2023,10948985.97,20.4629
4638,mlt,Malta,2024,11289270.33,21.033
4639,mrt,Mauritania,1970,12483353.97,11.124
4640,mrt,Mauritania,1971,12279167.31,10.6188
4641,mrt,Mauritania,1972,11596246.36,9.7335
4642,mrt,Mauritania,1973,11609853.62,9.4592
4643,mrt,Mauritania,1974,10866025.23,8.5941
4644,mrt,Mauritania,1975,11240113.41,8.6301
4645,mrt,Mauritania,1976,11782129.15,8.7821
4646,mrt,Mauritania,1977,11785923.65,8.5323
4647,mrt,Mauritania,1978,11660398.88,8.2012
4648,mrt,Mauritania,1979,11906755.43,8.1357
4649,mrt,Mauritania,1980,12276208.26,8.1478
4650,mrt,Mauritania,1981,13013783.67,8.3869
4651,mrt,Mauritania,1982,13199682.77,8.2584
4652,mrt,Mauritania,1983,12372314.16,7.515
4653,mrt,Mauritania,1984,11911728.19,7.0248
4654,mrt,Mauritania,1985,12488335.29,7.1515
4655,mrt,Mauritania,1986,12824578.51,7.1327
4656,mrt,Mauritania,1987,13092047.75,7.0726
4657,mrt,Mauritania,1988,13496763.81,7.0818
4658,mrt,Mauritania,1989,14031437.04,7.1771
4659,mrt,Mauritania,1990,14545373.38,7.2508
4660,mrt,Mauritania,1991,13180521.04,6.3788
4661,mrt,Mauritania,1992,13796994.69,6.4246
4662,mrt,Mauritania,1993,20582108.32,9.2005
4663,mrt,Mauritania,1994,19230538.18,8.3062
4664,mrt,Mauritania,1995,32552690.43,13.6756
4665,mrt,Mauritania,1996,14389844.44,5.9246
4666,mrt,Mauritania,1997,42398397.51,17.0667
4667,mrt,Mauritania,1998,26501511.68,10.3907
4668,mrt,Mauritania,1999,16708700.38,6.3759
4669,mrt,Mauritania,2000,27828919.54,10.3261
4670,mrt,Mauritania,2001,29514663.45,10.6867
4671,mrt,Mauritania,2002,21571600.67,7.6449
4672,mrt,Mauritania,2003,36587449.33,12.6893
4673,mrt,Mauritania,2004,22234650.09,7.5459
4674,mrt,Mauritania,2005,18354716.83,6.0931
4675,mrt,Mauritania,2006,22615729.44,7.3398
4676,mrt,Mauritania,2007,25956599.27,8.231
4677,mrt,Mauritania,2008,21055001.26,6.5119
4678,mrt,Mauritania,2009,24374692.65,7.336
4679,mrt,Mauritania,2010,22205045.55,6.4937
4680,mrt,Mauritania,2011,19004748.54,5.3926
4681,mrt,Mauritania,2012,21231788.18,5.8391
4682,mrt,Mauritania,2013,21852934.02,5.8384
4683,mrt,Mauritania,2014,20129181.42,5.2376
4684,mrt,Mauritania,2015,20058401.62,5.0829
4685,mrt,Mauritania,2016,20469372.2,5.0518
4686,mrt,Mauritania,2017,20847604.78,5.0114
4687,mrt,Mauritania,2018,24189089.25,5.6639
4688,mrt,Mauritania,2019,23440315.62,5.347
4689,mrt,Mauritania,2020,24643712.29,5.4781
4690,mrt,Mauritania,2021,27974422.38,6.0617
4691,mrt,Mauritania,2022,28085202.84,5.93
4692,mrt,Mauritania,2023,28072643.1,5.7727
4693,mrt,Mauritania,2024,28765186.35,5.76
4694,mex,Mexico,1970,407846030.6,8.11
4695,mex,Mexico,1971,406494371,7.8326
4696,mex,Mexico,1972,419720665.9,7.8389
4697,mex,Mexico,1973,439589909.7,7.9595
4698,mex,Mexico,1974,465186179.9,8.1689
4699,mex,Mexico,1975,495563558.6,8.4435
4700,mex,Mexico,1976,493713343.3,8.167
4701,mex,Mexico,1977,491344986.8,7.8915
4702,mex,Mexico,1978,541076555.6,8.438
4703,mex,Mexico,1979,573394568.6,8.6914
4704,mex,Mexico,1980,666294267.4,9.8411
4705,mex,Mexico,1981,748777833,10.8152
4706,mex,Mexico,1982,703668820.9,9.959
4707,mex,Mexico,1983,668983292.5,9.2811
4708,mex,Mexico,1984,698154048.9,9.5
4709,mex,Mexico,1985,722942874.4,9.6557
4710,mex,Mexico,1986,646219821.6,8.4779
4711,mex,Mexico,1987,669645655.2,8.6346
4712,mex,Mexico,1988,688469182.5,8.7267
4713,mex,Mexico,1989,726100208.3,9.0498
4714,mex,Mexico,1990,801581853,9.8088
4715,mex,Mexico,1991,818123788.4,9.8153
4716,mex,Mexico,1992,913890389,10.7525
4717,mex,Mexico,1993,917404755,10.5877
4718,mex,Mexico,1994,967969026.8,10.9605
4719,mex,Mexico,1995,809497963.6,8.9975
4720,mex,Mexico,1996,893996048.2,9.7612
4721,mex,Mexico,1997,942443417.7,10.1139
4722,mex,Mexico,1998,1026931671,10.8364
4723,mex,Mexico,1999,1068616736,11.0927
4724,mex,Mexico,2000,1169152687,11.9456
4725,mex,Mexico,2001,1198047823,12.0535
4726,mex,Mexico,2002,1180861806,11.7013
4727,mex,Mexico,2003,1191211508,11.6296
4728,mex,Mexico,2004,1224389336,11.7791
4729,mex,Mexico,2005,1246887566,11.8253
4730,mex,Mexico,2006,1296245723,12.1273
4731,mex,Mexico,2007,1319605923,12.1844
4732,mex,Mexico,2008,1303828520,11.8871
4733,mex,Mexico,2009,1166576359,10.505
4734,mex,Mexico,2010,1209567780,10.7486
4735,mex,Mexico,2011,1222640319,10.7108
4736,mex,Mexico,2012,1263666948,10.9167
4737,mex,Mexico,2013,1288851118,10.9885
4738,mex,Mexico,2014,1309900459,11.0302
4739,mex,Mexico,2015,1283994962,10.6866
4740,mex,Mexico,2016,1288201014,10.6008
4741,mex,Mexico,2017,1281665747,10.4337
4742,mex,Mexico,2018,1349026862,10.878
4743,mex,Mexico,2019,1351462525,10.8043
4744,mex,Mexico,2020,1231505445,9.774
4745,mex,Mexico,2021,1338555665,10.5643
4746,mex,Mexico,2022,1373004918,10.7683
4747,mex,Mexico,2023,1432651595,11.1529
4748,mex,Mexico,2024,1463309794,11.3094
4749,mda,Moldova,1992,24994878.31,5.5607
4750,mda,Moldova,1993,27054535.56,6.0206
4751,mda,Moldova,1994,15772499.44,3.5187
4752,mda,Moldova,1995,18323278.41,4.1072
4753,mda,Moldova,1996,17954540.6,4.0528
4754,mda,Moldova,1997,21177506.06,4.8199
4755,mda,Moldova,1998,17470754.48,4.013
4756,mda,Moldova,1999,14975218.08,3.4794
4757,mda,Moldova,2000,16343405.21,3.8441
4758,mda,Moldova,2001,16322337.21,3.8858
4759,mda,Moldova,2002,16382976.83,3.9499
4760,mda,Moldova,2003,16787890.84,4.1006
4761,mda,Moldova,2004,19698323.93,4.8674
4762,mda,Moldova,2005,21121282.54,5.2785
4763,mda,Moldova,2006,22294945.1,5.6547
4764,mda,Moldova,2007,20569140.26,5.3056
4765,mda,Moldova,2008,25912136.67,6.7968
4766,mda,Moldova,2009,19508618.89,5.203
4767,mda,Moldova,2010,25402792.12,6.9063
4768,mda,Moldova,2011,25955859.49,7.2197
4769,mda,Moldova,2012,28739913.37,8.1946
4770,mda,Moldova,2013,30366422.86,8.8881
4771,mda,Moldova,2014,30711360.03,9.1996
4772,mda,Moldova,2015,22201049.35,6.774
4773,mda,Moldova,2016,21983427.27,6.8163
4774,mda,Moldova,2017,23888919.64,7.511
4775,mda,Moldova,2018,27615114.33,8.7895
4776,mda,Moldova,2019,26880488.52,8.6447
4777,mda,Moldova,2020,26030560.09,8.4382
4778,mda,Moldova,2021,31567994.48,10.3113
4779,mda,Moldova,2022,30848252.17,9.4251
4780,mda,Moldova,2023,30075981.99,8.7534
4781,mda,Moldova,2024,30929866.6,9.2886
4782,mng,Mongolia,1970,31848151.82,24.6145
4783,mng,Mongolia,1971,33211959.3,25.0131
4784,mng,Mongolia,1972,33838003.08,24.8109
4785,mng,Mongolia,1973,34614235.11,24.6837
4786,mng,Mongolia,1974,34667977.25,24.0228
4787,mng,Mongolia,1975,36266281.61,24.4104
4788,mng,Mongolia,1976,36608506.4,23.9415
4789,mng,Mongolia,1977,35845277.07,22.7949
4790,mng,Mongolia,1978,35816119.36,22.1653
4791,mng,Mongolia,1979,36865832.5,22.2425
4792,mng,Mongolia,1980,37697225.5,22.2038
4793,mng,Mongolia,1981,38338038.22,22.0432
4794,mng,Mongolia,1982,41945459.35,23.5411
4795,mng,Mongolia,1983,43420290.3,23.7819
4796,mng,Mongolia,1984,41222565.6,22.0247
4797,mng,Mongolia,1985,46205198.47,24.0684
4798,mng,Mongolia,1986,47801106.31,24.2656
4799,mng,Mongolia,1987,50818234.52,25.1388
4800,mng,Mongolia,1988,50973108.66,24.5799
4801,mng,Mongolia,1989,51577993.54,24.3198
4802,mng,Mongolia,1990,52719836.79,24.3912
4803,mng,Mongolia,1991,39941665.59,18.1547
4804,mng,Mongolia,1992,47883546.11,21.4101
4805,mng,Mongolia,1993,43577020.99,19.1943
4806,mng,Mongolia,1994,41026652.55,17.826
4807,mng,Mongolia,1995,37566747.82,16.1208
4808,mng,Mongolia,1996,39627823.54,16.8126
4809,mng,Mongolia,1997,39630613.4,16.6391
4810,mng,Mongolia,1998,41538586.83,17.2707
4811,mng,Mongolia,1999,43402707.18,17.8723
4812,mng,Mongolia,2000,38430109.7,15.6795
4813,mng,Mongolia,2001,37726282.59,15.2577
4814,mng,Mongolia,2002,32354574.49,12.9698
4815,mng,Mongolia,2003,31218833.45,12.4059
4816,mng,Mongolia,2004,30678597.93,12.0879
4817,mng,Mongolia,2005,35311666.42,13.7976
4818,mng,Mongolia,2006,39479412.75,15.2947
4819,mng,Mongolia,2007,46153027.54,17.7127
4820,mng,Mongolia,2008,48981758.7,18.5968
4821,mng,Mongolia,2009,50377624.97,18.8913
4822,mng,Mongolia,2010,48092276.59,17.7953
4823,mng,Mongolia,2011,57804240.19,21.0662
4824,mng,Mongolia,2012,55749333.89,19.965
4825,mng,Mongolia,2013,69855800.45,24.5526
4826,mng,Mongolia,2014,71360687.78,24.5832
4827,mng,Mongolia,2015,68665731.96,23.1607
4828,mng,Mongolia,2016,69217561.72,22.8474
4829,mng,Mongolia,2017,71201264.17,22.9976
4830,mng,Mongolia,2018,78086907.12,24.6799
4831,mng,Mongolia,2019,84105995.19,26.0194
4832,mng,Mongolia,2020,78618195.73,23.8647
4833,mng,Mongolia,2021,84282308.94,25.1756
4834,mng,Mongolia,2022,85054090.41,25.0279
4835,mng,Mongolia,2023,86329119.61,25.0436
4836,mng,Mongolia,2024,87150809.93,24.9456
4837,mar,Morocco,1970,68091879.11,4.4579
4838,mar,Morocco,1971,72968977.3,4.6544
4839,mar,Morocco,1972,73720730.7,4.5842
4840,mar,Morocco,1973,71928364.7,4.3621
4841,mar,Morocco,1974,79974171.83,4.7315
4842,mar,Morocco,1975,80394528.27,4.6403
4843,mar,Morocco,1976,91458148.78,5.1507
4844,mar,Morocco,1977,88365177.71,4.8535
4845,mar,Morocco,1978,94587051.47,5.0636
4846,mar,Morocco,1979,99441129.99,5.188
4847,mar,Morocco,1980,100696650.9,5.1171
4848,mar,Morocco,1981,86774468.22,4.294
4849,mar,Morocco,1982,90980993.92,4.3853
4850,mar,Morocco,1983,87267892.39,4.0995
4851,mar,Morocco,1984,87311032.89,4.0019
4852,mar,Morocco,1985,93230761.36,4.1742
4853,mar,Morocco,1986,106920822.6,4.6845
4854,mar,Morocco,1987,102927742.8,4.4213
4855,mar,Morocco,1988,112598611.1,4.7469
4856,mar,Morocco,1989,114696337.1,4.7497
4857,mar,Morocco,1990,107973000.6,4.3944
4858,mar,Morocco,1991,122055068.3,4.8845
4859,mar,Morocco,1992,121107755.1,4.7679
4860,mar,Morocco,1993,117719809.8,4.5616
4861,mar,Morocco,1994,136078460.9,5.1935
4862,mar,Morocco,1995,118210862,4.4442
4863,mar,Morocco,1996,136846160.8,5.0685
4864,mar,Morocco,1997,126876150.5,4.631
4865,mar,Morocco,1998,139597882.9,5.023
4866,mar,Morocco,1999,145503270,5.1639
4867,mar,Morocco,2000,144899444.7,5.0745
4868,mar,Morocco,2001,150430022.8,5.1998
4869,mar,Morocco,2002,162863365.9,5.5581
4870,mar,Morocco,2003,176390270.9,5.9468
4871,mar,Morocco,2004,179979372.2,5.9927
4872,mar,Morocco,2005,166415767.6,5.4685
4873,mar,Morocco,2006,183240561,5.943
4874,mar,Morocco,2007,182703516.2,5.8498
4875,mar,Morocco,2008,200632267.8,6.3421
4876,mar,Morocco,2009,206597591,6.4475
4877,mar,Morocco,2010,194796796.8,6.0002
4878,mar,Morocco,2011,202076845.8,6.1415
4879,mar,Morocco,2012,199816974.8,5.9911
4880,mar,Morocco,2013,209240267.1,6.1899
4881,mar,Morocco,2014,191913927.1,5.6036
4882,mar,Morocco,2015,196981160.5,5.6799
4883,mar,Morocco,2016,193904859.7,5.5232
4884,mar,Morocco,2017,213397692.6,6.0064
4885,mar,Morocco,2018,232424288.8,6.4693
4886,mar,Morocco,2019,203470630.7,5.6046
4887,mar,Morocco,2020,195098625.4,5.3177
4888,mar,Morocco,2021,217451429.4,5.8649
4889,mar,Morocco,2022,213984886.7,5.7127
4890,mar,Morocco,2023,221246392.6,5.8469
4891,mar,Morocco,2024,230074811.7,6.0211
4892,moz,Mozambique,1970,56467461.28,6.713
4893,moz,Mozambique,1971,60125439.57,6.9728
4894,moz,Mozambique,1972,62597774.2,7.0647
4895,moz,Mozambique,1973,65076646.57,7.1327
4896,moz,Mozambique,1974,59310894.72,6.3068
4897,moz,Mozambique,1975,54396218.47,5.6057
4898,moz,Mozambique,1976,51508027.59,5.1409
4899,moz,Mozambique,1977,51100891.85,4.9308
4900,moz,Mozambique,1978,48184636.5,4.486
4901,moz,Mozambique,1979,47048981.92,4.228
4902,moz,Mozambique,1980,44736150.89,3.9196
4903,moz,Mozambique,1981,44473682.56,3.8208
4904,moz,Mozambique,1982,44777311.88,3.7622
4905,moz,Mozambique,1983,42409407.96,3.4867
4906,moz,Mozambique,1984,44115278.7,3.5502
4907,moz,Mozambique,1985,49200412.34,3.8801
4908,moz,Mozambique,1986,51384456.13,3.9803
4909,moz,Mozambique,1987,35564366.06,2.7431
4910,moz,Mozambique,1988,34292046.47,2.6467
4911,moz,Mozambique,1989,35309742.69,2.698
4912,moz,Mozambique,1990,36919045.46,2.7751
4913,moz,Mozambique,1991,35652860.32,2.629
4914,moz,Mozambique,1992,33470551.6,2.4224
4915,moz,Mozambique,1993,34978145.33,2.4622
4916,moz,Mozambique,1994,34707208.34,2.3273
4917,moz,Mozambique,1995,40109506.13,2.572
4918,moz,Mozambique,1996,39972117.93,2.4859
4919,moz,Mozambique,1997,40989502.11,2.4809
4920,moz,Mozambique,1998,42231581.45,2.4955
4921,moz,Mozambique,1999,41828038.75,2.4125
4922,moz,Mozambique,2000,41641068.39,2.3435
4923,moz,Mozambique,2001,37473565.15,2.0566
4924,moz,Mozambique,2002,40653861.29,2.1746
4925,moz,Mozambique,2003,49030035.81,2.5554
4926,moz,Mozambique,2004,43643059.44,2.216
4927,moz,Mozambique,2005,41817485.32,2.069
4928,moz,Mozambique,2006,42404270.38,2.045
4929,moz,Mozambique,2007,41999489.9,1.9736
4930,moz,Mozambique,2008,41789316.66,1.9129
4931,moz,Mozambique,2009,46344322.37,2.0656
4932,moz,Mozambique,2010,55906779.24,2.423
4933,moz,Mozambique,2011,64474278.59,2.7135
4934,moz,Mozambique,2012,82957979.69,3.3878
4935,moz,Mozambique,2013,80784107.58,3.1992
4936,moz,Mozambique,2014,87279383.93,3.3519
4937,moz,Mozambique,2015,71708473.38,2.6714
4938,moz,Mozambique,2016,75507558.75,2.7262
4939,moz,Mozambique,2017,70725518.75,2.4756
4940,moz,Mozambique,2018,77285067.36,2.6266
4941,moz,Mozambique,2019,83162059.54,2.7459
4942,moz,Mozambique,2020,72565841.57,2.3275
4943,moz,Mozambique,2021,73089393.62,2.2786
4944,moz,Mozambique,2022,75680201.26,2.2955
4945,moz,Mozambique,2023,77039332.53,2.2727
4946,moz,Mozambique,2024,78936489.67,2.2645
4947,mmr,Myanmar,1970,71656484.59,2.6263
4948,mmr,Myanmar,1971,73880812.37,2.6466
4949,mmr,Myanmar,1972,74887808.27,2.6229
4950,mmr,Myanmar,1973,78847210.1,2.7035
4951,mmr,Myanmar,1974,78396925.91,2.635
4952,mmr,Myanmar,1975,80589889.35,2.6559
4953,mmr,Myanmar,1976,81821430.91,2.6444
4954,mmr,Myanmar,1977,86341567.72,2.7363
4955,mmr,Myanmar,1978,91455066.35,2.8415
4956,mmr,Myanmar,1979,94429070.24,2.877
4957,mmr,Myanmar,1980,96407931.58,2.8808
4958,mmr,Myanmar,1981,101159406.2,2.9657
4959,mmr,Myanmar,1982,105387180.8,3.0334
4960,mmr,Myanmar,1983,110000767.7,3.1052
4961,mmr,Myanmar,1984,112564112.9,3.113
4962,mmr,Myanmar,1985,117631858.1,3.1895
4963,mmr,Myanmar,1986,116141854,3.0912
4964,mmr,Myanmar,1987,113677562.3,2.9733
4965,mmr,Myanmar,1988,111167490.9,2.8601
4966,mmr,Myanmar,1989,105296950.3,2.6665
4967,mmr,Myanmar,1990,115513689.8,2.8807
4968,mmr,Myanmar,1991,117363517.4,2.885
4969,mmr,Myanmar,1992,121991386.5,2.9582
4970,mmr,Myanmar,1993,124521029.9,2.9798
4971,mmr,Myanmar,1994,130706480.9,3.0873
4972,mmr,Myanmar,1995,138489699.9,3.2297
4973,mmr,Myanmar,1996,141671924.6,3.2626
4974,mmr,Myanmar,1997,144439768.4,3.2848
4975,mmr,Myanmar,1998,139500006.8,3.1337
4976,mmr,Myanmar,1999,150022782.4,3.3308
4977,mmr,Myanmar,2000,148657651.7,3.2645
4978,mmr,Myanmar,2001,153321883.5,3.332
4979,mmr,Myanmar,2002,160090001.2,3.4443
4980,mmr,Myanmar,2003,166590176.1,3.5502
4981,mmr,Myanmar,2004,168270482.2,3.5546
4982,mmr,Myanmar,2005,172126486.4,3.6067
4983,mmr,Myanmar,2006,179169155.2,3.7258
4984,mmr,Myanmar,2007,195961311.7,4.045
4985,mmr,Myanmar,2008,207819634.9,4.2648
4986,mmr,Myanmar,2009,213898300.4,4.3639
4987,mmr,Myanmar,2010,225016157.5,4.5558
4988,mmr,Myanmar,2011,230497475.2,4.629
4989,mmr,Myanmar,2012,229881904.8,4.5777
4990,mmr,Myanmar,2013,241570221.7,4.7696
4991,mmr,Myanmar,2014,272925498.4,5.3439
4992,mmr,Myanmar,2015,265741545.3,5.1616
4993,mmr,Myanmar,2016,267338721.3,5.1518
4994,mmr,Myanmar,2017,299848203.8,5.7345
4995,mmr,Myanmar,2018,231060933.9,4.3873
4996,mmr,Myanmar,2019,231479225.7,4.3642
4997,mmr,Myanmar,2020,229679345.7,4.2992
4998,mmr,Myanmar,2021,222333051.8,4.1327
4999,mmr,Myanmar,2022,225484156.2,4.1618
5000,mmr,Myanmar,2023,230900938.1,4.2307
5001,mmr,Myanmar,2024,234201973.2,4.261
5002,nam,Namibia,1970,8931308.34,11.8379
5003,nam,Namibia,1971,9139990.883,11.7633
5004,nam,Namibia,1972,8943950.233,11.1714
5005,nam,Namibia,1973,9317702.974,11.2953
5006,nam,Namibia,1974,9779138.668,11.5036
5007,nam,Namibia,1975,8639070.395,9.8555
5008,nam,Namibia,1976,8525412.635,9.4534
5009,nam,Namibia,1977,8700960.905,9.3952
5010,nam,Namibia,1978,7988910.686,8.4806
5011,nam,Namibia,1979,8708563.103,9.0967
5012,nam,Namibia,1980,10145146.76,10.3947
5013,nam,Namibia,1981,9604306.875,9.7269
5014,nam,Namibia,1982,9229845.426,9.1792
5015,nam,Namibia,1983,9528462.16,9.2233
5016,nam,Namibia,1984,9563214.923,9.005
5017,nam,Namibia,1985,8658530.629,7.9195
5018,nam,Namibia,1986,9040323.236,8.0145
5019,nam,Namibia,1987,9515588.355,8.1649
5020,nam,Namibia,1988,10026669.93,8.3006
5021,nam,Namibia,1989,9897362.169,7.6839
5022,nam,Namibia,1990,9581345.226,6.9987
5023,nam,Namibia,1991,10329515.44,7.2968
5024,nam,Namibia,1992,10455132.94,7.1528
5025,nam,Namibia,1993,9181022.496,6.0808
5026,nam,Namibia,1994,10107666.83,6.4857
5027,nam,Namibia,1995,11420407.34,7.1139
5028,nam,Namibia,1996,11802202.01,7.1526
5029,nam,Namibia,1997,12906533.39,7.6224
5030,nam,Namibia,1998,13276374,7.6479
5031,nam,Namibia,1999,11231481.41,6.3159
5032,nam,Namibia,2000,11985604.29,6.5886
5033,nam,Namibia,2001,12084208.95,6.5095
5034,nam,Namibia,2002,10012111,5.3016
5035,nam,Namibia,2003,13171952.05,6.8768
5036,nam,Namibia,2004,14336100.26,7.392
5037,nam,Namibia,2005,14491676.14,7.3829
5038,nam,Namibia,2006,17141171.64,8.6286
5039,nam,Namibia,2007,18030103.41,8.9635
5040,nam,Namibia,2008,21350490.65,10.4734
5041,nam,Namibia,2009,26443894.25,12.7877
5042,nam,Namibia,2010,22256014.05,10.6018
5043,nam,Namibia,2011,21550552.53,10.1065
5044,nam,Namibia,2012,25950378.61,11.9727
5045,nam,Namibia,2013,28450388.38,12.9055
5046,nam,Namibia,2014,27617282.36,12.3126
5047,nam,Namibia,2015,24674848.87,10.8095
5048,nam,Namibia,2016,24327960.33,10.4711
5049,nam,Namibia,2017,17931596.67,7.5836
5050,nam,Namibia,2018,24888015.06,10.3455
5051,nam,Namibia,2019,27779421.36,11.3541
5052,nam,Namibia,2020,26661202.26,10.7112
5053,nam,Namibia,2021,34066175.43,13.4641
5054,nam,Namibia,2022,32988641.53,12.851
5055,nam,Namibia,2023,33407604.96,12.8285
5056,nam,Namibia,2024,34469377.23,13.0279
5057,npl,Nepal,1970,30326780.29,2.4259
5058,npl,Nepal,1971,30698129.35,2.403
5059,npl,Nepal,1972,30698245.68,2.352
5060,npl,Nepal,1973,31626940.5,2.3716
5061,npl,Nepal,1974,32297165.55,2.3702
5062,npl,Nepal,1975,32861881.11,2.3598
5063,npl,Nepal,1976,32903986.15,2.3122
5064,npl,Nepal,1977,32633955.95,2.2428
5065,npl,Nepal,1978,33382064.02,2.2421
5066,npl,Nepal,1979,32413334.12,2.1271
5067,npl,Nepal,1980,34607502.35,2.2184
5068,npl,Nepal,1981,35381451.17,2.2155
5069,npl,Nepal,1982,34163479.32,2.0899
5070,npl,Nepal,1983,37310221.05,2.2287
5071,npl,Nepal,1984,37303760.65,2.1762
5072,npl,Nepal,1985,37871514.42,2.1591
5073,npl,Nepal,1986,38135058.44,2.1261
5074,npl,Nepal,1987,40031882.9,2.1844
5075,npl,Nepal,1988,42659834.31,2.2787
5076,npl,Nepal,1989,44198595.72,2.3086
5077,npl,Nepal,1990,45741663.55,2.3318
5078,npl,Nepal,1991,45127944.46,2.2417
5079,npl,Nepal,1992,45517416.91,2.1987
5080,npl,Nepal,1993,48011484.22,2.2575
5081,npl,Nepal,1994,48199992.8,2.2115
5082,npl,Nepal,1995,50675823.67,2.2719
5083,npl,Nepal,1996,53399754.7,2.3437
5084,npl,Nepal,1997,53488178.94,2.3006
5085,npl,Nepal,1998,53997903.2,2.2781
5086,npl,Nepal,1999,55989268.22,2.3191
5087,npl,Nepal,2000,58625078.08,2.3871
5088,npl,Nepal,2001,61665347.7,2.471
5089,npl,Nepal,2002,70773731.58,2.7938
5090,npl,Nepal,2003,76504094.99,2.9788
5091,npl,Nepal,2004,79168362.32,3.0445
5092,npl,Nepal,2005,82222776.59,3.1281
5093,npl,Nepal,2006,84242250.15,3.1767
5094,npl,Nepal,2007,87144106.16,3.2622
5095,npl,Nepal,2008,88560423.96,3.2945
5096,npl,Nepal,2009,92856983.6,3.4357
5097,npl,Nepal,2010,97783775.3,3.6001
5098,npl,Nepal,2011,99908391.84,3.6642
5099,npl,Nepal,2012,118696976.1,4.343
5100,npl,Nepal,2013,123047713,4.4938
5101,npl,Nepal,2014,131304468.9,4.7813
5102,npl,Nepal,2015,136523076.5,4.9446
5103,npl,Nepal,2016,143779300.4,5.1606
5104,npl,Nepal,2017,180555348.4,6.4064
5105,npl,Nepal,2018,213603469.5,7.4931
5106,npl,Nepal,2019,228549579.7,7.9268
5107,npl,Nepal,2020,217073162.1,7.3964
5108,npl,Nepal,2021,229885056.5,7.6539
5109,npl,Nepal,2022,238443964.9,7.8057
5110,npl,Nepal,2023,245566208.3,7.948
5111,npl,Nepal,2024,253154095.9,8.1034
5112,nld,Netherlands,1970,274403524.7,21.0469
5113,nld,Netherlands,1971,291030530,22.07
5114,nld,Netherlands,1972,304706437.5,22.8687
5115,nld,Netherlands,1973,327259177.7,24.3359
5116,nld,Netherlands,1974,331277332.8,24.4295
5117,nld,Netherlands,1975,332868353.1,24.361
5118,nld,Netherlands,1976,345727217.1,25.1253
5119,nld,Netherlands,1977,360567787.5,26.0233
5120,nld,Netherlands,1978,377054475,27.0301
5121,nld,Netherlands,1979,386594938.1,27.5347
5122,nld,Netherlands,1980,377877838.9,26.7422
5123,nld,Netherlands,1981,337924397.8,23.7685
5124,nld,Netherlands,1982,321316192.5,22.4751
5125,nld,Netherlands,1983,319073343.2,22.2047
5126,nld,Netherlands,1984,322615400.8,22.3388
5127,nld,Netherlands,1985,325199245.7,22.4033
5128,nld,Netherlands,1986,357178795,24.4768
5129,nld,Netherlands,1987,375460503,25.5845
5130,nld,Netherlands,1988,379017982.1,25.6747
5131,nld,Netherlands,1989,376491643.9,25.3526
5132,nld,Netherlands,1990,393601362.3,26.3375
5133,nld,Netherlands,1991,362920374.2,24.1198
5134,nld,Netherlands,1992,382414308.8,25.2407
5135,nld,Netherlands,1993,371834597.1,24.3809
5136,nld,Netherlands,1994,388476729.1,25.3088
5137,nld,Netherlands,1995,405707558.8,26.2651
5138,nld,Netherlands,1996,396805858.5,25.5368
5139,nld,Netherlands,1997,397831709.8,25.4532
5140,nld,Netherlands,1998,399310738.1,25.3973
5141,nld,Netherlands,1999,475552823.8,30.0745
5142,nld,Netherlands,2000,457739031.4,28.7902
5143,nld,Netherlands,2001,456833948.5,28.5849
5144,nld,Netherlands,2002,451882243.8,28.1423
5145,nld,Netherlands,2003,476510539.6,29.5463
5146,nld,Netherlands,2004,478357594.5,29.5355
5147,nld,Netherlands,2005,472598812.2,29.0618
5148,nld,Netherlands,2006,496594598.2,30.418
5149,nld,Netherlands,2007,534030121.7,32.5802
5150,nld,Netherlands,2008,526420999.1,31.9803
5151,nld,Netherlands,2009,463021563.3,28.0005
5152,nld,Netherlands,2010,459455480.2,27.6495
5153,nld,Netherlands,2011,488859307.3,29.2704
5154,nld,Netherlands,2012,452670410.9,26.9683
5155,nld,Netherlands,2013,464978509.2,27.5668
5156,nld,Netherlands,2014,453649651,26.7575
5157,nld,Netherlands,2015,459889173.8,26.987
5158,nld,Netherlands,2016,448670208.6,26.2005
5159,nld,Netherlands,2017,463554728.7,26.9396
5160,nld,Netherlands,2018,516273784.1,29.8665
5161,nld,Netherlands,2019,525477385.3,30.2637
5162,nld,Netherlands,2020,537601253.1,30.8354
5163,nld,Netherlands,2021,556821038.8,31.8153
5164,nld,Netherlands,2022,557600327.6,31.7467
5165,nld,Netherlands,2023,575282005.8,32.6525
5166,nld,Netherlands,2024,588170071.4,33.2842
5167,nzl,New Zealand,1970,88063403.29,31.1833
5168,nzl,New Zealand,1971,89458108.85,31.1822
5169,nzl,New Zealand,1972,95946741.74,32.8486
5170,nzl,New Zealand,1973,102550687.4,34.4056
5171,nzl,New Zealand,1974,101436144.4,33.3363
5172,nzl,New Zealand,1975,92708928.41,29.9503
5173,nzl,New Zealand,1976,91638555.21,29.298
5174,nzl,New Zealand,1977,91806875.11,29.2269
5175,nzl,New Zealand,1978,89817959.09,28.5744
5176,nzl,New Zealand,1979,91770876.71,29.2028
5177,nzl,New Zealand,1980,89797439.45,28.5328
5178,nzl,New Zealand,1981,89138168.49,28.2027
5179,nzl,New Zealand,1982,89445837.95,28.0771
5180,nzl,New Zealand,1983,99633742.87,30.9438
5181,nzl,New Zealand,1984,108571319.8,33.4031
5182,nzl,New Zealand,1985,105870102.6,32.3925
5183,nzl,New Zealand,1986,93240623.26,28.4125
5184,nzl,New Zealand,1987,94477256.59,28.6342
5185,nzl,New Zealand,1988,96894654.88,29.2203
5186,nzl,New Zealand,1989,95254146.58,28.5726
5187,nzl,New Zealand,1990,98212667.91,28.9083
5188,nzl,New Zealand,1991,111263968.8,31.9577
5189,nzl,New Zealand,1992,86502484.67,24.4872
5190,nzl,New Zealand,1993,91824800.58,25.6943
5191,nzl,New Zealand,1994,92742117.18,25.6131
5192,nzl,New Zealand,1995,99608052.27,27.1124
5193,nzl,New Zealand,1996,105548407.3,28.3089
5194,nzl,New Zealand,1997,104726592.1,27.7359
5195,nzl,New Zealand,1998,98892023.09,25.9556
5196,nzl,New Zealand,1999,96095475.95,25.0673
5197,nzl,New Zealand,2000,92288373.73,23.9383
5198,nzl,New Zealand,2001,95841246.97,24.6405
5199,nzl,New Zealand,2002,102934510.8,26.0687
5200,nzl,New Zealand,2003,116425367.1,28.962
5201,nzl,New Zealand,2004,126557422.4,31.0083
5202,nzl,New Zealand,2005,136095406.5,32.9307
5203,nzl,New Zealand,2006,128403130.7,30.7186
5204,nzl,New Zealand,2007,139011389.3,32.9294
5205,nzl,New Zealand,2008,130395450.6,30.6075
5206,nzl,New Zealand,2009,125515605.6,29.1701
5207,nzl,New Zealand,2010,118010419.1,27.1517
5208,nzl,New Zealand,2011,126716533,28.9223
5209,nzl,New Zealand,2012,129129623.6,29.2792
5210,nzl,New Zealand,2013,134985530.1,30.3294
5211,nzl,New Zealand,2014,142749737.9,31.6224
5212,nzl,New Zealand,2015,139537777,30.3965
5213,nzl,New Zealand,2016,147763033.5,31.6539
5214,nzl,New Zealand,2017,149121854.6,31.4189
5215,nzl,New Zealand,2018,149706259,30.9405
5216,nzl,New Zealand,2019,152088268.6,30.6689
5217,nzl,New Zealand,2020,155157927.7,30.6568
5218,nzl,New Zealand,2021,171194931.5,33.3731
5219,nzl,New Zealand,2022,170118693.7,32.808
5220,nzl,New Zealand,2023,172875963.1,33.0667
5221,nzl,New Zealand,2024,173322190.4,32.8888
5222,nic,Nicaragua,1970,20640372.92,8.4427
5223,nic,Nicaragua,1971,20050204.19,7.9392
5224,nic,Nicaragua,1972,19695763.19,7.566
5225,nic,Nicaragua,1973,21113509.36,7.8701
5226,nic,Nicaragua,1974,24016126.11,8.6726
5227,nic,Nicaragua,1975,23987925.02,8.3948
5228,nic,Nicaragua,1976,24905883.19,8.45
5229,nic,Nicaragua,1977,26492399.79,8.7184
5230,nic,Nicaragua,1978,25882343.34,8.273
5231,nic,Nicaragua,1979,22006433.76,6.8464
5232,nic,Nicaragua,1980,20713600.18,6.2706
5233,nic,Nicaragua,1981,21689231.82,6.3836
5234,nic,Nicaragua,1982,22521622.92,6.4497
5235,nic,Nicaragua,1983,21640908.87,6.0372
5236,nic,Nicaragua,1984,22749846.07,6.1913
5237,nic,Nicaragua,1985,21914794.68,5.8237
5238,nic,Nicaragua,1986,20913497.02,5.4292
5239,nic,Nicaragua,1987,19669035.75,4.9903
5240,nic,Nicaragua,1988,19324869.65,4.7913
5241,nic,Nicaragua,1989,21371400.71,5.1754
5242,nic,Nicaragua,1990,21733258.53,5.1405
5243,nic,Nicaragua,1991,22432724.8,5.184
5244,nic,Nicaragua,1992,24017471.8,5.425
5245,nic,Nicaragua,1993,23579770.47,5.2091
5246,nic,Nicaragua,1994,23679748.54,5.1197
5247,nic,Nicaragua,1995,23648353.62,5.0082
5248,nic,Nicaragua,1996,25342932.04,5.2662
5249,nic,Nicaragua,1997,27094074.34,5.534
5250,nic,Nicaragua,1998,27322094.39,5.4924
5251,nic,Nicaragua,1999,29655196.11,5.8725
5252,nic,Nicaragua,2000,29398713.17,5.7383
5253,nic,Nicaragua,2001,30601216.68,5.893
5254,nic,Nicaragua,2002,32000793.54,6.085
5255,nic,Nicaragua,2003,28668700.37,5.3858
5256,nic,Nicaragua,2004,31076851.61,5.7697
5257,nic,Nicaragua,2005,32861798.79,6.0245
5258,nic,Nicaragua,2006,35829408.69,6.4793
5259,nic,Nicaragua,2007,39588061.32,7.0599
5260,nic,Nicaragua,2008,37219177.32,6.5438
5261,nic,Nicaragua,2009,36289717.91,6.2887
5262,nic,Nicaragua,2010,37630963.27,6.4263
5263,nic,Nicaragua,2011,40636300.38,6.8382
5264,nic,Nicaragua,2012,46763553.04,7.7544
5265,nic,Nicaragua,2013,47259608.74,7.7229
5266,nic,Nicaragua,2014,47248649.98,7.6101
5267,nic,Nicaragua,2015,48169738.49,7.6477
5268,nic,Nicaragua,2016,52961845.44,8.2892
5269,nic,Nicaragua,2017,49948997.33,7.7075
5270,nic,Nicaragua,2018,54142260.82,8.238
5271,nic,Nicaragua,2019,52789282.22,7.9217
5272,nic,Nicaragua,2020,55298600.51,8.1852
5273,nic,Nicaragua,2021,58353689.14,8.5181
5274,nic,Nicaragua,2022,60643613.81,8.7277
5275,nic,Nicaragua,2023,62249618.3,8.8344
5276,nic,Nicaragua,2024,62483336.64,8.7481
5277,ner,Niger,1970,24474020.82,5.241
5278,ner,Niger,1971,25844744.01,5.3876
5279,ner,Niger,1972,25932971.44,5.2642
5280,ner,Niger,1973,19999090.08,3.9529
5281,ner,Niger,1974,21078321.75,4.0562
5282,ner,Niger,1975,21205701.09,3.9715
5283,ner,Niger,1976,24775305.31,4.5139
5284,ner,Niger,1977,27490040.23,4.8701
5285,ner,Niger,1978,29500105.93,5.0772
5286,ner,Niger,1979,31517490.43,5.2642
5287,ner,Niger,1980,33743637.4,5.4662
5288,ner,Niger,1981,33690946.85,5.2921
5289,ner,Niger,1982,34150136.45,5.2023
5290,ner,Niger,1983,34509692.99,5.1
5291,ner,Niger,1984,24803140.92,3.5566
5292,ner,Niger,1985,25407444.58,3.5349
5293,ner,Niger,1986,27559637.09,3.7201
5294,ner,Niger,1987,28576007.17,3.742
5295,ner,Niger,1988,32860167.23,4.1742
5296,ner,Niger,1989,31579472.11,3.891
5297,ner,Niger,1990,36327303.39,4.3398
5298,ner,Niger,1991,34840079.35,4.0349
5299,ner,Niger,1992,34482318.25,3.8711
5300,ner,Niger,1993,39446664.94,4.2909
5301,ner,Niger,1994,34864301.24,3.6725
5302,ner,Niger,1995,32847078.3,3.347
5303,ner,Niger,1996,34867812.21,3.4353
5304,ner,Niger,1997,28272177.48,2.6941
5305,ner,Niger,1998,32202100.49,2.9666
5306,ner,Niger,1999,33635306.55,2.9947
5307,ner,Niger,2000,26908229.56,2.3152
5308,ner,Niger,2001,28480695.54,2.3672
5309,ner,Niger,2002,23138866.98,1.8576
5310,ner,Niger,2003,23624721.83,1.8313
5311,ner,Niger,2004,28162889.86,2.1069
5312,ner,Niger,2005,30451332.4,2.1978
5313,ner,Niger,2006,28906533,2.0123
5314,ner,Niger,2007,27581170.86,1.8513
5315,ner,Niger,2008,35842421.7,2.3191
5316,ner,Niger,2009,28964580.19,1.806
5317,ner,Niger,2010,40300307.42,2.4208
5318,ner,Niger,2011,34738793.5,2.01
5319,ner,Niger,2012,44358582.63,2.4706
5320,ner,Niger,2013,46160600.92,2.4747
5321,ner,Niger,2014,57441238.74,2.9652
5322,ner,Niger,2015,70790419.77,3.517
5323,ner,Niger,2016,77257757.81,3.6927
5324,ner,Niger,2017,77969053.69,3.5868
5325,ner,Niger,2018,95337215.24,4.2227
5326,ner,Niger,2019,93809359.25,4.0015
5327,ner,Niger,2020,113594503.1,4.6682
5328,ner,Niger,2021,94141394.85,3.728
5329,ner,Niger,2022,95673577.16,3.6506
5330,ner,Niger,2023,98109416.03,3.6066
5331,ner,Niger,2024,103549174.2,3.6669
5332,nga,Nigeria,1970,162477610.3,2.9239
5333,nga,Nigeria,1971,155805155,2.7412
5334,nga,Nigeria,1972,143405921.7,2.4651
5335,nga,Nigeria,1973,154411600.3,2.5906
5336,nga,Nigeria,1974,172365934.2,2.8184
5337,nga,Nigeria,1975,171559532.6,2.7296
5338,nga,Nigeria,1976,169638450.2,2.6236
5339,nga,Nigeria,1977,180381639.4,2.7089
5340,nga,Nigeria,1978,177448515,2.5855
5341,nga,Nigeria,1979,184996870,2.6148
5342,nga,Nigeria,1980,196300579.1,2.6908
5343,nga,Nigeria,1981,196169777.6,2.6095
5344,nga,Nigeria,1982,204553313.6,2.6432
5345,nga,Nigeria,1983,204936068.4,2.5826
5346,nga,Nigeria,1984,202989397.9,2.4956
5347,nga,Nigeria,1985,209866546.2,2.5108
5348,nga,Nigeria,1986,209319422.4,2.4395
5349,nga,Nigeria,1987,203979475,2.3168
5350,nga,Nigeria,1988,219714167.1,2.4318
5351,nga,Nigeria,1989,224171465.3,2.4171
5352,nga,Nigeria,1990,235086670.1,2.469
5353,nga,Nigeria,1991,254078147,2.601
5354,nga,Nigeria,1992,276383146,2.7588
5355,nga,Nigeria,1993,285865188.9,2.7815
5356,nga,Nigeria,1994,301939976.7,2.8632
5357,nga,Nigeria,1995,306840103.9,2.8362
5358,nga,Nigeria,1996,315757035.6,2.8458
5359,nga,Nigeria,1997,307965524,2.7064
5360,nga,Nigeria,1998,361611401,3.0989
5361,nga,Nigeria,1999,347673226.6,2.9046
5362,nga,Nigeria,2000,316350812.3,2.5751
5363,nga,Nigeria,2001,330158606.7,2.6171
5364,nga,Nigeria,2002,364138795,2.8101
5365,nga,Nigeria,2003,389800507.7,2.9282
5366,nga,Nigeria,2004,410189165.4,2.9994
5367,nga,Nigeria,2005,441571801.5,3.1431
5368,nga,Nigeria,2006,453158950.5,3.1397
5369,nga,Nigeria,2007,519582330.2,3.5037
5370,nga,Nigeria,2008,537226252.8,3.5255
5371,nga,Nigeria,2009,495591158.9,3.1648
5372,nga,Nigeria,2010,569780226.7,3.54
5373,nga,Nigeria,2011,581627426.8,3.5151
5374,nga,Nigeria,2012,529306569.5,3.1122
5375,nga,Nigeria,2013,653411993.2,3.7396
5376,nga,Nigeria,2014,664172955.9,3.7026
5377,nga,Nigeria,2015,680341608.9,3.6976
5378,nga,Nigeria,2016,716601805.7,3.7982
5379,nga,Nigeria,2017,683077588.8,3.5302
5380,nga,Nigeria,2018,755550459.3,3.8085
5381,nga,Nigeria,2019,793769311.7,3.9043
5382,nga,Nigeria,2020,787514305.1,3.7802
5383,nga,Nigeria,2021,704496526.3,3.3013
5384,nga,Nigeria,2022,724049182.4,3.3131
5385,nga,Nigeria,2023,716442951.4,3.2012
5386,nga,Nigeria,2024,729678531.8,3.1843
5387,prk,North Korea,1970,95844934.28,6.391
5388,prk,North Korea,1971,102140784.5,6.6404
5389,prk,North Korea,1972,105475643.6,6.6891
5390,prk,North Korea,1973,110124636.1,6.8281
5391,prk,North Korea,1974,115206455.1,7.009
5392,prk,North Korea,1975,123588282.3,7.3902
5393,prk,North Korea,1976,123573807,7.2745
5394,prk,North Korea,1977,124920756.4,7.2496
5395,prk,North Korea,1978,124778737.9,7.1416
5396,prk,North Korea,1979,131675456.7,7.4312
5397,prk,North Korea,1980,133352616.8,7.4193
5398,prk,North Korea,1981,136490516.8,7.485
5399,prk,North Korea,1982,141429078.7,7.644
5400,prk,North Korea,1983,140868570.2,7.5044
5401,prk,North Korea,1984,143057663,7.5115
5402,prk,North Korea,1985,146460082.7,7.5786
5403,prk,North Korea,1986,146471930.5,7.4681
5404,prk,North Korea,1987,143644467.9,7.2169
5405,prk,North Korea,1988,151004002.6,7.4764
5406,prk,North Korea,1989,165798733.9,8.0897
5407,prk,North Korea,1990,192388889.7,9.2497
5408,prk,North Korea,1991,139948869.4,6.6278
5409,prk,North Korea,1992,145631686.5,6.7925
5410,prk,North Korea,1993,130915313.9,6.0127
5411,prk,North Korea,1994,163229100.4,7.3842
5412,prk,North Korea,1995,147809166.4,6.6029
5413,prk,North Korea,1996,148943026.2,6.5862
5414,prk,North Korea,1997,143864716.7,6.3023
5415,prk,North Korea,1998,82452377.14,3.5812
5416,prk,North Korea,1999,91876564.49,3.9594
5417,prk,North Korea,2000,96200408.05,4.1169
5418,prk,North Korea,2001,112520653.4,4.7856
5419,prk,North Korea,2002,108372707.8,4.5846
5420,prk,North Korea,2003,115079430.4,4.839
5421,prk,North Korea,2004,118997018.8,4.9688
5422,prk,North Korea,2005,118805382.2,4.9295
5423,prk,North Korea,2006,118860383.6,4.9043
5424,prk,North Korea,2007,117685642.5,4.8318
5425,prk,North Korea,2008,112091479.3,4.5809
5426,prk,North Korea,2009,103219843.8,4.1991
5427,prk,North Korea,2010,104926981.6,4.2504
5428,prk,North Korea,2011,108570984.9,4.3807
5429,prk,North Korea,2012,109848681.9,4.4138
5430,prk,North Korea,2013,110245771.9,4.4095
5431,prk,North Korea,2014,106519644.4,4.2394
5432,prk,North Korea,2015,112035015.1,4.4356
5433,prk,North Korea,2016,119893043.7,4.7221
5434,prk,North Korea,2017,110091912.1,4.3146
5435,prk,North Korea,2018,107009458.1,4.1738
5436,prk,North Korea,2019,110268922.5,4.2814
5437,prk,North Korea,2020,106050779.7,4.0998
5438,prk,North Korea,2021,105343210.8,4.056
5439,prk,North Korea,2022,107895538.9,4.1388
5440,prk,North Korea,2023,111058224.6,4.2452
5441,prk,North Korea,2024,113944050.9,4.3416
5442,mkd,"Macedonia, FYR",1992,13585811.16,6.7322
5443,mkd,"Macedonia, FYR",1993,7536441.99,3.7741
5444,mkd,"Macedonia, FYR",1994,17778091.78,8.9677
5445,mkd,"Macedonia, FYR",1995,18818969.72,9.4855
5446,mkd,"Macedonia, FYR",1996,20656227.27,10.358
5447,mkd,"Macedonia, FYR",1997,27208073.95,13.5753
5448,mkd,"Macedonia, FYR",1998,38812371.97,19.2824
5449,mkd,"Macedonia, FYR",1999,29452826.83,14.5534
5450,mkd,"Macedonia, FYR",2000,29082687.06,14.2707
5451,mkd,"Macedonia, FYR",2001,34263874.3,16.6865
5452,mkd,"Macedonia, FYR",2002,32632087.23,15.8045
5453,mkd,"Macedonia, FYR",2003,34166545.29,16.4965
5454,mkd,"Macedonia, FYR",2004,33393424.83,16.0864
5455,mkd,"Macedonia, FYR",2005,29430127.09,14.1582
5456,mkd,"Macedonia, FYR",2006,20658573.27,9.9269
5457,mkd,"Macedonia, FYR",2007,18053529.75,8.6651
5458,mkd,"Macedonia, FYR",2008,19380365.62,9.2897
5459,mkd,"Macedonia, FYR",2009,18978011.23,9.0813
5460,mkd,"Macedonia, FYR",2010,18516285.44,8.8433
5461,mkd,"Macedonia, FYR",2011,20983973.2,10.0062
5462,mkd,"Macedonia, FYR",2012,19705753.76,9.386
5463,mkd,"Macedonia, FYR",2013,21168699.22,10.0697
5464,mkd,"Macedonia, FYR",2014,22048712.69,10.473
5465,mkd,"Macedonia, FYR",2015,19944687.77,9.4616
5466,mkd,"Macedonia, FYR",2016,18754420.87,8.8875
5467,mkd,"Macedonia, FYR",2017,22670222.49,10.7341
5468,mkd,"Macedonia, FYR",2018,21508079.74,10.1766
5469,mkd,"Macedonia, FYR",2019,19831612.99,9.3803
5470,mkd,"Macedonia, FYR",2020,19560511.3,9.2657
5471,mkd,"Macedonia, FYR",2021,18560622.26,8.8244
5472,mkd,"Macedonia, FYR",2022,18611981.83,8.8899
5473,mkd,"Macedonia, FYR",2023,19450041.94,9.3255
5474,mkd,"Macedonia, FYR",2024,20062619.03,9.633
5475,nor,Norway,1970,61452126.43,15.8564
5476,nor,Norway,1971,65127772.15,16.687
5477,nor,Norway,1972,65067957.77,16.5439
5478,nor,Norway,1973,70374917.65,17.7683
5479,nor,Norway,1974,73184842.37,18.3633
5480,nor,Norway,1975,73440706.76,18.326
5481,nor,Norway,1976,76357465.53,18.9646
5482,nor,Norway,1977,76687951.42,18.9664
5483,nor,Norway,1978,76048449.96,18.7367
5484,nor,Norway,1979,77493013.7,19.0276
5485,nor,Norway,1980,81433763.5,19.931
5486,nor,Norway,1981,81216082.81,19.8095
5487,nor,Norway,1982,81977119.04,19.9219
5488,nor,Norway,1983,81948683.18,19.8492
5489,nor,Norway,1984,85847537.16,20.7349
5490,nor,Norway,1985,88981490.5,21.4277
5491,nor,Norway,1986,92616129.33,22.2236
5492,nor,Norway,1987,97345880.92,23.2494
5493,nor,Norway,1988,97165101.93,23.0815
5494,nor,Norway,1989,97771725.35,23.1299
5495,nor,Norway,1990,103076152.4,24.301
5496,nor,Norway,1991,85151029.32,19.9797
5497,nor,Norway,1992,101303453.4,23.6328
5498,nor,Norway,1993,100453342.5,23.2955
5499,nor,Norway,1994,100661551.8,23.2113
5500,nor,Norway,1995,104229910.7,23.9096
5501,nor,Norway,1996,105847190.7,24.1577
5502,nor,Norway,1997,111677435.8,25.3505
5503,nor,Norway,1998,136109730.6,30.7129
5504,nor,Norway,1999,132638249.9,29.7252
5505,nor,Norway,2000,122192267.1,27.207
5506,nor,Norway,2001,121069797.1,26.8209
5507,nor,Norway,2002,131220154.8,28.9131
5508,nor,Norway,2003,133318133.7,29.2033
5509,nor,Norway,2004,141928009.6,30.9058
5510,nor,Norway,2005,150137776.8,32.4714
5511,nor,Norway,2006,156392223.3,33.5527
5512,nor,Norway,2007,174079277,36.9628
5513,nor,Norway,2008,171135912,35.8877
5514,nor,Norway,2009,155411563.9,32.1816
5515,nor,Norway,2010,174130695.5,35.6114
5516,nor,Norway,2011,172281703.5,34.7794
5517,nor,Norway,2012,172623958.1,34.3937
5518,nor,Norway,2013,180578843.9,35.5423
5519,nor,Norway,2014,178265455.9,34.696
5520,nor,Norway,2015,165293058.4,31.8462
5521,nor,Norway,2016,180227964.3,34.417
5522,nor,Norway,2017,180269989.7,34.1589
5523,nor,Norway,2018,187309778.3,35.2595
5524,nor,Norway,2019,197151974.1,36.8627
5525,nor,Norway,2020,190389734.9,35.3895
5526,nor,Norway,2021,195410420.7,36.1669
5527,nor,Norway,2022,205161131.9,37.7529
5528,nor,Norway,2023,205409510.5,37.5221
5529,nor,Norway,2024,209964991.4,38.0752
5530,omn,Oman,1970,6653343.274,9.9201
5531,omn,Oman,1971,6642351.578,9.6433
5532,omn,Oman,1972,6894159.127,9.7369
5533,omn,Oman,1973,7268494.437,9.976
5534,omn,Oman,1974,10498759.31,13.9116
5535,omn,Oman,1975,11500426,14.6094
5536,omn,Oman,1976,12872592.67,15.6205
5537,omn,Oman,1977,12375571.04,14.2885
5538,omn,Oman,1978,11262907.69,12.3395
5539,omn,Oman,1979,12186075.56,12.6497
5540,omn,Oman,1980,15398072.04,15.1338
5541,omn,Oman,1981,19664608.48,18.282
5542,omn,Oman,1982,22999898.63,20.2055
5543,omn,Oman,1983,29382466.7,24.3914
5544,omn,Oman,1984,26276044.18,20.6361
5545,omn,Oman,1985,29139806.22,21.5326
5546,omn,Oman,1986,22821480.58,15.8104
5547,omn,Oman,1987,20909655.9,13.6366
5548,omn,Oman,1988,20411005.09,12.5727
5549,omn,Oman,1989,21709876.94,12.6674
5550,omn,Oman,1990,22507218.17,12.4727
5551,omn,Oman,1991,29058495.57,15.3328
5552,omn,Oman,1992,31924155.01,16.0809
5553,omn,Oman,1993,30412898.94,14.679
5554,omn,Oman,1994,32444832.65,15.2061
5555,omn,Oman,1995,37816370.34,17.4055
5556,omn,Oman,1996,35865153.22,16.2289
5557,omn,Oman,1997,44865173.23,19.9793
5558,omn,Oman,1998,53957521.99,23.6684
5559,omn,Oman,1999,59361071.42,25.6685
5560,omn,Oman,2000,72860171.91,31.0803
5561,omn,Oman,2001,88889580.08,37.4327
5562,omn,Oman,2002,82610450.26,34.3686
5563,omn,Oman,2003,94382283.64,38.8149
5564,omn,Oman,2004,100079320.8,40.5367
5565,omn,Oman,2005,99222936.77,39.4494
5566,omn,Oman,2006,134692730.1,52.601
5567,omn,Oman,2007,140789679.9,54.0314
5568,omn,Oman,2008,150778615.3,56.8755
5569,omn,Oman,2009,155426995.7,57.6181
5570,omn,Oman,2010,141440055.6,49.0785
5571,omn,Oman,2011,143667725.5,44.8
5572,omn,Oman,2012,159999398.9,45.2541
5573,omn,Oman,2013,169145401.8,44.3174
5574,omn,Oman,2014,157696756.5,39.3331
5575,omn,Oman,2015,178151800.8,42.5003
5576,omn,Oman,2016,179364433.1,40.7825
5577,omn,Oman,2017,175424910.9,38.6241
5578,omn,Oman,2018,156927689.5,34.1061
5579,omn,Oman,2019,154042843.6,33.4674
5580,omn,Oman,2020,161525057.4,35.5516
5581,omn,Oman,2021,163390649.5,36.1446
5582,omn,Oman,2022,176568556.3,38.5833
5583,omn,Oman,2023,178643870.8,38.4645
5584,omn,Oman,2024,184510459.8,39.1447
5585,pak,Pakistan,1970,164759558.1,2.7788
5586,pak,Pakistan,1971,163860553.7,2.6916
5587,pak,Pakistan,1972,150034518.3,2.4002
5588,pak,Pakistan,1973,152623526.3,2.3741
5589,pak,Pakistan,1974,164148134.6,2.4815
5590,pak,Pakistan,1975,163487729.1,2.3997
5591,pak,Pakistan,1976,176198231.6,2.5088
5592,pak,Pakistan,1977,188580198.6,2.6029
5593,pak,Pakistan,1978,188924197.7,2.5261
5594,pak,Pakistan,1979,197887142.5,2.5564
5595,pak,Pakistan,1980,200605982.6,2.4882
5596,pak,Pakistan,1981,218368749.8,2.5913
5597,pak,Pakistan,1982,229993758.9,2.6187
5598,pak,Pakistan,1983,231770565.2,2.5447
5599,pak,Pakistan,1984,235896788.2,2.5094
5600,pak,Pakistan,1985,240224075.1,2.4734
5601,pak,Pakistan,1986,246458314.9,2.4494
5602,pak,Pakistan,1987,271749719.1,2.6067
5603,pak,Pakistan,1988,265226378.4,2.4565
5604,pak,Pakistan,1989,276157384.9,2.473
5605,pak,Pakistan,1990,280620331.1,2.4314
5606,pak,Pakistan,1991,289578282.7,2.4293
5607,pak,Pakistan,1992,297664227.4,2.4324
5608,pak,Pakistan,1993,315121496.5,2.51
5609,pak,Pakistan,1994,320270118.8,2.478
5610,pak,Pakistan,1995,338621456,2.5438
5611,pak,Pakistan,1996,342164387.1,2.4933
5612,pak,Pakistan,1997,348203563.6,2.4638
5613,pak,Pakistan,1998,373073768,2.5645
5614,pak,Pakistan,1999,388054724.3,2.5923
5615,pak,Pakistan,2000,374586108.7,2.4265
5616,pak,Pakistan,2001,362903742.3,2.2793
5617,pak,Pakistan,2002,374436293.7,2.2935
5618,pak,Pakistan,2003,369457583.9,2.214
5619,pak,Pakistan,2004,427264545.9,2.5038
5620,pak,Pakistan,2005,463758222.2,2.6596
5621,pak,Pakistan,2006,520445234.2,2.9227
5622,pak,Pakistan,2007,581782415.5,3.1979
5623,pak,Pakistan,2008,568185005.5,3.0559
5624,pak,Pakistan,2009,562543529.9,2.9588
5625,pak,Pakistan,2010,547656700,2.8164
5626,pak,Pakistan,2011,606196944.8,3.0523
5627,pak,Pakistan,2012,605311773.3,2.9935
5628,pak,Pakistan,2013,639020311.9,3.112
5629,pak,Pakistan,2014,663765874.6,3.1873
5630,pak,Pakistan,2015,706295363.4,3.3479
5631,pak,Pakistan,2016,794565451.8,3.7212
5632,pak,Pakistan,2017,842784376.4,3.8949
5633,pak,Pakistan,2018,831680095.8,3.785
5634,pak,Pakistan,2019,850967478.7,3.811
5635,pak,Pakistan,2020,885770024.5,3.8987
5636,pak,Pakistan,2021,941616121,4.0692
5637,pak,Pakistan,2022,969576653.4,4.1114
5638,pak,Pakistan,2023,946687609,3.9366
5639,pak,Pakistan,2024,938874761.8,3.8289
5640,pse,Palestine,1970,4388012.218,3.924
5641,pse,Palestine,1971,4750461.477,4.1812
5642,pse,Palestine,1972,5567412.236,4.7713
5643,pse,Palestine,1973,5694110.944,4.7634
5644,pse,Palestine,1974,6875124.739,5.6107
5645,pse,Palestine,1975,6621274.275,5.2396
5646,pse,Palestine,1976,6420440.905,4.9353
5647,pse,Palestine,1977,6143241.594,4.5937
5648,pse,Palestine,1978,7184333.204,5.2283
5649,pse,Palestine,1979,8044030.715,5.6944
5650,pse,Palestine,1980,7754301.889,5.3345
5651,pse,Palestine,1981,7816207.42,5.2193
5652,pse,Palestine,1982,7438123.608,4.8109
5653,pse,Palestine,1983,7783196.54,4.8521
5654,pse,Palestine,1984,7982144.228,4.7678
5655,pse,Palestine,1985,7824290.441,4.5199
5656,pse,Palestine,1986,9858523.721,5.5533
5657,pse,Palestine,1987,10217431.26,5.4851
5658,pse,Palestine,1988,10236438.88,5.214
5659,pse,Palestine,1989,9655763.383,4.73
5660,pse,Palestine,1990,9568316.662,4.5036
5661,pse,Palestine,1991,9675075.744,4.3694
5662,pse,Palestine,1992,11727906.45,5.077
5663,pse,Palestine,1993,12877256.49,5.3418
5664,pse,Palestine,1994,12125940.37,4.8211
5665,pse,Palestine,1995,14949890.79,5.6992
5666,pse,Palestine,1996,14225726.26,5.2033
5667,pse,Palestine,1997,15030937.05,5.2792
5668,pse,Palestine,1998,16242075.44,5.5041
5669,pse,Palestine,1999,18324797.26,6.019
5670,pse,Palestine,2000,16659100.59,5.3055
5671,pse,Palestine,2001,16889894.68,5.2289
5672,pse,Palestine,2002,19624510.56,5.9298
5673,pse,Palestine,2003,19557018.26,5.7789
5674,pse,Palestine,2004,22688253.46,6.5571
5675,pse,Palestine,2005,23122955.29,6.5297
5676,pse,Palestine,2006,22530892.27,6.2108
5677,pse,Palestine,2007,23016440.42,6.1907
5678,pse,Palestine,2008,21411765.19,5.6216
5679,pse,Palestine,2009,20001797.72,5.1295
5680,pse,Palestine,2010,21260979.58,5.3255
5681,pse,Palestine,2011,21249335.77,5.1983
5682,pse,Palestine,2012,23286438.75,5.5654
5683,pse,Palestine,2013,23073329.41,5.3887
5684,pse,Palestine,2014,21677581.77,4.9487
5685,pse,Palestine,2015,28159722.25,6.2792
5686,pse,Palestine,2016,27538543.55,5.9947
5687,pse,Palestine,2017,29633716.17,6.3038
5688,pse,Palestine,2018,32471089.33,6.757
5689,pse,Palestine,2019,32314222.97,6.5816
5690,pse,Palestine,2020,24353902.46,4.852
5691,pse,Palestine,2021,24903380.01,4.8513
5692,pse,Palestine,2022,25828524.28,4.9197
5693,pse,Palestine,2023,26319108.02,4.9
5694,pse,Palestine,2024,26775995.71,4.8728
5695,pan,Panama,1970,22228573.39,14.6608
5696,pan,Panama,1971,24828164.57,15.925
5697,pan,Panama,1972,13967309.83,8.7152
5698,pan,Panama,1973,15063033.52,9.1481
5699,pan,Panama,1974,17020332.44,10.0672
5700,pan,Panama,1975,15103163.84,8.7056
5701,pan,Panama,1976,14091256.79,7.9207
5702,pan,Panama,1977,14374298.47,7.8843
5703,pan,Panama,1978,15534360.62,8.3191
5704,pan,Panama,1979,16124056.27,8.4339
5705,pan,Panama,1980,17190624.55,8.7842
5706,pan,Panama,1981,17067397.96,8.5205
5707,pan,Panama,1982,16964027.01,8.2741
5708,pan,Panama,1983,16431788.19,7.8303
5709,pan,Panama,1984,16725096.5,7.7879
5710,pan,Panama,1985,16950397.7,7.715
5711,pan,Panama,1986,17115567.14,7.6172
5712,pan,Panama,1987,17028257.11,7.4125
5713,pan,Panama,1988,15353821.09,6.5396
5714,pan,Panama,1989,14883344.8,6.2052
5715,pan,Panama,1990,16185075.8,6.6062
5716,pan,Panama,1991,14704773.43,5.8771
5717,pan,Panama,1992,17480211.02,6.8432
5718,pan,Panama,1993,17199487.4,6.5962
5719,pan,Panama,1994,17212106.16,6.4673
5720,pan,Panama,1995,16261996.35,5.9873
5721,pan,Panama,1996,15674909.28,5.6555
5722,pan,Panama,1997,16076361.95,5.6847
5723,pan,Panama,1998,19303962.06,6.6907
5724,pan,Panama,1999,17334915.65,5.89
5725,pan,Panama,2000,16937551.04,5.6426
5726,pan,Panama,2001,16759868.21,5.4752
5727,pan,Panama,2002,18785012.03,6.0189
5728,pan,Panama,2003,19971954.14,6.2773
5729,pan,Panama,2004,21119291.51,6.5116
5730,pan,Panama,2005,19528614.7,5.9073
5731,pan,Panama,2006,20120768.43,5.9731
5732,pan,Panama,2007,28283268.18,8.242
5733,pan,Panama,2008,33890351.77,9.696
5734,pan,Panama,2009,29649622.31,8.3301
5735,pan,Panama,2010,33177533.15,9.1559
5736,pan,Panama,2011,33171738.1,8.9929
5737,pan,Panama,2012,43855236.77,11.6796
5738,pan,Panama,2013,49021657.6,12.8277
5739,pan,Panama,2014,48386493.35,12.4425
5740,pan,Panama,2015,48540738.87,12.2667
5741,pan,Panama,2016,49601582.15,12.3193
5742,pan,Panama,2017,46677633.12,11.3957
5743,pan,Panama,2018,45303143.48,10.8764
5744,pan,Panama,2019,45931771.22,10.8521
5745,pan,Panama,2020,35988528.84,8.3803
5746,pan,Panama,2021,162363620.3,37.3141
5747,pan,Panama,2022,164975651,37.4215
5748,pan,Panama,2023,172049795.4,38.5064
5749,pan,Panama,2024,178294765.7,39.3764
5750,png,Papua New Guinea,1970,12672798.88,5.0914
5751,png,Papua New Guinea,1971,13307560.72,5.2201
5752,png,Papua New Guinea,1972,13889564.8,5.3202
5753,png,Papua New Guinea,1973,15541797.81,5.8162
5754,png,Papua New Guinea,1974,15872958.79,5.8072
5755,png,Papua New Guinea,1975,15007401.62,5.3704
5756,png,Papua New Guinea,1976,15615888.69,5.4681
5757,png,Papua New Guinea,1977,16053947.55,5.5025
5758,png,Papua New Guinea,1978,16637133.62,5.5837
5759,png,Papua New Guinea,1979,17154527.97,5.6394
5760,png,Papua New Guinea,1980,18317307.32,5.8997
5761,png,Papua New Guinea,1981,17738368.91,5.5973
5762,png,Papua New Guinea,1982,17819339.6,5.5078
5763,png,Papua New Guinea,1983,17368922.15,5.2575
5764,png,Papua New Guinea,1984,17531560.12,5.1954
5765,png,Papua New Guinea,1985,17194873.45,4.9875
5766,png,Papua New Guinea,1986,17553452.01,4.9826
5767,png,Papua New Guinea,1987,18102256.85,5.0279
5768,png,Papua New Guinea,1988,18554099.26,5.0424
5769,png,Papua New Guinea,1989,18602325,4.942
5770,png,Papua New Guinea,1990,21291042.81,5.5087
5771,png,Papua New Guinea,1991,25749466.06,6.4519
5772,png,Papua New Guinea,1992,26263664.18,6.349
5773,png,Papua New Guinea,1993,24626355.63,5.7383
5774,png,Papua New Guinea,1994,23957687.73,5.3817
5775,png,Papua New Guinea,1995,21620010.2,4.6833
5776,png,Papua New Guinea,1996,23279927.83,4.8643
5777,png,Papua New Guinea,1997,26809172.7,5.4046
5778,png,Papua New Guinea,1998,24227594.3,4.7146
5779,png,Papua New Guinea,1999,18698143.71,3.5138
5780,png,Papua New Guinea,2000,12543329.37,2.2772
5781,png,Papua New Guinea,2001,23375114.57,4.102
5782,png,Papua New Guinea,2002,16050475.92,2.7238
5783,png,Papua New Guinea,2003,19786624.25,3.2485
5784,png,Papua New Guinea,2004,15505214.01,2.4638
5785,png,Papua New Guinea,2005,18117493.37,2.7878
5786,png,Papua New Guinea,2006,22014442.11,3.2817
5787,png,Papua New Guinea,2007,25475347.51,3.6808
5788,png,Papua New Guinea,2008,26736928.87,3.7457
5789,png,Papua New Guinea,2009,35285053.6,4.7949
5790,png,Papua New Guinea,2010,39781986.86,5.246
5791,png,Papua New Guinea,2011,46000743.81,5.8925
5792,png,Papua New Guinea,2012,47796807.66,5.9548
5793,png,Papua New Guinea,2013,26881919.07,3.2601
5794,png,Papua New Guinea,2014,21879579.9,2.585
5795,png,Papua New Guinea,2015,20201774.85,2.3268
5796,png,Papua New Guinea,2016,20766264.82,2.3335
5797,png,Papua New Guinea,2017,20974471.3,2.3011
5798,png,Papua New Guinea,2018,22486552.33,2.4103
5799,png,Papua New Guinea,2019,22406358.67,2.3481
5800,png,Papua New Guinea,2020,23341249.43,2.3941
5801,png,Papua New Guinea,2021,23025373.65,2.3142
5802,png,Papua New Guinea,2022,23576034.55,2.3245
5803,png,Papua New Guinea,2023,23860862.51,2.3099
5804,png,Papua New Guinea,2024,24203787.37,2.3017
5805,pry,Paraguay,1970,21455059.54,8.907
5806,pry,Paraguay,1971,21324342.35,8.6551
5807,pry,Paraguay,1972,21521627.64,8.5352
5808,pry,Paraguay,1973,22729930.19,8.7993
5809,pry,Paraguay,1974,24462526.13,9.2378
5810,pry,Paraguay,1975,25849029.24,9.522
5811,pry,Paraguay,1976,28726609.66,10.3236
5812,pry,Paraguay,1977,31464116.28,11.0306
5813,pry,Paraguay,1978,33292942.53,11.3847
5814,pry,Paraguay,1979,35432221.41,11.813
5815,pry,Paraguay,1980,39107276.89,12.7017
5816,pry,Paraguay,1981,42632227.61,13.4771
5817,pry,Paraguay,1982,43187136.41,13.2815
5818,pry,Paraguay,1983,43271162.54,12.9427
5819,pry,Paraguay,1984,42947733.12,12.4925
5820,pry,Paraguay,1985,43518486.24,12.309
5821,pry,Paraguay,1986,44941428.15,12.36
5822,pry,Paraguay,1987,45408025.82,12.1443
5823,pry,Paraguay,1988,49573552.84,12.8949
5824,pry,Paraguay,1989,47988713.52,12.1451
5825,pry,Paraguay,1990,48698552.89,11.9971
5826,pry,Paraguay,1991,43865840.12,10.5244
5827,pry,Paraguay,1992,50853758.78,11.8899
5828,pry,Paraguay,1993,53907177.76,12.2902
5829,pry,Paraguay,1994,53452296.78,11.8907
5830,pry,Paraguay,1995,56687100.54,12.3128
5831,pry,Paraguay,1996,64854895.32,13.7648
5832,pry,Paraguay,1997,67182558.48,13.9432
5833,pry,Paraguay,1998,62972307.29,12.7903
5834,pry,Paraguay,1999,59983765.5,11.9346
5835,pry,Paraguay,2000,56490700.27,11.0251
5836,pry,Paraguay,2001,60135531.89,11.5389
5837,pry,Paraguay,2002,45561460.72,8.6184
5838,pry,Paraguay,2003,42866244.37,8.0075
5839,pry,Paraguay,2004,45312519.28,8.3659
5840,pry,Paraguay,2005,41032473.15,7.4919
5841,pry,Paraguay,2006,46312795.09,8.3678
5842,pry,Paraguay,2007,54770973.6,9.7978
5843,pry,Paraguay,2008,59897208.22,10.6104
5844,pry,Paraguay,2009,56947020.39,9.9862
5845,pry,Paraguay,2010,79949272.37,13.8594
5846,pry,Paraguay,2011,99261853,16.9854
5847,pry,Paraguay,2012,94653443.33,15.9798
5848,pry,Paraguay,2013,102703352,17.1011
5849,pry,Paraguay,2014,111300110.6,18.2737
5850,pry,Paraguay,2015,107564612,17.4111
5851,pry,Paraguay,2016,100161948.1,15.9834
5852,pry,Paraguay,2017,105234128.9,16.5582
5853,pry,Paraguay,2018,102880357.2,15.967
5854,pry,Paraguay,2019,103476837.6,15.8463
5855,pry,Paraguay,2020,100515522.8,15.1866
5856,pry,Paraguay,2021,98503635.6,14.6937
5857,pry,Paraguay,2022,97359011.59,14.3582
5858,pry,Paraguay,2023,99912456.96,14.5613
5859,pry,Paraguay,2024,100755571.2,14.5029
5860,per,Peru,1970,104230432.5,7.6853
5861,per,Peru,1971,101482048.5,7.2946
5862,per,Peru,1972,95153361.64,6.6576
5863,per,Peru,1973,92497398.47,6.3032
5864,per,Peru,1974,99451407.6,6.6049
5865,per,Peru,1975,93179699.11,6.0344
5866,per,Peru,1976,112377441.8,7.1004
5867,per,Peru,1977,121992906.1,7.519
5868,per,Peru,1978,111249286.4,6.6863
5869,per,Peru,1979,94037503.53,5.5124
5870,per,Peru,1980,97339169.91,5.5647
5871,per,Peru,1981,106995189.1,5.9666
5872,per,Peru,1982,112007888.8,6.0959
5873,per,Peru,1983,94712395.87,5.0307
5874,per,Peru,1984,100672229.8,5.2201
5875,per,Peru,1985,98244183.87,4.9752
5876,per,Peru,1986,112803018.9,5.582
5877,per,Peru,1987,124873698.5,6.0409
5878,per,Peru,1988,112375648.2,5.3148
5879,per,Peru,1989,116073271.7,5.3677
5880,per,Peru,1990,96880171.83,4.3819
5881,per,Peru,1991,105548083.4,4.6738
5882,per,Peru,1992,108678941,4.7155
5883,per,Peru,1993,117943247.7,5.0159
5884,per,Peru,1994,132761358.2,5.5356
5885,per,Peru,1995,145265558.3,5.9416
5886,per,Peru,1996,149481960.4,6.0015
5887,per,Peru,1997,152921256.3,6.0287
5888,per,Peru,1998,152147406.5,5.893
5889,per,Peru,1999,161160545.5,6.1389
5890,per,Peru,2000,158004083.2,5.9279
5891,per,Peru,2001,160482097.5,5.9405
5892,per,Peru,2002,164544400.5,6.0197
5893,per,Peru,2003,150513383.1,5.4488
5894,per,Peru,2004,141993659.4,5.0905
5895,per,Peru,2005,144570236.4,5.1362
5896,per,Peru,2006,153721205.9,5.4163
5897,per,Peru,2007,171541402.3,5.9979
5898,per,Peru,2008,194762440.4,6.7611
5899,per,Peru,2009,178927525.8,6.1679
5900,per,Peru,2010,191877544.7,6.5645
5901,per,Peru,2011,195178569.9,6.6212
5902,per,Peru,2012,220505728.1,7.4121
5903,per,Peru,2013,220689428.1,7.3468
5904,per,Peru,2014,225703994.1,7.4357
5905,per,Peru,2015,219943436.1,7.1615
5906,per,Peru,2016,216999774.5,6.9701
5907,per,Peru,2017,200902737.5,6.3566
5908,per,Peru,2018,207377782.5,6.4395
5909,per,Peru,2019,212204369.3,6.4647
5910,per,Peru,2020,211278939.3,6.3438
5911,per,Peru,2021,213845240.4,6.3426
5912,per,Peru,2022,219958402.2,6.4599
5913,per,Peru,2023,225968642.3,6.5779
5914,per,Peru,2024,228062101.8,6.5755
5915,phl,Philippines,1970,172336373.2,4.6035
5916,phl,Philippines,1971,184174993.1,4.7935
5917,phl,Philippines,1972,184264595.2,4.6753
5918,phl,Philippines,1973,196543150.9,4.8642
5919,phl,Philippines,1974,206555156.6,4.9907
5920,phl,Philippines,1975,218323452.5,5.1498
5921,phl,Philippines,1976,236098927.1,5.4308
5922,phl,Philippines,1977,229739784.4,5.1457
5923,phl,Philippines,1978,232883415.5,5.0747
5924,phl,Philippines,1979,234364391.9,4.9702
5925,phl,Philippines,1980,239847211.7,4.9535
5926,phl,Philippines,1981,247195024.9,4.9758
5927,phl,Philippines,1982,250562827,4.9189
5928,phl,Philippines,1983,228888838.1,4.3832
5929,phl,Philippines,1984,226953294.5,4.2409
5930,phl,Philippines,1985,208805902.6,3.8094
5931,phl,Philippines,1986,209609262.7,3.7357
5932,phl,Philippines,1987,206855558.5,3.6028
5933,phl,Philippines,1988,207318029.9,3.5285
5934,phl,Philippines,1989,222978337.6,3.7084
5935,phl,Philippines,1990,252357971.3,4.0995
5936,phl,Philippines,1991,223436780.6,3.5444
5937,phl,Philippines,1992,238903830.9,3.7014
5938,phl,Philippines,1993,251472378.4,3.8054
5939,phl,Philippines,1994,272455792.1,4.0274
5940,phl,Philippines,1995,274091060.5,3.958
5941,phl,Philippines,1996,299466795.2,4.2211
5942,phl,Philippines,1997,321976280.9,4.4277
5943,phl,Philippines,1998,290574405.4,3.9008
5944,phl,Philippines,1999,280367200.2,3.677
5945,phl,Philippines,2000,290153239.9,3.7219
5946,phl,Philippines,2001,297007694.3,3.73
5947,phl,Philippines,2002,305828778.5,3.7624
5948,phl,Philippines,2003,307266943.8,3.7046
5949,phl,Philippines,2004,328111779.9,3.878
5950,phl,Philippines,2005,327634546,3.7982
5951,phl,Philippines,2006,338066166.7,3.846
5952,phl,Philippines,2007,381455950.1,4.2592
5953,phl,Philippines,2008,387256260,4.2438
5954,phl,Philippines,2009,394158376.8,4.2407
5955,phl,Philippines,2010,402054339.1,4.2484
5956,phl,Philippines,2011,453308976.2,4.7054
5957,phl,Philippines,2012,467404182.3,4.7679
5958,phl,Philippines,2013,474112748.7,4.7554
5959,phl,Philippines,2014,720395318.2,7.1097
5960,phl,Philippines,2015,741091811.1,7.1929
5961,phl,Philippines,2016,827529424.1,7.8906
5962,phl,Philippines,2017,845040079.5,7.9169
5963,phl,Philippines,2018,863118473.5,7.95
5964,phl,Philippines,2019,888216465.4,8.0468
5965,phl,Philippines,2020,836466731,7.4557
5966,phl,Philippines,2021,911596193.9,8.0049
5967,phl,Philippines,2022,949811586.4,8.2193
5968,phl,Philippines,2023,1008905487,8.5983
5969,phl,Philippines,2024,1069731770,8.9813
5970,pol,Poland,1970,532198939,16.384
5971,pol,Poland,1971,545361167.7,16.6722
5972,pol,Poland,1972,572675727.6,17.3647
5973,pol,Poland,1973,610642874,18.3542
5974,pol,Poland,1974,634090181.8,18.8837
5975,pol,Poland,1975,648736397.6,19.1369
5976,pol,Poland,1976,679464471.6,19.8501
5977,pol,Poland,1977,683666402.3,19.7811
5978,pol,Poland,1978,705854989.2,20.2421
5979,pol,Poland,1979,680405787.1,19.3361
5980,pol,Poland,1980,638802294.4,17.9836
5981,pol,Poland,1981,589425125.9,16.4409
5982,pol,Poland,1982,611646542.7,16.9016
5983,pol,Poland,1983,649874611.9,17.7872
5984,pol,Poland,1984,668054625,18.116
5985,pol,Poland,1985,650938772.5,17.5082
5986,pol,Poland,1986,664137068.6,17.7402
5987,pol,Poland,1987,631343836.1,16.7668
5988,pol,Poland,1988,636613289.2,16.8362
5989,pol,Poland,1989,641652882,16.9127
5990,pol,Poland,1990,467643846.4,12.2856
5991,pol,Poland,1991,485747976.5,12.7268
5992,pol,Poland,1992,445020940.3,11.6338
5993,pol,Poland,1993,470025518.2,12.266
5994,pol,Poland,1994,456355944.1,11.8919
5995,pol,Poland,1995,470690277.3,12.2569
5996,pol,Poland,1996,511587176.4,13.3221
5997,pol,Poland,1997,511847029,13.3307
5998,pol,Poland,1998,510714018.5,13.3068
5999,pol,Poland,1999,519600658,13.5472
6000,pol,Poland,2000,516189357.1,13.406
6001,pol,Poland,2001,483168523.5,12.497
6002,pol,Poland,2002,478895909.1,12.3914
6003,pol,Poland,2003,474371342.2,12.2826
6004,pol,Poland,2004,496511787.3,12.8643
6005,pol,Poland,2005,510218649.1,13.2264
6006,pol,Poland,2006,530065693.3,13.7511
6007,pol,Poland,2007,593831434.6,15.4154
6008,pol,Poland,2008,629462637.3,16.34
6009,pol,Poland,2009,576656728.5,14.9566
6010,pol,Poland,2010,601466254.2,15.5831
6011,pol,Poland,2011,656236962.7,16.9918
6012,pol,Poland,2012,611859507.6,15.8407
6013,pol,Poland,2013,572827167.2,14.8373
6014,pol,Poland,2014,581193621.6,15.0639
6015,pol,Poland,2015,586526794.5,15.2135
6016,pol,Poland,2016,582870762.5,15.1269
6017,pol,Poland,2017,594458864.9,15.4273
6018,pol,Poland,2018,594791171,15.4405
6019,pol,Poland,2019,582874312.8,15.1421
6020,pol,Poland,2020,587404342,15.2857
6021,pol,Poland,2021,560471342.9,14.6308
6022,pol,Poland,2022,563082133.3,14.1275
6023,pol,Poland,2023,593648770.9,14.47
6024,pol,Poland,2024,603598229.7,15.0068
6025,prt,Portugal,1970,80671376.18,9.2901
6026,prt,Portugal,1971,83017190.07,9.5416
6027,prt,Portugal,1972,87400957.23,9.8945
6028,prt,Portugal,1973,95121090.86,10.6186
6029,prt,Portugal,1974,94972778.32,10.46
6030,prt,Portugal,1975,92517674.96,10.0533
6031,prt,Portugal,1976,95929728.18,10.2816
6032,prt,Portugal,1977,98710066.3,10.4356
6033,prt,Portugal,1978,102847971,10.7377
6034,prt,Portugal,1979,108302405,11.1811
6035,prt,Portugal,1980,114771477.5,11.729
6036,prt,Portugal,1981,116445529.6,11.8138
6037,prt,Portugal,1982,120685700,12.185
6038,prt,Portugal,1983,106786916.3,10.739
6039,prt,Portugal,1984,100150595.5,10.0403
6040,prt,Portugal,1985,107724000.6,10.7757
6041,prt,Portugal,1986,119308828,11.9177
6042,prt,Portugal,1987,128028748.3,12.7771
6043,prt,Portugal,1988,136502594,13.6185
6044,prt,Portugal,1989,147431653.2,14.7133
6045,prt,Portugal,1990,157008150.2,15.6893
6046,prt,Portugal,1991,164309147.5,16.4533
6047,prt,Portugal,1992,173220508.2,17.3589
6048,prt,Portugal,1993,167031609.2,16.7164
6049,prt,Portugal,1994,186091628.1,18.5755
6050,prt,Portugal,1995,179768930.7,17.8852
6051,prt,Portugal,1996,199118034.2,19.7388
6052,prt,Portugal,1997,207392418.1,20.472
6053,prt,Portugal,1998,225856788.1,22.1876
6054,prt,Portugal,1999,252403291.8,24.6647
6055,prt,Portugal,2000,251045646.2,24.3719
6056,prt,Portugal,2001,260908173.9,25.1555
6057,prt,Portugal,2002,263149280.4,25.2278
6058,prt,Portugal,2003,249909042.1,23.8614
6059,prt,Portugal,2004,251206356.3,23.9209
6060,prt,Portugal,2005,246299024.6,23.4051
6061,prt,Portugal,2006,234657306.9,22.2552
6062,prt,Portugal,2007,215651202.8,20.4108
6063,prt,Portugal,2008,186258005.5,17.6031
6064,prt,Portugal,2009,199679211.7,18.8531
6065,prt,Portugal,2010,207214355.6,19.5699
6066,prt,Portugal,2011,179859915.1,17.0244
6067,prt,Portugal,2012,143458682.6,13.6341
6068,prt,Portugal,2013,124182878.1,11.867
6069,prt,Portugal,2014,123724179.6,11.887
6070,prt,Portugal,2015,125379959,12.096
6071,prt,Portugal,2016,138997366.5,13.4521
6072,prt,Portugal,2017,125133378.3,12.14
6073,prt,Portugal,2018,129556088.2,12.5907
6074,prt,Portugal,2019,133252210.8,12.9498
6075,prt,Portugal,2020,139443050.3,13.5405
6076,prt,Portugal,2021,143558483.3,13.9511
6077,prt,Portugal,2022,144284011.3,14.0479
6078,prt,Portugal,2023,148830030.6,14.5234
6079,prt,Portugal,2024,151433234.3,14.8125
6080,qat,Qatar,1970,9163567.137,77.6527
6081,qat,Qatar,1971,11463115.41,86.1267
6082,qat,Qatar,1972,14100898.83,95.0592
6083,qat,Qatar,1973,16612091.33,101.4578
6084,qat,Qatar,1974,16682759.19,93.0444
6085,qat,Qatar,1975,16928861.65,86.7955
6086,qat,Qatar,1976,22665898.53,107.4264
6087,qat,Qatar,1977,21549902.44,94.8595
6088,qat,Qatar,1978,23062289.61,94.6635
6089,qat,Qatar,1979,26991368.82,103.6662
6090,qat,Qatar,1980,29228780.6,105.3479
6091,qat,Qatar,1981,30301880.14,102.7576
6092,qat,Qatar,1982,26152317.24,83.6585
6093,qat,Qatar,1983,21731235.93,65.7618
6094,qat,Qatar,1984,26593553.34,76.3654
6095,qat,Qatar,1985,23411600.01,63.9892
6096,qat,Qatar,1986,19177803,50.1606
6097,qat,Qatar,1987,19393118.77,48.8011
6098,qat,Qatar,1988,20543886.17,49.8466
6099,qat,Qatar,1989,24102684.83,56.4603
6100,qat,Qatar,1990,22457296.83,50.8458
6101,qat,Qatar,1991,22908272.23,50.184
6102,qat,Qatar,1992,22936207.69,48.6666
6103,qat,Qatar,1993,24828992.86,51.0842
6104,qat,Qatar,1994,23573320.6,47.0823
6105,qat,Qatar,1995,27820377.44,54.0062
6106,qat,Qatar,1996,27674531.58,52.2886
6107,qat,Qatar,1997,31328391.21,56.8996
6108,qat,Qatar,1998,33579594.89,57.7965
6109,qat,Qatar,1999,22433257.93,36.5778
6110,qat,Qatar,2000,29883320.93,46.2635
6111,qat,Qatar,2001,37722150.1,55.5693
6112,qat,Qatar,2002,42005203.57,58.898
6113,qat,Qatar,2003,42323104.4,56.542
6114,qat,Qatar,2004,42853427.58,55.0856
6115,qat,Qatar,2005,74491721.33,87.7705
6116,qat,Qatar,2006,83609154.77,82.3687
6117,qat,Qatar,2007,107555880,87.3094
6118,qat,Qatar,2008,129459141.5,89.636
6119,qat,Qatar,2009,135702981,84.2732
6120,qat,Qatar,2010,114338744.2,66.728
6121,qat,Qatar,2011,147363838.9,81.6795
6122,qat,Qatar,2012,143851611.2,75.4865
6123,qat,Qatar,2013,152291680.5,74.8178
6124,qat,Qatar,2014,199892841.4,90.2669
6125,qat,Qatar,2015,172220706.6,71.3255
6126,qat,Qatar,2016,215960550.5,83.2165
6127,qat,Qatar,2017,179268372.3,66.1079
6128,qat,Qatar,2018,187145648,67.6414
6129,qat,Qatar,2019,200596128.6,71.4568
6130,qat,Qatar,2020,194362826.4,70.4115
6131,qat,Qatar,2021,179685439.8,66.8414
6132,qat,Qatar,2022,193524738.2,71.8056
6133,qat,Qatar,2023,201394946.8,74.1406
6134,qat,Qatar,2024,208701611.9,76.2503
6135,cog,"Congo, Rep.",1970,6929092.876,4.96
6136,cog,"Congo, Rep.",1971,7258014.257,5.0397
6137,cog,"Congo, Rep.",1972,6867056.319,4.6234
6138,cog,"Congo, Rep.",1973,6723442.741,4.3885
6139,cog,"Congo, Rep.",1974,6910470.794,4.3729
6140,cog,"Congo, Rep.",1975,6916924.232,4.2567
6141,cog,"Congo, Rep.",1976,6898591.509,4.1423
6142,cog,"Congo, Rep.",1977,6698658.646,3.9261
6143,cog,"Congo, Rep.",1978,6299396.561,3.6054
6144,cog,"Congo, Rep.",1979,6687627.228,3.7398
6145,cog,"Congo, Rep.",1980,7388372.724,4.039
6146,cog,"Congo, Rep.",1981,7867073.001,4.2058
6147,cog,"Congo, Rep.",1982,8202699.061,4.2909
6148,cog,"Congo, Rep.",1983,7819443.315,4.0062
6149,cog,"Congo, Rep.",1984,9097187.361,4.5446
6150,cog,"Congo, Rep.",1985,9036713.694,4.3813
6151,cog,"Congo, Rep.",1986,8952791.04,4.2133
6152,cog,"Congo, Rep.",1987,8642658.187,3.9488
6153,cog,"Congo, Rep.",1988,8679896.794,3.852
6154,cog,"Congo, Rep.",1989,9088895.84,3.919
6155,cog,"Congo, Rep.",1990,9609577.343,4.0284
6156,cog,"Congo, Rep.",1991,6736328.451,2.7465
6157,cog,"Congo, Rep.",1992,5919142.399,2.348
6158,cog,"Congo, Rep.",1993,7073473.921,2.7267
6159,cog,"Congo, Rep.",1994,9713254.999,3.639
6160,cog,"Congo, Rep.",1995,8928162.202,3.2557
6161,cog,"Congo, Rep.",1996,8254822.004,2.9308
6162,cog,"Congo, Rep.",1997,8088763.541,2.8134
6163,cog,"Congo, Rep.",1998,9288820.378,3.1625
6164,cog,"Congo, Rep.",1999,8634442.653,2.8623
6165,cog,"Congo, Rep.",2000,6940872.583,2.2147
6166,cog,"Congo, Rep.",2001,9302161.97,2.8586
6167,cog,"Congo, Rep.",2002,9888955.197,2.9686
6168,cog,"Congo, Rep.",2003,9850524.402,2.8764
6169,cog,"Congo, Rep.",2004,10901636.6,3.0769
6170,cog,"Congo, Rep.",2005,13731811.33,3.7387
6171,cog,"Congo, Rep.",2006,15240936.33,3.9968
6172,cog,"Congo, Rep.",2007,23974059.19,6.0597
6173,cog,"Congo, Rep.",2008,20125573.56,4.9212
6174,cog,"Congo, Rep.",2009,23559227.22,5.5339
6175,cog,"Congo, Rep.",2010,19363437.15,4.3632
6176,cog,"Congo, Rep.",2011,22798896.86,4.9733
6177,cog,"Congo, Rep.",2012,25352420.49,5.379
6178,cog,"Congo, Rep.",2013,26218934.76,5.4305
6179,cog,"Congo, Rep.",2014,37916441.71,7.6678
6180,cog,"Congo, Rep.",2015,39095713.32,7.7197
6181,cog,"Congo, Rep.",2016,30717824.17,5.9223
6182,cog,"Congo, Rep.",2017,24393465.57,4.5918
6183,cog,"Congo, Rep.",2018,24087856.8,4.4271
6184,cog,"Congo, Rep.",2019,23447192.57,4.209
6185,cog,"Congo, Rep.",2020,19586232.67,3.4349
6186,cog,"Congo, Rep.",2021,20931064.25,3.5867
6187,cog,"Congo, Rep.",2022,21017866.51,3.5203
6188,cog,"Congo, Rep.",2023,21210311.1,3.4732
6189,cog,"Congo, Rep.",2024,22033578.27,3.5285
6190,rou,Romania,1970,254769458.2,12.788
6191,rou,Romania,1971,277904878.1,13.7951
6192,rou,Romania,1972,295869564.9,14.5161
6193,rou,Romania,1973,297490619.5,14.4215
6194,rou,Romania,1974,308104296.2,14.7491
6195,rou,Romania,1975,314201346.8,14.8437
6196,rou,Romania,1976,344296505.2,16.0514
6197,rou,Romania,1977,346961962.1,16.0047
6198,rou,Romania,1978,354905930.8,16.2473
6199,rou,Romania,1979,364796411,16.5866
6200,rou,Romania,1980,359088809.1,16.2298
6201,rou,Romania,1981,361659889.8,16.2635
6202,rou,Romania,1982,384770749.4,17.2303
6203,rou,Romania,1983,373284762.2,16.6617
6204,rou,Romania,1984,369134960.8,16.4315
6205,rou,Romania,1985,367339531.4,16.3078
6206,rou,Romania,1986,375219087.9,16.6119
6207,rou,Romania,1987,370820098.9,16.369
6208,rou,Romania,1988,375018559,16.5068
6209,rou,Romania,1989,348668847.8,15.3005
6210,rou,Romania,1990,274622207.9,12.0257
6211,rou,Romania,1991,207970241.8,9.1045
6212,rou,Romania,1992,188006940.6,8.2456
6213,rou,Romania,1993,191744990.6,8.4389
6214,rou,Romania,1994,192482473.3,8.5046
6215,rou,Romania,1995,201553190.9,8.9447
6216,rou,Romania,1996,198848805.6,8.8701
6217,rou,Romania,1997,198543674.3,8.9075
6218,rou,Romania,1998,183135078.7,8.2638
6219,rou,Romania,1999,169782832.3,7.7037
6220,rou,Romania,2000,169824857.1,7.7475
6221,rou,Romania,2001,191595211.7,8.7897
6222,rou,Romania,2002,178284654.8,8.2335
6223,rou,Romania,2003,192996825.9,8.9844
6224,rou,Romania,2004,230452007.8,10.8248
6225,rou,Romania,2005,240155062.5,11.3859
6226,rou,Romania,2006,253966519.5,12.146
6227,rou,Romania,2007,310563981.7,14.9711
6228,rou,Romania,2008,333886784.5,16.2101
6229,rou,Romania,2009,248146805.6,12.1246
6230,rou,Romania,2010,251060995.8,12.3461
6231,rou,Romania,2011,297740210.2,14.7248
6232,rou,Romania,2012,279173415,13.8636
6233,rou,Romania,2013,256369874.9,12.776
6234,rou,Romania,2014,263084264.9,13.157
6235,rou,Romania,2015,280249267.1,14.0786
6236,rou,Romania,2016,267519050.9,13.5126
6237,rou,Romania,2017,294708223.8,14.9607
6238,rou,Romania,2018,336431805.5,17.1589
6239,rou,Romania,2019,338369291.4,17.3308
6240,rou,Romania,2020,314263680.6,16.1641
6241,rou,Romania,2021,352954990.7,18.2608
6242,rou,Romania,2022,355520157.5,18.0841
6243,rou,Romania,2023,370584718.5,18.6291
6244,rou,Romania,2024,381232722,19.4318
6245,rus,Russia,1992,1673714309,11.2537
6246,rus,Russia,1993,1685743435,11.3215
6247,rus,Russia,1994,1616356126,10.8605
6248,rus,Russia,1995,1481806178,9.9746
6249,rus,Russia,1996,1403882209,9.4708
6250,rus,Russia,1997,1411610238,9.5418
6251,rus,Russia,1998,1152440628,7.804
6252,rus,Russia,1999,988131700.2,6.7066
6253,rus,Russia,2000,985745855.8,6.7128
6254,rus,Russia,2001,1116765450,7.6368
6255,rus,Russia,2002,1168488520,8.0259
6256,rus,Russia,2003,1151484726,7.9442
6257,rus,Russia,2004,1270611229,8.8021
6258,rus,Russia,2005,1314580354,9.1417
6259,rus,Russia,2006,1434984950,10.0112
6260,rus,Russia,2007,1636688020,11.436
6261,rus,Russia,2008,1707391604,11.9326
6262,rus,Russia,2009,1589904289,11.1055
6263,rus,Russia,2010,1521266506,10.6202
6264,rus,Russia,2011,1719370298,11.993
6265,rus,Russia,2012,1734074836,12.0733
6266,rus,Russia,2013,1859717620,12.9186
6267,rus,Russia,2014,1760274786,12.2
6268,rus,Russia,2015,1702506805,11.7683
6269,rus,Russia,2016,1793737392,12.3613
6270,rus,Russia,2017,1855859266,12.7592
6271,rus,Russia,2018,1685182643,11.5699
6272,rus,Russia,2019,1886516489,12.9442
6273,rus,Russia,2020,1983588833,13.6219
6274,rus,Russia,2021,1830820093,12.6174
6275,rus,Russia,2022,1780237446,12.3018
6276,rus,Russia,2023,1688136256,11.6871
6277,rus,Russia,2024,1695029286,11.7745
6278,rwa,Rwanda,1970,9650078.401,2.4767
6279,rwa,Rwanda,1971,9926122.029,2.472
6280,rwa,Rwanda,1972,9817909.937,2.374
6281,rwa,Rwanda,1973,10225047.28,2.4005
6282,rwa,Rwanda,1974,10268634.03,2.341
6283,rwa,Rwanda,1975,10862327.89,2.4054
6284,rwa,Rwanda,1976,10927013.52,2.3508
6285,rwa,Rwanda,1977,11249263.16,2.3518
6286,rwa,Rwanda,1978,11549540.69,2.3465
6287,rwa,Rwanda,1979,11328648.67,2.2325
6288,rwa,Rwanda,1980,11620263.62,2.2144
6289,rwa,Rwanda,1981,12278875.46,2.2563
6290,rwa,Rwanda,1982,12641968.48,2.2364
6291,rwa,Rwanda,1983,13287766.97,2.2678
6292,rwa,Rwanda,1984,13377929.17,2.2088
6293,rwa,Rwanda,1985,14497456.32,2.3134
6294,rwa,Rwanda,1986,13985612.02,2.1524
6295,rwa,Rwanda,1987,14349701.81,2.1304
6296,rwa,Rwanda,1988,13979310.28,2.0103
6297,rwa,Rwanda,1989,14608203.83,2.0454
6298,rwa,Rwanda,1990,14316110.35,1.9558
6299,rwa,Rwanda,1991,15421901.7,2.0602
6300,rwa,Rwanda,1992,14745407.45,1.9257
6301,rwa,Rwanda,1993,13612857.75,1.7221
6302,rwa,Rwanda,1994,13363993.36,1.9849
6303,rwa,Rwanda,1995,10770695.51,1.8939
6304,rwa,Rwanda,1996,11814293.76,1.7593
6305,rwa,Rwanda,1997,13836965,1.8048
6306,rwa,Rwanda,1998,15402194.95,1.946
6307,rwa,Rwanda,1999,15548156.99,1.9412
6308,rwa,Rwanda,2000,14464982.3,1.7836
6309,rwa,Rwanda,2001,15122128.65,1.8388
6310,rwa,Rwanda,2002,16765949.24,2.0025
6311,rwa,Rwanda,2003,16981241.77,1.9819
6312,rwa,Rwanda,2004,15859981.78,1.8039
6313,rwa,Rwanda,2005,19276107.8,2.1355
6314,rwa,Rwanda,2006,19865252.21,2.1429
6315,rwa,Rwanda,2007,19754280.5,2.0743
6316,rwa,Rwanda,2008,23242869.64,2.3761
6317,rwa,Rwanda,2009,24490114.76,2.4383
6318,rwa,Rwanda,2010,27033138.38,2.6223
6319,rwa,Rwanda,2011,29203619.1,2.7611
6320,rwa,Rwanda,2012,30651215.06,2.8275
6321,rwa,Rwanda,2013,30832848.47,2.7774
6322,rwa,Rwanda,2014,27334519.33,2.4044
6323,rwa,Rwanda,2015,29445162.09,2.529
6324,rwa,Rwanda,2016,29617455.08,2.4824
6325,rwa,Rwanda,2017,29766853.44,2.4339
6326,rwa,Rwanda,2018,32906380.63,2.6258
6327,rwa,Rwanda,2019,35169218.17,2.7401
6328,rwa,Rwanda,2020,36729336.64,2.7939
6329,rwa,Rwanda,2021,44652464.09,3.317
6330,rwa,Rwanda,2022,46525549.86,3.3771
6331,rwa,Rwanda,2023,47916661.19,3.3996
6332,rwa,Rwanda,2024,49270511.71,3.418
6333,sau,Saudi Arabia,1970,61813994.27,10.1232
6334,sau,Saudi Arabia,1971,68125136.44,10.6501
6335,sau,Saudi Arabia,1972,72373067.32,10.763
6336,sau,Saudi Arabia,1973,83316416.87,11.7533
6337,sau,Saudi Arabia,1974,132353093.2,17.686
6338,sau,Saudi Arabia,1975,123410445.5,15.6264
6339,sau,Saudi Arabia,1976,158317660.6,19.0296
6340,sau,Saudi Arabia,1977,183303476,20.9365
6341,sau,Saudi Arabia,1978,188972247,20.5169
6342,sau,Saudi Arabia,1979,215550098.9,22.263
6343,sau,Saudi Arabia,1980,318940548.3,31.3556
6344,sau,Saudi Arabia,1981,341261099.4,31.9586
6345,sau,Saudi Arabia,1982,337126938.9,30.0975
6346,sau,Saudi Arabia,1983,355167478.7,30.2373
6347,sau,Saudi Arabia,1984,320942261.2,26.0709
6348,sau,Saudi Arabia,1985,267951389.5,20.7871
6349,sau,Saudi Arabia,1986,240462188.6,17.834
6350,sau,Saudi Arabia,1987,232297532.6,16.4869
6351,sau,Saudi Arabia,1988,234284978.5,15.9229
6352,sau,Saudi Arabia,1989,241438720.4,15.7256
6353,sau,Saudi Arabia,1990,240464264.9,15.0245
6354,sau,Saudi Arabia,1991,275435690.1,16.5384
6355,sau,Saudi Arabia,1992,301658395,17.4557
6356,sau,Saudi Arabia,1993,329571745.9,18.4671
6357,sau,Saudi Arabia,1994,305204602.3,16.6165
6358,sau,Saudi Arabia,1995,276681536.5,14.6479
6359,sau,Saudi Arabia,1996,276588071.6,14.2496
6360,sau,Saudi Arabia,1997,281724167.9,14.1297
6361,sau,Saudi Arabia,1998,294363499.8,14.3784
6362,sau,Saudi Arabia,1999,278326532.4,13.2476
6363,sau,Saudi Arabia,2000,313820711.9,14.5642
6364,sau,Saudi Arabia,2001,350982422.3,15.8917
6365,sau,Saudi Arabia,2002,373402760.2,16.5051
6366,sau,Saudi Arabia,2003,400031546.1,17.2793
6367,sau,Saudi Arabia,2004,427887404.4,18.0835
6368,sau,Saudi Arabia,2005,468267693.2,19.1932
6369,sau,Saudi Arabia,2006,525879033.8,20.7179
6370,sau,Saudi Arabia,2007,586272635.5,22.2072
6371,sau,Saudi Arabia,2008,674237481.1,24.5737
6372,sau,Saudi Arabia,2009,731993915,25.6986
6373,sau,Saudi Arabia,2010,768069886.3,26.1142
6374,sau,Saudi Arabia,2011,783259303.9,25.9779
6375,sau,Saudi Arabia,2012,868292192.6,28.1716
6376,sau,Saudi Arabia,2013,947870049.1,30.1078
6377,sau,Saudi Arabia,2014,935628705.2,29.1241
6378,sau,Saudi Arabia,2015,988094962.2,30.171
6379,sau,Saudi Arabia,2016,847488657.6,25.3616
6380,sau,Saudi Arabia,2017,871291005.1,25.4815
6381,sau,Saudi Arabia,2018,818416570.5,23.3712
6382,sau,Saudi Arabia,2019,843518663.5,23.544
6383,sau,Saudi Arabia,2020,800781591.8,22.2457
6384,sau,Saudi Arabia,2021,782095866,21.7549
6385,sau,Saudi Arabia,2022,848768973.4,23.3122
6386,sau,Saudi Arabia,2023,869343165.9,23.5294
6387,sau,Saudi Arabia,2024,889610129.1,23.7394
6388,sen,Senegal,1970,41395513.17,9.4776
6389,sen,Senegal,1971,45185297.99,10.0443
6390,sen,Senegal,1972,43422495.81,9.3715
6391,sen,Senegal,1973,47154633.06,9.8814
6392,sen,Senegal,1974,56780669.65,11.5609
6393,sen,Senegal,1975,54643422.59,10.8249
6394,sen,Senegal,1976,53602567.87,10.3456
6395,sen,Senegal,1977,53387680.04,10.0574
6396,sen,Senegal,1978,56325584.7,10.3669
6397,sen,Senegal,1979,56812562.67,10.2099
6398,sen,Senegal,1980,57725350.65,10.1204
6399,sen,Senegal,1981,59254635.48,10.1255
6400,sen,Senegal,1982,56438577.36,9.3933
6401,sen,Senegal,1983,55953805.98,9.0659
6402,sen,Senegal,1984,54415238.83,8.5804
6403,sen,Senegal,1985,58218238.07,8.9282
6404,sen,Senegal,1986,52448942.63,7.8155
6405,sen,Senegal,1987,54303103.68,7.8588
6406,sen,Senegal,1988,52230818.64,7.3424
6407,sen,Senegal,1989,55246932.13,7.5455
6408,sen,Senegal,1990,57372116.57,7.6131
6409,sen,Senegal,1991,50047338.34,6.4541
6410,sen,Senegal,1992,36651635.77,4.5961
6411,sen,Senegal,1993,42727449.68,5.2129
6412,sen,Senegal,1994,40708283.45,4.8364
6413,sen,Senegal,1995,30499898.57,3.5331
6414,sen,Senegal,1996,32181220.52,3.639
6415,sen,Senegal,1997,30777004.37,3.4002
6416,sen,Senegal,1998,37396954.03,4.0379
6417,sen,Senegal,1999,38898820.68,4.1039
6418,sen,Senegal,2000,36034097.14,3.7132
6419,sen,Senegal,2001,44217039.59,4.4493
6420,sen,Senegal,2002,35926767.75,3.5288
6421,sen,Senegal,2003,44506732.75,4.2653
6422,sen,Senegal,2004,49120975.42,4.5913
6423,sen,Senegal,2005,49797989.48,4.5378
6424,sen,Senegal,2006,44545340.8,3.9549
6425,sen,Senegal,2007,51460456.38,4.4501
6426,sen,Senegal,2008,54154512.71,4.5612
6427,sen,Senegal,2009,51535651.72,4.226
6428,sen,Senegal,2010,53454129.69,4.2661
6429,sen,Senegal,2011,53444772.59,4.1508
6430,sen,Senegal,2012,54759945.27,4.1385
6431,sen,Senegal,2013,59878461.75,4.4043
6432,sen,Senegal,2014,57263083.25,4.0989
6433,sen,Senegal,2015,59601276,4.1516
6434,sen,Senegal,2016,64499117.18,4.3724
6435,sen,Senegal,2017,73290070.03,4.8351
6436,sen,Senegal,2018,79884572.39,5.1291
6437,sen,Senegal,2019,80225187.15,5.0138
6438,sen,Senegal,2020,90442681.03,5.5027
6439,sen,Senegal,2021,93132719.25,5.5184
6440,sen,Senegal,2022,94768958.98,5.4728
6441,sen,Senegal,2023,95941011.03,5.4011
6442,sen,Senegal,2024,99555870.13,5.4636
6443,srb,Serbia,2006,80104444.69,10.2767
6444,srb,Serbia,2007,90317996.88,11.6417
6445,srb,Serbia,2008,101845392.6,13.1876
6446,srb,Serbia,2009,92001705.71,11.9669
6447,srb,Serbia,2010,95325265.67,12.4547
6448,srb,Serbia,2011,101653979,13.3388
6449,srb,Serbia,2012,97646775.06,12.8629
6450,srb,Serbia,2013,96696442.87,12.7792
6451,srb,Serbia,2014,95926254.3,12.7156
6452,srb,Serbia,2015,84199860.63,11.1975
6453,srb,Serbia,2016,87046667.75,11.6166
6454,srb,Serbia,2017,87941724.35,11.7807
6455,srb,Serbia,2018,97338981.93,13.0941
6456,srb,Serbia,2019,101017862.9,13.6491
6457,srb,Serbia,2020,116637674.8,15.8518
6458,srb,Serbia,2021,115488577.3,15.8274
6459,srb,Serbia,2022,113476335.3,15.714
6460,srb,Serbia,2023,119478987.2,16.7125
6461,srb,Serbia,2024,122419474.2,17.2494
6462,sle,Sierra Leone,1970,6188765.929,2.2273
6463,sle,Sierra Leone,1971,6158903.769,2.1745
6464,sle,Sierra Leone,1972,6496108.19,2.2504
6465,sle,Sierra Leone,1973,6317441.569,2.1471
6466,sle,Sierra Leone,1974,6430452.056,2.1443
6467,sle,Sierra Leone,1975,6448078.066,2.11
6468,sle,Sierra Leone,1976,6159436.715,1.9787
6469,sle,Sierra Leone,1977,6183026.794,1.9491
6470,sle,Sierra Leone,1978,6283057.509,1.9421
6471,sle,Sierra Leone,1979,6049853.696,1.8333
6472,sle,Sierra Leone,1980,6001083.034,1.7821
6473,sle,Sierra Leone,1981,5976426.601,1.7388
6474,sle,Sierra Leone,1982,6256244.382,1.7828
6475,sle,Sierra Leone,1983,5842742.51,1.6294
6476,sle,Sierra Leone,1984,6427854.228,1.7532
6477,sle,Sierra Leone,1985,6058929.093,1.616
6478,sle,Sierra Leone,1986,5595805.97,1.4561
6479,sle,Sierra Leone,1987,5165554.998,1.3084
6480,sle,Sierra Leone,1988,5625845.499,1.387
6481,sle,Sierra Leone,1989,5604533.827,1.3475
6482,sle,Sierra Leone,1990,6302133.62,1.457
6483,sle,Sierra Leone,1991,5838997.345,1.3337
6484,sle,Sierra Leone,1992,5699643.046,1.325
6485,sle,Sierra Leone,1993,6096883.638,1.4193
6486,sle,Sierra Leone,1994,5592601.477,1.2961
6487,sle,Sierra Leone,1995,6577836.715,1.5212
6488,sle,Sierra Leone,1996,7402416.954,1.7027
6489,sle,Sierra Leone,1997,5989182.46,1.3596
6490,sle,Sierra Leone,1998,5877556.65,1.3208
6491,sle,Sierra Leone,1999,6450324.789,1.4414
6492,sle,Sierra Leone,2000,5671251.742,1.2372
6493,sle,Sierra Leone,2001,6729932.804,1.3856
6494,sle,Sierra Leone,2002,8020832.564,1.5604
6495,sle,Sierra Leone,2003,9393631.767,1.7555
6496,sle,Sierra Leone,2004,9415012.332,1.7015
6497,sle,Sierra Leone,2005,8450573.691,1.4869
6498,sle,Sierra Leone,2006,10729200.08,1.8467
6499,sle,Sierra Leone,2007,10992170.92,1.8508
6500,sle,Sierra Leone,2008,11696106.24,1.9203
6501,sle,Sierra Leone,2009,13766934.15,2.1992
6502,sle,Sierra Leone,2010,15352119.22,2.3851
6503,sle,Sierra Leone,2011,17433820.94,2.6365
6504,sle,Sierra Leone,2012,15847973.89,2.3345
6505,sle,Sierra Leone,2013,20872888.64,2.9969
6506,sle,Sierra Leone,2014,22193011.7,3.108
6507,sle,Sierra Leone,2015,22406600.7,3.0632
6508,sle,Sierra Leone,2016,21967321.78,2.9314
6509,sle,Sierra Leone,2017,22489607.84,2.9293
6510,sle,Sierra Leone,2018,21482426.78,2.7327
6511,sle,Sierra Leone,2019,20658631.23,2.5673
6512,sle,Sierra Leone,2020,22481735.3,2.7304
6513,sle,Sierra Leone,2021,25545303.35,3.0337
6514,sle,Sierra Leone,2022,25999334.21,3.0212
6515,sle,Sierra Leone,2023,25872972.7,2.9431
6516,sle,Sierra Leone,2024,26720128.26,2.9762
6517,sgp,Singapore,1970,28535854.27,13.8401
6518,sgp,Singapore,1971,30281069.69,14.4478
6519,sgp,Singapore,1972,32729680.49,15.3548
6520,sgp,Singapore,1973,37775299.9,17.4211
6521,sgp,Singapore,1974,38910155.09,17.6677
6522,sgp,Singapore,1975,38170782.78,17.0983
6523,sgp,Singapore,1976,39612330.01,17.5126
6524,sgp,Singapore,1977,40036752.69,17.4668
6525,sgp,Singapore,1978,41011148.05,17.6525
6526,sgp,Singapore,1979,43432515.88,18.4174
6527,sgp,Singapore,1980,44990561.92,18.7404
6528,sgp,Singapore,1981,47876944.2,19.5279
6529,sgp,Singapore,1982,49561861.81,19.7677
6530,sgp,Singapore,1983,52673819.5,20.5374
6531,sgp,Singapore,1984,56953932.5,21.7019
6532,sgp,Singapore,1985,56885099.27,21.1784
6533,sgp,Singapore,1986,55477099.31,20.1755
6534,sgp,Singapore,1987,57715138.51,20.5046
6535,sgp,Singapore,1988,64017824.23,22.2245
6536,sgp,Singapore,1989,69979784.31,23.7566
6537,sgp,Singapore,1990,77161775.02,25.5316
6538,sgp,Singapore,1991,77705623.93,24.9007
6539,sgp,Singapore,1992,97282626.19,30.135
6540,sgp,Singapore,1993,110988286.6,33.2885
6541,sgp,Singapore,1994,119132776.7,34.6456
6542,sgp,Singapore,1995,138158853.4,38.9853
6543,sgp,Singapore,1996,170101229.6,46.5788
6544,sgp,Singapore,1997,168819211.4,44.891
6545,sgp,Singapore,1998,217155162.3,56.1662
6546,sgp,Singapore,1999,153838019,38.7845
6547,sgp,Singapore,2000,152943174.6,37.7302
6548,sgp,Singapore,2001,187797909.4,45.5672
6549,sgp,Singapore,2002,136172369.6,32.6021
6550,sgp,Singapore,2003,156096120.5,36.9335
6551,sgp,Singapore,2004,160459615.8,37.5748
6552,sgp,Singapore,2005,149804908.1,34.4804
6553,sgp,Singapore,2006,163763151.6,36.5006
6554,sgp,Singapore,2007,183018236.6,39.2469
6555,sgp,Singapore,2008,186501950.4,38.5462
6556,sgp,Singapore,2009,163009683.2,32.5323
6557,sgp,Singapore,2010,195588653.5,37.8784
6558,sgp,Singapore,2011,212540450.1,40.2436
6559,sgp,Singapore,2012,224368417.8,41.6964
6560,sgp,Singapore,2013,221343668.8,40.4055
6561,sgp,Singapore,2014,200655616.2,36.0211
6562,sgp,Singapore,2015,193783885.6,34.2979
6563,sgp,Singapore,2016,213658953.9,37.4057
6564,sgp,Singapore,2017,236414818.3,41.0123
6565,sgp,Singapore,2018,237347953.9,40.8198
6566,sgp,Singapore,2019,237411905.6,40.4697
6567,sgp,Singapore,2020,257580523.8,43.5848
6568,sgp,Singapore,2021,288321845.4,48.5304
6569,sgp,Singapore,2022,306024991.4,51.2117
6570,sgp,Singapore,2023,319021845.2,53.0402
6571,sgp,Singapore,2024,329233497.2,54.3944
6572,svk,Slovak Republic,1993,79158278.46,14.8742
6573,svk,Slovak Republic,1994,65984445.14,12.3594
6574,svk,Slovak Republic,1995,71420935.81,13.3497
6575,svk,Slovak Republic,1996,78727983.27,14.6927
6576,svk,Slovak Republic,1997,84466125.19,15.7415
6577,svk,Slovak Republic,1998,83207832.33,15.4918
6578,svk,Slovak Republic,1999,86531726.51,16.1001
6579,svk,Slovak Republic,2000,69319938.98,12.8927
6580,svk,Slovak Republic,2001,62027781.17,11.5369
6581,svk,Slovak Republic,2002,63379313.54,11.791
6582,svk,Slovak Republic,2003,63309341.16,11.7798
6583,svk,Slovak Republic,2004,70828447.37,13.1776
6584,svk,Slovak Republic,2005,83841849.74,15.5949
6585,svk,Slovak Republic,2006,83216614.79,15.4757
6586,svk,Slovak Republic,2007,89294458.6,16.6025
6587,svk,Slovak Republic,2008,97191440.54,18.0598
6588,svk,Slovak Republic,2009,80801829.16,14.9941
6589,svk,Slovak Republic,2010,80284746.38,14.8774
6590,svk,Slovak Republic,2011,82432798.81,15.2578
6591,svk,Slovak Republic,2012,75706548.83,13.9957
6592,svk,Slovak Republic,2013,76588900.24,14.1445
6593,svk,Slovak Republic,2014,81021245.52,14.9498
6594,svk,Slovak Republic,2015,78830401.72,14.5324
6595,svk,Slovak Republic,2016,87136282.63,16.0436
6596,svk,Slovak Republic,2017,82334167.23,15.1366
6597,svk,Slovak Republic,2018,87263665.58,16.0213
6598,svk,Slovak Republic,2019,90699307.33,16.6301
6599,svk,Slovak Republic,2020,87659299.05,16.0646
6600,svk,Slovak Republic,2021,92073659.09,16.9016
6601,svk,Slovak Republic,2022,89750373.99,15.9035
6602,svk,Slovak Republic,2023,94457723.63,16.2993
6603,svk,Slovak Republic,2024,97077573.46,17.0227
6604,svn,Slovenia,1992,26821283.49,13.469
6605,svn,Slovenia,1993,33500378.33,16.8201
6606,svn,Slovenia,1994,27286601.81,13.7019
6607,svn,Slovenia,1995,30726345.33,15.4318
6608,svn,Slovenia,1996,30577503.32,15.3604
6609,svn,Slovenia,1997,31317752.32,15.7389
6610,svn,Slovenia,1998,43693872.19,21.9757
6611,svn,Slovenia,1999,42655144.93,21.4751
6612,svn,Slovenia,2000,45526994.12,22.9432
6613,svn,Slovenia,2001,41928883.34,21.1496
6614,svn,Slovenia,2002,47203223.27,23.7947
6615,svn,Slovenia,2003,51444553.41,25.8592
6616,svn,Slovenia,2004,51897850.12,25.9915
6617,svn,Slovenia,2005,48940088.5,24.4117
6618,svn,Slovenia,2006,50049634.7,24.8562
6619,svn,Slovenia,2007,48381142.06,23.9128
6620,svn,Slovenia,2008,49042238.48,24.1108
6621,svn,Slovenia,2009,43877883.66,21.4501
6622,svn,Slovenia,2010,41751639.47,20.2945
6623,svn,Slovenia,2011,42918611.15,20.7793
6624,svn,Slovenia,2012,39340703.72,19.0111
6625,svn,Slovenia,2013,37450547.83,18.0713
6626,svn,Slovenia,2014,39095004.5,18.8417
6627,svn,Slovenia,2015,37411028.55,17.9786
6628,svn,Slovenia,2016,37902866.61,18.1352
6629,svn,Slovenia,2017,37673977.11,17.9537
6630,svn,Slovenia,2018,38268580.56,18.1719
6631,svn,Slovenia,2019,40781055.8,19.301
6632,svn,Slovenia,2020,37458096.41,17.6886
6633,svn,Slovenia,2021,42769885.15,20.1801
6634,svn,Slovenia,2022,42258181.47,19.9346
6635,svn,Slovenia,2023,44170988.66,20.8386
6636,svn,Slovenia,2024,45451736.97,21.45
6637,som,Somalia,1970,33179728.73,8.9169
6638,som,Somalia,1971,33349362.89,8.7339
6639,som,Somalia,1972,34276950.26,8.7481
6640,som,Somalia,1973,33141078.31,8.2393
6641,som,Somalia,1974,33380444.75,8.0906
6642,som,Somalia,1975,35926765.83,8.4968
6643,som,Somalia,1976,35821271.9,8.2656
6644,som,Somalia,1977,37182145.44,8.3565
6645,som,Somalia,1978,39126108.72,8.1893
6646,som,Somalia,1979,38897582.41,7.1915
6647,som,Somalia,1980,39286866.58,6.6676
6648,som,Somalia,1981,41326305.57,6.9632
6649,som,Somalia,1982,42681053.71,7.1711
6650,som,Somalia,1983,41206422.46,6.7084
6651,som,Somalia,1984,42351436.95,6.6496
6652,som,Somalia,1985,44032755.98,6.6408
6653,som,Somalia,1986,44511428.82,6.4429
6654,som,Somalia,1987,46014066.12,6.4283
6655,som,Somalia,1988,48093781.93,6.7166
6656,som,Somalia,1989,48462309.08,6.8884
6657,som,Somalia,1990,45819351.31,6.5465
6658,som,Somalia,1991,38851674.26,5.7706
6659,som,Somalia,1992,36618012.68,5.6965
6660,som,Somalia,1993,39212458.24,5.9227
6661,som,Somalia,1994,41797723.65,6.0056
6662,som,Somalia,1995,42972171.41,5.9593
6663,som,Somalia,1996,43543320.11,5.8272
6664,som,Somalia,1997,42283452.7,5.467
6665,som,Somalia,1998,43633413.37,5.4157
6666,som,Somalia,1999,48253531.35,5.7551
6667,som,Somalia,2000,43539493.34,4.9922
6668,som,Somalia,2001,29374709.79,3.2384
6669,som,Somalia,2002,46848923.97,4.978
6670,som,Somalia,2003,57249390.78,5.8667
6671,som,Somalia,2004,49144785.54,4.8575
6672,som,Somalia,2005,40039134.72,3.8252
6673,som,Somalia,2006,41664067.24,3.8632
6674,som,Somalia,2007,49534431.13,4.4553
6675,som,Somalia,2008,52450809.88,4.5829
6676,som,Somalia,2009,39503672.87,3.3677
6677,som,Somalia,2010,55055173.46,4.5778
6678,som,Somalia,2011,68302719.81,5.5909
6679,som,Somalia,2012,99583227.33,8.0049
6680,som,Somalia,2013,94602897.05,7.3607
6681,som,Somalia,2014,110087885.9,8.2715
6682,som,Somalia,2015,105668482,7.6772
6683,som,Somalia,2016,87629331.66,6.131
6684,som,Somalia,2017,40811036.31,2.7456
6685,som,Somalia,2018,51095664.81,3.3155
6686,som,Somalia,2019,60162692.4,3.7646
6687,som,Somalia,2020,67829555.68,4.1017
6688,som,Somalia,2021,64181214.34,3.7609
6689,som,Somalia,2022,67114902.18,3.8139
6690,som,Somalia,2023,67178674.32,3.7027
6691,som,Somalia,2024,68448060.15,3.659
6692,zaf,South Africa,1970,195877764.1,8.7569
6693,zaf,South Africa,1971,215302980.3,9.3482
6694,zaf,South Africa,1972,215278865.7,9.0841
6695,zaf,South Africa,1973,205391575.1,8.4237
6696,zaf,South Africa,1974,246896155.2,9.8455
6697,zaf,South Africa,1975,227960217.7,8.8432
6698,zaf,South Africa,1976,227763751.7,8.6013
6699,zaf,South Africa,1977,234072616.5,8.6057
6700,zaf,South Africa,1978,234790915.5,8.4024
6701,zaf,South Africa,1979,240267540.8,8.3726
6702,zaf,South Africa,1980,266042403.2,9.0295
6703,zaf,South Africa,1981,301915460,9.9864
6704,zaf,South Africa,1982,270047910,8.7049
6705,zaf,South Africa,1983,252750644.4,7.9319
6706,zaf,South Africa,1984,266684407.9,8.1385
6707,zaf,South Africa,1985,247461948.1,7.3316
6708,zaf,South Africa,1986,246086198.2,7.0557
6709,zaf,South Africa,1987,265057206.1,7.3384
6710,zaf,South Africa,1988,266176954.9,7.1182
6711,zaf,South Africa,1989,279946829.5,7.2396
6712,zaf,South Africa,1990,265240656,6.6514
6713,zaf,South Africa,1991,268639319.2,6.5664
6714,zaf,South Africa,1992,235139504.1,5.6306
6715,zaf,South Africa,1993,261631727.7,6.1524
6716,zaf,South Africa,1994,277028712.7,6.4026
6717,zaf,South Africa,1995,249488658.2,5.672
6718,zaf,South Africa,1996,272821042.8,6.1086
6719,zaf,South Africa,1997,283832585.6,6.2677
6720,zaf,South Africa,1998,272677908.2,5.9469
6721,zaf,South Africa,1999,260941339.4,5.628
6722,zaf,South Africa,2000,284483699.7,6.077
6723,zaf,South Africa,2001,271845471.8,5.7558
6724,zaf,South Africa,2002,295194094.3,6.1936
6725,zaf,South Africa,2003,320508175.6,6.6628
6726,zaf,South Africa,2004,332147987.8,6.8405
6727,zaf,South Africa,2005,362307295.1,7.3914
6728,zaf,South Africa,2006,367159418.4,7.4186
6729,zaf,South Africa,2007,369841980.4,7.3974
6730,zaf,South Africa,2008,371112084,7.3392
6731,zaf,South Africa,2009,372298899.1,7.2756
6732,zaf,South Africa,2010,377824540.7,7.296
6733,zaf,South Africa,2011,374848455.5,7.1477
6734,zaf,South Africa,2012,391341452.9,7.3637
6735,zaf,South Africa,2013,390136194.6,7.2417
6736,zaf,South Africa,2014,376734268,6.8836
6737,zaf,South Africa,2015,358550323.8,6.4168
6738,zaf,South Africa,2016,347253150.9,6.1545
6739,zaf,South Africa,2017,382774913.4,6.7579
6740,zaf,South Africa,2018,380016476.8,6.6275
6741,zaf,South Africa,2019,369130663.3,6.3548
6742,zaf,South Africa,2020,348918928,5.9338
6743,zaf,South Africa,2021,359399486,6.0513
6744,zaf,South Africa,2022,358434253.5,5.9845
6745,zaf,South Africa,2023,351201866.6,5.8132
6746,zaf,South Africa,2024,355355381.4,5.8236
6747,kor,South Korea,1970,134121052.7,4.114
6748,kor,South Korea,1971,140988145.3,4.2354
6749,kor,South Korea,1972,137560718.2,4.0487
6750,kor,South Korea,1973,157942810.6,4.557
6751,kor,South Korea,1974,175742508.3,4.9758
6752,kor,South Korea,1975,182432343,5.0773
6753,kor,South Korea,1976,222203436.2,6.0951
6754,kor,South Korea,1977,260685580.8,7.0625
6755,kor,South Korea,1978,285674414.1,7.6527
6756,kor,South Korea,1979,310056582.6,8.216
6757,kor,South Korea,1980,268256658.5,7.0279
6758,kor,South Korea,1981,283488297.6,7.3192
6759,kor,South Korea,1982,303653218.4,7.7063
6760,kor,South Korea,1983,336756711.7,8.4076
6761,kor,South Korea,1984,358474289.2,8.8154
6762,kor,South Korea,1985,367488885.9,8.9126
6763,kor,South Korea,1986,391382301.8,9.3613
6764,kor,South Korea,1987,434865494.5,10.255
6765,kor,South Korea,1988,502757308.2,11.6952
6766,kor,South Korea,1989,569067537.8,13.0617
6767,kor,South Korea,1990,622229622.1,14.1031
6768,kor,South Korea,1991,710229224.4,15.9647
6769,kor,South Korea,1992,760960137,17.0223
6770,kor,South Korea,1993,766049972.2,17.0488
6771,kor,South Korea,1994,866784111,19.1912
6772,kor,South Korea,1995,931195658.7,20.5139
6773,kor,South Korea,1996,1006941582,22.053
6774,kor,South Korea,1997,983431671.2,21.3964
6775,kor,South Korea,1998,691340165.9,14.9478
6776,kor,South Korea,1999,783350393.5,16.8388
6777,kor,South Korea,2000,921282897.9,19.6903
6778,kor,South Korea,2001,958310737,20.3615
6779,kor,South Korea,2002,1005785021,21.2547
6780,kor,South Korea,2003,1069365237,22.4941
6781,kor,South Korea,2004,1048630828,21.9713
6782,kor,South Korea,2005,1047321951,21.8695
6783,kor,South Korea,2006,1110667307,23.1151
6784,kor,South Korea,2007,1170475666,24.2734
6785,kor,South Korea,2008,1085948798,22.4376
6786,kor,South Korea,2009,987702422.4,20.3281
6787,kor,South Korea,2010,1046744067,21.4439
6788,kor,South Korea,2011,1100090573,22.3733
6789,kor,South Korea,2012,1083137053,21.8224
6790,kor,South Korea,2013,1094772179,21.8525
6791,kor,South Korea,2014,1085276694,21.466
6792,kor,South Korea,2015,1087292466,21.3218
6793,kor,South Korea,2016,1134745648,22.1155
6794,kor,South Korea,2017,1193853038,23.1764
6795,kor,South Korea,2018,1217463048,23.5591
6796,kor,South Korea,2019,1212502175,23.4056
6797,kor,South Korea,2020,1217492325,23.4835
6798,kor,South Korea,2021,1262435192,24.3572
6799,kor,South Korea,2022,1215765775,23.4632
6800,kor,South Korea,2023,1235337802,23.8556
6801,kor,South Korea,2024,1257965216,24.3123
6802,ssd,South Sudan,2009,5766.6602,0.0006
6803,ssd,South Sudan,2010,9888.0589,0.001
6804,ssd,South Sudan,2011,2572041.808,0.2511
6805,ssd,South Sudan,2012,46514225.14,4.3465
6806,ssd,South Sudan,2013,45135060.77,4.064
6807,ssd,South Sudan,2014,49993092.7,4.4584
6808,ssd,South Sudan,2015,45705052.94,4.0829
6809,ssd,South Sudan,2016,40426273.31,3.6532
6810,ssd,South Sudan,2017,33399552.01,3.1337
6811,ssd,South Sudan,2018,28146586.03,2.7076
6812,ssd,South Sudan,2019,48032086.38,4.5974
6813,ssd,South Sudan,2020,74174050.36,6.9934
6814,ssd,South Sudan,2021,26038342.58,2.4226
6815,ssd,South Sudan,2022,26225815.51,2.4031
6816,ssd,South Sudan,2023,25986921.97,2.3435
6817,ssd,South Sudan,2024,26533282.1,2.3528
6818,esp,Spain,1970,374549809.1,11.0838
6819,esp,Spain,1971,371083369.2,10.8715
6820,esp,Spain,1972,422260467.1,12.2341
6821,esp,Spain,1973,439877566.7,12.6046
6822,esp,Spain,1974,450826365.5,12.7605
6823,esp,Spain,1975,464218729.6,12.9814
6824,esp,Spain,1976,491912072.4,13.6116
6825,esp,Spain,1977,478321257.9,13.1
6826,esp,Spain,1978,505916019.1,13.7233
6827,esp,Spain,1979,508909047.8,13.6844
6828,esp,Spain,1980,514971364.1,13.7356
6829,esp,Spain,1981,493069232,13.0584
6830,esp,Spain,1982,501599263.1,13.2062
6831,esp,Spain,1983,479144388.2,12.553
6832,esp,Spain,1984,488499153.3,12.7446
6833,esp,Spain,1985,507697398,13.1966
6834,esp,Spain,1986,540574390.6,14.0079
6835,esp,Spain,1987,572590538.5,14.7977
6836,esp,Spain,1988,620641981,16.0035
6837,esp,Spain,1989,682620576.1,17.5719
6838,esp,Spain,1990,707619339.2,18.1955
6839,esp,Spain,1991,699997302.5,17.95
6840,esp,Spain,1992,715994829,18.2641
6841,esp,Spain,1993,618989115.9,15.7022
6842,esp,Spain,1994,626165089.5,15.8028
6843,esp,Spain,1995,650112172.3,16.3285
6844,esp,Spain,1996,629889165.1,15.7486
6845,esp,Spain,1997,654502782.2,16.2892
6846,esp,Spain,1998,740288434.7,18.3411
6847,esp,Spain,1999,801795481.6,19.7768
6848,esp,Spain,2000,816052365.6,20.0299
6849,esp,Spain,2001,849136075.4,20.7276
6850,esp,Spain,2002,900571428.8,21.7122
6851,esp,Spain,2003,970944644.8,22.9917
6852,esp,Spain,2004,1011778991,23.5518
6853,esp,Spain,2005,1091114990,24.9767
6854,esp,Spain,2006,1145311988,25.7821
6855,esp,Spain,2007,1181022300,26.1024
6856,esp,Spain,2008,1078070736,23.4534
6857,esp,Spain,2009,882793987.4,19.039
6858,esp,Spain,2010,826923599.9,17.7555
6859,esp,Spain,2011,772011432.5,16.521
6860,esp,Spain,2012,640075520.7,13.6897
6861,esp,Spain,2013,758863746.9,16.2834
6862,esp,Spain,2014,736446856.7,15.8496
6863,esp,Spain,2015,712596737,15.3473
6864,esp,Spain,2016,687516253.9,14.7938
6865,esp,Spain,2017,606121673,13.0113
6866,esp,Spain,2018,648539452.2,13.86
6867,esp,Spain,2019,615461412.2,13.0584
6868,esp,Spain,2020,619035375.2,13.0698
6869,esp,Spain,2021,654964002.4,13.7925
6870,esp,Spain,2022,651491244.6,13.6987
6871,esp,Spain,2023,673595131.2,14.1751
6872,esp,Spain,2024,687965070.5,14.4916
6873,lka,Sri Lanka,1970,31571618.95,2.5484
6874,lka,Sri Lanka,1971,31924497.26,2.5227
6875,lka,Sri Lanka,1972,34644956.76,2.6826
6876,lka,Sri Lanka,1973,32970023.67,2.5035
6877,lka,Sri Lanka,1974,34271755.17,2.5541
6878,lka,Sri Lanka,1975,32698853.73,2.3933
6879,lka,Sri Lanka,1976,32114423.58,2.3087
6880,lka,Sri Lanka,1977,30695870.63,2.1679
6881,lka,Sri Lanka,1978,27718702.59,1.9229
6882,lka,Sri Lanka,1979,30116204.53,2.0515
6883,lka,Sri Lanka,1980,30710106.38,2.0551
6884,lka,Sri Lanka,1981,30710056.74,2.0205
6885,lka,Sri Lanka,1982,33516547.12,2.1709
6886,lka,Sri Lanka,1983,34229338.32,2.186
6887,lka,Sri Lanka,1984,36433324.28,2.2954
6888,lka,Sri Lanka,1985,39597811.74,2.4607
6889,lka,Sri Lanka,1986,40693790.51,2.4938
6890,lka,Sri Lanka,1987,38002130.29,2.2966
6891,lka,Sri Lanka,1988,36868063.95,2.198
6892,lka,Sri Lanka,1989,36908779.57,2.1723
6893,lka,Sri Lanka,1990,39315157.48,2.2852
6894,lka,Sri Lanka,1991,39225943.41,2.2522
6895,lka,Sri Lanka,1992,44048422.92,2.4993
6896,lka,Sri Lanka,1993,45639418.46,2.5603
6897,lka,Sri Lanka,1994,52195008.18,2.8978
6898,lka,Sri Lanka,1995,53313595.12,2.9329
6899,lka,Sri Lanka,1996,53326215.3,2.9104
6900,lka,Sri Lanka,1997,56096651.84,3.0406
6901,lka,Sri Lanka,1998,58716585.07,3.1635
6902,lka,Sri Lanka,1999,61832275.32,3.3118
6903,lka,Sri Lanka,2000,68864154.43,3.6676
6904,lka,Sri Lanka,2001,66582885.6,3.5191
6905,lka,Sri Lanka,2002,67738022.41,3.5445
6906,lka,Sri Lanka,2003,68275221.25,3.537
6907,lka,Sri Lanka,2004,68289304.97,3.5037
6908,lka,Sri Lanka,2005,69144740.12,3.5145
6909,lka,Sri Lanka,2006,88635156.51,4.4606
6910,lka,Sri Lanka,2007,98325347.3,4.897
6911,lka,Sri Lanka,2008,104656428.4,5.1591
6912,lka,Sri Lanka,2009,83876219.22,4.095
6913,lka,Sri Lanka,2010,94257271.68,4.5604
6914,lka,Sri Lanka,2011,127384275.2,6.1067
6915,lka,Sri Lanka,2012,132332844.5,6.2964
6916,lka,Sri Lanka,2013,92844337.32,4.3936
6917,lka,Sri Lanka,2014,134925697.1,6.3526
6918,lka,Sri Lanka,2015,138584833.1,6.4951
6919,lka,Sri Lanka,2016,98988784.47,4.6201
6920,lka,Sri Lanka,2017,145379175.8,6.7597
6921,lka,Sri Lanka,2018,96328193.21,4.4636
6922,lka,Sri Lanka,2019,90351729.21,4.1734
6923,lka,Sri Lanka,2020,90947297.6,4.1882
6924,lka,Sri Lanka,2021,92305131.08,4.2393
6925,lka,Sri Lanka,2022,89848858.47,4.1154
6926,lka,Sri Lanka,2023,89306069.14,4.0791
6927,lka,Sri Lanka,2024,89438428.67,4.0748
6928,sdn,Sudan,2012,207583081.5,5.904
6929,sdn,Sudan,2013,224036037.6,6.2248
6930,sdn,Sudan,2014,221787662.2,5.9937
6931,sdn,Sudan,2015,215862077,5.6551
6932,sdn,Sudan,2016,239262873.4,6.0762
6933,sdn,Sudan,2017,248301029.5,6.1038
6934,sdn,Sudan,2018,236060379.5,5.6206
6935,sdn,Sudan,2019,218718466.5,5.0592
6936,sdn,Sudan,2020,208355203.9,4.6884
6937,sdn,Sudan,2021,217348081.1,4.7604
6938,sdn,Sudan,2022,213251744.1,4.5494
6939,sdn,Sudan,2023,200834244.1,4.1746
6940,sdn,Sudan,2024,204562093.7,4.1444
6941,swe,Sweden,1970,153989851.8,19.1823
6942,swe,Sweden,1971,162825577.8,20.1671
6943,swe,Sweden,1972,161478857,19.8922
6944,swe,Sweden,1973,166584530,20.4224
6945,swe,Sweden,1974,165832493.3,20.2404
6946,swe,Sweden,1975,166128725.9,20.1995
6947,swe,Sweden,1976,162529432.9,19.7077
6948,swe,Sweden,1977,152158690,18.4095
6949,swe,Sweden,1978,147335124.1,17.7913
6950,swe,Sweden,1979,157384667.4,18.9711
6951,swe,Sweden,1980,154087043.6,18.5384
6952,swe,Sweden,1981,145529966.4,17.4775
6953,swe,Sweden,1982,139120687.2,16.6797
6954,swe,Sweden,1983,132854704.3,15.901
6955,swe,Sweden,1984,143054805.7,17.0887
6956,swe,Sweden,1985,142874201.7,17.0293
6957,swe,Sweden,1986,153707079.5,18.2728
6958,swe,Sweden,1987,158051731.5,18.731
6959,swe,Sweden,1988,165969383.1,19.5993
6960,swe,Sweden,1989,163582376.2,19.2337
6961,swe,Sweden,1990,176566640.7,20.6549
6962,swe,Sweden,1991,147332847.5,17.1433
6963,swe,Sweden,1992,164082064.6,18.9904
6964,swe,Sweden,1993,150716328.1,17.3568
6965,swe,Sweden,1994,154588282.6,17.721
6966,swe,Sweden,1995,155615013.9,17.7673
6967,swe,Sweden,1996,161396615.7,18.3708
6968,swe,Sweden,1997,159341308.5,18.0908
6969,swe,Sweden,1998,171727384.4,19.4512
6970,swe,Sweden,1999,196789794.3,22.239
6971,swe,Sweden,2000,193960449.6,21.8644
6972,swe,Sweden,2001,185136590.4,20.8095
6973,swe,Sweden,2002,191721177.2,21.4789
6974,swe,Sweden,2003,200826107.9,22.4099
6975,swe,Sweden,2004,203167577.3,22.5635
6976,swe,Sweden,2005,212785177.5,23.5077
6977,swe,Sweden,2006,210264679,23.094
6978,swe,Sweden,2007,221099986.5,24.1263
6979,swe,Sweden,2008,224276679.3,24.3006
6980,swe,Sweden,2009,199264993.6,21.4231
6981,swe,Sweden,2010,219987318.6,23.4485
6982,swe,Sweden,2011,232924487.3,24.6028
6983,swe,Sweden,2012,231788426.5,24.2558
6984,swe,Sweden,2013,230365936.4,23.8748
6985,swe,Sweden,2014,232209428,23.8224
6986,swe,Sweden,2015,228624434.5,23.2121
6987,swe,Sweden,2016,234383184.6,23.5482
6988,swe,Sweden,2017,243274576.6,24.1867
6989,swe,Sweden,2018,246247711.1,24.2315
6990,swe,Sweden,2019,242220299.8,23.59
6991,swe,Sweden,2020,251141166.6,24.2205
6992,swe,Sweden,2021,256584651,24.5134
6993,swe,Sweden,2022,250935706.1,23.7868
6994,swe,Sweden,2023,254495528.1,23.9817
6995,swe,Sweden,2024,259295880.6,24.293
6996,che,Switzerland,1970,164642937,26.636
6997,che,Switzerland,1971,173733855.4,27.9598
6998,che,Switzerland,1972,181267266.4,28.9511
6999,che,Switzerland,1973,195550260.9,31.0035
7000,che,Switzerland,1974,185685274.4,29.2823
7001,che,Switzerland,1975,172629485,27.2361
7002,che,Switzerland,1976,174310184.4,27.6592
7003,che,Switzerland,1977,170554426,27.1547
7004,che,Switzerland,1978,188806305.2,30.0574
7005,che,Switzerland,1979,192382405.1,30.5651
7006,che,Switzerland,1980,185596439.4,29.3706
7007,che,Switzerland,1981,172663901.5,27.1753
7008,che,Switzerland,1982,172182349.4,26.9416
7009,che,Switzerland,1983,168788021.7,26.2975
7010,che,Switzerland,1984,169864097.3,26.3705
7011,che,Switzerland,1985,173402641.3,26.8018
7012,che,Switzerland,1986,192888438,29.659
7013,che,Switzerland,1987,205598272.2,31.4157
7014,che,Switzerland,1988,201705024.3,30.5953
7015,che,Switzerland,1989,199538598.7,30.0229
7016,che,Switzerland,1990,211745399,31.5487
7017,che,Switzerland,1991,190010367.2,27.9616
7018,che,Switzerland,1992,194758374,28.336
7019,che,Switzerland,1993,192040498.3,27.687
7020,che,Switzerland,1994,205479138.5,29.3897
7021,che,Switzerland,1995,210413874.8,29.8956
7022,che,Switzerland,1996,202395091.7,28.6286
7023,che,Switzerland,1997,198153380.5,27.9601
7024,che,Switzerland,1998,210130558.7,29.5616
7025,che,Switzerland,1999,215757518.8,30.2088
7026,che,Switzerland,2000,221002422.8,30.7715
7027,che,Switzerland,2001,226064025.5,31.2917
7028,che,Switzerland,2002,213718241.7,29.3711
7029,che,Switzerland,2003,219066654.9,29.8833
7030,che,Switzerland,2004,224175547.6,30.3714
7031,che,Switzerland,2005,247754589.4,33.3522
7032,che,Switzerland,2006,255169588.7,34.1364
7033,che,Switzerland,2007,262663905.7,34.8273
7034,che,Switzerland,2008,267678111.1,35.0443
7035,che,Switzerland,2009,270517333.5,34.9758
7036,che,Switzerland,2010,287766500.9,36.7873
7037,che,Switzerland,2011,344775253.2,43.5819
7038,che,Switzerland,2012,324506014.1,40.5849
7039,che,Switzerland,2013,326436285,40.3587
7040,che,Switzerland,2014,311509872.3,38.0457
7041,che,Switzerland,2015,313632411.4,37.8704
7042,che,Switzerland,2016,325225579.5,38.8427
7043,che,Switzerland,2017,323553595,38.2827
7044,che,Switzerland,2018,314016520.3,36.8805
7045,che,Switzerland,2019,314568202.5,36.6818
7046,che,Switzerland,2020,335554436.7,38.8436
7047,che,Switzerland,2021,346878426.6,39.9105
7048,che,Switzerland,2022,337544669.9,38.6186
7049,che,Switzerland,2023,350362139.3,39.829
7050,che,Switzerland,2024,360252314.4,40.6999
7051,syr,Syria,1970,16786115.25,2.6564
7052,syr,Syria,1971,18379412.07,2.8109
7053,syr,Syria,1972,23018522.74,3.4008
7054,syr,Syria,1973,16844310.81,2.4053
7055,syr,Syria,1974,24628160.54,3.3994
7056,syr,Syria,1975,27824206.36,3.7113
7057,syr,Syria,1976,33332194.62,4.2961
7058,syr,Syria,1977,30194500.68,3.7605
7059,syr,Syria,1978,34432439.22,4.1434
7060,syr,Syria,1979,34921488.22,4.0603
7061,syr,Syria,1980,43702940.03,4.911
7062,syr,Syria,1981,50510497.67,5.4881
7063,syr,Syria,1982,50075507.06,5.2651
7064,syr,Syria,1983,53357676.51,5.425
7065,syr,Syria,1984,55988765.34,5.4982
7066,syr,Syria,1985,41714671.12,3.9574
7067,syr,Syria,1986,40260144.34,3.691
7068,syr,Syria,1987,38799777.6,3.4394
7069,syr,Syria,1988,47182477.38,4.0473
7070,syr,Syria,1989,38660868.32,3.2126
7071,syr,Syria,1990,36297941.23,2.9251
7072,syr,Syria,1991,45559998.09,3.5643
7073,syr,Syria,1992,47731071.11,3.628
7074,syr,Syria,1993,49538772.49,3.6595
7075,syr,Syria,1994,50757699.99,3.6457
7076,syr,Syria,1995,51230074.38,3.5792
7077,syr,Syria,1996,78171548.57,5.3146
7078,syr,Syria,1997,74628304.92,4.941
7079,syr,Syria,1998,84252535.91,5.4355
7080,syr,Syria,1999,90313458.16,5.6797
7081,syr,Syria,2000,82522888.65,5.0604
7082,syr,Syria,2001,87165580.72,5.2108
7083,syr,Syria,2002,106992012.2,6.2335
7084,syr,Syria,2003,105687148.8,6.0011
7085,syr,Syria,2004,107287215.1,5.9327
7086,syr,Syria,2005,115938511.1,6.2388
7087,syr,Syria,2006,121580055,6.2567
7088,syr,Syria,2007,155214590.1,7.4972
7089,syr,Syria,2008,146786856.2,6.8355
7090,syr,Syria,2009,174467170.7,7.9931
7091,syr,Syria,2010,193711113.6,8.672
7092,syr,Syria,2011,179431101.5,7.8938
7093,syr,Syria,2012,126911520.4,5.6142
7094,syr,Syria,2013,96064858.95,4.469
7095,syr,Syria,2014,64472171.58,3.212
7096,syr,Syria,2015,57260219.5,2.9815
7097,syr,Syria,2016,44843683.15,2.3646
7098,syr,Syria,2017,48815737.21,2.5715
7099,syr,Syria,2018,55021083.06,2.8459
7100,syr,Syria,2019,58523704.38,2.9119
7101,syr,Syria,2020,57455089.91,2.7659
7102,syr,Syria,2021,49360671.56,2.3148
7103,syr,Syria,2022,50164965.27,2.2673
7104,syr,Syria,2023,51327609.82,2.2098
7105,syr,Syria,2024,52125357.19,2.1408
7106,tjk,Tajikistan,1992,18144877.45,3.208
7107,tjk,Tajikistan,1993,21093959.58,3.6892
7108,tjk,Tajikistan,1994,13064740.38,2.251
7109,tjk,Tajikistan,1995,12463020.55,2.1066
7110,tjk,Tajikistan,1996,9616975.643,1.5934
7111,tjk,Tajikistan,1997,10981854.66,1.7953
7112,tjk,Tajikistan,1998,12948907.5,2.1032
7113,tjk,Tajikistan,1999,11893130.72,1.9215
7114,tjk,Tajikistan,2000,9670806.119,1.5417
7115,tjk,Tajikistan,2001,11122707.08,1.7355
7116,tjk,Tajikistan,2002,14314925.39,2.1882
7117,tjk,Tajikistan,2003,15442234.68,2.3143
7118,tjk,Tajikistan,2004,15455153.19,2.2724
7119,tjk,Tajikistan,2005,16810798.9,2.4261
7120,tjk,Tajikistan,2006,18523335.73,2.6247
7121,tjk,Tajikistan,2007,21899827.81,3.0466
7122,tjk,Tajikistan,2008,23813510.24,3.2512
7123,tjk,Tajikistan,2009,25540329.23,3.4197
7124,tjk,Tajikistan,2010,24718868.58,3.2432
7125,tjk,Tajikistan,2011,32348217.78,4.1553
7126,tjk,Tajikistan,2012,33295165.54,4.1847
7127,tjk,Tajikistan,2013,35696001.26,4.3871
7128,tjk,Tajikistan,2014,42398820.74,5.0921
7129,tjk,Tajikistan,2015,39391696.03,4.6212
7130,tjk,Tajikistan,2016,43911864.78,5.0327
7131,tjk,Tajikistan,2017,42794306.42,4.7946
7132,tjk,Tajikistan,2018,44431458.96,4.8675
7133,tjk,Tajikistan,2019,46686909.19,5.0002
7134,tjk,Tajikistan,2020,42820784.68,4.487
7135,tjk,Tajikistan,2021,40205674.46,4.1236
7136,tjk,Tajikistan,2022,38909627.01,3.9094
7137,tjk,Tajikistan,2023,36807104.25,3.6286
7138,tjk,Tajikistan,2024,37792451.49,3.658
7139,tza,Tanzania,1970,69907060.89,5.1334
7140,tza,Tanzania,1971,72094208.79,5.1159
7141,tza,Tanzania,1972,72721910.94,4.9824
7142,tza,Tanzania,1973,76721974.57,5.073
7143,tza,Tanzania,1974,77725596.84,4.9597
7144,tza,Tanzania,1975,82698468.64,5.0911
7145,tza,Tanzania,1976,83969939.1,4.9867
7146,tza,Tanzania,1977,87552862.1,5.016
7147,tza,Tanzania,1978,88475438.08,4.8936
7148,tza,Tanzania,1979,90638117.68,4.8473
7149,tza,Tanzania,1980,89799952.45,4.6534
7150,tza,Tanzania,1981,92771493.51,4.664
7151,tza,Tanzania,1982,95436620.79,4.6555
7152,tza,Tanzania,1983,98300292.35,4.6432
7153,tza,Tanzania,1984,96942436.29,4.4353
7154,tza,Tanzania,1985,101325415.4,4.4895
7155,tza,Tanzania,1986,99783425.64,4.2781
7156,tza,Tanzania,1987,95910757.88,3.9798
7157,tza,Tanzania,1988,95081523.77,3.8271
7158,tza,Tanzania,1989,103332851.9,4.0486
7159,tza,Tanzania,1990,98336539.13,3.7524
7160,tza,Tanzania,1991,100575224.1,3.7401
7161,tza,Tanzania,1992,88770097.16,3.2186
7162,tza,Tanzania,1993,99231328.83,3.4856
7163,tza,Tanzania,1994,87120862.76,2.9434
7164,tza,Tanzania,1995,161195921.1,5.2747
7165,tza,Tanzania,1996,115699809.8,3.7154
7166,tza,Tanzania,1997,88564236.45,2.7863
7167,tza,Tanzania,1998,104431281.9,3.2008
7168,tza,Tanzania,1999,103254471,3.0822
7169,tza,Tanzania,2000,105210019.1,3.0528
7170,tza,Tanzania,2001,117128052.5,3.3074
7171,tza,Tanzania,2002,118549984.8,3.261
7172,tza,Tanzania,2003,125614962.4,3.3646
7173,tza,Tanzania,2004,130234402.4,3.395
7174,tza,Tanzania,2005,126715609.7,3.2129
7175,tza,Tanzania,2006,123803702.7,3.0522
7176,tza,Tanzania,2007,135249979.1,3.2421
7177,tza,Tanzania,2008,141932622.1,3.3107
7178,tza,Tanzania,2009,136392751.7,3.1028
7179,tza,Tanzania,2010,152309458.2,3.3764
7180,tza,Tanzania,2011,169019082.4,3.6414
7181,tza,Tanzania,2012,175160531.7,3.6655
7182,tza,Tanzania,2013,196153506.8,3.9825
7183,tza,Tanzania,2014,213345782,4.1985
7184,tza,Tanzania,2015,201337206.5,3.8319
7185,tza,Tanzania,2016,201135988.2,3.6972
7186,tza,Tanzania,2017,201088738.8,3.5738
7187,tza,Tanzania,2018,200431313.4,3.4503
7188,tza,Tanzania,2019,225865002.3,3.7724
7189,tza,Tanzania,2020,248663549.1,4.0299
7190,tza,Tanzania,2021,275831713.7,4.3378
7191,tza,Tanzania,2022,280260965.2,4.2789
7192,tza,Tanzania,2023,286961528.8,4.2552
7193,tza,Tanzania,2024,295490201.1,4.2566
7194,tha,Thailand,1970,147721147.4,4.1272
7195,tha,Thailand,1971,149199648.4,4.0535
7196,tha,Thailand,1972,144661527.4,3.8235
7197,tha,Thailand,1973,160089809.3,4.1183
7198,tha,Thailand,1974,165654693.5,4.1516
7199,tha,Thailand,1975,172727313.4,4.2223
7200,tha,Thailand,1976,189883307.4,4.5338
7201,tha,Thailand,1977,197451102.6,4.6086
7202,tha,Thailand,1978,210289867.8,4.8004
7203,tha,Thailand,1979,212607384.2,4.7499
7204,tha,Thailand,1980,209332876.5,4.5768
7205,tha,Thailand,1981,224012968.5,4.794
7206,tha,Thailand,1982,235532926.2,4.9378
7207,tha,Thailand,1983,247352832.7,5.0822
7208,tha,Thailand,1984,264154654.8,5.3218
7209,tha,Thailand,1985,265389264,5.2454
7210,tha,Thailand,1986,258309132.1,5.0116
7211,tha,Thailand,1987,273632800.9,5.2141
7212,tha,Thailand,1988,309128789.8,5.7877
7213,tha,Thailand,1989,353800857.8,6.5128
7214,tha,Thailand,1990,387800727.8,7.0218
7215,tha,Thailand,1991,424506464.4,7.567
7216,tha,Thailand,1992,459193323.6,8.0647
7217,tha,Thailand,1993,447305606.2,7.7421
7218,tha,Thailand,1994,498518496.2,8.5057
7219,tha,Thailand,1995,536170151.4,9.0227
7220,tha,Thailand,1996,581286993.1,9.6542
7221,tha,Thailand,1997,555450855.1,9.1074
7222,tha,Thailand,1998,400262690.1,6.4825
7223,tha,Thailand,1999,425640491.3,6.8165
7224,tha,Thailand,2000,447343339.1,7.0932
7225,tha,Thailand,2001,470592992.6,7.3935
7226,tha,Thailand,2002,527631677.4,8.2157
7227,tha,Thailand,2003,575828134.9,8.8894
7228,tha,Thailand,2004,618655718.4,9.4724
7229,tha,Thailand,2005,649608292.8,9.8693
7230,tha,Thailand,2006,715339458.3,10.7863
7231,tha,Thailand,2007,704952041.7,10.5489
7232,tha,Thailand,2008,724092239.4,10.7547
7233,tha,Thailand,2009,691665079.5,10.1995
7234,tha,Thailand,2010,747776293.6,10.9531
7235,tha,Thailand,2011,810822932,11.8002
7236,tha,Thailand,2012,813355275.2,11.761
7237,tha,Thailand,2013,850927083.8,12.2297
7238,tha,Thailand,2014,767111369.1,10.9649
7239,tha,Thailand,2015,769246683.3,10.9432
7240,tha,Thailand,2016,871761050.4,12.3467
7241,tha,Thailand,2017,760745057.1,10.7301
7242,tha,Thailand,2018,817297487.6,11.4905
7243,tha,Thailand,2019,846259044.1,11.8677
7244,tha,Thailand,2020,813900296.7,11.3871
7245,tha,Thailand,2021,838151803.9,11.7059
7246,tha,Thailand,2022,826594460,11.529
7247,tha,Thailand,2023,851159902.7,11.8544
7248,tha,Thailand,2024,877715070.5,12.2099
7249,tgo,Togo,1970,10124149.59,4.6074
7250,tgo,Togo,1971,10385576.73,4.5808
7251,tgo,Togo,1972,10408094.87,4.4656
7252,tgo,Togo,1973,11016337.39,4.6076
7253,tgo,Togo,1974,11426581.24,4.6633
7254,tgo,Togo,1975,11275195.97,4.4926
7255,tgo,Togo,1976,11112971.99,4.3247
7256,tgo,Togo,1977,11346327.27,4.3132
7257,tgo,Togo,1978,12813499.04,4.7574
7258,tgo,Togo,1979,12861557.92,4.6579
7259,tgo,Togo,1980,12064357.66,4.2508
7260,tgo,Togo,1981,11052145.94,3.7774
7261,tgo,Togo,1982,10652958.27,3.5236
7262,tgo,Togo,1983,10051201.34,3.2147
7263,tgo,Togo,1984,10822005.81,3.3481
7264,tgo,Togo,1985,11399207.29,3.4165
7265,tgo,Togo,1986,13101355.85,3.8092
7266,tgo,Togo,1987,13470670.61,3.8
7267,tgo,Togo,1988,15562440.91,4.2597
7268,tgo,Togo,1989,15522007.27,4.1242
7269,tgo,Togo,1990,17161777.02,4.4278
7270,tgo,Togo,1991,15257173.48,3.8236
7271,tgo,Togo,1992,16392973.37,3.9922
7272,tgo,Togo,1993,15821266.88,3.8793
7273,tgo,Togo,1994,14354658.44,3.5075
7274,tgo,Togo,1995,17530082.56,4.0962
7275,tgo,Togo,1996,18654318.92,4.1959
7276,tgo,Togo,1997,18261397.59,3.9763
7277,tgo,Togo,1998,18104764.03,3.829
7278,tgo,Togo,1999,19412841.62,3.9879
7279,tgo,Togo,2000,16943552.74,3.3833
7280,tgo,Togo,2001,17534871.43,3.4079
7281,tgo,Togo,2002,19979645.82,3.7829
7282,tgo,Togo,2003,16986561.35,3.1335
7283,tgo,Togo,2004,15027856.48,2.7003
7284,tgo,Togo,2005,15328506.74,2.6838
7285,tgo,Togo,2006,16178389.15,2.7541
7286,tgo,Togo,2007,17771685.08,2.9387
7287,tgo,Togo,2008,20099827.64,3.2302
7288,tgo,Togo,2009,18420906.91,2.8789
7289,tgo,Togo,2010,20579855.14,3.1315
7290,tgo,Togo,2011,22734093.26,3.3687
7291,tgo,Togo,2012,21286585.49,3.0731
7292,tgo,Togo,2013,22726162.69,3.1981
7293,tgo,Togo,2014,24374398.12,3.3443
7294,tgo,Togo,2015,21917931.74,2.9329
7295,tgo,Togo,2016,24210387.13,3.1601
7296,tgo,Togo,2017,25082924.7,3.1941
7297,tgo,Togo,2018,22095410.7,2.7459
7298,tgo,Togo,2019,22175880.05,2.6902
7299,tgo,Togo,2020,23007620.76,2.7252
7300,tgo,Togo,2021,22293011.22,2.5788
7301,tgo,Togo,2022,22311050.81,2.5214
7302,tgo,Togo,2023,22619093.97,2.4983
7303,tgo,Togo,2024,23231968.91,2.5086
7304,tun,Tunisia,1970,25736962.24,5.099
7305,tun,Tunisia,1971,28239188.58,5.4494
7306,tun,Tunisia,1972,30619788.73,5.7554
7307,tun,Tunisia,1973,32462332.12,5.9415
7308,tun,Tunisia,1974,36596294.59,6.5198
7309,tun,Tunisia,1975,40286826.24,6.9832
7310,tun,Tunisia,1976,40610402.21,6.8483
7311,tun,Tunisia,1977,43974720.13,7.2175
7312,tun,Tunisia,1978,43619138.86,6.9736
7313,tun,Tunisia,1979,46629631.59,7.2675
7314,tun,Tunisia,1980,50521524.74,7.6802
7315,tun,Tunisia,1981,50452146.53,7.481
7316,tun,Tunisia,1982,51020978.66,7.3783
7317,tun,Tunisia,1983,60566572.31,8.541
7318,tun,Tunisia,1984,59353709.78,8.1539
7319,tun,Tunisia,1985,62500289.5,8.36
7320,tun,Tunisia,1986,52285347.1,6.812
7321,tun,Tunisia,1987,59048954.09,7.4989
7322,tun,Tunisia,1988,48313348.44,5.9877
7323,tun,Tunisia,1989,45797027.72,5.5469
7324,tun,Tunisia,1990,50575771.49,5.9924
7325,tun,Tunisia,1991,60481486.29,7.0141
7326,tun,Tunisia,1992,61774182.73,7.0178
7327,tun,Tunisia,1993,62597339.33,6.9729
7328,tun,Tunisia,1994,65733525.75,7.1894
7329,tun,Tunisia,1995,57730021.7,6.2115
7330,tun,Tunisia,1996,66031271.14,7.0018
7331,tun,Tunisia,1997,62065307.64,6.4936
7332,tun,Tunisia,1998,66417082.79,6.8633
7333,tun,Tunisia,1999,74371617.51,7.5982
7334,tun,Tunisia,2000,75639062.36,7.6455
7335,tun,Tunisia,2001,76985423.9,7.7023
7336,tun,Tunisia,2002,78442839.79,7.7708
7337,tun,Tunisia,2003,77710256.16,7.6233
7338,tun,Tunisia,2004,78231150.26,7.601
7339,tun,Tunisia,2005,76019088.15,7.3177
7340,tun,Tunisia,2006,80241288.66,7.654
7341,tun,Tunisia,2007,81250082.61,7.6793
7342,tun,Tunisia,2008,85777716.52,8.0313
7343,tun,Tunisia,2009,85710183.88,7.9475
7344,tun,Tunisia,2010,94465898.54,8.6705
7345,tun,Tunisia,2011,91318818.81,8.2772
7346,tun,Tunisia,2012,89938023.88,8.0486
7347,tun,Tunisia,2013,93465638.02,8.2711
7348,tun,Tunisia,2014,99116194.95,8.6724
7349,tun,Tunisia,2015,100445690.9,8.6907
7350,tun,Tunisia,2016,114122752.5,9.766
7351,tun,Tunisia,2017,103361050.6,8.7509
7352,tun,Tunisia,2018,97743767.03,8.191
7353,tun,Tunisia,2019,96175062.94,7.9818
7354,tun,Tunisia,2020,94708444.45,7.7874
7355,tun,Tunisia,2021,90146451.68,7.3511
7356,tun,Tunisia,2022,89253406.24,7.2234
7357,tun,Tunisia,2023,90756240.66,7.2848
7358,tun,Tunisia,2024,93479867.03,7.4399
7359,tur,Turkey,1970,211944878.7,5.9634
7360,tur,Turkey,1971,219502102,6.0369
7361,tur,Turkey,1972,229276098.7,6.1653
7362,tur,Turkey,1973,233833022.1,6.1489
7363,tur,Turkey,1974,263242597.9,6.7735
7364,tur,Turkey,1975,282005917.2,7.1082
7365,tur,Turkey,1976,316911165.1,7.8248
7366,tur,Turkey,1977,327495563.7,7.9133
7367,tur,Turkey,1978,342185060.5,8.091
7368,tur,Turkey,1979,349182557.3,8.0853
7369,tur,Turkey,1980,314625690.9,7.1361
7370,tur,Turkey,1981,324633215.2,7.217
7371,tur,Turkey,1982,325041389.6,7.0738
7372,tur,Turkey,1983,318887747.5,6.781
7373,tur,Turkey,1984,345319369.2,7.1782
7374,tur,Turkey,1985,372276155,7.5703
7375,tur,Turkey,1986,415079764.5,8.2646
7376,tur,Turkey,1987,461069752,8.9965
7377,tur,Turkey,1988,451821944.9,8.643
7378,tur,Turkey,1989,439136766.3,8.2382
7379,tur,Turkey,1990,477183665.9,8.784
7380,tur,Turkey,1991,493608222.4,8.9226
7381,tur,Turkey,1992,555049594.9,9.8584
7382,tur,Turkey,1993,631178788.5,11.0161
7383,tur,Turkey,1994,526557857.5,9.0303
7384,tur,Turkey,1995,599871930.1,10.1149
7385,tur,Turkey,1996,652558624.5,10.823
7386,tur,Turkey,1997,663161531.7,10.8223
7387,tur,Turkey,1998,715788027.7,11.5
7388,tur,Turkey,1999,656987788,10.3977
7389,tur,Turkey,2000,662385636.7,10.3314
7390,tur,Turkey,2001,506010914.4,7.7762
7391,tur,Turkey,2002,550021585.9,8.3351
7392,tur,Turkey,2003,589939367.9,8.8225
7393,tur,Turkey,2004,649120913.9,9.5762
7394,tur,Turkey,2005,741550863.3,10.7933
7395,tur,Turkey,2006,847588896.8,12.1778
7396,tur,Turkey,2007,984170899.8,13.966
7397,tur,Turkey,2008,980162963.6,13.743
7398,tur,Turkey,2009,897240601.4,12.4227
7399,tur,Turkey,2010,1117180467,15.263
7400,tur,Turkey,2011,1296430661,17.4783
7401,tur,Turkey,2012,1280840518,17.0149
7402,tur,Turkey,2013,1396812807,18.2408
7403,tur,Turkey,2014,1309789206,16.7681
7404,tur,Turkey,2015,1389443723,17.4452
7405,tur,Turkey,2016,1301635592,16.0657
7406,tur,Turkey,2017,1272589394,15.5024
7407,tur,Turkey,2018,1413830258,17.0733
7408,tur,Turkey,2019,1412648194,16.9217
7409,tur,Turkey,2020,1573626666,18.7035
7410,tur,Turkey,2021,1620527165,19.1155
7411,tur,Turkey,2022,1655739309,19.4014
7412,tur,Turkey,2023,1748986508,20.3806
7413,tur,Turkey,2024,1839961762,21.3303
7414,tkm,Turkmenistan,1992,24359028.68,6.204
7415,tkm,Turkmenistan,1993,17747025.8,4.4019
7416,tkm,Turkmenistan,1994,23587388.48,5.707
7417,tkm,Turkmenistan,1995,24834250.76,5.8757
7418,tkm,Turkmenistan,1996,17956905.42,4.175
7419,tkm,Turkmenistan,1997,25047234.65,5.7399
7420,tkm,Turkmenistan,1998,33558609.44,7.5727
7421,tkm,Turkmenistan,1999,46270084.79,10.2798
7422,tkm,Turkmenistan,2000,33149340.78,7.2551
7423,tkm,Turkmenistan,2001,56484119.54,12.1862
7424,tkm,Turkmenistan,2002,51936953.52,11.0528
7425,tkm,Turkmenistan,2003,71797218.8,15.0867
7426,tkm,Turkmenistan,2004,66963624.66,13.8935
7427,tkm,Turkmenistan,2005,50831228.65,10.4039
7428,tkm,Turkmenistan,2006,34835839.4,7.0318
7429,tkm,Turkmenistan,2007,36804848.75,7.3245
7430,tkm,Turkmenistan,2008,37506282.75,7.3541
7431,tkm,Turkmenistan,2009,34246801.99,6.6101
7432,tkm,Turkmenistan,2010,31092086.28,5.9021
7433,tkm,Turkmenistan,2011,34611420.09,6.4564
7434,tkm,Turkmenistan,2012,43831410.42,8.0297
7435,tkm,Turkmenistan,2013,46740457.33,8.4064
7436,tkm,Turkmenistan,2014,53333094.52,9.4176
7437,tkm,Turkmenistan,2015,57428136.72,9.959
7438,tkm,Turkmenistan,2016,59665486.32,10.167
7439,tkm,Turkmenistan,2017,62851273.36,10.5307
7440,tkm,Turkmenistan,2018,70184796.77,11.572
7441,tkm,Turkmenistan,2019,80334077.25,13.0446
7442,tkm,Turkmenistan,2020,74885416.58,11.9808
7443,tkm,Turkmenistan,2021,73459713.84,11.5833
7444,tkm,Turkmenistan,2022,76393105.23,11.8793
7445,tkm,Turkmenistan,2023,74149445.6,11.3794
7446,tkm,Turkmenistan,2024,77003943.55,11.6707
7447,uga,Uganda,1970,52372262.95,5.0762
7448,uga,Uganda,1971,51443096.68,4.8457
7449,uga,Uganda,1972,52170712.34,4.7927
7450,uga,Uganda,1973,52457707.99,4.7064
7451,uga,Uganda,1974,53656418.82,4.6949
7452,uga,Uganda,1975,56344406.4,4.8031
7453,uga,Uganda,1976,56101118.16,4.6575
7454,uga,Uganda,1977,55334689.84,4.4736
7455,uga,Uganda,1978,55348648.74,4.3575
7456,uga,Uganda,1979,48670114.47,3.7405
7457,uga,Uganda,1980,47875593.28,3.604
7458,uga,Uganda,1981,51078353.68,3.7659
7459,uga,Uganda,1982,52921935.52,3.8128
7460,uga,Uganda,1983,55656390.35,3.9115
7461,uga,Uganda,1984,53469588.64,3.6578
7462,uga,Uganda,1985,55347285.38,3.6803
7463,uga,Uganda,1986,56478997.03,3.6469
7464,uga,Uganda,1987,55203279.6,3.4558
7465,uga,Uganda,1988,57807657.44,3.5058
7466,uga,Uganda,1989,59532124.36,3.496
7467,uga,Uganda,1990,60521290.41,3.4413
7468,uga,Uganda,1991,60065932.49,3.3054
7469,uga,Uganda,1992,62915188.91,3.3462
7470,uga,Uganda,1993,65049280.88,3.3422
7471,uga,Uganda,1994,67165560.53,3.3374
7472,uga,Uganda,1995,71632679.06,3.4637
7473,uga,Uganda,1996,71953983.12,3.3861
7474,uga,Uganda,1997,70066877.69,3.2028
7475,uga,Uganda,1998,83629135.16,3.7106
7476,uga,Uganda,1999,90605810.88,3.8921
7477,uga,Uganda,2000,88006611.92,3.6638
7478,uga,Uganda,2001,88496326.1,3.5737
7479,uga,Uganda,2002,94902164.42,3.7151
7480,uga,Uganda,2003,98423578.32,3.7346
7481,uga,Uganda,2004,96018499.18,3.5371
7482,uga,Uganda,2005,97433692.41,3.4864
7483,uga,Uganda,2006,98677128.19,3.4295
7484,uga,Uganda,2007,102279628.2,3.4519
7485,uga,Uganda,2008,104770092,3.434
7486,uga,Uganda,2009,130076694.5,4.1409
7487,uga,Uganda,2010,129438993,4.0022
7488,uga,Uganda,2011,128884992.2,3.8709
7489,uga,Uganda,2012,129670202.6,3.7834
7490,uga,Uganda,2013,124343686.5,3.5251
7491,uga,Uganda,2014,137299388.4,3.7785
7492,uga,Uganda,2015,131925534.9,3.5201
7493,uga,Uganda,2016,126261834.2,3.2585
7494,uga,Uganda,2017,137932048.7,3.4374
7495,uga,Uganda,2018,154439296.9,3.72
7496,uga,Uganda,2019,161826551.3,3.7679
7497,uga,Uganda,2020,183905064.7,4.1416
7498,uga,Uganda,2021,182103155.3,3.9714
7499,uga,Uganda,2022,186056576,3.9377
7500,uga,Uganda,2023,188088397.8,3.8715
7501,uga,Uganda,2024,194425132.3,3.8944
7502,ukr,Ukraine,1992,516468922,9.9733
7503,ukr,Ukraine,1993,461857611.6,8.9199
7504,ukr,Ukraine,1994,354750446.5,6.89
7505,ukr,Ukraine,1995,293330095.7,5.7447
7506,ukr,Ukraine,1996,241348973.8,4.7682
7507,ukr,Ukraine,1997,240922710.9,4.8022
7508,ukr,Ukraine,1998,212746061.3,4.2767
7509,ukr,Ukraine,1999,195019071.8,3.9541
7510,ukr,Ukraine,2000,214697116.2,4.3924
7511,ukr,Ukraine,2001,265387810.2,5.4816
7512,ukr,Ukraine,2002,250682337.7,5.2251
7513,ukr,Ukraine,2003,271737685.2,5.7081
7514,ukr,Ukraine,2004,277233572.4,5.8659
7515,ukr,Ukraine,2005,298332387.7,6.3593
7516,ukr,Ukraine,2006,332543873.1,7.1373
7517,ukr,Ukraine,2007,352242589.4,7.6057
7518,ukr,Ukraine,2008,373586406.8,8.1103
7519,ukr,Ukraine,2009,292256523.8,6.3723
7520,ukr,Ukraine,2010,289801419.3,6.3437
7521,ukr,Ukraine,2011,369412624.3,8.1161
7522,ukr,Ukraine,2012,341925545.1,7.5304
7523,ukr,Ukraine,2013,373953154.2,8.2537
7524,ukr,Ukraine,2014,342479166.1,7.5857
7525,ukr,Ukraine,2015,261956230.9,5.8235
7526,ukr,Ukraine,2016,308326488.1,6.8771
7527,ukr,Ukraine,2017,323290812.1,7.2394
7528,ukr,Ukraine,2018,382522013.7,8.6063
7529,ukr,Ukraine,2019,393713003.1,8.9053
7530,ukr,Ukraine,2020,348869648.5,7.9452
7531,ukr,Ukraine,2021,402815063.3,9.2534
7532,ukr,Ukraine,2022,374530976,9.4336
7533,ukr,Ukraine,2023,367133608.6,9.9915
7534,ukr,Ukraine,2024,374242412.7,9.8646
7535,are,United Arab Emirates,1970,15316852.82,51.3844
7536,are,United Arab Emirates,1971,18775489.96,54.4986
7537,are,United Arab Emirates,1972,21485650.62,54.7589
7538,are,United Arab Emirates,1973,30131443.89,68.2408
7539,are,United Arab Emirates,1974,50764208.6,103.1887
7540,are,United Arab Emirates,1975,54470924.52,100.242
7541,are,United Arab Emirates,1976,67218311.8,109.4445
7542,are,United Arab Emirates,1977,71892116.7,101.7062
7543,are,United Arab Emirates,1978,62697903.68,77.8633
7544,are,United Arab Emirates,1979,71366287.54,78.5581
7545,are,United Arab Emirates,1980,78676903.53,77.587
7546,are,United Arab Emirates,1981,80088563.36,72.7959
7547,are,United Arab Emirates,1982,73882215.7,63.2631
7548,are,United Arab Emirates,1983,67496573.78,54.5395
7549,are,United Arab Emirates,1984,75703533.62,57.8627
7550,are,United Arab Emirates,1985,76586312.26,55.516
7551,are,United Arab Emirates,1986,62177636.98,42.3352
7552,are,United Arab Emirates,1987,64011465.01,40.6188
7553,are,United Arab Emirates,1988,59799188.82,35.5169
7554,are,United Arab Emirates,1989,70937570.38,39.5892
7555,are,United Arab Emirates,1990,83391867.72,43.887
7556,are,United Arab Emirates,1991,84089216.73,41.8691
7557,are,United Arab Emirates,1992,101876634,48.1406
7558,are,United Arab Emirates,1993,85126988.85,38.2889
7559,are,United Arab Emirates,1994,97589268.27,41.9014
7560,are,United Arab Emirates,1995,103968179.3,42.7152
7561,are,United Arab Emirates,1996,97139245.8,37.7572
7562,are,United Arab Emirates,1997,90800905.05,33.0652
7563,are,United Arab Emirates,1998,104039534.4,35.6162
7564,are,United Arab Emirates,1999,116558049.3,37.629
7565,are,United Arab Emirates,2000,124506907.6,38.0135
7566,are,United Arab Emirates,2001,130766501.6,37.8573
7567,are,United Arab Emirates,2002,139655319.6,38.4338
7568,are,United Arab Emirates,2003,153657472,40.2936
7569,are,United Arab Emirates,2004,164096931.4,41.0927
7570,are,United Arab Emirates,2005,177914844,41.5592
7571,are,United Arab Emirates,2006,187342356.3,38.2413
7572,are,United Arab Emirates,2007,272597241.2,46.4183
7573,are,United Arab Emirates,2008,280864575,40.1885
7574,are,United Arab Emirates,2009,272735623.8,34.1233
7575,are,United Arab Emirates,2010,229275444.7,27.0316
7576,are,United Arab Emirates,2011,236775579.6,27.6117
7577,are,United Arab Emirates,2012,238454211.3,27.5193
7578,are,United Arab Emirates,2013,239337524.6,27.3471
7579,are,United Arab Emirates,2014,288626182.1,32.665
7580,are,United Arab Emirates,2015,317565255.2,35.6139
7581,are,United Arab Emirates,2016,347040938.1,38.5847
7582,are,United Arab Emirates,2017,294414484.4,32.4664
7583,are,United Arab Emirates,2018,305742689.7,33.4504
7584,are,United Arab Emirates,2019,312548961.3,33.9297
7585,are,United Arab Emirates,2020,304861065,32.8256
7586,are,United Arab Emirates,2021,362882069.9,38.7482
7587,are,United Arab Emirates,2022,376441979.7,39.8726
7588,are,United Arab Emirates,2023,378448607.2,39.7661
7589,are,United Arab Emirates,2024,387076550.6,40.3547
7590,gbr,United Kingdom,1970,794728179.1,14.2808
7591,gbr,United Kingdom,1971,835475548.5,14.9523
7592,gbr,United Kingdom,1972,826746944.8,14.7482
7593,gbr,United Kingdom,1973,856833605.9,15.2552
7594,gbr,United Kingdom,1974,796730212.4,14.1682
7595,gbr,United Kingdom,1975,797109636.4,14.1666
7596,gbr,United Kingdom,1976,757525054.4,13.4639
7597,gbr,United Kingdom,1977,762842924.3,13.5629
7598,gbr,United Kingdom,1978,805911185.2,14.3297
7599,gbr,United Kingdom,1979,871005885.3,15.4804
7600,gbr,United Kingdom,1980,909315878.3,16.1437
7601,gbr,United Kingdom,1981,877506220.9,15.5598
7602,gbr,United Kingdom,1982,891842206.7,15.7988
7603,gbr,United Kingdom,1983,883751349.4,15.6412
7604,gbr,United Kingdom,1984,853088369.8,15.0807
7605,gbr,United Kingdom,1985,906187084.6,15.9982
7606,gbr,United Kingdom,1986,949171919.8,16.7338
7607,gbr,United Kingdom,1987,1004767210,17.6814
7608,gbr,United Kingdom,1988,1075134890,18.8777
7609,gbr,United Kingdom,1989,1082730832,18.97
7610,gbr,United Kingdom,1990,1092016360,19.0877
7611,gbr,United Kingdom,1991,985150210.9,17.175
7612,gbr,United Kingdom,1992,1055750733,18.3579
7613,gbr,United Kingdom,1993,1009354128,17.5091
7614,gbr,United Kingdom,1994,1091768811,18.8933
7615,gbr,United Kingdom,1995,1073576445,18.5322
7616,gbr,United Kingdom,1996,1101754195,18.9701
7617,gbr,United Kingdom,1997,1193690419,20.4925
7618,gbr,United Kingdom,1998,1217164586,20.8282
7619,gbr,United Kingdom,1999,1286106290,21.934
7620,gbr,United Kingdom,2000,1290052096,21.921
7621,gbr,United Kingdom,2001,1292987339,21.8809
7622,gbr,United Kingdom,2002,1342250100,22.6137
7623,gbr,United Kingdom,2003,1316961001,22.0782
7624,gbr,United Kingdom,2004,1340860478,22.3492
7625,gbr,United Kingdom,2005,1343287905,22.2459
7626,gbr,United Kingdom,2006,1391724789,22.8888
7627,gbr,United Kingdom,2007,1389786598,22.6864
7628,gbr,United Kingdom,2008,1265694837,20.4997
7629,gbr,United Kingdom,2009,1092290247,17.5487
7630,gbr,United Kingdom,2010,1092386897,17.4058
7631,gbr,United Kingdom,2011,1112070845,17.572
7632,gbr,United Kingdom,2012,1075564310,16.8561
7633,gbr,United Kingdom,2013,1121012996,17.4335
7634,gbr,United Kingdom,2014,1196192324,18.4673
7635,gbr,United Kingdom,2015,1206135416,18.4921
7636,gbr,United Kingdom,2016,1186258129,18.068
7637,gbr,United Kingdom,2017,1156145197,17.5002
7638,gbr,United Kingdom,2018,1178484531,17.7394
7639,gbr,United Kingdom,2019,1175378429,17.6011
7640,gbr,United Kingdom,2020,1074956859,16.0299
7641,gbr,United Kingdom,2021,1134927040,16.8685
7642,gbr,United Kingdom,2022,1135642096,16.8221
7643,gbr,United Kingdom,2023,1172900586,17.3156
7644,gbr,United Kingdom,2024,1204445080,17.7225
7645,usa,United States,1970,6565445288,32.7734
7646,usa,United States,1971,6742435694,33.229
7647,usa,United States,1972,6862412177,33.4363
7648,usa,United States,1973,7083135282,34.1661
7649,usa,United States,1974,6880637193,32.878
7650,usa,United States,1975,6475826986,30.6512
7651,usa,United States,1976,6578492474,30.8458
7652,usa,United States,1977,6770855036,31.4284
7653,usa,United States,1978,7024988379,32.2423
7654,usa,United States,1979,7188418942,32.606
7655,usa,United States,1980,6714514054,30.091
7656,usa,United States,1981,6693767608,29.6639
7657,usa,United States,1982,6553418782,28.7429
7658,usa,United States,1983,6566234568,28.5005
7659,usa,United States,1984,7263620028,31.2056
7660,usa,United States,1985,7659556042,32.5736
7661,usa,United States,1986,7615178576,32.0622
7662,usa,United States,1987,7807739268,32.5522
7663,usa,United States,1988,7806723203,32.2209
7664,usa,United States,1989,7872443792,32.1384
7665,usa,United States,1990,8062544347,32.4993
7666,usa,United States,1991,7572479985,30.1021
7667,usa,United States,1992,7930745181,31.0796
7668,usa,United States,1993,8029014710,31.0264
7669,usa,United States,1994,8594320891,32.7685
7670,usa,United States,1995,8570136568,32.2597
7671,usa,United States,1996,8731411327,32.4607
7672,usa,United States,1997,9274278658,34.0471
7673,usa,United States,1998,9793967410,35.5066
7674,usa,United States,1999,10113325813,36.2249
7675,usa,United States,2000,10602229105,37.5435
7676,usa,United States,2001,10402467929,36.4397
7677,usa,United States,2002,10457325724,36.2661
7678,usa,United States,2003,10547779291,36.233
7679,usa,United States,2004,11016302449,37.4771
7680,usa,United States,2005,11400161738,38.4047
7681,usa,United States,2006,11272317170,37.6053
7682,usa,United States,2007,10728180417,35.4365
7683,usa,United States,2008,9998505409,32.7075
7684,usa,United States,2009,8872588225,28.7593
7685,usa,United States,2010,9010612520,28.956
7686,usa,United States,2011,8960768332,28.5487
7687,usa,United States,2012,9227409281,29.1406
7688,usa,United States,2013,9349845597,29.2754
7689,usa,United States,2014,9707736635,30.1451
7690,usa,United States,2015,9968976561,30.7108
7691,usa,United States,2016,10131017083,30.9618
7692,usa,United States,2017,10182621974,30.876
7693,usa,United States,2018,10315616839,31.058
7694,usa,United States,2019,10281568906,30.7537
7695,usa,United States,2020,10066394761,29.9647
7696,usa,United States,2021,10494093133,31.14
7697,usa,United States,2022,10561087455,31.219
7698,usa,United States,2023,10717612667,31.5227
7699,usa,United States,2024,10790606065,31.5686
7700,ury,Uruguay,1970,31837579.55,11.4102
7701,ury,Uruguay,1971,33516199.78,11.9466
7702,ury,Uruguay,1972,29358485.14,10.4068
7703,ury,Uruguay,1973,32602879.48,11.4927
7704,ury,Uruguay,1974,36882942.58,12.9251
7705,ury,Uruguay,1975,33580334.56,11.6925
7706,ury,Uruguay,1976,32485616.47,11.2364
7707,ury,Uruguay,1977,31976508.11,10.991
7708,ury,Uruguay,1978,32369859.4,11.0634
7709,ury,Uruguay,1979,36808550.51,12.5168
7710,ury,Uruguay,1980,43879160.74,14.8554
7711,ury,Uruguay,1981,45803991.51,15.4426
7712,ury,Uruguay,1982,40621983.05,13.6353
7713,ury,Uruguay,1983,28826509.25,9.6304
7714,ury,Uruguay,1984,27040721.48,8.9888
7715,ury,Uruguay,1985,27754618.9,9.1775
7716,ury,Uruguay,1986,29161785.78,9.5889
7717,ury,Uruguay,1987,32321057.93,10.5666
7718,ury,Uruguay,1988,32362847.74,10.5151
7719,ury,Uruguay,1989,30658088.7,9.8964
7720,ury,Uruguay,1990,29789902.04,9.5572
7721,ury,Uruguay,1991,29059483.7,9.2683
7722,ury,Uruguay,1992,36765211.49,11.6577
7723,ury,Uruguay,1993,36781253.06,11.5965
7724,ury,Uruguay,1994,39725835.32,12.4535
7725,ury,Uruguay,1995,40079810.82,12.4925
7726,ury,Uruguay,1996,53493460.68,16.5787
7727,ury,Uruguay,1997,73332587.92,22.5982
7728,ury,Uruguay,1998,79299787.91,24.3051
7729,ury,Uruguay,1999,86094001.33,26.2565
7730,ury,Uruguay,2000,82176698.43,24.9608
7731,ury,Uruguay,2001,74262692.17,22.4974
7732,ury,Uruguay,2002,71473356.35,21.6164
7733,ury,Uruguay,2003,56147669.5,16.962
7734,ury,Uruguay,2004,72011117.94,21.7307
7735,ury,Uruguay,2005,93560759.22,28.2008
7736,ury,Uruguay,2006,90256409.03,27.167
7737,ury,Uruguay,2007,93391605.12,28.0569
7738,ury,Uruguay,2008,87349007.63,26.1828
7739,ury,Uruguay,2009,89220524.15,26.6795
7740,ury,Uruguay,2010,95518249.34,28.4904
7741,ury,Uruguay,2011,92050033.53,27.3825
7742,ury,Uruguay,2012,84030308.12,24.9264
7743,ury,Uruguay,2013,91857741.86,27.1674
7744,ury,Uruguay,2014,41760777.7,12.3128
7745,ury,Uruguay,2015,39994328.97,11.7533
7746,ury,Uruguay,2016,38172329.69,11.1819
7747,ury,Uruguay,2017,40018542.09,11.6938
7748,ury,Uruguay,2018,36419791.58,10.6272
7749,ury,Uruguay,2019,40139139.71,11.7078
7750,ury,Uruguay,2020,30478752.35,8.8883
7751,ury,Uruguay,2021,30619642.38,8.9368
7752,ury,Uruguay,2022,31643587.94,9.245
7753,ury,Uruguay,2023,32392805.22,9.463
7754,ury,Uruguay,2024,32872049.1,9.6024
7755,uzb,Uzbekistan,1992,91262246.1,4.2274
7756,uzb,Uzbekistan,1993,79974322.92,3.6211
7757,uzb,Uzbekistan,1994,90514755.59,4.0113
7758,uzb,Uzbekistan,1995,72606746.34,3.1532
7759,uzb,Uzbekistan,1996,85681965.19,3.6513
7760,uzb,Uzbekistan,1997,83238728.28,3.4861
7761,uzb,Uzbekistan,1998,78016891.79,3.2163
7762,uzb,Uzbekistan,1999,98015820.8,3.9839
7763,uzb,Uzbekistan,2000,68608750.62,2.7525
7764,uzb,Uzbekistan,2001,68233639.1,2.7025
7765,uzb,Uzbekistan,2002,66770408.73,2.6104
7766,uzb,Uzbekistan,2003,60290761.17,2.3273
7767,uzb,Uzbekistan,2004,59577875.66,2.2709
7768,uzb,Uzbekistan,2005,61106336.23,2.2995
7769,uzb,Uzbekistan,2006,73439688.83,2.7274
7770,uzb,Uzbekistan,2007,82288663.01,3.0132
7771,uzb,Uzbekistan,2008,90144008.34,3.2511
7772,uzb,Uzbekistan,2009,99010940.85,3.515
7773,uzb,Uzbekistan,2010,104873050.7,3.6651
7774,uzb,Uzbekistan,2011,108483692.4,3.7334
7775,uzb,Uzbekistan,2012,118198015.5,4.0063
7776,uzb,Uzbekistan,2013,127083567.6,4.2413
7777,uzb,Uzbekistan,2014,138766587.4,4.5577
7778,uzb,Uzbekistan,2015,148366826.3,4.7938
7779,uzb,Uzbekistan,2016,161450697.9,5.133
7780,uzb,Uzbekistan,2017,143317103.4,4.4863
7781,uzb,Uzbekistan,2018,194564818.8,5.9959
7782,uzb,Uzbekistan,2019,196405927.1,5.9559
7783,uzb,Uzbekistan,2020,184762967.2,5.5109
7784,uzb,Uzbekistan,2021,195815021.9,5.7455
7785,uzb,Uzbekistan,2022,185946501.3,5.3699
7786,uzb,Uzbekistan,2023,178564486.4,5.0781
7787,uzb,Uzbekistan,2024,185968121.5,5.213
7788,ven,Venezuela,1970,81814787.17,7.2049
7789,ven,Venezuela,1971,83944262.01,7.1712
7790,ven,Venezuela,1972,86280352.35,7.1533
7791,ven,Venezuela,1973,90835968.57,7.3109
7792,ven,Venezuela,1974,98459429.26,7.6944
7793,ven,Venezuela,1975,101003730.1,7.6655
7794,ven,Venezuela,1976,120756116.7,8.9013
7795,ven,Venezuela,1977,124896713.4,8.9434
7796,ven,Venezuela,1978,141670613.8,9.8567
7797,ven,Venezuela,1979,138225037.1,9.3468
7798,ven,Venezuela,1980,138171243.4,9.084
7799,ven,Venezuela,1981,153907795.4,9.8416
7800,ven,Venezuela,1982,133800434.4,8.3252
7801,ven,Venezuela,1983,127009553.6,7.6931
7802,ven,Venezuela,1984,118714529.3,7.0025
7803,ven,Venezuela,1985,127306672.3,7.3155
7804,ven,Venezuela,1986,136865595.7,7.6629
7805,ven,Venezuela,1987,137977019.4,7.5279
7806,ven,Venezuela,1988,143702828.7,7.6435
7807,ven,Venezuela,1989,123730004.4,6.4191
7808,ven,Venezuela,1990,115374758.4,5.8416
7809,ven,Venezuela,1991,134189355.2,6.6344
7810,ven,Venezuela,1992,217711116,10.5172
7811,ven,Venezuela,1993,192439333.3,9.0893
7812,ven,Venezuela,1994,183263696.4,8.4684
7813,ven,Venezuela,1995,186852042.6,8.4521
7814,ven,Venezuela,1996,192087802.3,8.51
7815,ven,Venezuela,1997,211346205.1,9.174
7816,ven,Venezuela,1998,234802842.3,9.99
7817,ven,Venezuela,1999,237160472.1,9.8953
7818,ven,Venezuela,2000,233718208.1,9.5677
7819,ven,Venezuela,2001,254672197.6,10.2359
7820,ven,Venezuela,2002,213009719.8,8.4091
7821,ven,Venezuela,2003,173111115.9,6.7144
7822,ven,Venezuela,2004,206006289.8,7.8548
7823,ven,Venezuela,2005,234763095.2,8.8029
7824,ven,Venezuela,2006,219003984.8,8.0807
7825,ven,Venezuela,2007,310863770.6,11.2938
7826,ven,Venezuela,2008,299459168.9,10.7203
7827,ven,Venezuela,2009,303131598.7,10.7008
7828,ven,Venezuela,2010,282356064.3,9.833
7829,ven,Venezuela,2011,265037057.3,9.109
7830,ven,Venezuela,2012,336740167,11.4264
7831,ven,Venezuela,2013,370767385.6,12.426
7832,ven,Venezuela,2014,354418330.8,11.7383
7833,ven,Venezuela,2015,483988025.9,15.853
7834,ven,Venezuela,2016,244354113,7.9487
7835,ven,Venezuela,2017,285093988,9.3279
7836,ven,Venezuela,2018,226550356.6,7.5958
7837,ven,Venezuela,2019,262290346.6,9.0533
7838,ven,Venezuela,2020,234397445.8,8.2272
7839,ven,Venezuela,2021,302493546.1,10.7268
7840,ven,Venezuela,2022,295696831.8,10.448
7841,ven,Venezuela,2023,299778264.3,10.3951
7842,ven,Venezuela,2024,302531714.5,10.2918
7843,vnm,Vietnam,1970,78418649.27,1.8703
7844,vnm,Vietnam,1971,81041541.94,1.8883
7845,vnm,Vietnam,1972,78017090.41,1.7769
7846,vnm,Vietnam,1973,78804383.53,1.7554
7847,vnm,Vietnam,1974,78766956.38,1.7161
7848,vnm,Vietnam,1975,77349606.73,1.6468
7849,vnm,Vietnam,1976,86636215.49,1.7988
7850,vnm,Vietnam,1977,88612752.37,1.7931
7851,vnm,Vietnam,1978,89747782.3,1.7701
7852,vnm,Vietnam,1979,91755829.08,1.7703
7853,vnm,Vietnam,1980,78408775.36,1.4803
7854,vnm,Vietnam,1981,76233130.05,1.4044
7855,vnm,Vietnam,1982,84384216.56,1.5168
7856,vnm,Vietnam,1983,93636145.08,1.6424
7857,vnm,Vietnam,1984,104812939,1.7945
7858,vnm,Vietnam,1985,105985126.1,1.772
7859,vnm,Vietnam,1986,108642992,1.7746
7860,vnm,Vietnam,1987,152913073.1,2.4415
7861,vnm,Vietnam,1988,128474871.8,2.0062
7862,vnm,Vietnam,1989,131836553.4,2.0138
7863,vnm,Vietnam,1990,130153724.2,1.9451
7864,vnm,Vietnam,1991,143557849.7,2.1001
7865,vnm,Vietnam,1992,162491536,2.3283
7866,vnm,Vietnam,1993,172924008.5,2.4295
7867,vnm,Vietnam,1994,180917860,2.4954
7868,vnm,Vietnam,1995,205716077.1,2.789
7869,vnm,Vietnam,1996,218336879.9,2.9132
7870,vnm,Vietnam,1997,231201731.7,3.0398
7871,vnm,Vietnam,1998,254677374.6,3.302
7872,vnm,Vietnam,1999,268070788.4,3.4314
7873,vnm,Vietnam,2000,292090704.9,3.6973
7874,vnm,Vietnam,2001,313455938.8,3.9271
7875,vnm,Vietnam,2002,447740361.1,5.5522
7876,vnm,Vietnam,2003,508178676.1,6.2372
7877,vnm,Vietnam,2004,526272193.8,6.3937
7878,vnm,Vietnam,2005,575856406.9,6.9262
7879,vnm,Vietnam,2006,592012007,7.0518
7880,vnm,Vietnam,2007,677453496.4,7.9924
7881,vnm,Vietnam,2008,771188586.1,9.0095
7882,vnm,Vietnam,2009,838014167.4,9.6899
7883,vnm,Vietnam,2010,829788757.4,9.493
7884,vnm,Vietnam,2011,848245469,9.6011
7885,vnm,Vietnam,2012,756950553.4,8.4764
7886,vnm,Vietnam,2013,783139137,8.6757
7887,vnm,Vietnam,2014,1015221269,11.1275
7888,vnm,Vietnam,2015,967114292.2,10.4903
7889,vnm,Vietnam,2016,1023325661,10.9886
7890,vnm,Vietnam,2017,968469291.7,10.2992
7891,vnm,Vietnam,2018,1038946554,10.9462
7892,vnm,Vietnam,2019,1007045092,10.5145
7893,vnm,Vietnam,2020,979259795.4,10.1322
7894,vnm,Vietnam,2021,1058537927,10.8604
7895,vnm,Vietnam,2022,1109490636,11.2998
7896,vnm,Vietnam,2023,1159134715,11.7251
7897,vnm,Vietnam,2024,1211968373,12.1809
7898,yem,Yemen,1970,20111192.79,2.9387
7899,yem,Yemen,1971,22105538.15,3.1471
7900,yem,Yemen,1972,22109233.78,3.064
7901,yem,Yemen,1973,22747442.6,3.0666
7902,yem,Yemen,1974,23126816.06,3.031
7903,yem,Yemen,1975,25395001.15,3.2327
7904,yem,Yemen,1976,25426365.96,3.141
7905,yem,Yemen,1977,25245008.87,3.024
7906,yem,Yemen,1978,25245417.41,2.9303
7907,yem,Yemen,1979,26316745.04,2.957
7908,yem,Yemen,1980,26579704.65,2.8875
7909,yem,Yemen,1981,27286769.8,2.8635
7910,yem,Yemen,1982,27982298.45,2.8344
7911,yem,Yemen,1983,29541559.71,2.8857
7912,yem,Yemen,1984,34799467.68,3.275
7913,yem,Yemen,1985,35112055.47,3.1813
7914,yem,Yemen,1986,34855458.53,3.04
7915,yem,Yemen,1987,33005283.32,2.7699
7916,yem,Yemen,1988,33672297.56,2.7183
7917,yem,Yemen,1989,38307174.1,2.9759
7918,yem,Yemen,1990,47173966.06,3.527
7919,yem,Yemen,1991,26442605.81,1.9029
7920,yem,Yemen,1992,32961824.76,2.2837
7921,yem,Yemen,1993,32237664.66,2.1509
7922,yem,Yemen,1994,37059313.38,2.3827
7923,yem,Yemen,1995,39057390.55,2.4254
7924,yem,Yemen,1996,42152711.21,2.5371
7925,yem,Yemen,1997,43097754.85,2.5191
7926,yem,Yemen,1998,47010874.66,2.6698
7927,yem,Yemen,1999,50770938.8,2.8028
7928,yem,Yemen,2000,54769788.16,2.9401
7929,yem,Yemen,2001,51376142.09,2.6837
7930,yem,Yemen,2002,50887209.78,2.5883
7931,yem,Yemen,2003,68989657.26,3.4172
7932,yem,Yemen,2004,66665575.75,3.2154
7933,yem,Yemen,2005,80604982.05,3.7806
7934,yem,Yemen,2006,95230346.83,4.3353
7935,yem,Yemen,2007,109083315.7,4.8178
7936,yem,Yemen,2008,118501376.9,5.0796
7937,yem,Yemen,2009,93931194.95,3.909
7938,yem,Yemen,2010,93492453.22,3.7784
7939,yem,Yemen,2011,85052559.03,3.3386
7940,yem,Yemen,2012,95423068.04,3.6389
7941,yem,Yemen,2013,95252501.01,3.53
7942,yem,Yemen,2014,89924964.27,3.2402
7943,yem,Yemen,2015,74275321.62,2.6046
7944,yem,Yemen,2016,68602491.62,2.3435
7945,yem,Yemen,2017,58312764.85,1.9415
7946,yem,Yemen,2018,83881496.22,2.7243
7947,yem,Yemen,2019,60522580.92,1.9185
7948,yem,Yemen,2020,49870552.73,1.5447
7949,yem,Yemen,2021,49504958.33,1.501
7950,yem,Yemen,2022,55727998.58,1.6538
7951,yem,Yemen,2023,56063371.04,1.6274
7952,yem,Yemen,2024,57275924.02,1.6262
7953,zmb,Zambia,1970,26962255.43,6.2971
7954,zmb,Zambia,1971,29596750.45,6.7267
7955,zmb,Zambia,1972,32052332.21,7.0856
7956,zmb,Zambia,1973,31100231.44,6.6835
7957,zmb,Zambia,1974,31580085.91,6.5942
7958,zmb,Zambia,1975,30031614.24,6.0901
7959,zmb,Zambia,1976,30007966.44,5.9075
7960,zmb,Zambia,1977,28371277.48,5.4213
7961,zmb,Zambia,1978,25678808.82,4.763
7962,zmb,Zambia,1979,25659441.65,4.6204
7963,zmb,Zambia,1980,26391573.91,4.6136
7964,zmb,Zambia,1981,25568250.87,4.3355
7965,zmb,Zambia,1982,28475969.09,4.6752
7966,zmb,Zambia,1983,25343437.03,4.0285
7967,zmb,Zambia,1984,25827704.94,3.9808
7968,zmb,Zambia,1985,25621343.08,3.8318
7969,zmb,Zambia,1986,23600740.13,3.4249
7970,zmb,Zambia,1987,22761116.39,3.208
7971,zmb,Zambia,1988,30740730.67,4.2143
7972,zmb,Zambia,1989,30197438.91,4.031
7973,zmb,Zambia,1990,26709414.07,3.4749
7974,zmb,Zambia,1991,26576672.14,3.3725
7975,zmb,Zambia,1992,26181323.59,3.2425
7976,zmb,Zambia,1993,27757519.75,3.356
7977,zmb,Zambia,1994,24421477.24,2.8819
7978,zmb,Zambia,1995,25658646.97,2.9547
7979,zmb,Zambia,1996,27574792.82,3.0976
7980,zmb,Zambia,1997,27454908.86,3.0061
7981,zmb,Zambia,1998,29240971.1,3.1199
7982,zmb,Zambia,1999,31207552.59,3.2436
7983,zmb,Zambia,2000,31958957.22,3.2311
7984,zmb,Zambia,2001,34981230.22,3.4322
7985,zmb,Zambia,2002,35112028.44,3.3414
7986,zmb,Zambia,2003,39161626.31,3.6134
7987,zmb,Zambia,2004,37833002.81,3.3816
7988,zmb,Zambia,2005,37806699.17,3.2691
7989,zmb,Zambia,2006,41507962.16,3.4672
7990,zmb,Zambia,2007,42093176.73,3.394
7991,zmb,Zambia,2008,38647600.5,3.0069
7992,zmb,Zambia,2009,40995048.14,3.0781
7993,zmb,Zambia,2010,48318687.65,3.5034
7994,zmb,Zambia,2011,56189463.71,3.9387
7995,zmb,Zambia,2012,58891969.56,3.9941
7996,zmb,Zambia,2013,60802129.88,3.991
7997,zmb,Zambia,2014,65842311.29,4.1837
7998,zmb,Zambia,2015,61558971.53,3.7887
7999,zmb,Zambia,2016,68496380.99,4.085
8000,zmb,Zambia,2017,76651294.27,4.4312
8001,zmb,Zambia,2018,70032586.85,3.9265
8002,zmb,Zambia,2019,63487881.95,3.4541
8003,zmb,Zambia,2020,49308706.64,2.6051
8004,zmb,Zambia,2021,52030393.34,2.6719
8005,zmb,Zambia,2022,54903032.65,2.7427
8006,zmb,Zambia,2023,55074262.95,2.6774
8007,zmb,Zambia,2024,56847705.56,2.6898
8008,zwe,Zimbabwe,1970,24153284.95,4.6423
8009,zwe,Zimbabwe,1971,28176272.99,5.2534
8010,zwe,Zimbabwe,1972,29577171.99,5.3457
8011,zwe,Zimbabwe,1973,24700098.25,4.3237
8012,zwe,Zimbabwe,1974,30613439.59,5.1856
8013,zwe,Zimbabwe,1975,29399588.84,4.8219
8014,zwe,Zimbabwe,1976,29646846.05,4.7145
8015,zwe,Zimbabwe,1977,29162625.95,4.5192
8016,zwe,Zimbabwe,1978,28010004.12,4.2768
8017,zwe,Zimbabwe,1979,25626376.79,3.8502
8018,zwe,Zimbabwe,1980,27984364.2,3.9695
8019,zwe,Zimbabwe,1981,35165943.92,4.6847
8020,zwe,Zimbabwe,1982,31322293.22,4.0137
8021,zwe,Zimbabwe,1983,26475471.72,3.266
8022,zwe,Zimbabwe,1984,27635885.61,3.2905
8023,zwe,Zimbabwe,1985,36413312.81,4.19
8024,zwe,Zimbabwe,1986,36197051.48,4.0295
8025,zwe,Zimbabwe,1987,30538839.29,3.2917
8026,zwe,Zimbabwe,1988,36699244.26,3.8353
8027,zwe,Zimbabwe,1989,34859932.73,3.5404
8028,zwe,Zimbabwe,1990,33416796.35,3.304
8029,zwe,Zimbabwe,1991,34280293.74,3.3032
8030,zwe,Zimbabwe,1992,28490754.59,2.6773
8031,zwe,Zimbabwe,1993,36021243.56,3.3369
8032,zwe,Zimbabwe,1994,37293116.11,3.4344
8033,zwe,Zimbabwe,1995,23443393.5,2.1324
8034,zwe,Zimbabwe,1996,40664657.15,3.6379
8035,zwe,Zimbabwe,1997,43452225.16,3.8242
8036,zwe,Zimbabwe,1998,32318335.7,2.7985
8037,zwe,Zimbabwe,1999,34701302.92,2.9618
8038,zwe,Zimbabwe,2000,37164049.13,3.1403
8039,zwe,Zimbabwe,2001,41845698.56,3.5132
8040,zwe,Zimbabwe,2002,37379522.15,3.119
8041,zwe,Zimbabwe,2003,40238127.8,3.3321
8042,zwe,Zimbabwe,2004,44167692.92,3.6319
8043,zwe,Zimbabwe,2005,37989705.3,3.1076
8044,zwe,Zimbabwe,2006,43943167.13,3.5638
8045,zwe,Zimbabwe,2007,39422016.36,3.1663
8046,zwe,Zimbabwe,2008,36091433.16,2.8757
8047,zwe,Zimbabwe,2009,43019903.7,3.3928
8048,zwe,Zimbabwe,2010,48345651.44,3.7653
8049,zwe,Zimbabwe,2011,42684896.48,3.277
8050,zwe,Zimbabwe,2012,52653650.34,3.9693
8051,zwe,Zimbabwe,2013,49094167.55,3.6217
8052,zwe,Zimbabwe,2014,48030044.25,3.4664
8053,zwe,Zimbabwe,2015,51202384.67,3.6173
8054,zwe,Zimbabwe,2016,41684888.05,2.8842
8055,zwe,Zimbabwe,2017,45928576.63,3.1136
8056,zwe,Zimbabwe,2018,48517469.3,3.2233
8057,zwe,Zimbabwe,2019,41057077.95,2.6739
8058,zwe,Zimbabwe,2020,45006885.72,2.8722
8059,zwe,Zimbabwe,2021,50780006.62,3.175
8060,zwe,Zimbabwe,2022,52537410.19,3.2191
8061,zwe,Zimbabwe,2023,52221552.1,3.1335
8062,zwe,Zimbabwe,2024,55020238.54,3.2326
