,geo,Name,time,Natural disaster deaths per year,"Natural disaster deaths excluding epidemics, per year",Homeless from natural disasters
0,afg,Afghanistan,1955,0,0,0
1,afg,Afghanistan,1956,151,151,0
2,afg,Afghanistan,1957,0,0,0
3,afg,Afghanistan,1958,0,0,0
4,afg,Afghanistan,1959,0,0,0
5,afg,Afghanistan,1960,0,0,0
6,afg,Afghanistan,1961,0,0,0
7,afg,Afghanistan,1962,0,0,0
8,afg,Afghanistan,1963,107,107,0
9,afg,Afghanistan,1964,74,0,0
10,afg,Afghanistan,1965,0,0,0
11,afg,Afghanistan,1966,0,0,0
12,afg,Afghanistan,1967,0,0,0
13,afg,Afghanistan,1968,0,0,0
14,afg,Afghanistan,1969,0,0,0
15,afg,Afghanistan,1970,0,0,0
16,afg,Afghanistan,1971,100,100,0
17,afg,Afghanistan,1972,161,161,0
18,afg,Afghanistan,1973,0,0,0
19,afg,Afghanistan,1974,0,0,0
20,afg,Afghanistan,1975,0,0,0
21,afg,Afghanistan,1976,101,101,0
22,afg,Afghanistan,1977,0,0,0
23,afg,Afghanistan,1978,120,120,7500
24,afg,Afghanistan,1979,0,0,0
25,afg,Afghanistan,1980,0,0,0
26,afg,Afghanistan,1981,0,0,0
27,afg,Afghanistan,1982,500,500,0
28,afg,Afghanistan,1983,12,12,6580
29,afg,Afghanistan,1984,1,1,0
30,afg,Afghanistan,1985,0,0,0
31,afg,Afghanistan,1986,0,0,0
32,afg,Afghanistan,1987,70,70,0
33,afg,Afghanistan,1988,0,0,0
34,afg,Afghanistan,1989,61,0,0
35,afg,Afghanistan,1990,246,144,0
36,afg,Afghanistan,1991,1497,1427,9400
37,afg,Afghanistan,1992,614,614,0
38,afg,Afghanistan,1993,301,225,1000
39,afg,Afghanistan,1994,160,160,0
40,afg,Afghanistan,1995,381,381,7610
41,afg,Afghanistan,1996,130,70,750
42,afg,Afghanistan,1997,229,175,750
43,afg,Afghanistan,1998,7353,7123,45000
44,afg,Afghanistan,1999,205,70,31275
45,afg,Afghanistan,2000,594,37,0
46,afg,Afghanistan,2001,485,331,250
47,afg,Afghanistan,2002,4083,1286,10000
48,afg,Afghanistan,2003,137,137,4250
49,afg,Afghanistan,2004,18,18,2700
50,afg,Afghanistan,2005,570,570,6775
51,afg,Afghanistan,2006,382,382,8210
52,afg,Afghanistan,2007,296,296,3480
53,afg,Afghanistan,2008,1334,1317,180
54,afg,Afghanistan,2009,101,101,3250
55,afg,Afghanistan,2010,350,350,1000
56,afg,Afghanistan,2011,83,83,9700
57,afg,Afghanistan,2012,380,380,3015
58,afg,Afghanistan,2013,155,155,0
59,afg,Afghanistan,2014,575,575,1900
60,afg,Afghanistan,2015,446,446,45100
61,afg,Afghanistan,2016,84,84,0
62,afg,Afghanistan,2017,226,226,1650
63,afg,Afghanistan,2018,113,113,0
64,afg,Afghanistan,2019,211,211,7775
65,afg,Afghanistan,2020,328,328,8625
66,afg,Afghanistan,2021,396,396,0
67,afg,Afghanistan,2022,1462,1462,18500
68,afg,Afghanistan,2023,1723,1723,0
69,afg,Afghanistan,2024,2023,1845,3150
70,afg,Afghanistan,2025,2269,2269,0
71,alb,Albania,1905,120,120,0
72,alb,Albania,1906,0,0,0
73,alb,Albania,1907,0,0,0
74,alb,Albania,1908,0,0,0
75,alb,Albania,1909,0,0,0
76,alb,Albania,1910,0,0,0
77,alb,Albania,1911,0,0,0
78,alb,Albania,1912,0,0,0
79,alb,Albania,1913,0,0,0
80,alb,Albania,1914,0,0,0
81,alb,Albania,1915,0,0,0
82,alb,Albania,1916,0,0,0
83,alb,Albania,1917,0,0,0
84,alb,Albania,1918,0,0,0
85,alb,Albania,1919,0,0,0
86,alb,Albania,1920,200,200,0
87,alb,Albania,1921,0,0,0
88,alb,Albania,1922,0,0,0
89,alb,Albania,1923,0,0,0
90,alb,Albania,1924,0,0,0
91,alb,Albania,1925,0,0,0
92,alb,Albania,1926,0,0,0
93,alb,Albania,1927,0,0,0
94,alb,Albania,1928,0,0,0
95,alb,Albania,1929,0,0,0
96,alb,Albania,1930,60,60,0
97,alb,Albania,1931,90,90,0
98,alb,Albania,1932,0,0,0
99,alb,Albania,1933,0,0,0
100,alb,Albania,1934,0,0,0
101,alb,Albania,1935,0,0,0
102,alb,Albania,1936,0,0,0
103,alb,Albania,1937,0,0,0
104,alb,Albania,1938,0,0,0
105,alb,Albania,1939,0,0,0
106,alb,Albania,1940,0,0,0
107,alb,Albania,1941,0,0,0
108,alb,Albania,1942,43,43,0
109,alb,Albania,1943,0,0,0
110,alb,Albania,1944,0,0,0
111,alb,Albania,1945,0,0,0
112,alb,Albania,1946,0,0,0
113,alb,Albania,1947,0,0,0
114,alb,Albania,1948,0,0,0
115,alb,Albania,1949,0,0,0
116,alb,Albania,1950,0,0,0
117,alb,Albania,1951,0,0,0
118,alb,Albania,1952,0,0,0
119,alb,Albania,1953,0,0,0
120,alb,Albania,1954,0,0,0
121,alb,Albania,1955,0,0,0
122,alb,Albania,1956,0,0,0
123,alb,Albania,1957,0,0,0
124,alb,Albania,1958,0,0,0
125,alb,Albania,1959,0,0,0
126,alb,Albania,1960,0,0,0
127,alb,Albania,1961,0,0,0
128,alb,Albania,1962,15,15,0
129,alb,Albania,1963,0,0,0
130,alb,Albania,1964,0,0,0
131,alb,Albania,1965,0,0,0
132,alb,Albania,1966,0,0,0
133,alb,Albania,1967,11,11,0
134,alb,Albania,1968,0,0,0
135,alb,Albania,1969,0,0,0
136,alb,Albania,1970,0,0,0
137,alb,Albania,1971,0,0,0
138,alb,Albania,1972,0,0,0
139,alb,Albania,1973,0,0,0
140,alb,Albania,1974,0,0,0
141,alb,Albania,1975,0,0,0
142,alb,Albania,1976,0,0,0
143,alb,Albania,1977,0,0,0
144,alb,Albania,1978,0,0,0
145,alb,Albania,1979,35,35,0
146,alb,Albania,1980,0,0,0
147,alb,Albania,1981,0,0,0
148,alb,Albania,1982,1,1,5000
149,alb,Albania,1983,0,0,0
150,alb,Albania,1984,0,0,0
151,alb,Albania,1985,125,125,1340
152,alb,Albania,1986,0,0,0
153,alb,Albania,1987,0,0,0
154,alb,Albania,1988,0,0,0
155,alb,Albania,1989,0,0,0
156,alb,Albania,1990,0,0,0
157,alb,Albania,1991,60,0,0
158,alb,Albania,1992,11,11,0
159,alb,Albania,1993,0,0,0
160,alb,Albania,1994,0,0,0
161,alb,Albania,1995,4,4,0
162,alb,Albania,1996,7,0,0
163,alb,Albania,1997,0,0,0
164,alb,Albania,1998,0,0,0
165,alb,Albania,1999,0,0,0
166,alb,Albania,2000,0,0,0
167,alb,Albania,2001,0,0,0
168,alb,Albania,2002,7,7,0
169,alb,Albania,2003,0,0,0
170,alb,Albania,2004,3,3,0
171,alb,Albania,2005,5,5,0
172,alb,Albania,2006,0,0,0
173,alb,Albania,2007,0,0,75
174,alb,Albania,2008,0,0,0
175,alb,Albania,2009,0,0,150
176,alb,Albania,2010,0,0,0
177,alb,Albania,2011,0,0,0
178,alb,Albania,2012,5,5,0
179,alb,Albania,2013,0,0,0
180,alb,Albania,2014,0,0,0
181,alb,Albania,2015,1,1,0
182,alb,Albania,2016,3,3,0
183,alb,Albania,2017,7,7,0
184,alb,Albania,2018,0,0,0
185,alb,Albania,2019,51,51,0
186,alb,Albania,2020,0,0,0
187,alb,Albania,2021,0,0,0
188,alb,Albania,2022,352,352,0
189,alb,Albania,2023,363,363,0
190,alb,Albania,2024,0,0,0
191,alb,Albania,2025,2,2,0
192,dza,Algeria,1910,12,12,0
193,dza,Algeria,1911,0,0,0
194,dza,Algeria,1912,0,0,0
195,dza,Algeria,1913,0,0,0
196,dza,Algeria,1914,0,0,0
197,dza,Algeria,1915,0,0,0
198,dza,Algeria,1916,0,0,0
199,dza,Algeria,1917,0,0,0
200,dza,Algeria,1918,0,0,0
201,dza,Algeria,1919,0,0,0
202,dza,Algeria,1920,0,0,0
203,dza,Algeria,1921,0,0,0
204,dza,Algeria,1922,0,0,0
205,dza,Algeria,1923,0,0,0
206,dza,Algeria,1924,0,0,0
207,dza,Algeria,1925,0,0,0
208,dza,Algeria,1926,0,0,0
209,dza,Algeria,1927,3000,3000,0
210,dza,Algeria,1928,0,0,0
211,dza,Algeria,1929,0,0,0
212,dza,Algeria,1930,0,0,0
213,dza,Algeria,1931,0,0,0
214,dza,Algeria,1932,0,0,0
215,dza,Algeria,1933,0,0,0
216,dza,Algeria,1934,0,0,0
217,dza,Algeria,1935,0,0,0
218,dza,Algeria,1936,0,0,0
219,dza,Algeria,1937,12,0,0
220,dza,Algeria,1938,0,0,0
221,dza,Algeria,1939,0,0,0
222,dza,Algeria,1940,0,0,0
223,dza,Algeria,1941,0,0,0
224,dza,Algeria,1942,25,0,0
225,dza,Algeria,1943,0,0,0
226,dza,Algeria,1944,0,0,0
227,dza,Algeria,1945,0,0,0
228,dza,Algeria,1946,276,276,0
229,dza,Algeria,1947,0,0,0
230,dza,Algeria,1948,0,0,0
231,dza,Algeria,1949,0,0,0
232,dza,Algeria,1950,0,0,0
233,dza,Algeria,1951,0,0,0
234,dza,Algeria,1952,25,25,0
235,dza,Algeria,1953,0,0,0
236,dza,Algeria,1954,1250,1250,129250
237,dza,Algeria,1955,0,0,0
238,dza,Algeria,1956,0,0,0
239,dza,Algeria,1957,0,0,0
240,dza,Algeria,1958,0,0,0
241,dza,Algeria,1959,48,0,0
242,dza,Algeria,1960,57,57,1250
243,dza,Algeria,1961,0,0,0
244,dza,Algeria,1962,0,0,0
245,dza,Algeria,1963,0,0,0
246,dza,Algeria,1964,0,0,0
247,dza,Algeria,1965,2,2,12000
248,dza,Algeria,1966,57,57,15900
249,dza,Algeria,1967,30,30,200
250,dza,Algeria,1968,0,0,0
251,dza,Algeria,1969,76,76,0
252,dza,Algeria,1970,0,0,0
253,dza,Algeria,1971,0,0,0
254,dza,Algeria,1972,0,0,0
255,dza,Algeria,1973,21,21,61000
256,dza,Algeria,1974,11,11,0
257,dza,Algeria,1975,0,0,0
258,dza,Algeria,1976,0,0,0
259,dza,Algeria,1977,0,0,0
260,dza,Algeria,1978,0,0,0
261,dza,Algeria,1979,0,0,0
262,dza,Algeria,1980,2633,2633,443000
263,dza,Algeria,1981,43,43,0
264,dza,Algeria,1982,167,37,0
265,dza,Algeria,1983,0,0,0
266,dza,Algeria,1984,54,54,1470
267,dza,Algeria,1985,56,56,15000
268,dza,Algeria,1986,0,0,0
269,dza,Algeria,1987,33,1,0
270,dza,Algeria,1988,0,0,200
271,dza,Algeria,1989,49,22,0
272,dza,Algeria,1990,24,0,0
273,dza,Algeria,1991,0,0,0
274,dza,Algeria,1992,41,21,2250
275,dza,Algeria,1993,37,37,650
276,dza,Algeria,1994,255,233,30000
277,dza,Algeria,1995,50,0,0
278,dza,Algeria,1996,12,4,0
279,dza,Algeria,1997,5,4,3000
280,dza,Algeria,1998,0,0,0
281,dza,Algeria,1999,46,34,15700
282,dza,Algeria,2000,28,28,0
283,dza,Algeria,2001,921,921,0
284,dza,Algeria,2002,42,42,0
285,dza,Algeria,2003,2369,2369,200000
286,dza,Algeria,2004,22,22,0
287,dza,Algeria,2005,22,22,1750
288,dza,Algeria,2006,5,5,150
289,dza,Algeria,2007,90,90,0
290,dza,Algeria,2008,93,93,0
291,dza,Algeria,2009,48,48,2500
292,dza,Algeria,2010,0,0,0
293,dza,Algeria,2011,10,10,0
294,dza,Algeria,2012,69,69,0
295,dza,Algeria,2013,0,0,0
296,dza,Algeria,2014,6,6,0
297,dza,Algeria,2015,12,12,0
298,dza,Algeria,2016,0,0,0
299,dza,Algeria,2017,0,0,0
300,dza,Algeria,2018,6,6,0
301,dza,Algeria,2019,8,8,0
302,dza,Algeria,2020,0,0,0
303,dza,Algeria,2021,103,103,18
304,dza,Algeria,2022,44,44,0
305,dza,Algeria,2023,42,42,0
306,dza,Algeria,2024,73,5,0
307,dza,Algeria,2025,5,5,0
308,ago,Angola,1981,0,0,0
309,ago,Angola,1982,0,0,0
310,ago,Angola,1983,126,0,0
311,ago,Angola,1984,0,0,0
312,ago,Angola,1985,0,0,0
313,ago,Angola,1986,0,0,0
314,ago,Angola,1987,59,0,0
315,ago,Angola,1988,26,0,0
316,ago,Angola,1989,766,0,0
317,ago,Angola,1990,70,0,0
318,ago,Angola,1991,58,0,0
319,ago,Angola,1992,27,0,0
320,ago,Angola,1993,0,0,0
321,ago,Angola,1994,300,0,0
322,ago,Angola,1995,367,0,0
323,ago,Angola,1996,0,0,0
324,ago,Angola,1997,0,0,0
325,ago,Angola,1998,129,0,0
326,ago,Angola,1999,216,0,0
327,ago,Angola,2000,77,59,9000
328,ago,Angola,2001,136,106,0
329,ago,Angola,2002,0,0,0
330,ago,Angola,2003,15,15,825
331,ago,Angola,2004,357,28,1700
332,ago,Angola,2005,0,0,10000
333,ago,Angola,2006,2422,0,225
334,ago,Angola,2007,620,105,6000
335,ago,Angola,2008,141,7,0
336,ago,Angola,2009,178,62,5065
337,ago,Angola,2010,25,25,78875
338,ago,Angola,2011,130,130,100
339,ago,Angola,2012,0,0,0
340,ago,Angola,2013,9,9,0
341,ago,Angola,2014,0,0,0
342,ago,Angola,2015,459,75,2000
343,ago,Angola,2016,113,113,5155
344,ago,Angola,2017,11,11,3750
345,ago,Angola,2018,10,8,0
346,ago,Angola,2019,71,71,4535
347,ago,Angola,2020,33,33,0
348,ago,Angola,2021,22,22,0
349,ago,Angola,2022,0,0,0
350,ago,Angola,2023,84,84,0
351,ago,Angola,2024,0,0,0
352,ago,Angola,2025,776,0,0
353,atg,Antigua and Barbuda,1950,2,2,0
354,atg,Antigua and Barbuda,1951,0,0,0
355,atg,Antigua and Barbuda,1952,0,0,0
356,atg,Antigua and Barbuda,1953,0,0,0
357,atg,Antigua and Barbuda,1954,0,0,0
358,atg,Antigua and Barbuda,1955,0,0,0
359,atg,Antigua and Barbuda,1956,0,0,0
360,atg,Antigua and Barbuda,1957,0,0,0
361,atg,Antigua and Barbuda,1958,0,0,0
362,atg,Antigua and Barbuda,1959,0,0,0
363,atg,Antigua and Barbuda,1960,2,2,0
364,atg,Antigua and Barbuda,1961,0,0,0
365,atg,Antigua and Barbuda,1962,0,0,0
366,atg,Antigua and Barbuda,1963,0,0,0
367,atg,Antigua and Barbuda,1964,0,0,0
368,atg,Antigua and Barbuda,1965,0,0,0
369,atg,Antigua and Barbuda,1966,0,0,0
370,atg,Antigua and Barbuda,1967,0,0,0
371,atg,Antigua and Barbuda,1968,0,0,0
372,atg,Antigua and Barbuda,1969,0,0,0
373,atg,Antigua and Barbuda,1970,0,0,0
374,atg,Antigua and Barbuda,1971,0,0,0
375,atg,Antigua and Barbuda,1972,0,0,0
376,atg,Antigua and Barbuda,1973,0,0,0
377,atg,Antigua and Barbuda,1974,0,0,0
378,atg,Antigua and Barbuda,1975,0,0,0
379,atg,Antigua and Barbuda,1976,0,0,0
380,atg,Antigua and Barbuda,1977,0,0,0
381,atg,Antigua and Barbuda,1978,0,0,0
382,atg,Antigua and Barbuda,1979,0,0,0
383,atg,Antigua and Barbuda,1980,0,0,0
384,atg,Antigua and Barbuda,1981,0,0,0
385,atg,Antigua and Barbuda,1982,0,0,0
386,atg,Antigua and Barbuda,1983,0,0,0
387,atg,Antigua and Barbuda,1984,0,0,0
388,atg,Antigua and Barbuda,1985,0,0,0
389,atg,Antigua and Barbuda,1986,0,0,0
390,atg,Antigua and Barbuda,1987,0,0,0
391,atg,Antigua and Barbuda,1988,0,0,0
392,atg,Antigua and Barbuda,1989,2,2,530
393,atg,Antigua and Barbuda,1990,0,0,0
394,atg,Antigua and Barbuda,1991,0,0,0
395,atg,Antigua and Barbuda,1992,0,0,0
396,atg,Antigua and Barbuda,1993,0,0,0
397,atg,Antigua and Barbuda,1994,0,0,0
398,atg,Antigua and Barbuda,1995,2,2,3537
399,atg,Antigua and Barbuda,1996,0,0,0
400,atg,Antigua and Barbuda,1997,0,0,0
401,atg,Antigua and Barbuda,1998,2,2,2000
402,atg,Antigua and Barbuda,1999,2,2,1439
403,atg,Antigua and Barbuda,2000,0,0,0
404,atg,Antigua and Barbuda,2001,0,0,0
405,atg,Antigua and Barbuda,2002,0,0,0
406,atg,Antigua and Barbuda,2003,0,0,0
407,atg,Antigua and Barbuda,2004,0,0,0
408,atg,Antigua and Barbuda,2005,0,0,0
409,atg,Antigua and Barbuda,2006,0,0,0
410,atg,Antigua and Barbuda,2007,0,0,0
411,atg,Antigua and Barbuda,2008,0,0,0
412,atg,Antigua and Barbuda,2009,0,0,0
413,atg,Antigua and Barbuda,2010,0,0,0
414,atg,Antigua and Barbuda,2011,0,0,0
415,atg,Antigua and Barbuda,2012,0,0,0
416,atg,Antigua and Barbuda,2013,0,0,0
417,atg,Antigua and Barbuda,2014,0,0,0
418,atg,Antigua and Barbuda,2015,0,0,0
419,atg,Antigua and Barbuda,2016,0,0,0
420,atg,Antigua and Barbuda,2017,1,1,0
421,atg,Antigua and Barbuda,2018,0,0,0
422,atg,Antigua and Barbuda,2019,0,0,0
423,atg,Antigua and Barbuda,2020,0,0,0
424,atg,Antigua and Barbuda,2021,0,0,0
425,atg,Antigua and Barbuda,2022,0,0,0
426,atg,Antigua and Barbuda,2023,0,0,0
427,atg,Antigua and Barbuda,2024,0,0,0
428,atg,Antigua and Barbuda,2025,0,0,0
429,arg,Argentina,1920,400,400,0
430,arg,Argentina,1921,0,0,0
431,arg,Argentina,1922,0,0,0
432,arg,Argentina,1923,0,0,0
433,arg,Argentina,1924,0,0,0
434,arg,Argentina,1925,0,0,0
435,arg,Argentina,1926,0,0,0
436,arg,Argentina,1927,0,0,0
437,arg,Argentina,1928,0,0,0
438,arg,Argentina,1929,0,0,0
439,arg,Argentina,1930,0,0,0
440,arg,Argentina,1931,0,0,0
441,arg,Argentina,1932,0,0,0
442,arg,Argentina,1933,0,0,0
443,arg,Argentina,1934,0,0,0
444,arg,Argentina,1935,0,0,0
445,arg,Argentina,1936,0,0,0
446,arg,Argentina,1937,0,0,0
447,arg,Argentina,1938,0,0,0
448,arg,Argentina,1939,0,0,0
449,arg,Argentina,1940,0,0,0
450,arg,Argentina,1941,0,0,0
451,arg,Argentina,1942,0,0,0
452,arg,Argentina,1943,0,0,0
453,arg,Argentina,1944,10000,10000,0
454,arg,Argentina,1945,0,0,0
455,arg,Argentina,1946,0,0,0
456,arg,Argentina,1947,0,0,0
457,arg,Argentina,1948,0,0,0
458,arg,Argentina,1949,0,0,0
459,arg,Argentina,1950,0,0,0
460,arg,Argentina,1951,0,0,0
461,arg,Argentina,1952,0,0,0
462,arg,Argentina,1953,0,0,0
463,arg,Argentina,1954,0,0,0
464,arg,Argentina,1955,0,0,0
465,arg,Argentina,1956,0,0,0
466,arg,Argentina,1957,0,0,0
467,arg,Argentina,1958,360,360,0
468,arg,Argentina,1959,0,0,0
469,arg,Argentina,1960,0,0,0
470,arg,Argentina,1961,0,0,0
471,arg,Argentina,1962,0,0,0
472,arg,Argentina,1963,0,0,0
473,arg,Argentina,1964,0,0,0
474,arg,Argentina,1965,45,45,0
475,arg,Argentina,1966,62,62,0
476,arg,Argentina,1967,56,56,70000
477,arg,Argentina,1968,73,0,0
478,arg,Argentina,1969,0,0,0
479,arg,Argentina,1970,61,36,0
480,arg,Argentina,1971,0,0,0
481,arg,Argentina,1972,100,100,0
482,arg,Argentina,1973,60,60,0
483,arg,Argentina,1974,100,100,0
484,arg,Argentina,1975,20,20,0
485,arg,Argentina,1976,0,0,0
486,arg,Argentina,1977,70,70,40000
487,arg,Argentina,1978,58,5,0
488,arg,Argentina,1979,0,0,0
489,arg,Argentina,1980,41,41,0
490,arg,Argentina,1981,45,0,0
491,arg,Argentina,1982,0,0,0
492,arg,Argentina,1983,0,0,250000
493,arg,Argentina,1984,30,30,0
494,arg,Argentina,1985,122,43,56000
495,arg,Argentina,1986,4,4,60000
496,arg,Argentina,1987,1,1,750
497,arg,Argentina,1988,47,25,0
498,arg,Argentina,1989,0,0,0
499,arg,Argentina,1990,76,21,0
500,arg,Argentina,1991,0,0,1200
501,arg,Argentina,1992,136,45,88074
502,arg,Argentina,1993,98,15,4000
503,arg,Argentina,1994,24,24,0
504,arg,Argentina,1995,72,6,0
505,arg,Argentina,1996,0,0,0
506,arg,Argentina,1997,0,0,0
507,arg,Argentina,1998,19,19,0
508,arg,Argentina,1999,94,0,0
509,arg,Argentina,2000,37,37,8230
510,arg,Argentina,2001,35,35,2000
511,arg,Argentina,2002,7,7,200
512,arg,Argentina,2003,39,39,20000
513,arg,Argentina,2004,10,10,0
514,arg,Argentina,2005,11,11,200
515,arg,Argentina,2006,0,0,0
516,arg,Argentina,2007,19,19,5000
517,arg,Argentina,2008,0,0,0
518,arg,Argentina,2009,29,23,0
519,arg,Argentina,2010,42,42,0
520,arg,Argentina,2011,0,0,0
521,arg,Argentina,2012,25,25,2000
522,arg,Argentina,2013,56,56,0
523,arg,Argentina,2014,27,27,0
524,arg,Argentina,2015,19,19,0
525,arg,Argentina,2016,0,0,0
526,arg,Argentina,2017,1,1,0
527,arg,Argentina,2018,2,2,0
528,arg,Argentina,2019,14,14,0
529,arg,Argentina,2020,3,3,0
530,arg,Argentina,2021,15,15,0
531,arg,Argentina,2022,0,0,0
532,arg,Argentina,2023,13,13,0
533,arg,Argentina,2024,1,1,0
534,arg,Argentina,2025,135,135,0
535,arm,Armenia,1931,2890,2890,0
536,arm,Armenia,1932,0,0,0
537,arm,Armenia,1933,0,0,0
538,arm,Armenia,1934,0,0,0
539,arm,Armenia,1935,0,0,0
540,arm,Armenia,1936,0,0,0
541,arm,Armenia,1937,0,0,0
542,arm,Armenia,1938,0,0,0
543,arm,Armenia,1939,0,0,0
544,arm,Armenia,1940,0,0,0
545,arm,Armenia,1941,0,0,0
546,arm,Armenia,1942,0,0,0
547,arm,Armenia,1943,0,0,0
548,arm,Armenia,1944,0,0,0
549,arm,Armenia,1945,0,0,0
550,arm,Armenia,1946,0,0,0
551,arm,Armenia,1947,0,0,0
552,arm,Armenia,1948,0,0,0
553,arm,Armenia,1949,0,0,0
554,arm,Armenia,1950,0,0,0
555,arm,Armenia,1951,0,0,0
556,arm,Armenia,1952,0,0,0
557,arm,Armenia,1953,0,0,0
558,arm,Armenia,1954,0,0,0
559,arm,Armenia,1955,0,0,0
560,arm,Armenia,1956,0,0,0
561,arm,Armenia,1957,0,0,0
562,arm,Armenia,1958,0,0,0
563,arm,Armenia,1959,0,0,0
564,arm,Armenia,1960,0,0,0
565,arm,Armenia,1961,0,0,0
566,arm,Armenia,1962,0,0,0
567,arm,Armenia,1963,0,0,0
568,arm,Armenia,1964,0,0,0
569,arm,Armenia,1965,0,0,0
570,arm,Armenia,1966,0,0,0
571,arm,Armenia,1967,0,0,0
572,arm,Armenia,1968,0,0,0
573,arm,Armenia,1969,0,0,0
574,arm,Armenia,1970,0,0,0
575,arm,Armenia,1971,0,0,0
576,arm,Armenia,1972,0,0,0
577,arm,Armenia,1973,0,0,0
578,arm,Armenia,1974,0,0,0
579,arm,Armenia,1975,0,0,0
580,arm,Armenia,1976,0,0,0
581,arm,Armenia,1977,0,0,0
582,arm,Armenia,1978,0,0,0
583,arm,Armenia,1979,0,0,0
584,arm,Armenia,1980,0,0,0
585,arm,Armenia,1981,0,0,0
586,arm,Armenia,1982,0,0,0
587,arm,Armenia,1983,0,0,0
588,arm,Armenia,1984,0,0,0
589,arm,Armenia,1985,0,0,0
590,arm,Armenia,1986,0,0,0
591,arm,Armenia,1987,0,0,0
592,arm,Armenia,1988,0,0,0
593,arm,Armenia,1989,0,0,0
594,arm,Armenia,1990,0,0,0
595,arm,Armenia,1991,0,0,0
596,arm,Armenia,1992,21,0,0
597,arm,Armenia,1993,65,0,0
598,arm,Armenia,1994,5,0,250
599,arm,Armenia,1995,0,0,0
600,arm,Armenia,1996,0,0,0
601,arm,Armenia,1997,4,4,0
602,arm,Armenia,1998,11,0,144
603,arm,Armenia,1999,0,0,0
604,arm,Armenia,2000,0,0,0
605,arm,Armenia,2001,0,0,0
606,arm,Armenia,2002,0,0,0
607,arm,Armenia,2003,0,0,0
608,arm,Armenia,2004,1,1,0
609,arm,Armenia,2005,0,0,0
610,arm,Armenia,2006,0,0,0
611,arm,Armenia,2007,0,0,0
612,arm,Armenia,2008,0,0,0
613,arm,Armenia,2009,0,0,0
614,arm,Armenia,2010,0,0,0
615,arm,Armenia,2011,0,0,0
616,arm,Armenia,2012,0,0,0
617,arm,Armenia,2013,0,0,0
618,arm,Armenia,2014,0,0,0
619,arm,Armenia,2015,0,0,0
620,arm,Armenia,2016,0,0,0
621,arm,Armenia,2017,0,0,0
622,arm,Armenia,2018,0,0,0
623,arm,Armenia,2019,0,0,0
624,arm,Armenia,2020,0,0,0
625,arm,Armenia,2021,0,0,0
626,arm,Armenia,2022,0,0,0
627,arm,Armenia,2023,0,0,0
628,arm,Armenia,2024,4,4,0
629,arm,Armenia,2025,4,4,0
630,aus,Australia,1934,11,0,0
631,aus,Australia,1935,0,0,0
632,aus,Australia,1936,0,0,0
633,aus,Australia,1937,0,0,0
634,aus,Australia,1938,18,0,0
635,aus,Australia,1939,71,71,3900
636,aus,Australia,1940,10,0,0
637,aus,Australia,1941,0,0,0
638,aus,Australia,1942,27,0,0
639,aus,Australia,1943,0,0,0
640,aus,Australia,1944,49,49,2100
641,aus,Australia,1945,0,0,0
642,aus,Australia,1946,0,0,0
643,aus,Australia,1947,0,0,0
644,aus,Australia,1948,0,0,0
645,aus,Australia,1949,0,0,0
646,aus,Australia,1950,0,0,0
647,aus,Australia,1951,0,0,0
648,aus,Australia,1952,0,0,0
649,aus,Australia,1953,0,0,0
650,aus,Australia,1954,0,0,0
651,aus,Australia,1955,70,70,0
652,aus,Australia,1956,0,0,0
653,aus,Australia,1957,0,0,0
654,aus,Australia,1958,0,0,0
655,aus,Australia,1959,0,0,0
656,aus,Australia,1960,0,0,0
657,aus,Australia,1961,0,0,0
658,aus,Australia,1962,0,0,0
659,aus,Australia,1963,0,0,0
660,aus,Australia,1964,0,0,0
661,aus,Australia,1965,0,0,0
662,aus,Australia,1966,0,0,0
663,aus,Australia,1967,662,662,0
664,aus,Australia,1968,12,12,1200
665,aus,Australia,1969,0,0,0
666,aus,Australia,1970,13,13,0
667,aus,Australia,1971,30,30,0
668,aus,Australia,1972,0,0,0
669,aus,Australia,1973,12,12,1000
670,aus,Australia,1974,90,90,0
671,aus,Australia,1975,13,0,36
672,aus,Australia,1976,0,0,0
673,aus,Australia,1977,86,3,0
674,aus,Australia,1978,12,12,0
675,aus,Australia,1979,15,15,0
676,aus,Australia,1980,0,0,0
677,aus,Australia,1981,21,2,0
678,aus,Australia,1982,1,1,0
679,aus,Australia,1983,75,75,11000
680,aus,Australia,1984,36,36,0
681,aus,Australia,1985,38,38,0
682,aus,Australia,1986,15,15,1000
683,aus,Australia,1987,0,0,0
684,aus,Australia,1988,17,17,0
685,aus,Australia,1989,98,25,0
686,aus,Australia,1990,84,12,0
687,aus,Australia,1991,39,0,18
688,aus,Australia,1992,2,2,0
689,aus,Australia,1993,18,18,5545
690,aus,Australia,1994,59,36,1340
691,aus,Australia,1995,9,9,200
692,aus,Australia,1996,48,21,1766
693,aus,Australia,1997,21,21,0
694,aus,Australia,1998,20,20,0
695,aus,Australia,1999,20,8,672
696,aus,Australia,2000,1,1,0
697,aus,Australia,2001,6,6,0
698,aus,Australia,2002,2,2,249
699,aus,Australia,2003,6,6,30
700,aus,Australia,2004,6,6,0
701,aus,Australia,2005,16,16,0
702,aus,Australia,2006,4,4,7141
703,aus,Australia,2007,11,11,90
704,aus,Australia,2008,8,8,0
705,aus,Australia,2009,535,535,0
706,aus,Australia,2010,36,36,0
707,aus,Australia,2011,1,1,0
708,aus,Australia,2012,4,4,0
709,aus,Australia,2013,9,9,0
710,aus,Australia,2014,141,141,270
711,aus,Australia,2015,16,16,6501
712,aus,Australia,2016,8,8,540
713,aus,Australia,2017,12,12,114
714,aus,Australia,2018,0,0,0
715,aus,Australia,2019,35,35,6927
716,aus,Australia,2020,1,1,0
717,aus,Australia,2021,7,7,243
718,aus,Australia,2022,31,31,0
719,aus,Australia,2023,10,10,114
720,aus,Australia,2024,3,3,0
721,aus,Australia,2025,7,7,117
722,aut,Austria,1952,28,28,0
723,aut,Austria,1953,0,0,0
724,aut,Austria,1954,210,210,0
725,aut,Austria,1955,0,0,0
726,aut,Austria,1956,0,0,0
727,aut,Austria,1957,0,0,0
728,aut,Austria,1958,0,0,0
729,aut,Austria,1959,0,0,0
730,aut,Austria,1960,0,0,0
731,aut,Austria,1961,0,0,0
732,aut,Austria,1962,0,0,0
733,aut,Austria,1963,0,0,0
734,aut,Austria,1964,0,0,0
735,aut,Austria,1965,0,0,0
736,aut,Austria,1966,0,0,0
737,aut,Austria,1967,0,0,0
738,aut,Austria,1968,0,0,0
739,aut,Austria,1969,0,0,0
740,aut,Austria,1970,0,0,0
741,aut,Austria,1971,0,0,0
742,aut,Austria,1972,0,0,0
743,aut,Austria,1973,0,0,0
744,aut,Austria,1974,0,0,0
745,aut,Austria,1975,15,15,0
746,aut,Austria,1976,0,0,0
747,aut,Austria,1977,0,0,0
748,aut,Austria,1978,0,0,0
749,aut,Austria,1979,0,0,0
750,aut,Austria,1980,0,0,0
751,aut,Austria,1981,0,0,0
752,aut,Austria,1982,12,12,0
753,aut,Austria,1983,0,0,0
754,aut,Austria,1984,42,42,0
755,aut,Austria,1985,12,12,0
756,aut,Austria,1986,0,0,0
757,aut,Austria,1987,0,0,0
758,aut,Austria,1988,0,0,0
759,aut,Austria,1989,11,0,0
760,aut,Austria,1990,3,3,0
761,aut,Austria,1991,18,5,0
762,aut,Austria,1992,0,0,0
763,aut,Austria,1993,0,0,0
764,aut,Austria,1994,0,0,0
765,aut,Austria,1995,6,2,0
766,aut,Austria,1996,0,0,0
767,aut,Austria,1997,3,3,0
768,aut,Austria,1998,11,0,0
769,aut,Austria,1999,83,53,0
770,aut,Austria,2000,13,13,0
771,aut,Austria,2001,0,0,0
772,aut,Austria,2002,12,12,0
773,aut,Austria,2003,345,345,0
774,aut,Austria,2004,0,0,0
775,aut,Austria,2005,4,4,0
776,aut,Austria,2006,0,0,0
777,aut,Austria,2007,5,5,0
778,aut,Austria,2008,4,4,0
779,aut,Austria,2009,3,3,0
780,aut,Austria,2010,0,0,0
781,aut,Austria,2011,0,0,0
782,aut,Austria,2012,5,5,0
783,aut,Austria,2013,4,4,0
784,aut,Austria,2014,0,0,0
785,aut,Austria,2015,0,0,0
786,aut,Austria,2016,0,0,0
787,aut,Austria,2017,5,5,0
788,aut,Austria,2018,0,0,0
789,aut,Austria,2019,12,12,0
790,aut,Austria,2020,0,0,0
791,aut,Austria,2021,1,1,0
792,aut,Austria,2022,424,424,0
793,aut,Austria,2023,494,494,0
794,aut,Austria,2024,1060,1060,0
795,aut,Austria,2025,180,180,0
796,aze,Azerbaijan,1902,86,86,0
797,aze,Azerbaijan,1903,0,0,0
798,aze,Azerbaijan,1904,0,0,0
799,aze,Azerbaijan,1905,0,0,0
800,aze,Azerbaijan,1906,0,0,0
801,aze,Azerbaijan,1907,0,0,0
802,aze,Azerbaijan,1908,0,0,0
803,aze,Azerbaijan,1909,0,0,0
804,aze,Azerbaijan,1910,0,0,0
805,aze,Azerbaijan,1911,0,0,0
806,aze,Azerbaijan,1912,0,0,0
807,aze,Azerbaijan,1913,0,0,0
808,aze,Azerbaijan,1914,0,0,0
809,aze,Azerbaijan,1915,0,0,0
810,aze,Azerbaijan,1916,0,0,0
811,aze,Azerbaijan,1917,0,0,0
812,aze,Azerbaijan,1918,0,0,0
813,aze,Azerbaijan,1919,0,0,0
814,aze,Azerbaijan,1920,0,0,0
815,aze,Azerbaijan,1921,0,0,0
816,aze,Azerbaijan,1922,0,0,0
817,aze,Azerbaijan,1923,0,0,0
818,aze,Azerbaijan,1924,0,0,0
819,aze,Azerbaijan,1925,0,0,0
820,aze,Azerbaijan,1926,0,0,0
821,aze,Azerbaijan,1927,0,0,0
822,aze,Azerbaijan,1928,0,0,0
823,aze,Azerbaijan,1929,0,0,0
824,aze,Azerbaijan,1930,0,0,0
825,aze,Azerbaijan,1931,0,0,0
826,aze,Azerbaijan,1932,0,0,0
827,aze,Azerbaijan,1933,0,0,0
828,aze,Azerbaijan,1934,0,0,0
829,aze,Azerbaijan,1935,0,0,0
830,aze,Azerbaijan,1936,0,0,0
831,aze,Azerbaijan,1937,0,0,0
832,aze,Azerbaijan,1938,0,0,0
833,aze,Azerbaijan,1939,0,0,0
834,aze,Azerbaijan,1940,0,0,0
835,aze,Azerbaijan,1941,0,0,0
836,aze,Azerbaijan,1942,0,0,0
837,aze,Azerbaijan,1943,0,0,0
838,aze,Azerbaijan,1944,0,0,0
839,aze,Azerbaijan,1945,0,0,0
840,aze,Azerbaijan,1946,0,0,0
841,aze,Azerbaijan,1947,0,0,0
842,aze,Azerbaijan,1948,0,0,0
843,aze,Azerbaijan,1949,0,0,0
844,aze,Azerbaijan,1950,0,0,0
845,aze,Azerbaijan,1951,0,0,0
846,aze,Azerbaijan,1952,0,0,0
847,aze,Azerbaijan,1953,0,0,0
848,aze,Azerbaijan,1954,0,0,0
849,aze,Azerbaijan,1955,0,0,0
850,aze,Azerbaijan,1956,0,0,0
851,aze,Azerbaijan,1957,0,0,0
852,aze,Azerbaijan,1958,0,0,0
853,aze,Azerbaijan,1959,0,0,0
854,aze,Azerbaijan,1960,0,0,0
855,aze,Azerbaijan,1961,0,0,0
856,aze,Azerbaijan,1962,0,0,0
857,aze,Azerbaijan,1963,0,0,0
858,aze,Azerbaijan,1964,0,0,0
859,aze,Azerbaijan,1965,0,0,0
860,aze,Azerbaijan,1966,0,0,0
861,aze,Azerbaijan,1967,0,0,0
862,aze,Azerbaijan,1968,0,0,0
863,aze,Azerbaijan,1969,0,0,0
864,aze,Azerbaijan,1970,0,0,0
865,aze,Azerbaijan,1971,0,0,0
866,aze,Azerbaijan,1972,0,0,0
867,aze,Azerbaijan,1973,0,0,0
868,aze,Azerbaijan,1974,0,0,0
869,aze,Azerbaijan,1975,0,0,0
870,aze,Azerbaijan,1976,0,0,0
871,aze,Azerbaijan,1977,0,0,0
872,aze,Azerbaijan,1978,0,0,0
873,aze,Azerbaijan,1979,0,0,0
874,aze,Azerbaijan,1980,0,0,0
875,aze,Azerbaijan,1981,0,0,0
876,aze,Azerbaijan,1982,0,0,0
877,aze,Azerbaijan,1983,0,0,0
878,aze,Azerbaijan,1984,0,0,0
879,aze,Azerbaijan,1985,0,0,0
880,aze,Azerbaijan,1986,0,0,0
881,aze,Azerbaijan,1987,0,0,0
882,aze,Azerbaijan,1988,0,0,0
883,aze,Azerbaijan,1989,0,0,0
884,aze,Azerbaijan,1990,0,0,0
885,aze,Azerbaijan,1991,0,0,0
886,aze,Azerbaijan,1992,59,0,0
887,aze,Azerbaijan,1993,0,0,0
888,aze,Azerbaijan,1994,32,0,0
889,aze,Azerbaijan,1995,391,5,156000
890,aze,Azerbaijan,1996,0,0,0
891,aze,Azerbaijan,1997,77,11,0
892,aze,Azerbaijan,1998,1,1,0
893,aze,Azerbaijan,1999,1,1,8400
894,aze,Azerbaijan,2000,42,42,0
895,aze,Azerbaijan,2001,0,0,0
896,aze,Azerbaijan,2002,0,0,0
897,aze,Azerbaijan,2003,0,0,1500
898,aze,Azerbaijan,2004,0,0,0
899,aze,Azerbaijan,2005,0,0,0
900,aze,Azerbaijan,2006,0,0,0
901,aze,Azerbaijan,2007,0,0,0
902,aze,Azerbaijan,2008,0,0,0
903,aze,Azerbaijan,2009,0,0,0
904,aze,Azerbaijan,2010,3,3,0
905,aze,Azerbaijan,2011,0,0,0
906,aze,Azerbaijan,2012,5,5,6949
907,aze,Azerbaijan,2013,0,0,0
908,aze,Azerbaijan,2014,0,0,0
909,aze,Azerbaijan,2015,0,0,0
910,aze,Azerbaijan,2016,0,0,0
911,aze,Azerbaijan,2017,0,0,0
912,aze,Azerbaijan,2018,0,0,0
913,aze,Azerbaijan,2019,0,0,0
914,aze,Azerbaijan,2020,0,0,0
915,aze,Azerbaijan,2021,0,0,0
916,aze,Azerbaijan,2022,0,0,0
917,aze,Azerbaijan,2023,0,0,0
918,aze,Azerbaijan,2024,0,0,0
919,aze,Azerbaijan,2025,0,0,0
920,bhs,Bahamas,2001,0,0,0
921,bhs,Bahamas,2002,0,0,0
922,bhs,Bahamas,2003,0,0,0
923,bhs,Bahamas,2004,12,12,0
924,bhs,Bahamas,2005,1,1,0
925,bhs,Bahamas,2006,0,0,0
926,bhs,Bahamas,2007,1,1,0
927,bhs,Bahamas,2008,0,0,0
928,bhs,Bahamas,2009,0,0,0
929,bhs,Bahamas,2010,0,0,0
930,bhs,Bahamas,2011,0,0,0
931,bhs,Bahamas,2012,2,2,0
932,bhs,Bahamas,2013,0,0,0
933,bhs,Bahamas,2014,0,0,0
934,bhs,Bahamas,2015,33,33,0
935,bhs,Bahamas,2016,0,0,0
936,bhs,Bahamas,2017,0,0,0
937,bhs,Bahamas,2018,0,0,0
938,bhs,Bahamas,2019,356,356,0
939,bhs,Bahamas,2020,0,0,0
940,bhs,Bahamas,2021,0,0,0
941,bhs,Bahamas,2022,0,0,0
942,bhs,Bahamas,2023,0,0,0
943,bhs,Bahamas,2024,0,0,0
944,bhs,Bahamas,2025,0,0,0
945,bhr,Bahrain,1978,111,0,0
946,bhr,Bahrain,1979,0,0,0
947,bhr,Bahrain,1980,0,0,0
948,bhr,Bahrain,1981,0,0,0
949,bhr,Bahrain,1982,0,0,0
950,bhr,Bahrain,1983,0,0,0
951,bhr,Bahrain,1984,0,0,0
952,bhr,Bahrain,1985,0,0,0
953,bhr,Bahrain,1986,0,0,0
954,bhr,Bahrain,1987,0,0,0
955,bhr,Bahrain,1988,0,0,0
956,bhr,Bahrain,1989,0,0,0
957,bhr,Bahrain,1990,10,0,0
958,bhr,Bahrain,1991,0,0,0
959,bhr,Bahrain,1992,0,0,0
960,bhr,Bahrain,1993,0,0,0
961,bhr,Bahrain,1994,0,0,0
962,bhr,Bahrain,1995,0,0,0
963,bhr,Bahrain,1996,0,0,0
964,bhr,Bahrain,1997,0,0,0
965,bhr,Bahrain,1998,0,0,0
966,bhr,Bahrain,1999,0,0,0
967,bhr,Bahrain,2000,0,0,0
968,bhr,Bahrain,2001,0,0,0
969,bhr,Bahrain,2002,0,0,0
970,bhr,Bahrain,2003,0,0,0
971,bhr,Bahrain,2004,0,0,0
972,bhr,Bahrain,2005,0,0,0
973,bhr,Bahrain,2006,0,0,0
974,bhr,Bahrain,2007,0,0,0
975,bhr,Bahrain,2008,0,0,0
976,bhr,Bahrain,2009,0,0,0
977,bhr,Bahrain,2010,0,0,0
978,bhr,Bahrain,2011,0,0,0
979,bhr,Bahrain,2012,0,0,0
980,bhr,Bahrain,2013,0,0,0
981,bhr,Bahrain,2014,0,0,0
982,bhr,Bahrain,2015,0,0,0
983,bhr,Bahrain,2016,0,0,0
984,bhr,Bahrain,2017,0,0,0
985,bhr,Bahrain,2018,0,0,0
986,bhr,Bahrain,2019,0,0,0
987,bhr,Bahrain,2020,0,0,0
988,bhr,Bahrain,2021,0,0,0
989,bhr,Bahrain,2022,0,0,0
990,bhr,Bahrain,2023,0,0,0
991,bhr,Bahrain,2024,0,0,0
992,bhr,Bahrain,2025,0,0,0
993,bgd,Bangladesh,1904,0,0,0
994,bgd,Bangladesh,1905,0,0,0
995,bgd,Bangladesh,1906,0,0,0
996,bgd,Bangladesh,1907,0,0,0
997,bgd,Bangladesh,1908,0,0,0
998,bgd,Bangladesh,1909,172,172,0
999,bgd,Bangladesh,1910,0,0,0
1000,bgd,Bangladesh,1911,0,0,0
1001,bgd,Bangladesh,1912,0,0,0
1002,bgd,Bangladesh,1913,0,0,0
1003,bgd,Bangladesh,1914,0,0,0
1004,bgd,Bangladesh,1915,0,0,0
1005,bgd,Bangladesh,1916,0,0,0
1006,bgd,Bangladesh,1917,0,0,0
1007,bgd,Bangladesh,1918,393000,0,0
1008,bgd,Bangladesh,1919,0,0,0
1009,bgd,Bangladesh,1920,0,0,0
1010,bgd,Bangladesh,1921,0,0,0
1011,bgd,Bangladesh,1922,0,0,0
1012,bgd,Bangladesh,1923,6,6,25000
1013,bgd,Bangladesh,1924,0,0,0
1014,bgd,Bangladesh,1925,0,0,0
1015,bgd,Bangladesh,1926,0,0,0
1016,bgd,Bangladesh,1927,0,0,0
1017,bgd,Bangladesh,1928,0,0,0
1018,bgd,Bangladesh,1929,0,0,0
1019,bgd,Bangladesh,1930,0,0,0
1020,bgd,Bangladesh,1931,0,0,0
1021,bgd,Bangladesh,1932,0,0,0
1022,bgd,Bangladesh,1933,0,0,0
1023,bgd,Bangladesh,1934,0,0,0
1024,bgd,Bangladesh,1935,0,0,0
1025,bgd,Bangladesh,1936,0,0,0
1026,bgd,Bangladesh,1937,0,0,0
1027,bgd,Bangladesh,1938,0,0,0
1028,bgd,Bangladesh,1939,0,0,0
1029,bgd,Bangladesh,1940,0,0,0
1030,bgd,Bangladesh,1941,5000,5000,0
1031,bgd,Bangladesh,1942,61000,61000,0
1032,bgd,Bangladesh,1943,1900000,1900000,0
1033,bgd,Bangladesh,1944,0,0,0
1034,bgd,Bangladesh,1945,0,0,0
1035,bgd,Bangladesh,1946,0,0,0
1036,bgd,Bangladesh,1947,500,500,0
1037,bgd,Bangladesh,1948,0,0,0
1038,bgd,Bangladesh,1949,0,0,0
1039,bgd,Bangladesh,1950,0,0,0
1040,bgd,Bangladesh,1951,200,200,0
1041,bgd,Bangladesh,1952,0,0,0
1042,bgd,Bangladesh,1953,0,0,0
1043,bgd,Bangladesh,1954,0,0,0
1044,bgd,Bangladesh,1955,0,0,0
1045,bgd,Bangladesh,1956,0,0,0
1046,bgd,Bangladesh,1957,0,0,0
1047,bgd,Bangladesh,1958,500,500,0
1048,bgd,Bangladesh,1959,0,0,0
1049,bgd,Bangladesh,1960,18149,18149,0
1050,bgd,Bangladesh,1961,11266,11266,0
1051,bgd,Bangladesh,1962,0,0,0
1052,bgd,Bangladesh,1963,22109,22109,0
1053,bgd,Bangladesh,1964,300,300,0
1054,bgd,Bangladesh,1965,48921,48921,5000000
1055,bgd,Bangladesh,1966,889,889,300000
1056,bgd,Bangladesh,1967,91,91,0
1057,bgd,Bangladesh,1968,339,339,878724
1058,bgd,Bangladesh,1969,849,849,23943
1059,bgd,Bangladesh,1970,300317,300317,0
1060,bgd,Bangladesh,1971,163,163,0
1061,bgd,Bangladesh,1972,250,250,0
1062,bgd,Bangladesh,1973,2327,2327,10000
1063,bgd,Bangladesh,1974,31500,31500,2000000
1064,bgd,Bangladesh,1975,0,0,0
1065,bgd,Bangladesh,1976,215,215,0
1066,bgd,Bangladesh,1977,907,647,0
1067,bgd,Bangladesh,1978,1176,1047,0
1068,bgd,Bangladesh,1979,341,71,0
1069,bgd,Bangladesh,1980,666,666,0
1070,bgd,Bangladesh,1981,1085,1085,25000
1071,bgd,Bangladesh,1982,2741,0,25000
1072,bgd,Bangladesh,1983,1445,930,100000
1073,bgd,Bangladesh,1984,2400,1200,0
1074,bgd,Bangladesh,1985,16555,15155,510000
1075,bgd,Bangladesh,1986,2561,214,420000
1076,bgd,Bangladesh,1987,3818,2292,0
1077,bgd,Bangladesh,1988,4296,3506,2000000
1078,bgd,Bangladesh,1989,1946,1166,0
1079,bgd,Bangladesh,1990,1380,1022,0
1080,bgd,Bangladesh,1991,142679,139434,500000
1081,bgd,Bangladesh,1992,510,40,85000
1082,bgd,Bangladesh,1993,754,646,180000
1083,bgd,Bangladesh,1994,730,350,275000
1084,bgd,Bangladesh,1995,2556,1614,482000
1085,bgd,Bangladesh,1996,1136,881,0
1086,bgd,Bangladesh,1997,802,560,1100000
1087,bgd,Bangladesh,1998,1670,1491,0
1088,bgd,Bangladesh,1999,767,330,139000
1089,bgd,Bangladesh,2000,222,191,85500
1090,bgd,Bangladesh,2001,253,253,0
1091,bgd,Bangladesh,2002,928,832,1000
1092,bgd,Bangladesh,2003,520,520,0
1093,bgd,Bangladesh,2004,1034,1002,14000
1094,bgd,Bangladesh,2005,332,332,21500
1095,bgd,Bangladesh,2006,154,154,2400
1096,bgd,Bangladesh,2007,5721,5635,225
1097,bgd,Bangladesh,2008,68,68,35638
1098,bgd,Bangladesh,2009,348,348,0
1099,bgd,Bangladesh,2010,107,107,0
1100,bgd,Bangladesh,2011,102,102,0
1101,bgd,Bangladesh,2012,344,344,55000
1102,bgd,Bangladesh,2013,50,50,0
1103,bgd,Bangladesh,2014,79,79,4000
1104,bgd,Bangladesh,2015,159,159,0
1105,bgd,Bangladesh,2016,198,198,119700
1106,bgd,Bangladesh,2017,338,323,9300
1107,bgd,Bangladesh,2018,102,102,0
1108,bgd,Bangladesh,2019,260,260,10000
1109,bgd,Bangladesh,2020,283,283,0
1110,bgd,Bangladesh,2021,24,24,0
1111,bgd,Bangladesh,2022,176,176,0
1112,bgd,Bangladesh,2023,147,20,0
1113,bgd,Bangladesh,2024,124,124,0
1114,bgd,Bangladesh,2025,28,28,0
1115,brb,Barbados,1955,57,57,0
1116,brb,Barbados,1956,0,0,0
1117,brb,Barbados,1957,0,0,0
1118,brb,Barbados,1958,0,0,0
1119,brb,Barbados,1959,0,0,0
1120,brb,Barbados,1960,0,0,0
1121,brb,Barbados,1961,0,0,0
1122,brb,Barbados,1962,0,0,0
1123,brb,Barbados,1963,0,0,0
1124,brb,Barbados,1964,0,0,0
1125,brb,Barbados,1965,0,0,0
1126,brb,Barbados,1966,0,0,0
1127,brb,Barbados,1967,0,0,0
1128,brb,Barbados,1968,0,0,0
1129,brb,Barbados,1969,0,0,0
1130,brb,Barbados,1970,3,3,0
1131,brb,Barbados,1971,0,0,0
1132,brb,Barbados,1972,0,0,0
1133,brb,Barbados,1973,0,0,0
1134,brb,Barbados,1974,0,0,0
1135,brb,Barbados,1975,0,0,0
1136,brb,Barbados,1976,0,0,0
1137,brb,Barbados,1977,0,0,0
1138,brb,Barbados,1978,0,0,0
1139,brb,Barbados,1979,0,0,0
1140,brb,Barbados,1980,0,0,5000
1141,brb,Barbados,1981,0,0,0
1142,brb,Barbados,1982,0,0,0
1143,brb,Barbados,1983,0,0,0
1144,brb,Barbados,1984,0,0,100
1145,brb,Barbados,1985,0,0,0
1146,brb,Barbados,1986,0,0,0
1147,brb,Barbados,1987,0,0,230
1148,brb,Barbados,1988,0,0,0
1149,brb,Barbados,1989,0,0,0
1150,brb,Barbados,1990,0,0,0
1151,brb,Barbados,1991,0,0,0
1152,brb,Barbados,1992,0,0,0
1153,brb,Barbados,1993,0,0,0
1154,brb,Barbados,1994,0,0,0
1155,brb,Barbados,1995,0,0,0
1156,brb,Barbados,1996,0,0,0
1157,brb,Barbados,1997,0,0,0
1158,brb,Barbados,1998,0,0,0
1159,brb,Barbados,1999,0,0,0
1160,brb,Barbados,2000,0,0,0
1161,brb,Barbados,2001,0,0,0
1162,brb,Barbados,2002,0,0,2000
1163,brb,Barbados,2003,0,0,0
1164,brb,Barbados,2004,1,1,880
1165,brb,Barbados,2005,0,0,0
1166,brb,Barbados,2006,0,0,0
1167,brb,Barbados,2007,0,0,0
1168,brb,Barbados,2008,0,0,0
1169,brb,Barbados,2009,0,0,0
1170,brb,Barbados,2010,0,0,0
1171,brb,Barbados,2011,0,0,0
1172,brb,Barbados,2012,0,0,0
1173,brb,Barbados,2013,0,0,0
1174,brb,Barbados,2014,0,0,0
1175,brb,Barbados,2015,0,0,0
1176,brb,Barbados,2016,0,0,0
1177,brb,Barbados,2017,1,1,0
1178,brb,Barbados,2018,0,0,0
1179,brb,Barbados,2019,0,0,0
1180,brb,Barbados,2020,0,0,0
1181,brb,Barbados,2021,0,0,186
1182,brb,Barbados,2022,0,0,0
1183,brb,Barbados,2023,0,0,0
1184,brb,Barbados,2024,0,0,0
1185,brb,Barbados,2025,0,0,0
1186,blr,Belarus,1915,21,0,0
1187,blr,Belarus,1916,0,0,0
1188,blr,Belarus,1917,0,0,0
1189,blr,Belarus,1918,0,0,0
1190,blr,Belarus,1919,0,0,0
1191,blr,Belarus,1920,0,0,0
1192,blr,Belarus,1921,0,0,0
1193,blr,Belarus,1922,0,0,0
1194,blr,Belarus,1923,0,0,0
1195,blr,Belarus,1924,0,0,0
1196,blr,Belarus,1925,0,0,0
1197,blr,Belarus,1926,0,0,0
1198,blr,Belarus,1927,0,0,0
1199,blr,Belarus,1928,0,0,0
1200,blr,Belarus,1929,0,0,0
1201,blr,Belarus,1930,0,0,0
1202,blr,Belarus,1931,0,0,0
1203,blr,Belarus,1932,0,0,0
1204,blr,Belarus,1933,0,0,0
1205,blr,Belarus,1934,0,0,0
1206,blr,Belarus,1935,0,0,0
1207,blr,Belarus,1936,0,0,0
1208,blr,Belarus,1937,0,0,0
1209,blr,Belarus,1938,0,0,0
1210,blr,Belarus,1939,0,0,0
1211,blr,Belarus,1940,0,0,0
1212,blr,Belarus,1941,0,0,0
1213,blr,Belarus,1942,0,0,0
1214,blr,Belarus,1943,0,0,0
1215,blr,Belarus,1944,0,0,0
1216,blr,Belarus,1945,0,0,0
1217,blr,Belarus,1946,0,0,0
1218,blr,Belarus,1947,0,0,0
1219,blr,Belarus,1948,0,0,0
1220,blr,Belarus,1949,0,0,0
1221,blr,Belarus,1950,0,0,0
1222,blr,Belarus,1951,0,0,0
1223,blr,Belarus,1952,0,0,0
1224,blr,Belarus,1953,0,0,0
1225,blr,Belarus,1954,0,0,0
1226,blr,Belarus,1955,0,0,0
1227,blr,Belarus,1956,0,0,0
1228,blr,Belarus,1957,0,0,0
1229,blr,Belarus,1958,0,0,0
1230,blr,Belarus,1959,0,0,0
1231,blr,Belarus,1960,0,0,0
1232,blr,Belarus,1961,0,0,0
1233,blr,Belarus,1962,0,0,0
1234,blr,Belarus,1963,0,0,0
1235,blr,Belarus,1964,0,0,0
1236,blr,Belarus,1965,0,0,0
1237,blr,Belarus,1966,0,0,0
1238,blr,Belarus,1967,0,0,0
1239,blr,Belarus,1968,0,0,0
1240,blr,Belarus,1969,0,0,0
1241,blr,Belarus,1970,0,0,0
1242,blr,Belarus,1971,0,0,0
1243,blr,Belarus,1972,0,0,0
1244,blr,Belarus,1973,0,0,0
1245,blr,Belarus,1974,0,0,0
1246,blr,Belarus,1975,0,0,0
1247,blr,Belarus,1976,0,0,0
1248,blr,Belarus,1977,0,0,0
1249,blr,Belarus,1978,0,0,0
1250,blr,Belarus,1979,0,0,0
1251,blr,Belarus,1980,0,0,0
1252,blr,Belarus,1981,0,0,0
1253,blr,Belarus,1982,0,0,0
1254,blr,Belarus,1983,0,0,0
1255,blr,Belarus,1984,0,0,0
1256,blr,Belarus,1985,0,0,0
1257,blr,Belarus,1986,0,0,0
1258,blr,Belarus,1987,0,0,0
1259,blr,Belarus,1988,0,0,0
1260,blr,Belarus,1989,0,0,0
1261,blr,Belarus,1990,0,0,0
1262,blr,Belarus,1991,0,0,0
1263,blr,Belarus,1992,0,0,0
1264,blr,Belarus,1993,0,0,0
1265,blr,Belarus,1994,0,0,0
1266,blr,Belarus,1995,13,0,0
1267,blr,Belarus,1996,0,0,0
1268,blr,Belarus,1997,5,5,300
1269,blr,Belarus,1998,0,0,0
1270,blr,Belarus,1999,56,2,0
1271,blr,Belarus,2000,0,0,0
1272,blr,Belarus,2001,0,0,0
1273,blr,Belarus,2002,0,0,0
1274,blr,Belarus,2003,0,0,0
1275,blr,Belarus,2004,0,0,0
1276,blr,Belarus,2005,0,0,0
1277,blr,Belarus,2006,5,5,0
1278,blr,Belarus,2007,0,0,0
1279,blr,Belarus,2008,0,0,0
1280,blr,Belarus,2009,0,0,0
1281,blr,Belarus,2010,0,0,0
1282,blr,Belarus,2011,0,0,0
1283,blr,Belarus,2012,0,0,0
1284,blr,Belarus,2013,4,4,0
1285,blr,Belarus,2014,2,2,0
1286,blr,Belarus,2015,0,0,0
1287,blr,Belarus,2016,0,0,0
1288,blr,Belarus,2017,43,43,0
1289,blr,Belarus,2018,0,0,0
1290,blr,Belarus,2019,0,0,0
1291,blr,Belarus,2020,0,0,0
1292,blr,Belarus,2021,0,0,0
1293,blr,Belarus,2022,0,0,0
1294,blr,Belarus,2023,0,0,0
1295,blr,Belarus,2024,0,0,0
1296,blr,Belarus,2025,0,0,0
1297,bel,Belgium,1901,18,0,0
1298,bel,Belgium,1902,0,0,0
1299,bel,Belgium,1903,0,0,0
1300,bel,Belgium,1904,15,0,0
1301,bel,Belgium,1905,16,0,0
1302,bel,Belgium,1906,6,6,0
1303,bel,Belgium,1907,0,0,0
1304,bel,Belgium,1908,18,0,0
1305,bel,Belgium,1909,0,0,0
1306,bel,Belgium,1910,0,0,0
1307,bel,Belgium,1911,0,0,0
1308,bel,Belgium,1912,0,0,0
1309,bel,Belgium,1913,0,0,0
1310,bel,Belgium,1914,0,0,0
1311,bel,Belgium,1915,0,0,0
1312,bel,Belgium,1916,0,0,0
1313,bel,Belgium,1917,20,0,0
1314,bel,Belgium,1918,0,0,0
1315,bel,Belgium,1919,0,0,0
1316,bel,Belgium,1920,12,0,0
1317,bel,Belgium,1921,21,0,0
1318,bel,Belgium,1922,10,0,0
1319,bel,Belgium,1923,10,0,0
1320,bel,Belgium,1924,24,0,0
1321,bel,Belgium,1925,0,0,0
1322,bel,Belgium,1926,0,0,0
1323,bel,Belgium,1927,26,0,0
1324,bel,Belgium,1928,0,0,0
1325,bel,Belgium,1929,58,0,0
1326,bel,Belgium,1930,85,60,0
1327,bel,Belgium,1931,17,0,0
1328,bel,Belgium,1932,17,0,0
1329,bel,Belgium,1933,25,0,0
1330,bel,Belgium,1934,56,0,0
1331,bel,Belgium,1935,10,0,0
1332,bel,Belgium,1936,26,0,0
1333,bel,Belgium,1937,26,0,0
1334,bel,Belgium,1938,0,0,0
1335,bel,Belgium,1939,41,0,0
1336,bel,Belgium,1940,45,0,0
1337,bel,Belgium,1941,37,0,0
1338,bel,Belgium,1942,250,0,0
1339,bel,Belgium,1943,0,0,0
1340,bel,Belgium,1944,0,0,0
1341,bel,Belgium,1945,0,0,0
1342,bel,Belgium,1946,16,0,0
1343,bel,Belgium,1947,17,0,0
1344,bel,Belgium,1948,0,0,0
1345,bel,Belgium,1949,0,0,0
1346,bel,Belgium,1950,38,0,0
1347,bel,Belgium,1951,0,0,0
1348,bel,Belgium,1952,10,0,0
1349,bel,Belgium,1953,65,11,0
1350,bel,Belgium,1954,32,0,0
1351,bel,Belgium,1955,39,0,0
1352,bel,Belgium,1956,266,4,0
1353,bel,Belgium,1957,0,0,0
1354,bel,Belgium,1958,20,0,0
1355,bel,Belgium,1959,0,0,0
1356,bel,Belgium,1960,0,0,0
1357,bel,Belgium,1961,97,0,0
1358,bel,Belgium,1962,28,0,0
1359,bel,Belgium,1963,12,12,0
1360,bel,Belgium,1964,17,0,0
1361,bel,Belgium,1965,15,0,0
1362,bel,Belgium,1966,10,0,0
1363,bel,Belgium,1967,365,0,0
1364,bel,Belgium,1968,0,0,0
1365,bel,Belgium,1969,47,0,0
1366,bel,Belgium,1970,1,0,0
1367,bel,Belgium,1971,61,0,0
1368,bel,Belgium,1972,0,0,0
1369,bel,Belgium,1973,0,0,0
1370,bel,Belgium,1974,40,0,0
1371,bel,Belgium,1975,0,0,0
1372,bel,Belgium,1976,25,0,0
1373,bel,Belgium,1977,20,0,0
1374,bel,Belgium,1978,0,0,0
1375,bel,Belgium,1979,0,0,0
1376,bel,Belgium,1980,0,0,0
1377,bel,Belgium,1981,0,0,0
1378,bel,Belgium,1982,14,0,0
1379,bel,Belgium,1983,2,2,0
1380,bel,Belgium,1984,0,0,0
1381,bel,Belgium,1985,39,0,0
1382,bel,Belgium,1986,0,0,0
1383,bel,Belgium,1987,193,0,0
1384,bel,Belgium,1988,0,0,0
1385,bel,Belgium,1989,12,0,0
1386,bel,Belgium,1990,29,16,0
1387,bel,Belgium,1991,0,0,0
1388,bel,Belgium,1992,0,0,0
1389,bel,Belgium,1993,9,0,0
1390,bel,Belgium,1994,15,0,0
1391,bel,Belgium,1995,22,6,0
1392,bel,Belgium,1996,10,0,0
1393,bel,Belgium,1997,11,0,0
1394,bel,Belgium,1998,1,1,0
1395,bel,Belgium,1999,2,2,0
1396,bel,Belgium,2000,0,0,0
1397,bel,Belgium,2001,0,0,0
1398,bel,Belgium,2002,5,5,0
1399,bel,Belgium,2003,1175,1175,0
1400,bel,Belgium,2004,0,0,0
1401,bel,Belgium,2005,2,2,0
1402,bel,Belgium,2006,940,940,0
1403,bel,Belgium,2007,2,2,0
1404,bel,Belgium,2008,0,0,0
1405,bel,Belgium,2009,1,1,0
1406,bel,Belgium,2010,4,4,0
1407,bel,Belgium,2011,5,5,0
1408,bel,Belgium,2012,3,3,0
1409,bel,Belgium,2013,0,0,0
1410,bel,Belgium,2014,0,0,0
1411,bel,Belgium,2015,410,410,0
1412,bel,Belgium,2016,2,2,0
1413,bel,Belgium,2017,0,0,0
1414,bel,Belgium,2018,1,1,0
1415,bel,Belgium,2019,716,716,0
1416,bel,Belgium,2020,1687,1687,0
1417,bel,Belgium,2021,39,39,100000
1418,bel,Belgium,2022,436,436,0
1419,bel,Belgium,2023,326,326,0
1420,bel,Belgium,2024,249,249,0
1421,bel,Belgium,2025,269,269,0
1422,blz,Belize,1931,1500,1500,0
1423,blz,Belize,1932,0,0,0
1424,blz,Belize,1933,0,0,0
1425,blz,Belize,1934,0,0,0
1426,blz,Belize,1935,0,0,0
1427,blz,Belize,1936,0,0,0
1428,blz,Belize,1937,0,0,0
1429,blz,Belize,1938,0,0,0
1430,blz,Belize,1939,0,0,0
1431,blz,Belize,1940,0,0,0
1432,blz,Belize,1941,0,0,0
1433,blz,Belize,1942,0,0,0
1434,blz,Belize,1943,0,0,0
1435,blz,Belize,1944,0,0,0
1436,blz,Belize,1945,0,0,0
1437,blz,Belize,1946,0,0,0
1438,blz,Belize,1947,0,0,0
1439,blz,Belize,1948,0,0,0
1440,blz,Belize,1949,0,0,0
1441,blz,Belize,1950,0,0,0
1442,blz,Belize,1951,0,0,0
1443,blz,Belize,1952,0,0,0
1444,blz,Belize,1953,0,0,0
1445,blz,Belize,1954,0,0,0
1446,blz,Belize,1955,16,16,0
1447,blz,Belize,1956,0,0,0
1448,blz,Belize,1957,0,0,0
1449,blz,Belize,1958,0,0,0
1450,blz,Belize,1959,0,0,0
1451,blz,Belize,1960,0,0,0
1452,blz,Belize,1961,275,275,0
1453,blz,Belize,1962,0,0,0
1454,blz,Belize,1963,0,0,0
1455,blz,Belize,1964,0,0,0
1456,blz,Belize,1965,0,0,0
1457,blz,Belize,1966,0,0,0
1458,blz,Belize,1967,0,0,0
1459,blz,Belize,1968,0,0,0
1460,blz,Belize,1969,0,0,0
1461,blz,Belize,1970,0,0,0
1462,blz,Belize,1971,0,0,0
1463,blz,Belize,1972,0,0,0
1464,blz,Belize,1973,0,0,0
1465,blz,Belize,1974,0,0,0
1466,blz,Belize,1975,0,0,0
1467,blz,Belize,1976,0,0,0
1468,blz,Belize,1977,0,0,0
1469,blz,Belize,1978,5,5,0
1470,blz,Belize,1979,0,0,0
1471,blz,Belize,1980,0,0,0
1472,blz,Belize,1981,0,0,0
1473,blz,Belize,1982,0,0,0
1474,blz,Belize,1983,0,0,0
1475,blz,Belize,1984,0,0,0
1476,blz,Belize,1985,0,0,0
1477,blz,Belize,1986,0,0,0
1478,blz,Belize,1987,0,0,0
1479,blz,Belize,1988,0,0,0
1480,blz,Belize,1989,0,0,0
1481,blz,Belize,1990,0,0,0
1482,blz,Belize,1991,0,0,0
1483,blz,Belize,1992,0,0,0
1484,blz,Belize,1993,0,0,0
1485,blz,Belize,1994,0,0,0
1486,blz,Belize,1995,0,0,0
1487,blz,Belize,1996,0,0,0
1488,blz,Belize,1997,22,0,0
1489,blz,Belize,1998,9,9,0
1490,blz,Belize,1999,0,0,0
1491,blz,Belize,2000,14,14,0
1492,blz,Belize,2001,30,30,0
1493,blz,Belize,2002,0,0,0
1494,blz,Belize,2003,0,0,0
1495,blz,Belize,2004,0,0,0
1496,blz,Belize,2005,3,3,0
1497,blz,Belize,2006,0,0,0
1498,blz,Belize,2007,0,0,0
1499,blz,Belize,2008,8,8,0
1500,blz,Belize,2009,0,0,0
1501,blz,Belize,2010,0,0,0
1502,blz,Belize,2011,0,0,0
1503,blz,Belize,2012,0,0,0
1504,blz,Belize,2013,0,0,0
1505,blz,Belize,2014,0,0,0
1506,blz,Belize,2015,0,0,0
1507,blz,Belize,2016,0,0,0
1508,blz,Belize,2017,0,0,0
1509,blz,Belize,2018,0,0,0
1510,blz,Belize,2019,0,0,0
1511,blz,Belize,2020,0,0,0
1512,blz,Belize,2021,0,0,0
1513,blz,Belize,2022,0,0,150
1514,blz,Belize,2023,0,0,0
1515,blz,Belize,2024,0,0,0
1516,blz,Belize,2025,0,0,0
1517,ben,Benin,1969,0,0,0
1518,ben,Benin,1970,0,0,0
1519,ben,Benin,1971,0,0,0
1520,ben,Benin,1972,0,0,0
1521,ben,Benin,1973,0,0,0
1522,ben,Benin,1974,0,0,0
1523,ben,Benin,1975,0,0,0
1524,ben,Benin,1976,1,0,0
1525,ben,Benin,1977,0,0,0
1526,ben,Benin,1978,2,2,3000
1527,ben,Benin,1979,0,0,0
1528,ben,Benin,1980,0,0,0
1529,ben,Benin,1981,0,0,0
1530,ben,Benin,1982,0,0,80000
1531,ben,Benin,1983,0,0,0
1532,ben,Benin,1984,0,0,0
1533,ben,Benin,1985,61,61,130000
1534,ben,Benin,1986,0,0,0
1535,ben,Benin,1987,65,0,0
1536,ben,Benin,1988,0,0,16000
1537,ben,Benin,1989,228,0,0
1538,ben,Benin,1990,0,0,0
1539,ben,Benin,1991,3,3,0
1540,ben,Benin,1992,0,0,0
1541,ben,Benin,1993,0,0,0
1542,ben,Benin,1994,0,0,20000
1543,ben,Benin,1995,20,20,8000
1544,ben,Benin,1996,76,11,826
1545,ben,Benin,1997,47,0,0
1546,ben,Benin,1998,78,0,20000
1547,ben,Benin,1999,12,3,10469
1548,ben,Benin,2000,351,0,0
1549,ben,Benin,2001,378,0,0
1550,ben,Benin,2002,50,0,0
1551,ben,Benin,2003,3,0,0
1552,ben,Benin,2004,0,0,0
1553,ben,Benin,2005,4,0,0
1554,ben,Benin,2006,0,0,0
1555,ben,Benin,2007,10,10,884
1556,ben,Benin,2008,48,15,0
1557,ben,Benin,2009,10,10,0
1558,ben,Benin,2010,71,46,150000
1559,ben,Benin,2011,0,0,0
1560,ben,Benin,2012,4,4,0
1561,ben,Benin,2013,7,1,2759
1562,ben,Benin,2014,0,0,0
1563,ben,Benin,2015,0,0,0
1564,ben,Benin,2016,13,0,0
1565,ben,Benin,2017,0,0,0
1566,ben,Benin,2018,0,0,0
1567,ben,Benin,2019,13,0,0
1568,ben,Benin,2020,6,6,0
1569,ben,Benin,2021,13,13,0
1570,ben,Benin,2022,44,44,0
1571,ben,Benin,2023,0,0,0
1572,ben,Benin,2024,0,0,0
1573,ben,Benin,2025,0,0,0
1574,btn,Bhutan,1985,41,0,0
1575,btn,Bhutan,1986,0,0,0
1576,btn,Bhutan,1987,0,0,0
1577,btn,Bhutan,1988,0,0,0
1578,btn,Bhutan,1989,0,0,0
1579,btn,Bhutan,1990,0,0,0
1580,btn,Bhutan,1991,0,0,0
1581,btn,Bhutan,1992,0,0,0
1582,btn,Bhutan,1993,0,0,0
1583,btn,Bhutan,1994,39,39,0
1584,btn,Bhutan,1995,0,0,0
1585,btn,Bhutan,1996,0,0,0
1586,btn,Bhutan,1997,0,0,0
1587,btn,Bhutan,1998,0,0,0
1588,btn,Bhutan,1999,0,0,0
1589,btn,Bhutan,2000,200,200,1000
1590,btn,Bhutan,2001,0,0,0
1591,btn,Bhutan,2002,0,0,0
1592,btn,Bhutan,2003,0,0,0
1593,btn,Bhutan,2004,0,0,0
1594,btn,Bhutan,2005,0,0,0
1595,btn,Bhutan,2006,0,0,0
1596,btn,Bhutan,2007,0,0,0
1597,btn,Bhutan,2008,0,0,0
1598,btn,Bhutan,2009,23,23,0
1599,btn,Bhutan,2010,0,0,0
1600,btn,Bhutan,2011,1,1,0
1601,btn,Bhutan,2012,0,0,0
1602,btn,Bhutan,2013,0,0,0
1603,btn,Bhutan,2014,0,0,0
1604,btn,Bhutan,2015,0,0,0
1605,btn,Bhutan,2016,0,0,0
1606,btn,Bhutan,2017,0,0,0
1607,btn,Bhutan,2018,0,0,0
1608,btn,Bhutan,2019,0,0,0
1609,btn,Bhutan,2020,0,0,0
1610,btn,Bhutan,2021,10,10,0
1611,btn,Bhutan,2022,0,0,0
1612,btn,Bhutan,2023,0,0,0
1613,btn,Bhutan,2024,0,0,0
1614,btn,Bhutan,2025,0,0,0
1615,bol,Bolivia,1936,13,0,0
1616,bol,Bolivia,1937,0,0,0
1617,bol,Bolivia,1938,0,0,0
1618,bol,Bolivia,1939,0,0,0
1619,bol,Bolivia,1940,0,0,0
1620,bol,Bolivia,1941,0,0,0
1621,bol,Bolivia,1942,0,0,0
1622,bol,Bolivia,1943,0,0,0
1623,bol,Bolivia,1944,0,0,0
1624,bol,Bolivia,1945,0,0,0
1625,bol,Bolivia,1946,0,0,0
1626,bol,Bolivia,1947,0,0,0
1627,bol,Bolivia,1948,0,0,0
1628,bol,Bolivia,1949,0,0,0
1629,bol,Bolivia,1950,0,0,0
1630,bol,Bolivia,1951,0,0,0
1631,bol,Bolivia,1952,0,0,0
1632,bol,Bolivia,1953,0,0,0
1633,bol,Bolivia,1954,0,0,0
1634,bol,Bolivia,1955,0,0,0
1635,bol,Bolivia,1956,0,0,0
1636,bol,Bolivia,1957,0,0,0
1637,bol,Bolivia,1958,0,0,0
1638,bol,Bolivia,1959,0,0,0
1639,bol,Bolivia,1960,0,0,0
1640,bol,Bolivia,1961,0,0,0
1641,bol,Bolivia,1962,0,0,0
1642,bol,Bolivia,1963,0,0,0
1643,bol,Bolivia,1964,0,0,0
1644,bol,Bolivia,1965,40,40,0
1645,bol,Bolivia,1966,14,14,0
1646,bol,Bolivia,1967,0,0,0
1647,bol,Bolivia,1968,24,24,6000
1648,bol,Bolivia,1969,18,0,0
1649,bol,Bolivia,1970,0,0,0
1650,bol,Bolivia,1971,0,0,0
1651,bol,Bolivia,1972,0,0,0
1652,bol,Bolivia,1973,0,0,0
1653,bol,Bolivia,1974,31,31,0
1654,bol,Bolivia,1975,0,0,0
1655,bol,Bolivia,1976,112,0,0
1656,bol,Bolivia,1977,10,10,20000
1657,bol,Bolivia,1978,40,40,15000
1658,bol,Bolivia,1979,0,0,0
1659,bol,Bolivia,1980,0,0,0
1660,bol,Bolivia,1981,0,0,0
1661,bol,Bolivia,1982,0,0,0
1662,bol,Bolivia,1983,250,250,0
1663,bol,Bolivia,1984,0,0,0
1664,bol,Bolivia,1985,29,0,475
1665,bol,Bolivia,1986,29,29,50000
1666,bol,Bolivia,1987,25,25,0
1667,bol,Bolivia,1988,0,0,0
1668,bol,Bolivia,1989,90,0,0
1669,bol,Bolivia,1990,0,0,0
1670,bol,Bolivia,1991,354,0,0
1671,bol,Bolivia,1992,81,53,40500
1672,bol,Bolivia,1993,21,0,0
1673,bol,Bolivia,1994,5,5,0
1674,bol,Bolivia,1995,0,0,0
1675,bol,Bolivia,1996,75,40,0
1676,bol,Bolivia,1997,74,56,0
1677,bol,Bolivia,1998,187,155,6900
1678,bol,Bolivia,1999,101,3,3400
1679,bol,Bolivia,2000,36,36,0
1680,bol,Bolivia,2001,41,41,0
1681,bol,Bolivia,2002,96,96,0
1682,bol,Bolivia,2003,143,143,10300
1683,bol,Bolivia,2004,0,0,0
1684,bol,Bolivia,2005,0,0,0
1685,bol,Bolivia,2006,25,25,0
1686,bol,Bolivia,2007,116,115,0
1687,bol,Bolivia,2008,27,0,0
1688,bol,Bolivia,2009,0,0,0
1689,bol,Bolivia,2010,59,30,300
1690,bol,Bolivia,2011,52,52,0
1691,bol,Bolivia,2012,13,13,0
1692,bol,Bolivia,2013,136,136,0
1693,bol,Bolivia,2014,112,112,4800
1694,bol,Bolivia,2015,25,25,0
1695,bol,Bolivia,2016,4,4,0
1696,bol,Bolivia,2017,0,0,0
1697,bol,Bolivia,2018,29,6,0
1698,bol,Bolivia,2019,83,83,0
1699,bol,Bolivia,2020,31,31,0
1700,bol,Bolivia,2021,50,50,0
1701,bol,Bolivia,2022,60,60,0
1702,bol,Bolivia,2023,44,44,0
1703,bol,Bolivia,2024,6,6,150
1704,bol,Bolivia,2025,121,121,0
1705,bih,Bosnia and Herzegovina,1997,12,0,0
1706,bih,Bosnia and Herzegovina,1998,0,0,0
1707,bih,Bosnia and Herzegovina,1999,0,0,90
1708,bih,Bosnia and Herzegovina,2000,6,6,0
1709,bih,Bosnia and Herzegovina,2001,0,0,0
1710,bih,Bosnia and Herzegovina,2002,0,0,0
1711,bih,Bosnia and Herzegovina,2003,0,0,0
1712,bih,Bosnia and Herzegovina,2004,0,0,0
1713,bih,Bosnia and Herzegovina,2005,4,4,0
1714,bih,Bosnia and Herzegovina,2006,0,0,0
1715,bih,Bosnia and Herzegovina,2007,0,0,0
1716,bih,Bosnia and Herzegovina,2008,0,0,0
1717,bih,Bosnia and Herzegovina,2009,1,1,0
1718,bih,Bosnia and Herzegovina,2010,3,3,0
1719,bih,Bosnia and Herzegovina,2011,0,0,0
1720,bih,Bosnia and Herzegovina,2012,4,4,0
1721,bih,Bosnia and Herzegovina,2013,0,0,0
1722,bih,Bosnia and Herzegovina,2014,26,26,0
1723,bih,Bosnia and Herzegovina,2015,0,0,0
1724,bih,Bosnia and Herzegovina,2016,0,0,0
1725,bih,Bosnia and Herzegovina,2017,0,0,0
1726,bih,Bosnia and Herzegovina,2018,0,0,0
1727,bih,Bosnia and Herzegovina,2019,1,1,0
1728,bih,Bosnia and Herzegovina,2020,0,0,0
1729,bih,Bosnia and Herzegovina,2021,0,0,0
1730,bih,Bosnia and Herzegovina,2022,2,2,0
1731,bih,Bosnia and Herzegovina,2023,1,1,0
1732,bih,Bosnia and Herzegovina,2024,936,936,0
1733,bih,Bosnia and Herzegovina,2025,0,0,0
1734,bwa,Botswana,1965,0,0,0
1735,bwa,Botswana,1966,0,0,0
1736,bwa,Botswana,1967,0,0,0
1737,bwa,Botswana,1968,0,0,0
1738,bwa,Botswana,1969,0,0,0
1739,bwa,Botswana,1970,0,0,0
1740,bwa,Botswana,1971,0,0,0
1741,bwa,Botswana,1972,0,0,0
1742,bwa,Botswana,1973,0,0,0
1743,bwa,Botswana,1974,0,0,0
1744,bwa,Botswana,1975,0,0,0
1745,bwa,Botswana,1976,0,0,0
1746,bwa,Botswana,1977,0,0,0
1747,bwa,Botswana,1978,0,0,0
1748,bwa,Botswana,1979,0,0,0
1749,bwa,Botswana,1980,0,0,0
1750,bwa,Botswana,1981,0,0,0
1751,bwa,Botswana,1982,0,0,0
1752,bwa,Botswana,1983,0,0,0
1753,bwa,Botswana,1984,0,0,0
1754,bwa,Botswana,1985,0,0,0
1755,bwa,Botswana,1986,0,0,0
1756,bwa,Botswana,1987,0,0,0
1757,bwa,Botswana,1988,191,8,0
1758,bwa,Botswana,1989,0,0,0
1759,bwa,Botswana,1990,0,0,0
1760,bwa,Botswana,1991,0,0,0
1761,bwa,Botswana,1992,0,0,0
1762,bwa,Botswana,1993,0,0,0
1763,bwa,Botswana,1994,0,0,0
1764,bwa,Botswana,1995,20,20,2000
1765,bwa,Botswana,1996,0,0,0
1766,bwa,Botswana,1997,0,0,0
1767,bwa,Botswana,1998,0,0,0
1768,bwa,Botswana,1999,0,0,0
1769,bwa,Botswana,2000,3,3,32000
1770,bwa,Botswana,2001,0,0,0
1771,bwa,Botswana,2002,0,0,0
1772,bwa,Botswana,2003,0,0,0
1773,bwa,Botswana,2004,0,0,0
1774,bwa,Botswana,2005,0,0,0
1775,bwa,Botswana,2006,470,0,0
1776,bwa,Botswana,2007,0,0,0
1777,bwa,Botswana,2008,2,0,0
1778,bwa,Botswana,2009,0,0,0
1779,bwa,Botswana,2010,0,0,0
1780,bwa,Botswana,2011,0,0,0
1781,bwa,Botswana,2012,0,0,0
1782,bwa,Botswana,2013,12,12,0
1783,bwa,Botswana,2014,0,0,0
1784,bwa,Botswana,2015,0,0,0
1785,bwa,Botswana,2016,0,0,0
1786,bwa,Botswana,2017,0,0,0
1787,bwa,Botswana,2018,0,0,0
1788,bwa,Botswana,2019,0,0,0
1789,bwa,Botswana,2020,0,0,0
1790,bwa,Botswana,2021,0,0,0
1791,bwa,Botswana,2022,0,0,0
1792,bwa,Botswana,2023,0,0,0
1793,bwa,Botswana,2024,0,0,0
1794,bwa,Botswana,2025,9,9,0
1795,bra,Brazil,1928,24,0,0
1796,bra,Brazil,1929,0,0,0
1797,bra,Brazil,1930,0,0,0
1798,bra,Brazil,1931,0,0,0
1799,bra,Brazil,1932,0,0,0
1800,bra,Brazil,1933,0,0,0
1801,bra,Brazil,1934,0,0,0
1802,bra,Brazil,1935,0,0,0
1803,bra,Brazil,1936,0,0,0
1804,bra,Brazil,1937,0,0,0
1805,bra,Brazil,1938,0,0,0
1806,bra,Brazil,1939,24,0,0
1807,bra,Brazil,1940,0,0,0
1808,bra,Brazil,1941,0,0,0
1809,bra,Brazil,1942,0,0,0
1810,bra,Brazil,1943,37,0,0
1811,bra,Brazil,1944,43,0,0
1812,bra,Brazil,1945,0,0,0
1813,bra,Brazil,1946,0,0,0
1814,bra,Brazil,1947,0,0,0
1815,bra,Brazil,1948,200,200,0
1816,bra,Brazil,1949,100,100,0
1817,bra,Brazil,1950,0,0,0
1818,bra,Brazil,1951,0,0,0
1819,bra,Brazil,1952,0,0,0
1820,bra,Brazil,1953,0,0,0
1821,bra,Brazil,1954,0,0,0
1822,bra,Brazil,1955,0,0,0
1823,bra,Brazil,1956,66,66,0
1824,bra,Brazil,1957,112,112,0
1825,bra,Brazil,1958,0,0,0
1826,bra,Brazil,1959,159,159,0
1827,bra,Brazil,1960,0,0,0
1828,bra,Brazil,1961,323,0,0
1829,bra,Brazil,1962,0,0,0
1830,bra,Brazil,1963,146,0,0
1831,bra,Brazil,1964,100,100,0
1832,bra,Brazil,1965,22,22,40000
1833,bra,Brazil,1966,946,946,29000
1834,bra,Brazil,1967,1256,1256,15400
1835,bra,Brazil,1968,113,113,0
1836,bra,Brazil,1969,316,316,17384
1837,bra,Brazil,1970,408,172,0
1838,bra,Brazil,1971,239,239,0
1839,bra,Brazil,1972,39,0,0
1840,bra,Brazil,1973,20,20,0
1841,bra,Brazil,1974,2015,326,0
1842,bra,Brazil,1975,244,244,80000
1843,bra,Brazil,1976,0,0,0
1844,bra,Brazil,1977,72,72,50000
1845,bra,Brazil,1978,26,26,0
1846,bra,Brazil,1979,300,300,0
1847,bra,Brazil,1980,82,82,0
1848,bra,Brazil,1981,627,97,0
1849,bra,Brazil,1982,170,33,0
1850,bra,Brazil,1983,218,176,8000
1851,bra,Brazil,1984,1135,273,31500
1852,bra,Brazil,1985,135,123,4000
1853,bra,Brazil,1986,52,29,14500
1854,bra,Brazil,1987,426,107,0
1855,bra,Brazil,1988,1066,732,20000
1856,bra,Brazil,1989,378,303,333944
1857,bra,Brazil,1990,68,24,0
1858,bra,Brazil,1991,633,44,600
1859,bra,Brazil,1992,137,137,1500
1860,bra,Brazil,1993,99,0,0
1861,bra,Brazil,1994,170,0,2000
1862,bra,Brazil,1995,388,238,35800
1863,bra,Brazil,1996,409,186,7000
1864,bra,Brazil,1997,93,93,62000
1865,bra,Brazil,1998,132,14,10500
1866,bra,Brazil,1999,142,32,0
1867,bra,Brazil,2000,108,108,213000
1868,bra,Brazil,2001,98,98,12500
1869,bra,Brazil,2002,161,104,3000
1870,bra,Brazil,2003,255,255,187410
1871,bra,Brazil,2004,39,39,2200
1872,bra,Brazil,2005,49,49,10340
1873,bra,Brazil,2006,20,20,0
1874,bra,Brazil,2007,70,70,0
1875,bra,Brazil,2008,326,203,3035
1876,bra,Brazil,2009,191,168,3150
1877,bra,Brazil,2010,395,395,13000
1878,bra,Brazil,2011,978,978,30000
1879,bra,Brazil,2012,3,3,8500
1880,bra,Brazil,2013,121,121,43200
1881,bra,Brazil,2014,41,41,67500
1882,bra,Brazil,2015,28,28,0
1883,bra,Brazil,2016,294,33,0
1884,bra,Brazil,2017,168,14,0
1885,bra,Brazil,2018,22,22,300
1886,bra,Brazil,2019,47,47,0
1887,bra,Brazil,2020,163,163,5000
1888,bra,Brazil,2021,62,62,0
1889,bra,Brazil,2022,528,528,886
1890,bra,Brazil,2023,171,171,300
1891,bra,Brazil,2024,275,275,0
1892,bra,Brazil,2025,43,43,0
1893,bgr,Bulgaria,1916,20,0,0
1894,bgr,Bulgaria,1917,0,0,0
1895,bgr,Bulgaria,1918,0,0,0
1896,bgr,Bulgaria,1919,0,0,0
1897,bgr,Bulgaria,1920,0,0,0
1898,bgr,Bulgaria,1921,0,0,0
1899,bgr,Bulgaria,1922,0,0,0
1900,bgr,Bulgaria,1923,0,0,0
1901,bgr,Bulgaria,1924,0,0,0
1902,bgr,Bulgaria,1925,0,0,0
1903,bgr,Bulgaria,1926,0,0,0
1904,bgr,Bulgaria,1927,0,0,0
1905,bgr,Bulgaria,1928,107,107,0
1906,bgr,Bulgaria,1929,0,0,0
1907,bgr,Bulgaria,1930,0,0,0
1908,bgr,Bulgaria,1931,0,0,0
1909,bgr,Bulgaria,1932,0,0,0
1910,bgr,Bulgaria,1933,0,0,0
1911,bgr,Bulgaria,1934,0,0,0
1912,bgr,Bulgaria,1935,0,0,0
1913,bgr,Bulgaria,1936,0,0,0
1914,bgr,Bulgaria,1937,0,0,0
1915,bgr,Bulgaria,1938,0,0,0
1916,bgr,Bulgaria,1939,0,0,0
1917,bgr,Bulgaria,1940,0,0,0
1918,bgr,Bulgaria,1941,0,0,0
1919,bgr,Bulgaria,1942,0,0,0
1920,bgr,Bulgaria,1943,0,0,0
1921,bgr,Bulgaria,1944,0,0,0
1922,bgr,Bulgaria,1945,0,0,0
1923,bgr,Bulgaria,1946,0,0,0
1924,bgr,Bulgaria,1947,0,0,0
1925,bgr,Bulgaria,1948,0,0,0
1926,bgr,Bulgaria,1949,0,0,0
1927,bgr,Bulgaria,1950,0,0,0
1928,bgr,Bulgaria,1951,0,0,0
1929,bgr,Bulgaria,1952,0,0,0
1930,bgr,Bulgaria,1953,0,0,0
1931,bgr,Bulgaria,1954,0,0,0
1932,bgr,Bulgaria,1955,0,0,0
1933,bgr,Bulgaria,1956,0,0,0
1934,bgr,Bulgaria,1957,0,0,0
1935,bgr,Bulgaria,1958,0,0,0
1936,bgr,Bulgaria,1959,0,0,0
1937,bgr,Bulgaria,1960,0,0,0
1938,bgr,Bulgaria,1961,0,0,0
1939,bgr,Bulgaria,1962,0,0,0
1940,bgr,Bulgaria,1963,0,0,0
1941,bgr,Bulgaria,1964,0,0,0
1942,bgr,Bulgaria,1965,11,11,0
1943,bgr,Bulgaria,1966,0,0,0
1944,bgr,Bulgaria,1967,0,0,0
1945,bgr,Bulgaria,1968,0,0,0
1946,bgr,Bulgaria,1969,0,0,0
1947,bgr,Bulgaria,1970,0,0,0
1948,bgr,Bulgaria,1971,0,0,0
1949,bgr,Bulgaria,1972,0,0,0
1950,bgr,Bulgaria,1973,0,0,0
1951,bgr,Bulgaria,1974,0,0,0
1952,bgr,Bulgaria,1975,0,0,0
1953,bgr,Bulgaria,1976,0,0,0
1954,bgr,Bulgaria,1977,20,20,0
1955,bgr,Bulgaria,1978,0,0,0
1956,bgr,Bulgaria,1979,0,0,0
1957,bgr,Bulgaria,1980,0,0,0
1958,bgr,Bulgaria,1981,0,0,0
1959,bgr,Bulgaria,1982,0,0,0
1960,bgr,Bulgaria,1983,0,0,0
1961,bgr,Bulgaria,1984,50,0,0
1962,bgr,Bulgaria,1985,0,0,0
1963,bgr,Bulgaria,1986,3,3,3000
1964,bgr,Bulgaria,1987,0,0,0
1965,bgr,Bulgaria,1988,25,0,0
1966,bgr,Bulgaria,1989,15,0,0
1967,bgr,Bulgaria,1990,1,1,0
1968,bgr,Bulgaria,1991,0,0,0
1969,bgr,Bulgaria,1992,0,0,0
1970,bgr,Bulgaria,1993,27,0,0
1971,bgr,Bulgaria,1994,0,0,0
1972,bgr,Bulgaria,1995,0,0,0
1973,bgr,Bulgaria,1996,0,0,0
1974,bgr,Bulgaria,1997,0,0,0
1975,bgr,Bulgaria,1998,3,3,0
1976,bgr,Bulgaria,1999,0,0,850
1977,bgr,Bulgaria,2000,14,14,150
1978,bgr,Bulgaria,2001,0,0,0
1979,bgr,Bulgaria,2002,1,1,0
1980,bgr,Bulgaria,2003,0,0,0
1981,bgr,Bulgaria,2004,0,0,0
1982,bgr,Bulgaria,2005,39,39,0
1983,bgr,Bulgaria,2006,18,18,0
1984,bgr,Bulgaria,2007,17,17,0
1985,bgr,Bulgaria,2008,10,10,0
1986,bgr,Bulgaria,2009,0,0,0
1987,bgr,Bulgaria,2010,3,3,0
1988,bgr,Bulgaria,2011,0,0,0
1989,bgr,Bulgaria,2012,38,38,0
1990,bgr,Bulgaria,2013,0,0,0
1991,bgr,Bulgaria,2014,21,21,1260
1992,bgr,Bulgaria,2015,5,5,0
1993,bgr,Bulgaria,2016,0,0,0
1994,bgr,Bulgaria,2017,4,4,0
1995,bgr,Bulgaria,2018,0,0,0
1996,bgr,Bulgaria,2019,0,0,0
1997,bgr,Bulgaria,2020,0,0,0
1998,bgr,Bulgaria,2021,0,0,0
1999,bgr,Bulgaria,2022,1277,1277,0
2000,bgr,Bulgaria,2023,1678,1678,0
2001,bgr,Bulgaria,2024,3414,3414,0
2002,bgr,Bulgaria,2025,870,870,0
2003,bfa,Burkina Faso,1910,0,0,0
2004,bfa,Burkina Faso,1911,0,0,0
2005,bfa,Burkina Faso,1912,0,0,0
2006,bfa,Burkina Faso,1913,0,0,0
2007,bfa,Burkina Faso,1914,0,0,0
2008,bfa,Burkina Faso,1915,0,0,0
2009,bfa,Burkina Faso,1916,0,0,0
2010,bfa,Burkina Faso,1917,0,0,0
2011,bfa,Burkina Faso,1918,0,0,0
2012,bfa,Burkina Faso,1919,0,0,0
2013,bfa,Burkina Faso,1920,0,0,0
2014,bfa,Burkina Faso,1921,0,0,0
2015,bfa,Burkina Faso,1922,0,0,0
2016,bfa,Burkina Faso,1923,0,0,0
2017,bfa,Burkina Faso,1924,0,0,0
2018,bfa,Burkina Faso,1925,0,0,0
2019,bfa,Burkina Faso,1926,0,0,0
2020,bfa,Burkina Faso,1927,0,0,0
2021,bfa,Burkina Faso,1928,0,0,0
2022,bfa,Burkina Faso,1929,0,0,0
2023,bfa,Burkina Faso,1930,0,0,0
2024,bfa,Burkina Faso,1931,0,0,0
2025,bfa,Burkina Faso,1932,0,0,0
2026,bfa,Burkina Faso,1933,0,0,0
2027,bfa,Burkina Faso,1934,0,0,0
2028,bfa,Burkina Faso,1935,0,0,0
2029,bfa,Burkina Faso,1936,0,0,0
2030,bfa,Burkina Faso,1937,0,0,0
2031,bfa,Burkina Faso,1938,0,0,0
2032,bfa,Burkina Faso,1939,0,0,0
2033,bfa,Burkina Faso,1940,0,0,0
2034,bfa,Burkina Faso,1941,0,0,0
2035,bfa,Burkina Faso,1942,0,0,0
2036,bfa,Burkina Faso,1943,0,0,0
2037,bfa,Burkina Faso,1944,0,0,0
2038,bfa,Burkina Faso,1945,0,0,0
2039,bfa,Burkina Faso,1946,0,0,0
2040,bfa,Burkina Faso,1947,0,0,0
2041,bfa,Burkina Faso,1948,0,0,0
2042,bfa,Burkina Faso,1949,0,0,0
2043,bfa,Burkina Faso,1950,0,0,0
2044,bfa,Burkina Faso,1951,0,0,0
2045,bfa,Burkina Faso,1952,0,0,0
2046,bfa,Burkina Faso,1953,0,0,0
2047,bfa,Burkina Faso,1954,0,0,0
2048,bfa,Burkina Faso,1955,0,0,0
2049,bfa,Burkina Faso,1956,0,0,0
2050,bfa,Burkina Faso,1957,0,0,0
2051,bfa,Burkina Faso,1958,0,0,0
2052,bfa,Burkina Faso,1959,0,0,0
2053,bfa,Burkina Faso,1960,0,0,0
2054,bfa,Burkina Faso,1961,0,0,0
2055,bfa,Burkina Faso,1962,0,0,0
2056,bfa,Burkina Faso,1963,0,0,0
2057,bfa,Burkina Faso,1964,0,0,0
2058,bfa,Burkina Faso,1965,0,0,0
2059,bfa,Burkina Faso,1966,0,0,0
2060,bfa,Burkina Faso,1967,0,0,0
2061,bfa,Burkina Faso,1968,0,0,0
2062,bfa,Burkina Faso,1969,434,0,0
2063,bfa,Burkina Faso,1970,0,0,0
2064,bfa,Burkina Faso,1971,0,0,0
2065,bfa,Burkina Faso,1972,0,0,0
2066,bfa,Burkina Faso,1973,0,0,0
2067,bfa,Burkina Faso,1974,0,0,0
2068,bfa,Burkina Faso,1975,0,0,0
2069,bfa,Burkina Faso,1976,0,0,0
2070,bfa,Burkina Faso,1977,0,0,900
2071,bfa,Burkina Faso,1978,0,0,0
2072,bfa,Burkina Faso,1979,241,0,0
2073,bfa,Burkina Faso,1980,0,0,0
2074,bfa,Burkina Faso,1981,1091,0,0
2075,bfa,Burkina Faso,1982,0,0,0
2076,bfa,Burkina Faso,1983,237,0,0
2077,bfa,Burkina Faso,1984,0,0,0
2078,bfa,Burkina Faso,1985,0,0,572
2079,bfa,Burkina Faso,1986,0,0,0
2080,bfa,Burkina Faso,1987,0,0,0
2081,bfa,Burkina Faso,1988,16,16,10000
2082,bfa,Burkina Faso,1989,0,0,0
2083,bfa,Burkina Faso,1990,0,0,0
2084,bfa,Burkina Faso,1991,37,0,0
2085,bfa,Burkina Faso,1992,0,0,0
2086,bfa,Burkina Faso,1993,0,0,0
2087,bfa,Burkina Faso,1994,22,22,0
2088,bfa,Burkina Faso,1995,0,0,0
2089,bfa,Burkina Faso,1996,4135,0,0
2090,bfa,Burkina Faso,1997,2274,0,0
2091,bfa,Burkina Faso,1998,26,0,0
2092,bfa,Burkina Faso,1999,6,6,760
2093,bfa,Burkina Faso,2000,0,0,0
2094,bfa,Burkina Faso,2001,2978,0,0
2095,bfa,Burkina Faso,2002,0,0,0
2096,bfa,Burkina Faso,2003,1058,0,12120
2097,bfa,Burkina Faso,2004,527,0,0
2098,bfa,Burkina Faso,2005,9,0,0
2099,bfa,Burkina Faso,2006,784,0,10000
2100,bfa,Burkina Faso,2007,1542,52,28000
2101,bfa,Burkina Faso,2008,556,6,4292
2102,bfa,Burkina Faso,2009,398,9,0
2103,bfa,Burkina Faso,2010,857,16,0
2104,bfa,Burkina Faso,2011,0,0,0
2105,bfa,Burkina Faso,2012,18,18,21000
2106,bfa,Burkina Faso,2013,2,2,0
2107,bfa,Burkina Faso,2014,0,0,0
2108,bfa,Burkina Faso,2015,8,8,0
2109,bfa,Burkina Faso,2016,15,15,7032
2110,bfa,Burkina Faso,2017,20,2,0
2111,bfa,Burkina Faso,2018,0,0,0
2112,bfa,Burkina Faso,2019,0,0,0
2113,bfa,Burkina Faso,2020,13,13,23500
2114,bfa,Burkina Faso,2021,0,0,0
2115,bfa,Burkina Faso,2022,0,0,0
2116,bfa,Burkina Faso,2023,10,0,0
2117,bfa,Burkina Faso,2024,0,0,0
2118,bfa,Burkina Faso,2025,0,0,0
2119,bdi,Burundi,1978,54,0,0
2120,bdi,Burundi,1979,0,0,0
2121,bdi,Burundi,1980,0,0,0
2122,bdi,Burundi,1981,0,0,0
2123,bdi,Burundi,1982,0,0,0
2124,bdi,Burundi,1983,0,0,0
2125,bdi,Burundi,1984,0,0,0
2126,bdi,Burundi,1985,0,0,0
2127,bdi,Burundi,1986,0,0,0
2128,bdi,Burundi,1987,0,0,0
2129,bdi,Burundi,1988,0,0,0
2130,bdi,Burundi,1989,112,12,0
2131,bdi,Burundi,1990,0,0,0
2132,bdi,Burundi,1991,0,0,0
2133,bdi,Burundi,1992,220,0,0
2134,bdi,Burundi,1993,0,0,0
2135,bdi,Burundi,1994,0,0,0
2136,bdi,Burundi,1995,0,0,0
2137,bdi,Burundi,1996,0,0,0
2138,bdi,Burundi,1997,21,0,0
2139,bdi,Burundi,1998,0,0,0
2140,bdi,Burundi,1999,86,6,0
2141,bdi,Burundi,2000,308,0,500
2142,bdi,Burundi,2001,0,0,0
2143,bdi,Burundi,2002,87,0,0
2144,bdi,Burundi,2003,6,0,0
2145,bdi,Burundi,2004,3,3,25620
2146,bdi,Burundi,2005,120,120,5000
2147,bdi,Burundi,2006,22,22,9305
2148,bdi,Burundi,2007,5,5,23000
2149,bdi,Burundi,2008,9,9,0
2150,bdi,Burundi,2009,0,0,0
2151,bdi,Burundi,2010,9,9,1500
2152,bdi,Burundi,2011,24,12,0
2153,bdi,Burundi,2012,0,0,0
2154,bdi,Burundi,2013,0,0,0
2155,bdi,Burundi,2014,96,96,12500
2156,bdi,Burundi,2015,72,72,0
2157,bdi,Burundi,2016,1,0,0
2158,bdi,Burundi,2017,6,6,810
2159,bdi,Burundi,2018,0,0,0
2160,bdi,Burundi,2019,61,61,0
2161,bdi,Burundi,2020,5,5,0
2162,bdi,Burundi,2021,0,0,0
2163,bdi,Burundi,2022,0,0,0
2164,bdi,Burundi,2023,21,21,0
2165,bdi,Burundi,2024,29,29,0
2166,bdi,Burundi,2025,0,0,0
2167,khm,Cambodia,1974,130,0,0
2168,khm,Cambodia,1975,0,0,0
2169,khm,Cambodia,1976,0,0,0
2170,khm,Cambodia,1977,0,0,0
2171,khm,Cambodia,1978,0,0,0
2172,khm,Cambodia,1979,0,0,0
2173,khm,Cambodia,1980,0,0,0
2174,khm,Cambodia,1981,0,0,0
2175,khm,Cambodia,1982,0,0,0
2176,khm,Cambodia,1983,0,0,0
2177,khm,Cambodia,1984,0,0,0
2178,khm,Cambodia,1985,0,0,0
2179,khm,Cambodia,1986,0,0,0
2180,khm,Cambodia,1987,0,0,0
2181,khm,Cambodia,1988,0,0,0
2182,khm,Cambodia,1989,0,0,0
2183,khm,Cambodia,1990,0,0,0
2184,khm,Cambodia,1991,100,100,250000
2185,khm,Cambodia,1992,50,0,0
2186,khm,Cambodia,1993,0,0,0
2187,khm,Cambodia,1994,537,506,0
2188,khm,Cambodia,1995,0,0,0
2189,khm,Cambodia,1996,83,59,0
2190,khm,Cambodia,1997,92,25,0
2191,khm,Cambodia,1998,490,0,0
2192,khm,Cambodia,1999,63,7,25805
2193,khm,Cambodia,2000,347,347,0
2194,khm,Cambodia,2001,56,56,0
2195,khm,Cambodia,2002,29,29,0
2196,khm,Cambodia,2003,0,0,0
2197,khm,Cambodia,2004,0,0,0
2198,khm,Cambodia,2005,16,16,0
2199,khm,Cambodia,2006,5,5,0
2200,khm,Cambodia,2007,184,2,0
2201,khm,Cambodia,2008,0,0,0
2202,khm,Cambodia,2009,19,19,0
2203,khm,Cambodia,2010,8,8,0
2204,khm,Cambodia,2011,247,247,0
2205,khm,Cambodia,2012,14,14,0
2206,khm,Cambodia,2013,200,200,0
2207,khm,Cambodia,2014,45,45,57950
2208,khm,Cambodia,2015,0,0,0
2209,khm,Cambodia,2016,0,0,0
2210,khm,Cambodia,2017,0,0,0
2211,khm,Cambodia,2018,0,0,0
2212,khm,Cambodia,2019,12,12,0
2213,khm,Cambodia,2020,44,44,0
2214,khm,Cambodia,2021,1,1,0
2215,khm,Cambodia,2022,31,31,0
2216,khm,Cambodia,2023,0,0,0
2217,khm,Cambodia,2024,0,0,0
2218,khm,Cambodia,2025,0,0,0
2219,cmr,Cameroon,1971,0,0,0
2220,cmr,Cameroon,1972,0,0,0
2221,cmr,Cameroon,1973,0,0,0
2222,cmr,Cameroon,1974,0,0,0
2223,cmr,Cameroon,1975,0,0,0
2224,cmr,Cameroon,1976,0,0,0
2225,cmr,Cameroon,1977,0,0,0
2226,cmr,Cameroon,1978,0,0,0
2227,cmr,Cameroon,1979,0,0,0
2228,cmr,Cameroon,1980,0,0,0
2229,cmr,Cameroon,1981,0,0,0
2230,cmr,Cameroon,1982,0,0,0
2231,cmr,Cameroon,1983,0,0,0
2232,cmr,Cameroon,1984,37,37,0
2233,cmr,Cameroon,1985,0,0,0
2234,cmr,Cameroon,1986,1746,1746,0
2235,cmr,Cameroon,1987,0,0,0
2236,cmr,Cameroon,1988,101,2,0
2237,cmr,Cameroon,1989,100,0,0
2238,cmr,Cameroon,1990,118,0,0
2239,cmr,Cameroon,1991,310,2,200
2240,cmr,Cameroon,1992,731,0,0
2241,cmr,Cameroon,1993,513,0,0
2242,cmr,Cameroon,1994,6,6,0
2243,cmr,Cameroon,1995,374,0,0
2244,cmr,Cameroon,1996,378,0,0
2245,cmr,Cameroon,1997,109,0,0
2246,cmr,Cameroon,1998,359,0,0
2247,cmr,Cameroon,1999,67,24,1510
2248,cmr,Cameroon,2000,25,3,0
2249,cmr,Cameroon,2001,61,30,1500
2250,cmr,Cameroon,2002,0,0,0
2251,cmr,Cameroon,2003,20,20,100
2252,cmr,Cameroon,2004,46,0,0
2253,cmr,Cameroon,2005,44,2,0
2254,cmr,Cameroon,2006,0,0,0
2255,cmr,Cameroon,2007,8,8,10279
2256,cmr,Cameroon,2008,9,9,1000
2257,cmr,Cameroon,2009,109,0,0
2258,cmr,Cameroon,2010,528,13,3000
2259,cmr,Cameroon,2011,639,0,0
2260,cmr,Cameroon,2012,25,25,31980
2261,cmr,Cameroon,2013,0,0,0
2262,cmr,Cameroon,2014,111,0,0
2263,cmr,Cameroon,2015,4,4,0
2264,cmr,Cameroon,2016,0,0,0
2265,cmr,Cameroon,2017,3,3,0
2266,cmr,Cameroon,2018,57,0,0
2267,cmr,Cameroon,2019,54,54,0
2268,cmr,Cameroon,2020,0,0,0
2269,cmr,Cameroon,2021,0,0,0
2270,cmr,Cameroon,2022,316,21,150
2271,cmr,Cameroon,2023,29,29,0
2272,cmr,Cameroon,2024,50,50,0
2273,cmr,Cameroon,2025,0,0,0
2274,can,Canada,1903,76,76,0
2275,can,Canada,1904,0,0,0
2276,can,Canada,1905,18,18,0
2277,can,Canada,1906,0,0,0
2278,can,Canada,1907,75,0,0
2279,can,Canada,1908,133,33,0
2280,can,Canada,1909,0,0,0
2281,can,Canada,1910,125,62,0
2282,can,Canada,1911,73,73,200
2283,can,Canada,1912,28,28,2500
2284,can,Canada,1913,235,0,0
2285,can,Canada,1914,1203,0,0
2286,can,Canada,1915,56,56,0
2287,can,Canada,1916,241,0,8000
2288,can,Canada,1917,1665,0,6000
2289,can,Canada,1918,50431,0,0
2290,can,Canada,1919,0,0,0
2291,can,Canada,1920,0,0,0
2292,can,Canada,1921,0,0,0
2293,can,Canada,1922,43,43,11000
2294,can,Canada,1923,0,0,0
2295,can,Canada,1924,0,0,0
2296,can,Canada,1925,0,0,0
2297,can,Canada,1926,0,0,0
2298,can,Canada,1927,76,0,0
2299,can,Canada,1928,142,27,0
2300,can,Canada,1929,0,0,0
2301,can,Canada,1930,0,0,0
2302,can,Canada,1931,0,0,0
2303,can,Canada,1932,0,0,0
2304,can,Canada,1933,0,0,0
2305,can,Canada,1934,0,0,0
2306,can,Canada,1935,0,0,0
2307,can,Canada,1936,522,500,0
2308,can,Canada,1937,0,0,0
2309,can,Canada,1938,40,0,200
2310,can,Canada,1939,0,0,0
2311,can,Canada,1940,0,0,0
2312,can,Canada,1941,32,0,0
2313,can,Canada,1942,99,0,0
2314,can,Canada,1943,55,0,0
2315,can,Canada,1944,0,0,0
2316,can,Canada,1945,0,0,0
2317,can,Canada,1946,63,17,0
2318,can,Canada,1947,31,0,0
2319,can,Canada,1948,0,0,0
2320,can,Canada,1949,150,0,0
2321,can,Canada,1950,22,1,0
2322,can,Canada,1951,0,0,0
2323,can,Canada,1952,19,0,0
2324,can,Canada,1953,501,0,0
2325,can,Canada,1954,120,83,0
2326,can,Canada,1955,3,3,2000
2327,can,Canada,1956,39,0,0
2328,can,Canada,1957,0,0,0
2329,can,Canada,1958,93,0,0
2330,can,Canada,1959,41,6,0
2331,can,Canada,1960,0,0,0
2332,can,Canada,1961,0,0,0
2333,can,Canada,1962,33,33,0
2334,can,Canada,1963,219,0,0
2335,can,Canada,1964,0,0,0
2336,can,Canada,1965,26,26,0
2337,can,Canada,1966,0,0,0
2338,can,Canada,1967,0,0,0
2339,can,Canada,1968,0,0,0
2340,can,Canada,1969,38,0,0
2341,can,Canada,1970,119,10,0
2342,can,Canada,1971,31,31,1500
2343,can,Canada,1972,67,0,0
2344,can,Canada,1973,0,0,0
2345,can,Canada,1974,32,0,0
2346,can,Canada,1975,43,14,300
2347,can,Canada,1976,21,0,0
2348,can,Canada,1977,0,0,0
2349,can,Canada,1978,83,0,0
2350,can,Canada,1979,73,0,0
2351,can,Canada,1980,43,0,0
2352,can,Canada,1981,13,0,0
2353,can,Canada,1982,84,0,0
2354,can,Canada,1983,0,0,0
2355,can,Canada,1984,0,0,0
2356,can,Canada,1985,268,12,800
2357,can,Canada,1986,30,0,0
2358,can,Canada,1987,27,27,0
2359,can,Canada,1988,2,2,0
2360,can,Canada,1989,64,1,0
2361,can,Canada,1990,8,8,0
2362,can,Canada,1991,51,0,0
2363,can,Canada,1992,43,0,0
2364,can,Canada,1993,33,0,0
2365,can,Canada,1994,36,0,0
2366,can,Canada,1995,4,2,0
2367,can,Canada,1996,10,10,12000
2368,can,Canada,1997,48,5,0
2369,can,Canada,1998,293,31,0
2370,can,Canada,1999,19,7,200
2371,can,Canada,2000,11,11,700
2372,can,Canada,2001,12,11,30
2373,can,Canada,2002,2,0,0
2374,can,Canada,2003,8,8,0
2375,can,Canada,2004,0,0,0
2376,can,Canada,2005,4,4,0
2377,can,Canada,2006,1,1,0
2378,can,Canada,2007,6,6,0
2379,can,Canada,2008,0,0,0
2380,can,Canada,2009,2,2,0
2381,can,Canada,2010,0,0,0
2382,can,Canada,2011,7,7,7000
2383,can,Canada,2012,2,2,0
2384,can,Canada,2013,14,14,0
2385,can,Canada,2014,0,0,0
2386,can,Canada,2015,0,0,36
2387,can,Canada,2016,0,0,0
2388,can,Canada,2017,2,2,0
2389,can,Canada,2018,70,70,0
2390,can,Canada,2019,2,2,0
2391,can,Canada,2020,1,1,0
2392,can,Canada,2021,822,822,0
2393,can,Canada,2022,17,17,0
2394,can,Canada,2023,10,10,0
2395,can,Canada,2024,3,3,0
2396,can,Canada,2025,0,0,0
2397,cpv,Cape Verde,1900,11000,11000,0
2398,cpv,Cape Verde,1901,0,0,0
2399,cpv,Cape Verde,1902,0,0,0
2400,cpv,Cape Verde,1903,0,0,0
2401,cpv,Cape Verde,1904,0,0,0
2402,cpv,Cape Verde,1905,0,0,0
2403,cpv,Cape Verde,1906,0,0,0
2404,cpv,Cape Verde,1907,0,0,0
2405,cpv,Cape Verde,1908,0,0,0
2406,cpv,Cape Verde,1909,0,0,0
2407,cpv,Cape Verde,1910,0,0,0
2408,cpv,Cape Verde,1911,0,0,0
2409,cpv,Cape Verde,1912,0,0,0
2410,cpv,Cape Verde,1913,0,0,0
2411,cpv,Cape Verde,1914,0,0,0
2412,cpv,Cape Verde,1915,0,0,0
2413,cpv,Cape Verde,1916,0,0,0
2414,cpv,Cape Verde,1917,0,0,0
2415,cpv,Cape Verde,1918,0,0,0
2416,cpv,Cape Verde,1919,0,0,0
2417,cpv,Cape Verde,1920,24000,24000,0
2418,cpv,Cape Verde,1921,0,0,0
2419,cpv,Cape Verde,1922,0,0,0
2420,cpv,Cape Verde,1923,0,0,0
2421,cpv,Cape Verde,1924,0,0,0
2422,cpv,Cape Verde,1925,0,0,0
2423,cpv,Cape Verde,1926,0,0,0
2424,cpv,Cape Verde,1927,0,0,0
2425,cpv,Cape Verde,1928,0,0,0
2426,cpv,Cape Verde,1929,0,0,0
2427,cpv,Cape Verde,1930,0,0,0
2428,cpv,Cape Verde,1931,0,0,0
2429,cpv,Cape Verde,1932,0,0,0
2430,cpv,Cape Verde,1933,0,0,0
2431,cpv,Cape Verde,1934,0,0,0
2432,cpv,Cape Verde,1935,0,0,0
2433,cpv,Cape Verde,1936,0,0,0
2434,cpv,Cape Verde,1937,0,0,0
2435,cpv,Cape Verde,1938,0,0,0
2436,cpv,Cape Verde,1939,0,0,0
2437,cpv,Cape Verde,1940,20000,20000,0
2438,cpv,Cape Verde,1941,0,0,0
2439,cpv,Cape Verde,1942,0,0,0
2440,cpv,Cape Verde,1943,0,0,0
2441,cpv,Cape Verde,1944,0,0,0
2442,cpv,Cape Verde,1945,0,0,0
2443,cpv,Cape Verde,1946,30000,30000,0
2444,cpv,Cape Verde,1947,0,0,0
2445,cpv,Cape Verde,1948,0,0,0
2446,cpv,Cape Verde,1949,0,0,0
2447,cpv,Cape Verde,1950,0,0,0
2448,cpv,Cape Verde,1951,0,0,0
2449,cpv,Cape Verde,1952,0,0,0
2450,cpv,Cape Verde,1953,0,0,0
2451,cpv,Cape Verde,1954,0,0,0
2452,cpv,Cape Verde,1955,0,0,0
2453,cpv,Cape Verde,1956,0,0,0
2454,cpv,Cape Verde,1957,0,0,0
2455,cpv,Cape Verde,1958,0,0,0
2456,cpv,Cape Verde,1959,0,0,0
2457,cpv,Cape Verde,1960,0,0,0
2458,cpv,Cape Verde,1961,0,0,0
2459,cpv,Cape Verde,1962,0,0,0
2460,cpv,Cape Verde,1963,0,0,0
2461,cpv,Cape Verde,1964,0,0,0
2462,cpv,Cape Verde,1965,0,0,0
2463,cpv,Cape Verde,1966,0,0,0
2464,cpv,Cape Verde,1967,0,0,0
2465,cpv,Cape Verde,1968,0,0,0
2466,cpv,Cape Verde,1969,0,0,0
2467,cpv,Cape Verde,1970,0,0,0
2468,cpv,Cape Verde,1971,0,0,0
2469,cpv,Cape Verde,1972,0,0,0
2470,cpv,Cape Verde,1973,0,0,0
2471,cpv,Cape Verde,1974,0,0,0
2472,cpv,Cape Verde,1975,0,0,0
2473,cpv,Cape Verde,1976,0,0,0
2474,cpv,Cape Verde,1977,0,0,0
2475,cpv,Cape Verde,1978,0,0,0
2476,cpv,Cape Verde,1979,0,0,0
2477,cpv,Cape Verde,1980,0,0,0
2478,cpv,Cape Verde,1981,0,0,0
2479,cpv,Cape Verde,1982,3,3,0
2480,cpv,Cape Verde,1983,0,0,0
2481,cpv,Cape Verde,1984,29,29,0
2482,cpv,Cape Verde,1985,0,0,0
2483,cpv,Cape Verde,1986,0,0,0
2484,cpv,Cape Verde,1987,0,0,0
2485,cpv,Cape Verde,1988,0,0,0
2486,cpv,Cape Verde,1989,0,0,0
2487,cpv,Cape Verde,1990,0,0,0
2488,cpv,Cape Verde,1991,0,0,0
2489,cpv,Cape Verde,1992,0,0,0
2490,cpv,Cape Verde,1993,0,0,0
2491,cpv,Cape Verde,1994,245,0,0
2492,cpv,Cape Verde,1995,0,0,5000
2493,cpv,Cape Verde,1996,0,0,0
2494,cpv,Cape Verde,1997,0,0,0
2495,cpv,Cape Verde,1998,0,0,0
2496,cpv,Cape Verde,1999,18,0,0
2497,cpv,Cape Verde,2000,0,0,0
2498,cpv,Cape Verde,2001,0,0,0
2499,cpv,Cape Verde,2002,0,0,0
2500,cpv,Cape Verde,2003,0,0,0
2501,cpv,Cape Verde,2004,0,0,0
2502,cpv,Cape Verde,2005,0,0,0
2503,cpv,Cape Verde,2006,0,0,0
2504,cpv,Cape Verde,2007,0,0,0
2505,cpv,Cape Verde,2008,0,0,0
2506,cpv,Cape Verde,2009,9,3,0
2507,cpv,Cape Verde,2010,0,0,0
2508,cpv,Cape Verde,2011,0,0,0
2509,cpv,Cape Verde,2012,0,0,0
2510,cpv,Cape Verde,2013,0,0,0
2511,cpv,Cape Verde,2014,0,0,0
2512,cpv,Cape Verde,2015,9,9,0
2513,cpv,Cape Verde,2016,0,0,0
2514,cpv,Cape Verde,2017,0,0,0
2515,cpv,Cape Verde,2018,0,0,0
2516,cpv,Cape Verde,2019,0,0,0
2517,cpv,Cape Verde,2020,1,1,0
2518,cpv,Cape Verde,2021,0,0,0
2519,cpv,Cape Verde,2022,0,0,0
2520,cpv,Cape Verde,2023,8,0,0
2521,cpv,Cape Verde,2024,0,0,0
2522,cpv,Cape Verde,2025,17,17,0
2523,caf,Central African Republic,1973,0,0,0
2524,caf,Central African Republic,1974,0,0,0
2525,caf,Central African Republic,1975,0,0,0
2526,caf,Central African Republic,1976,0,0,0
2527,caf,Central African Republic,1977,0,0,0
2528,caf,Central African Republic,1978,0,0,0
2529,caf,Central African Republic,1979,0,0,0
2530,caf,Central African Republic,1980,0,0,0
2531,caf,Central African Republic,1981,0,0,900
2532,caf,Central African Republic,1982,0,0,0
2533,caf,Central African Republic,1983,0,0,0
2534,caf,Central African Republic,1984,0,0,0
2535,caf,Central African Republic,1985,0,0,0
2536,caf,Central African Republic,1986,31,0,0
2537,caf,Central African Republic,1987,0,0,0
2538,caf,Central African Republic,1988,0,0,0
2539,caf,Central African Republic,1989,0,0,0
2540,caf,Central African Republic,1990,0,0,0
2541,caf,Central African Republic,1991,0,0,0
2542,caf,Central African Republic,1992,56,0,0
2543,caf,Central African Republic,1993,0,0,0
2544,caf,Central African Republic,1994,0,0,0
2545,caf,Central African Republic,1995,0,0,1957
2546,caf,Central African Republic,1996,7,7,1500
2547,caf,Central African Republic,1997,0,0,0
2548,caf,Central African Republic,1998,0,0,9200
2549,caf,Central African Republic,1999,14,0,25919
2550,caf,Central African Republic,2000,448,0,0
2551,caf,Central African Republic,2001,346,3,3000
2552,caf,Central African Republic,2002,7,1,750
2553,caf,Central African Republic,2003,23,0,240
2554,caf,Central African Republic,2004,3,3,12698
2555,caf,Central African Republic,2005,1,1,23798
2556,caf,Central African Republic,2006,0,0,0
2557,caf,Central African Republic,2007,1,1,1812
2558,caf,Central African Republic,2008,0,0,795
2559,caf,Central African Republic,2009,4,4,14835
2560,caf,Central African Republic,2010,3,3,0
2561,caf,Central African Republic,2011,17,1,0
2562,caf,Central African Republic,2012,0,0,3870
2563,caf,Central African Republic,2013,0,0,0
2564,caf,Central African Republic,2014,0,0,0
2565,caf,Central African Republic,2015,1,1,0
2566,caf,Central African Republic,2016,21,0,0
2567,caf,Central African Republic,2017,0,0,0
2568,caf,Central African Republic,2018,1,0,0
2569,caf,Central African Republic,2019,53,0,0
2570,caf,Central African Republic,2020,0,0,0
2571,caf,Central African Republic,2021,0,0,0
2572,caf,Central African Republic,2022,16,16,0
2573,caf,Central African Republic,2023,0,0,0
2574,caf,Central African Republic,2024,0,0,0
2575,caf,Central African Republic,2025,0,0,0
2576,tcd,Chad,1910,0,0,0
2577,tcd,Chad,1911,0,0,0
2578,tcd,Chad,1912,0,0,0
2579,tcd,Chad,1913,0,0,0
2580,tcd,Chad,1914,0,0,0
2581,tcd,Chad,1915,0,0,0
2582,tcd,Chad,1916,0,0,0
2583,tcd,Chad,1917,0,0,0
2584,tcd,Chad,1918,0,0,0
2585,tcd,Chad,1919,0,0,0
2586,tcd,Chad,1920,0,0,0
2587,tcd,Chad,1921,0,0,0
2588,tcd,Chad,1922,0,0,0
2589,tcd,Chad,1923,0,0,0
2590,tcd,Chad,1924,0,0,0
2591,tcd,Chad,1925,0,0,0
2592,tcd,Chad,1926,0,0,0
2593,tcd,Chad,1927,0,0,0
2594,tcd,Chad,1928,0,0,0
2595,tcd,Chad,1929,0,0,0
2596,tcd,Chad,1930,0,0,0
2597,tcd,Chad,1931,0,0,0
2598,tcd,Chad,1932,0,0,0
2599,tcd,Chad,1933,0,0,0
2600,tcd,Chad,1934,0,0,0
2601,tcd,Chad,1935,0,0,0
2602,tcd,Chad,1936,0,0,0
2603,tcd,Chad,1937,0,0,0
2604,tcd,Chad,1938,0,0,0
2605,tcd,Chad,1939,0,0,0
2606,tcd,Chad,1940,0,0,0
2607,tcd,Chad,1941,0,0,0
2608,tcd,Chad,1942,0,0,0
2609,tcd,Chad,1943,0,0,0
2610,tcd,Chad,1944,0,0,0
2611,tcd,Chad,1945,0,0,0
2612,tcd,Chad,1946,0,0,0
2613,tcd,Chad,1947,0,0,0
2614,tcd,Chad,1948,0,0,0
2615,tcd,Chad,1949,0,0,0
2616,tcd,Chad,1950,0,0,0
2617,tcd,Chad,1951,0,0,0
2618,tcd,Chad,1952,0,0,0
2619,tcd,Chad,1953,0,0,0
2620,tcd,Chad,1954,0,0,0
2621,tcd,Chad,1955,0,0,0
2622,tcd,Chad,1956,0,0,0
2623,tcd,Chad,1957,0,0,0
2624,tcd,Chad,1958,0,0,0
2625,tcd,Chad,1959,0,0,0
2626,tcd,Chad,1960,0,0,0
2627,tcd,Chad,1961,0,0,0
2628,tcd,Chad,1962,0,0,0
2629,tcd,Chad,1963,0,0,0
2630,tcd,Chad,1964,0,0,0
2631,tcd,Chad,1965,0,0,0
2632,tcd,Chad,1966,0,0,0
2633,tcd,Chad,1967,0,0,0
2634,tcd,Chad,1968,0,0,0
2635,tcd,Chad,1969,0,0,0
2636,tcd,Chad,1970,0,0,0
2637,tcd,Chad,1971,2312,0,0
2638,tcd,Chad,1972,0,0,0
2639,tcd,Chad,1973,0,0,0
2640,tcd,Chad,1974,0,0,0
2641,tcd,Chad,1975,0,0,0
2642,tcd,Chad,1976,0,0,0
2643,tcd,Chad,1977,13,13,0
2644,tcd,Chad,1978,0,0,0
2645,tcd,Chad,1979,0,0,0
2646,tcd,Chad,1980,3000,3000,0
2647,tcd,Chad,1981,0,0,0
2648,tcd,Chad,1982,0,0,0
2649,tcd,Chad,1983,0,0,0
2650,tcd,Chad,1984,0,0,0
2651,tcd,Chad,1985,0,0,500
2652,tcd,Chad,1986,0,0,0
2653,tcd,Chad,1987,0,0,0
2654,tcd,Chad,1988,487,54,0
2655,tcd,Chad,1989,0,0,0
2656,tcd,Chad,1990,0,0,0
2657,tcd,Chad,1991,1301,39,0
2658,tcd,Chad,1992,0,0,0
2659,tcd,Chad,1993,0,0,0
2660,tcd,Chad,1994,0,0,0
2661,tcd,Chad,1995,2,2,40343
2662,tcd,Chad,1996,94,0,0
2663,tcd,Chad,1997,239,0,0
2664,tcd,Chad,1998,0,0,1000
2665,tcd,Chad,1999,0,0,45000
2666,tcd,Chad,2000,1209,0,0
2667,tcd,Chad,2001,213,100,0
2668,tcd,Chad,2002,0,0,0
2669,tcd,Chad,2003,11,0,0
2670,tcd,Chad,2004,144,0,0
2671,tcd,Chad,2005,115,0,0
2672,tcd,Chad,2006,72,52,0
2673,tcd,Chad,2007,29,29,0
2674,tcd,Chad,2008,22,0,6450
2675,tcd,Chad,2009,108,6,5795
2676,tcd,Chad,2010,263,24,0
2677,tcd,Chad,2011,557,0,0
2678,tcd,Chad,2012,108,20,0
2679,tcd,Chad,2013,0,0,0
2680,tcd,Chad,2014,0,0,0
2681,tcd,Chad,2015,0,0,0
2682,tcd,Chad,2016,0,0,0
2683,tcd,Chad,2017,58,0,0
2684,tcd,Chad,2018,90,0,0
2685,tcd,Chad,2019,52,52,0
2686,tcd,Chad,2020,3,3,0
2687,tcd,Chad,2021,32,32,22000
2688,tcd,Chad,2022,22,22,0
2689,tcd,Chad,2023,0,0,0
2690,tcd,Chad,2024,577,577,0
2691,tcd,Chad,2025,22,22,0
2692,chl,Chile,1906,20000,20000,0
2693,chl,Chile,1907,0,0,0
2694,chl,Chile,1908,0,0,0
2695,chl,Chile,1909,0,0,0
2696,chl,Chile,1910,0,0,0
2697,chl,Chile,1911,0,0,0
2698,chl,Chile,1912,0,0,0
2699,chl,Chile,1913,0,0,0
2700,chl,Chile,1914,0,0,0
2701,chl,Chile,1915,0,0,0
2702,chl,Chile,1916,0,0,0
2703,chl,Chile,1917,0,0,0
2704,chl,Chile,1918,0,0,0
2705,chl,Chile,1919,0,0,0
2706,chl,Chile,1920,0,0,0
2707,chl,Chile,1921,0,0,0
2708,chl,Chile,1922,1000,1000,0
2709,chl,Chile,1923,0,0,0
2710,chl,Chile,1924,0,0,0
2711,chl,Chile,1925,0,0,0
2712,chl,Chile,1926,0,0,0
2713,chl,Chile,1927,0,0,0
2714,chl,Chile,1928,220,220,0
2715,chl,Chile,1929,0,0,0
2716,chl,Chile,1930,0,0,0
2717,chl,Chile,1931,0,0,0
2718,chl,Chile,1932,0,0,0
2719,chl,Chile,1933,0,0,0
2720,chl,Chile,1934,0,0,0
2721,chl,Chile,1935,0,0,0
2722,chl,Chile,1936,0,0,0
2723,chl,Chile,1937,0,0,0
2724,chl,Chile,1938,0,0,0
2725,chl,Chile,1939,30000,30000,0
2726,chl,Chile,1940,0,0,0
2727,chl,Chile,1941,0,0,0
2728,chl,Chile,1942,0,0,0
2729,chl,Chile,1943,12,12,0
2730,chl,Chile,1944,0,0,0
2731,chl,Chile,1945,0,0,0
2732,chl,Chile,1946,2,2,0
2733,chl,Chile,1947,0,0,0
2734,chl,Chile,1948,100,100,0
2735,chl,Chile,1949,41,41,0
2736,chl,Chile,1950,0,0,0
2737,chl,Chile,1951,0,0,0
2738,chl,Chile,1952,0,0,0
2739,chl,Chile,1953,15,15,0
2740,chl,Chile,1954,0,0,0
2741,chl,Chile,1955,0,0,0
2742,chl,Chile,1956,0,0,0
2743,chl,Chile,1957,0,0,0
2744,chl,Chile,1958,0,0,0
2745,chl,Chile,1959,0,0,0
2746,chl,Chile,1960,6000,6000,0
2747,chl,Chile,1961,5,0,0
2748,chl,Chile,1962,0,0,0
2749,chl,Chile,1963,0,0,0
2750,chl,Chile,1964,4,4,0
2751,chl,Chile,1965,1084,1084,25000
2752,chl,Chile,1966,4,4,0
2753,chl,Chile,1967,0,0,0
2754,chl,Chile,1968,0,0,0
2755,chl,Chile,1969,0,0,0
2756,chl,Chile,1970,0,0,0
2757,chl,Chile,1971,85,85,0
2758,chl,Chile,1972,0,0,0
2759,chl,Chile,1973,0,0,0
2760,chl,Chile,1974,32,32,0
2761,chl,Chile,1975,0,0,0
2762,chl,Chile,1976,0,0,0
2763,chl,Chile,1977,15,15,16800
2764,chl,Chile,1978,4,4,0
2765,chl,Chile,1979,30,30,0
2766,chl,Chile,1980,0,0,0
2767,chl,Chile,1981,0,0,0
2768,chl,Chile,1982,0,0,0
2769,chl,Chile,1983,4,4,0
2770,chl,Chile,1984,127,127,119994
2771,chl,Chile,1985,180,180,500000
2772,chl,Chile,1986,129,39,0
2773,chl,Chile,1987,237,164,86000
2774,chl,Chile,1988,0,0,0
2775,chl,Chile,1989,21,21,0
2776,chl,Chile,1990,28,0,0
2777,chl,Chile,1991,171,141,18871
2778,chl,Chile,1992,0,0,38000
2779,chl,Chile,1993,115,115,1225
2780,chl,Chile,1994,20,0,0
2781,chl,Chile,1995,33,33,575
2782,chl,Chile,1996,0,0,0
2783,chl,Chile,1997,81,44,24000
2784,chl,Chile,1998,0,0,0
2785,chl,Chile,1999,0,0,1000
2786,chl,Chile,2000,16,16,10401
2787,chl,Chile,2001,2,2,714
2788,chl,Chile,2002,19,19,0
2789,chl,Chile,2003,0,0,285
2790,chl,Chile,2004,3,3,0
2791,chl,Chile,2005,61,61,548
2792,chl,Chile,2006,18,18,0
2793,chl,Chile,2007,18,18,0
2794,chl,Chile,2008,9,9,23000
2795,chl,Chile,2009,0,0,0
2796,chl,Chile,2010,562,562,800000
2797,chl,Chile,2011,1,1,1082
2798,chl,Chile,2012,8,8,0
2799,chl,Chile,2013,0,0,0
2800,chl,Chile,2014,18,18,1638
2801,chl,Chile,2015,204,204,29741
2802,chl,Chile,2016,12,12,0
2803,chl,Chile,2017,42,42,9130
2804,chl,Chile,2018,0,0,0
2805,chl,Chile,2019,8,8,735
2806,chl,Chile,2020,0,0,0
2807,chl,Chile,2021,0,0,0
2808,chl,Chile,2022,3,3,0
2809,chl,Chile,2023,33,33,0
2810,chl,Chile,2024,137,137,2340
2811,chl,Chile,2025,24,24,0
2812,chn,China,1902,2500,2500,0
2813,chn,China,1903,0,0,0
2814,chn,China,1904,0,0,0
2815,chn,China,1905,0,0,0
2816,chn,China,1906,280,280,0
2817,chn,China,1907,12000,12000,0
2818,chn,China,1908,0,0,0
2819,chn,China,1909,1500021,21,0
2820,chn,China,1910,60000,0,0
2821,chn,China,1911,100000,100000,0
2822,chn,China,1912,50000,50000,0
2823,chn,China,1913,942,942,0
2824,chn,China,1914,0,0,0
2825,chn,China,1915,170,170,0
2826,chn,China,1916,1000,0,0
2827,chn,China,1917,1800,1800,0
2828,chn,China,1918,10000,10000,0
2829,chn,China,1919,0,0,0
2830,chn,China,1920,680000,680000,0
2831,chn,China,1921,1000,0,0
2832,chn,China,1922,100017,100000,0
2833,chn,China,1923,5000,5000,0
2834,chn,China,1924,100,100,0
2835,chn,China,1925,5012,5012,1500
2836,chn,China,1926,0,0,0
2837,chn,China,1927,45912,45912,133370
2838,chn,China,1928,3000000,3000000,0
2839,chn,China,1929,0,0,0
2840,chn,China,1930,242,242,0
2841,chn,China,1931,3710000,3710000,0
2842,chn,China,1932,0,0,0
2843,chn,China,1933,28200,28200,3600150
2844,chn,China,1934,500,500,0
2845,chn,China,1935,142100,142100,0
2846,chn,China,1936,145,145,70545
2847,chn,China,1937,1048,390,0
2848,chn,China,1938,14,0,0
2849,chn,China,1939,500000,500000,0
2850,chn,China,1940,181,181,63730
2851,chn,China,1941,147,147,31955
2852,chn,China,1942,1682,120,0
2853,chn,China,1943,0,0,0
2854,chn,China,1944,0,0,0
2855,chn,China,1945,17,17,0
2856,chn,China,1946,0,0,0
2857,chn,China,1947,0,0,0
2858,chn,China,1948,4140,3040,6000
2859,chn,China,1949,58721,57021,5050
2860,chn,China,1950,500,500,0
2861,chn,China,1951,4800,4800,149450
2862,chn,China,1952,54,54,4170
2863,chn,China,1953,0,0,0
2864,chn,China,1954,32000,32000,0
2865,chn,China,1955,39,39,0
2866,chn,China,1956,4000,4000,0
2867,chn,China,1957,560,560,0
2868,chn,China,1958,0,0,0
2869,chn,China,1959,2001971,2001971,0
2870,chn,China,1960,0,0,0
2871,chn,China,1961,0,0,0
2872,chn,China,1962,0,0,0
2873,chn,China,1963,0,0,0
2874,chn,China,1964,686,686,0
2875,chn,China,1965,0,0,0
2876,chn,China,1966,0,0,0
2877,chn,China,1967,0,0,2085
2878,chn,China,1968,0,0,0
2879,chn,China,1969,3000,3000,53810
2880,chn,China,1970,10407,10107,7880
2881,chn,China,1971,0,0,0
2882,chn,China,1972,0,0,0
2883,chn,China,1973,0,0,840
2884,chn,China,1974,20000,20000,0
2885,chn,China,1975,22500,22000,0
2886,chn,China,1976,242000,242000,0
2887,chn,China,1977,0,0,0
2888,chn,China,1978,100,0,0
2889,chn,China,1979,114,42,571545
2890,chn,China,1980,6491,6491,100
2891,chn,China,1981,2465,2465,200000
2892,chn,China,1982,707,551,210000
2893,chn,China,1983,1702,921,16500
2894,chn,China,1984,144,144,0
2895,chn,China,1985,2191,1661,18000
2896,chn,China,1986,924,683,810290
2897,chn,China,1987,1365,881,425400
2898,chn,China,1988,4988,3969,437000
2899,chn,China,1989,3909,3161,145115
2900,chn,China,1990,1819,1324,517891
2901,chn,China,1991,5927,4317,4214100
2902,chn,China,1992,1946,1449,507400
2903,chn,China,1993,3050,1565,185360
2904,chn,China,1994,4636,3203,6310000
2905,chn,China,1995,2886,2436,1337196
2906,chn,China,1996,6315,5612,6273870
2907,chn,China,1997,2661,1633,927294
2908,chn,China,1998,5348,4501,28447600
2909,chn,China,1999,2828,1727,2449985
2910,chn,China,2000,663,663,401124
2911,chn,China,2001,922,922,854215
2912,chn,China,2002,1446,1426,2348
2913,chn,China,2003,1092,1092,1805886
2914,chn,China,2004,807,807,684124
2915,chn,China,2005,1058,1020,281000
2916,chn,China,2006,2109,2109,631160
2917,chn,China,2007,1141,1141,52355
2918,chn,China,2008,88450,88450,414385
2919,chn,China,2009,582,582,158450
2920,chn,China,2010,7178,7178,356625
2921,chn,China,2011,746,746,308425
2922,chn,China,2012,802,802,48618
2923,chn,China,2013,1395,1395,152540
2924,chn,China,2014,1575,1575,490730
2925,chn,China,2015,501,501,87210
2926,chn,China,2016,1287,1287,85520
2927,chn,China,2017,514,514,84255
2928,chn,China,2018,354,354,4000
2929,chn,China,2019,571,571,423
2930,chn,China,2020,463,463,0
2931,chn,China,2021,455,455,2896
2932,chn,China,2022,283,283,0
2933,chn,China,2023,386,386,14378
2934,chn,China,2024,515,515,141
2935,chn,China,2025,375,375,63
2936,col,Colombia,1906,400,400,0
2937,col,Colombia,1907,0,0,0
2938,col,Colombia,1908,0,0,0
2939,col,Colombia,1909,0,0,0
2940,col,Colombia,1910,0,0,0
2941,col,Colombia,1911,0,0,0
2942,col,Colombia,1912,0,0,0
2943,col,Colombia,1913,0,0,0
2944,col,Colombia,1914,0,0,0
2945,col,Colombia,1915,0,0,0
2946,col,Colombia,1916,0,0,0
2947,col,Colombia,1917,0,0,0
2948,col,Colombia,1918,0,0,0
2949,col,Colombia,1919,0,0,0
2950,col,Colombia,1920,0,0,0
2951,col,Colombia,1921,0,0,0
2952,col,Colombia,1922,0,0,0
2953,col,Colombia,1923,300,300,0
2954,col,Colombia,1924,0,0,0
2955,col,Colombia,1925,0,0,0
2956,col,Colombia,1926,100,100,0
2957,col,Colombia,1927,0,0,0
2958,col,Colombia,1928,0,0,0
2959,col,Colombia,1929,0,0,0
2960,col,Colombia,1930,0,0,0
2961,col,Colombia,1931,0,0,0
2962,col,Colombia,1932,0,0,0
2963,col,Colombia,1933,0,0,0
2964,col,Colombia,1934,0,0,0
2965,col,Colombia,1935,17,0,0
2966,col,Colombia,1936,18,18,0
2967,col,Colombia,1937,0,0,0
2968,col,Colombia,1938,0,0,0
2969,col,Colombia,1939,0,0,0
2970,col,Colombia,1940,0,0,0
2971,col,Colombia,1941,0,0,0
2972,col,Colombia,1942,0,0,0
2973,col,Colombia,1943,0,0,0
2974,col,Colombia,1944,0,0,0
2975,col,Colombia,1945,0,0,0
2976,col,Colombia,1946,0,0,0
2977,col,Colombia,1947,0,0,0
2978,col,Colombia,1948,0,0,0
2979,col,Colombia,1949,1000,1000,0
2980,col,Colombia,1950,211,211,40000
2981,col,Colombia,1951,0,0,0
2982,col,Colombia,1952,0,0,0
2983,col,Colombia,1953,0,0,0
2984,col,Colombia,1954,187,187,0
2985,col,Colombia,1955,0,0,0
2986,col,Colombia,1956,2700,0,0
2987,col,Colombia,1957,0,0,0
2988,col,Colombia,1958,195,111,0
2989,col,Colombia,1959,184,184,0
2990,col,Colombia,1960,0,0,0
2991,col,Colombia,1961,0,0,0
2992,col,Colombia,1962,182,182,0
2993,col,Colombia,1963,0,0,0
2994,col,Colombia,1964,0,0,0
2995,col,Colombia,1965,32,32,0
2996,col,Colombia,1966,1,0,3000
2997,col,Colombia,1967,81,81,0
2998,col,Colombia,1968,0,0,63
2999,col,Colombia,1969,0,0,0
3000,col,Colombia,1970,407,407,105000
3001,col,Colombia,1971,251,251,0
3002,col,Colombia,1972,70,70,0
3003,col,Colombia,1973,225,225,0
3004,col,Colombia,1974,401,401,0
3005,col,Colombia,1975,0,0,0
3006,col,Colombia,1976,170,60,0
3007,col,Colombia,1977,155,0,100
3008,col,Colombia,1978,0,0,0
3009,col,Colombia,1979,701,701,2000
3010,col,Colombia,1980,205,40,0
3011,col,Colombia,1981,242,225,0
3012,col,Colombia,1982,144,120,0
3013,col,Colombia,1983,427,411,500
3014,col,Colombia,1984,0,0,0
3015,col,Colombia,1985,21839,21800,0
3016,col,Colombia,1986,322,278,0
3017,col,Colombia,1987,674,674,0
3018,col,Colombia,1988,308,146,0
3019,col,Colombia,1989,200,16,0
3020,col,Colombia,1990,95,10,0
3021,col,Colombia,1991,558,107,295
3022,col,Colombia,1992,66,11,1500
3023,col,Colombia,1993,322,170,375
3024,col,Colombia,1994,311,308,33197
3025,col,Colombia,1995,373,141,89250
3026,col,Colombia,1996,93,17,310
3027,col,Colombia,1997,55,2,0
3028,col,Colombia,1998,172,104,0
3029,col,Colombia,1999,1286,1276,506920
3030,col,Colombia,2000,115,115,39000
3031,col,Colombia,2001,99,99,7500
3032,col,Colombia,2002,135,135,2000
3033,col,Colombia,2003,115,115,60
3034,col,Colombia,2004,116,116,500
3035,col,Colombia,2005,180,180,0
3036,col,Colombia,2006,150,150,0
3037,col,Colombia,2007,218,218,2000
3038,col,Colombia,2008,153,153,1700
3039,col,Colombia,2009,53,53,593
3040,col,Colombia,2010,624,624,0
3041,col,Colombia,2011,313,313,0
3042,col,Colombia,2012,77,77,8000
3043,col,Colombia,2013,98,7,500
3044,col,Colombia,2014,88,88,0
3045,col,Colombia,2015,104,104,700
3046,col,Colombia,2016,10,10,2272
3047,col,Colombia,2017,384,384,126
3048,col,Colombia,2018,26,26,0
3049,col,Colombia,2019,253,84,215
3050,col,Colombia,2020,66,66,0
3051,col,Colombia,2021,42,42,0
3052,col,Colombia,2022,156,156,252
3053,col,Colombia,2023,30,30,100
3054,col,Colombia,2024,35,35,0
3055,col,Colombia,2025,162,162,540
3056,com,Comoros,1903,17,17,0
3057,com,Comoros,1904,0,0,0
3058,com,Comoros,1905,0,0,0
3059,com,Comoros,1906,0,0,0
3060,com,Comoros,1907,0,0,0
3061,com,Comoros,1908,0,0,0
3062,com,Comoros,1909,0,0,0
3063,com,Comoros,1910,0,0,0
3064,com,Comoros,1911,0,0,0
3065,com,Comoros,1912,0,0,0
3066,com,Comoros,1913,0,0,0
3067,com,Comoros,1914,0,0,0
3068,com,Comoros,1915,0,0,0
3069,com,Comoros,1916,0,0,0
3070,com,Comoros,1917,0,0,0
3071,com,Comoros,1918,0,0,0
3072,com,Comoros,1919,0,0,0
3073,com,Comoros,1920,0,0,0
3074,com,Comoros,1921,0,0,0
3075,com,Comoros,1922,0,0,0
3076,com,Comoros,1923,0,0,0
3077,com,Comoros,1924,0,0,0
3078,com,Comoros,1925,0,0,0
3079,com,Comoros,1926,0,0,0
3080,com,Comoros,1927,0,0,0
3081,com,Comoros,1928,0,0,0
3082,com,Comoros,1929,0,0,0
3083,com,Comoros,1930,0,0,0
3084,com,Comoros,1931,0,0,0
3085,com,Comoros,1932,0,0,0
3086,com,Comoros,1933,0,0,0
3087,com,Comoros,1934,0,0,0
3088,com,Comoros,1935,0,0,0
3089,com,Comoros,1936,0,0,0
3090,com,Comoros,1937,0,0,0
3091,com,Comoros,1938,0,0,0
3092,com,Comoros,1939,0,0,0
3093,com,Comoros,1940,0,0,0
3094,com,Comoros,1941,0,0,0
3095,com,Comoros,1942,0,0,0
3096,com,Comoros,1943,0,0,0
3097,com,Comoros,1944,0,0,0
3098,com,Comoros,1945,0,0,0
3099,com,Comoros,1946,0,0,0
3100,com,Comoros,1947,0,0,0
3101,com,Comoros,1948,0,0,0
3102,com,Comoros,1949,0,0,0
3103,com,Comoros,1950,0,0,0
3104,com,Comoros,1951,500,500,0
3105,com,Comoros,1952,0,0,0
3106,com,Comoros,1953,0,0,0
3107,com,Comoros,1954,0,0,0
3108,com,Comoros,1955,0,0,0
3109,com,Comoros,1956,0,0,0
3110,com,Comoros,1957,0,0,0
3111,com,Comoros,1958,0,0,0
3112,com,Comoros,1959,0,0,0
3113,com,Comoros,1960,0,0,0
3114,com,Comoros,1961,0,0,0
3115,com,Comoros,1962,0,0,0
3116,com,Comoros,1963,0,0,0
3117,com,Comoros,1964,0,0,0
3118,com,Comoros,1965,0,0,0
3119,com,Comoros,1966,0,0,0
3120,com,Comoros,1967,0,0,0
3121,com,Comoros,1968,0,0,0
3122,com,Comoros,1969,0,0,0
3123,com,Comoros,1970,0,0,0
3124,com,Comoros,1971,0,0,0
3125,com,Comoros,1972,0,0,0
3126,com,Comoros,1973,0,0,0
3127,com,Comoros,1974,0,0,0
3128,com,Comoros,1975,0,0,0
3129,com,Comoros,1976,0,0,0
3130,com,Comoros,1977,1,1,5000
3131,com,Comoros,1978,0,0,0
3132,com,Comoros,1979,0,0,0
3133,com,Comoros,1980,0,0,0
3134,com,Comoros,1981,0,0,0
3135,com,Comoros,1982,0,0,0
3136,com,Comoros,1983,33,33,0
3137,com,Comoros,1984,0,0,0
3138,com,Comoros,1985,2,2,0
3139,com,Comoros,1986,0,0,0
3140,com,Comoros,1987,24,24,50000
3141,com,Comoros,1988,0,0,0
3142,com,Comoros,1989,3,0,0
3143,com,Comoros,1990,0,0,0
3144,com,Comoros,1991,0,0,200
3145,com,Comoros,1992,0,0,0
3146,com,Comoros,1993,0,0,0
3147,com,Comoros,1994,0,0,0
3148,com,Comoros,1995,0,0,0
3149,com,Comoros,1996,199,0,0
3150,com,Comoros,1997,0,0,0
3151,com,Comoros,1998,81,0,0
3152,com,Comoros,1999,14,0,0
3153,com,Comoros,2000,0,0,0
3154,com,Comoros,2001,0,0,0
3155,com,Comoros,2002,0,0,0
3156,com,Comoros,2003,0,0,300
3157,com,Comoros,2004,0,0,0
3158,com,Comoros,2005,1,1,0
3159,com,Comoros,2006,0,0,0
3160,com,Comoros,2007,29,0,0
3161,com,Comoros,2008,0,0,0
3162,com,Comoros,2009,2,2,0
3163,com,Comoros,2010,0,0,0
3164,com,Comoros,2011,0,0,0
3165,com,Comoros,2012,4,4,0
3166,com,Comoros,2013,0,0,0
3167,com,Comoros,2014,0,0,0
3168,com,Comoros,2015,0,0,0
3169,com,Comoros,2016,0,0,0
3170,com,Comoros,2017,0,0,0
3171,com,Comoros,2018,0,0,0
3172,com,Comoros,2019,8,8,0
3173,com,Comoros,2020,0,0,0
3174,com,Comoros,2021,0,0,0
3175,com,Comoros,2022,0,0,0
3176,com,Comoros,2023,0,0,0
3177,com,Comoros,2024,149,0,0
3178,com,Comoros,2025,0,0,0
3179,cod,"Congo, Dem. Rep.",1948,31,0,0
3180,cod,"Congo, Dem. Rep.",1949,0,0,0
3181,cod,"Congo, Dem. Rep.",1950,0,0,0
3182,cod,"Congo, Dem. Rep.",1951,0,0,0
3183,cod,"Congo, Dem. Rep.",1952,0,0,0
3184,cod,"Congo, Dem. Rep.",1953,0,0,0
3185,cod,"Congo, Dem. Rep.",1954,0,0,0
3186,cod,"Congo, Dem. Rep.",1955,0,0,0
3187,cod,"Congo, Dem. Rep.",1956,0,0,0
3188,cod,"Congo, Dem. Rep.",1957,0,0,0
3189,cod,"Congo, Dem. Rep.",1958,0,0,0
3190,cod,"Congo, Dem. Rep.",1959,0,0,0
3191,cod,"Congo, Dem. Rep.",1960,0,0,0
3192,cod,"Congo, Dem. Rep.",1961,0,0,0
3193,cod,"Congo, Dem. Rep.",1962,0,0,0
3194,cod,"Congo, Dem. Rep.",1963,0,0,0
3195,cod,"Congo, Dem. Rep.",1964,0,0,0
3196,cod,"Congo, Dem. Rep.",1965,0,0,0
3197,cod,"Congo, Dem. Rep.",1966,24,24,0
3198,cod,"Congo, Dem. Rep.",1967,0,0,0
3199,cod,"Congo, Dem. Rep.",1968,154,154,168
3200,cod,"Congo, Dem. Rep.",1969,0,0,0
3201,cod,"Congo, Dem. Rep.",1970,0,0,0
3202,cod,"Congo, Dem. Rep.",1971,0,0,0
3203,cod,"Congo, Dem. Rep.",1972,0,0,0
3204,cod,"Congo, Dem. Rep.",1973,0,0,0
3205,cod,"Congo, Dem. Rep.",1974,0,0,0
3206,cod,"Congo, Dem. Rep.",1975,0,0,0
3207,cod,"Congo, Dem. Rep.",1976,245,0,0
3208,cod,"Congo, Dem. Rep.",1977,147,147,60000
3209,cod,"Congo, Dem. Rep.",1978,0,0,0
3210,cod,"Congo, Dem. Rep.",1979,0,0,0
3211,cod,"Congo, Dem. Rep.",1980,0,0,0
3212,cod,"Congo, Dem. Rep.",1981,0,0,0
3213,cod,"Congo, Dem. Rep.",1982,0,0,0
3214,cod,"Congo, Dem. Rep.",1983,0,0,0
3215,cod,"Congo, Dem. Rep.",1984,0,0,0
3216,cod,"Congo, Dem. Rep.",1985,0,0,0
3217,cod,"Congo, Dem. Rep.",1986,0,0,0
3218,cod,"Congo, Dem. Rep.",1987,1021,0,0
3219,cod,"Congo, Dem. Rep.",1988,0,0,0
3220,cod,"Congo, Dem. Rep.",1989,86,0,0
3221,cod,"Congo, Dem. Rep.",1990,67,23,12000
3222,cod,"Congo, Dem. Rep.",1991,500,0,0
3223,cod,"Congo, Dem. Rep.",1992,46,9,250
3224,cod,"Congo, Dem. Rep.",1993,0,0,0
3225,cod,"Congo, Dem. Rep.",1994,39,39,50
3226,cod,"Congo, Dem. Rep.",1995,296,0,0
3227,cod,"Congo, Dem. Rep.",1996,749,0,0
3228,cod,"Congo, Dem. Rep.",1997,100,0,9506
3229,cod,"Congo, Dem. Rep.",1998,1202,0,0
3230,cod,"Congo, Dem. Rep.",1999,44,2,13000
3231,cod,"Congo, Dem. Rep.",2000,26,0,0
3232,cod,"Congo, Dem. Rep.",2001,900,62,0
3233,cod,"Congo, Dem. Rep.",2002,2742,240,110000
3234,cod,"Congo, Dem. Rep.",2003,815,29,21481
3235,cod,"Congo, Dem. Rep.",2004,706,0,0
3236,cod,"Congo, Dem. Rep.",2005,115,14,6886
3237,cod,"Congo, Dem. Rep.",2006,155,4,3600
3238,cod,"Congo, Dem. Rep.",2007,204,32,0
3239,cod,"Congo, Dem. Rep.",2008,36,36,500
3240,cod,"Congo, Dem. Rep.",2009,210,0,125
3241,cod,"Congo, Dem. Rep.",2010,110,54,5730
3242,cod,"Congo, Dem. Rep.",2011,636,0,2000
3243,cod,"Congo, Dem. Rep.",2012,609,1,1010
3244,cod,"Congo, Dem. Rep.",2013,0,0,0
3245,cod,"Congo, Dem. Rep.",2014,214,165,3750
3246,cod,"Congo, Dem. Rep.",2015,55,55,100
3247,cod,"Congo, Dem. Rep.",2016,105,50,10000
3248,cod,"Congo, Dem. Rep.",2017,322,279,500
3249,cod,"Congo, Dem. Rep.",2018,2371,51,15743
3250,cod,"Congo, Dem. Rep.",2019,4219,80,450
3251,cod,"Congo, Dem. Rep.",2020,138,83,0
3252,cod,"Congo, Dem. Rep.",2021,237,32,0
3253,cod,"Congo, Dem. Rep.",2022,236,223,0
3254,cod,"Congo, Dem. Rep.",2023,2946,2946,0
3255,cod,"Congo, Dem. Rep.",2024,399,399,35
3256,cod,"Congo, Dem. Rep.",2025,547,374,7155
3257,cog,"Congo, Rep.",1948,13,0,0
3258,cog,"Congo, Rep.",1949,0,0,0
3259,cog,"Congo, Rep.",1950,0,0,0
3260,cog,"Congo, Rep.",1951,0,0,0
3261,cog,"Congo, Rep.",1952,15,0,0
3262,cog,"Congo, Rep.",1953,0,0,0
3263,cog,"Congo, Rep.",1954,0,0,0
3264,cog,"Congo, Rep.",1955,0,0,0
3265,cog,"Congo, Rep.",1956,0,0,0
3266,cog,"Congo, Rep.",1957,0,0,0
3267,cog,"Congo, Rep.",1958,0,0,0
3268,cog,"Congo, Rep.",1959,0,0,0
3269,cog,"Congo, Rep.",1960,35,0,0
3270,cog,"Congo, Rep.",1961,0,0,0
3271,cog,"Congo, Rep.",1962,0,0,0
3272,cog,"Congo, Rep.",1963,0,0,0
3273,cog,"Congo, Rep.",1964,0,0,0
3274,cog,"Congo, Rep.",1965,0,0,0
3275,cog,"Congo, Rep.",1966,0,0,0
3276,cog,"Congo, Rep.",1967,154,154,168
3277,cog,"Congo, Rep.",1968,0,0,0
3278,cog,"Congo, Rep.",1969,0,0,0
3279,cog,"Congo, Rep.",1970,0,0,0
3280,cog,"Congo, Rep.",1971,0,0,0
3281,cog,"Congo, Rep.",1972,0,0,0
3282,cog,"Congo, Rep.",1973,0,0,0
3283,cog,"Congo, Rep.",1974,0,0,0
3284,cog,"Congo, Rep.",1975,0,0,0
3285,cog,"Congo, Rep.",1976,0,0,0
3286,cog,"Congo, Rep.",1977,0,0,0
3287,cog,"Congo, Rep.",1978,0,0,0
3288,cog,"Congo, Rep.",1979,0,0,0
3289,cog,"Congo, Rep.",1980,0,0,0
3290,cog,"Congo, Rep.",1981,0,0,0
3291,cog,"Congo, Rep.",1982,0,0,0
3292,cog,"Congo, Rep.",1983,0,0,0
3293,cog,"Congo, Rep.",1984,0,0,0
3294,cog,"Congo, Rep.",1985,0,0,0
3295,cog,"Congo, Rep.",1986,0,0,0
3296,cog,"Congo, Rep.",1987,0,0,0
3297,cog,"Congo, Rep.",1988,0,0,0
3298,cog,"Congo, Rep.",1989,0,0,0
3299,cog,"Congo, Rep.",1990,23,0,0
3300,cog,"Congo, Rep.",1991,110,0,0
3301,cog,"Congo, Rep.",1992,21,0,0
3302,cog,"Congo, Rep.",1993,367,0,0
3303,cog,"Congo, Rep.",1994,142,0,0
3304,cog,"Congo, Rep.",1995,0,0,0
3305,cog,"Congo, Rep.",1996,0,0,0
3306,cog,"Congo, Rep.",1997,83,0,0
3307,cog,"Congo, Rep.",1998,0,0,0
3308,cog,"Congo, Rep.",1999,17,2,2000
3309,cog,"Congo, Rep.",2000,24,0,0
3310,cog,"Congo, Rep.",2001,19,0,0
3311,cog,"Congo, Rep.",2002,128,0,48000
3312,cog,"Congo, Rep.",2003,29,0,0
3313,cog,"Congo, Rep.",2004,0,0,0
3314,cog,"Congo, Rep.",2005,11,1,2000
3315,cog,"Congo, Rep.",2006,56,6,5000
3316,cog,"Congo, Rep.",2007,0,0,5000
3317,cog,"Congo, Rep.",2008,26,0,0
3318,cog,"Congo, Rep.",2009,0,0,0
3319,cog,"Congo, Rep.",2010,219,0,0
3320,cog,"Congo, Rep.",2011,65,0,0
3321,cog,"Congo, Rep.",2012,19,19,7500
3322,cog,"Congo, Rep.",2013,16,0,0
3323,cog,"Congo, Rep.",2014,0,0,0
3324,cog,"Congo, Rep.",2015,0,0,0
3325,cog,"Congo, Rep.",2016,0,0,0
3326,cog,"Congo, Rep.",2017,0,0,0
3327,cog,"Congo, Rep.",2018,0,0,0
3328,cog,"Congo, Rep.",2019,3819,0,0
3329,cog,"Congo, Rep.",2020,20,20,0
3330,cog,"Congo, Rep.",2021,24,24,0
3331,cog,"Congo, Rep.",2022,0,0,0
3332,cog,"Congo, Rep.",2023,75,23,0
3333,cog,"Congo, Rep.",2024,0,0,0
3334,cog,"Congo, Rep.",2025,91,0,0
3335,cri,Costa Rica,1910,2450,2450,0
3336,cri,Costa Rica,1911,0,0,0
3337,cri,Costa Rica,1912,0,0,0
3338,cri,Costa Rica,1913,0,0,0
3339,cri,Costa Rica,1914,0,0,0
3340,cri,Costa Rica,1915,0,0,0
3341,cri,Costa Rica,1916,0,0,0
3342,cri,Costa Rica,1917,0,0,0
3343,cri,Costa Rica,1918,0,0,0
3344,cri,Costa Rica,1919,0,0,0
3345,cri,Costa Rica,1920,0,0,0
3346,cri,Costa Rica,1921,0,0,0
3347,cri,Costa Rica,1922,0,0,0
3348,cri,Costa Rica,1923,0,0,0
3349,cri,Costa Rica,1924,0,0,0
3350,cri,Costa Rica,1925,0,0,0
3351,cri,Costa Rica,1926,0,0,0
3352,cri,Costa Rica,1927,0,0,0
3353,cri,Costa Rica,1928,0,0,0
3354,cri,Costa Rica,1929,0,0,0
3355,cri,Costa Rica,1930,0,0,0
3356,cri,Costa Rica,1931,0,0,0
3357,cri,Costa Rica,1932,0,0,0
3358,cri,Costa Rica,1933,0,0,0
3359,cri,Costa Rica,1934,0,0,0
3360,cri,Costa Rica,1935,0,0,0
3361,cri,Costa Rica,1936,0,0,0
3362,cri,Costa Rica,1937,0,0,0
3363,cri,Costa Rica,1938,0,0,0
3364,cri,Costa Rica,1939,0,0,0
3365,cri,Costa Rica,1940,0,0,0
3366,cri,Costa Rica,1941,0,0,0
3367,cri,Costa Rica,1942,0,0,0
3368,cri,Costa Rica,1943,0,0,0
3369,cri,Costa Rica,1944,0,0,0
3370,cri,Costa Rica,1945,0,0,0
3371,cri,Costa Rica,1946,0,0,0
3372,cri,Costa Rica,1947,0,0,0
3373,cri,Costa Rica,1948,0,0,0
3374,cri,Costa Rica,1949,0,0,0
3375,cri,Costa Rica,1950,0,0,0
3376,cri,Costa Rica,1951,0,0,0
3377,cri,Costa Rica,1952,29,29,0
3378,cri,Costa Rica,1953,0,0,0
3379,cri,Costa Rica,1954,0,0,0
3380,cri,Costa Rica,1955,10,10,0
3381,cri,Costa Rica,1956,0,0,0
3382,cri,Costa Rica,1957,0,0,0
3383,cri,Costa Rica,1958,0,0,0
3384,cri,Costa Rica,1959,0,0,0
3385,cri,Costa Rica,1960,0,0,0
3386,cri,Costa Rica,1961,0,0,0
3387,cri,Costa Rica,1962,0,0,0
3388,cri,Costa Rica,1963,15,15,0
3389,cri,Costa Rica,1964,0,0,0
3390,cri,Costa Rica,1965,0,0,0
3391,cri,Costa Rica,1966,0,0,0
3392,cri,Costa Rica,1967,0,0,0
3393,cri,Costa Rica,1968,87,87,3280
3394,cri,Costa Rica,1969,7,7,0
3395,cri,Costa Rica,1970,24,24,0
3396,cri,Costa Rica,1971,0,0,0
3397,cri,Costa Rica,1972,0,0,0
3398,cri,Costa Rica,1973,21,21,84
3399,cri,Costa Rica,1974,0,0,0
3400,cri,Costa Rica,1975,2,2,0
3401,cri,Costa Rica,1976,0,0,0
3402,cri,Costa Rica,1977,0,0,0
3403,cri,Costa Rica,1978,0,0,0
3404,cri,Costa Rica,1979,0,0,0
3405,cri,Costa Rica,1980,1,1,0
3406,cri,Costa Rica,1981,0,0,0
3407,cri,Costa Rica,1982,0,0,0
3408,cri,Costa Rica,1983,12,12,0
3409,cri,Costa Rica,1984,0,0,0
3410,cri,Costa Rica,1985,0,0,0
3411,cri,Costa Rica,1986,0,0,0
3412,cri,Costa Rica,1987,0,0,0
3413,cri,Costa Rica,1988,35,35,2500
3414,cri,Costa Rica,1989,0,0,0
3415,cri,Costa Rica,1990,24,1,14000
3416,cri,Costa Rica,1991,48,48,23900
3417,cri,Costa Rica,1992,0,0,0
3418,cri,Costa Rica,1993,12,12,3450
3419,cri,Costa Rica,1994,2,2,556
3420,cri,Costa Rica,1995,0,0,4800
3421,cri,Costa Rica,1996,60,60,0
3422,cri,Costa Rica,1997,0,0,0
3423,cri,Costa Rica,1998,8,8,1700
3424,cri,Costa Rica,1999,9,9,4621
3425,cri,Costa Rica,2000,7,7,0
3426,cri,Costa Rica,2001,0,0,0
3427,cri,Costa Rica,2002,10,10,0
3428,cri,Costa Rica,2003,3,3,0
3429,cri,Costa Rica,2004,10,10,25
3430,cri,Costa Rica,2005,6,6,0
3431,cri,Costa Rica,2006,0,0,0
3432,cri,Costa Rica,2007,19,19,0
3433,cri,Costa Rica,2008,11,11,0
3434,cri,Costa Rica,2009,31,31,0
3435,cri,Costa Rica,2010,27,27,0
3436,cri,Costa Rica,2011,4,4,0
3437,cri,Costa Rica,2012,8,8,0
3438,cri,Costa Rica,2013,3,0,0
3439,cri,Costa Rica,2014,0,0,0
3440,cri,Costa Rica,2015,0,0,0
3441,cri,Costa Rica,2016,9,9,0
3442,cri,Costa Rica,2017,13,13,0
3443,cri,Costa Rica,2018,1,1,0
3444,cri,Costa Rica,2019,0,0,0
3445,cri,Costa Rica,2020,0,0,0
3446,cri,Costa Rica,2021,3,3,0
3447,cri,Costa Rica,2022,0,0,0
3448,cri,Costa Rica,2023,0,0,0
3449,cri,Costa Rica,2024,8,8,0
3450,cri,Costa Rica,2025,0,0,0
3451,civ,Cote d'Ivoire,1970,120,0,0
3452,civ,Cote d'Ivoire,1971,0,0,0
3453,civ,Cote d'Ivoire,1972,0,0,0
3454,civ,Cote d'Ivoire,1973,0,0,0
3455,civ,Cote d'Ivoire,1974,0,0,0
3456,civ,Cote d'Ivoire,1975,0,0,0
3457,civ,Cote d'Ivoire,1976,0,0,0
3458,civ,Cote d'Ivoire,1977,41,0,0
3459,civ,Cote d'Ivoire,1978,0,0,0
3460,civ,Cote d'Ivoire,1979,0,0,0
3461,civ,Cote d'Ivoire,1980,0,0,0
3462,civ,Cote d'Ivoire,1981,0,0,0
3463,civ,Cote d'Ivoire,1982,0,0,0
3464,civ,Cote d'Ivoire,1983,0,0,0
3465,civ,Cote d'Ivoire,1984,0,0,0
3466,civ,Cote d'Ivoire,1985,0,0,0
3467,civ,Cote d'Ivoire,1986,0,0,0
3468,civ,Cote d'Ivoire,1987,51,0,0
3469,civ,Cote d'Ivoire,1988,0,0,0
3470,civ,Cote d'Ivoire,1989,48,0,0
3471,civ,Cote d'Ivoire,1990,0,0,0
3472,civ,Cote d'Ivoire,1991,16,0,0
3473,civ,Cote d'Ivoire,1992,0,0,0
3474,civ,Cote d'Ivoire,1993,23,0,0
3475,civ,Cote d'Ivoire,1994,16,0,0
3476,civ,Cote d'Ivoire,1995,150,0,0
3477,civ,Cote d'Ivoire,1996,28,28,0
3478,civ,Cote d'Ivoire,1997,21,0,0
3479,civ,Cote d'Ivoire,1998,37,0,0
3480,civ,Cote d'Ivoire,1999,53,0,0
3481,civ,Cote d'Ivoire,2000,0,0,0
3482,civ,Cote d'Ivoire,2001,196,0,0
3483,civ,Cote d'Ivoire,2002,77,0,0
3484,civ,Cote d'Ivoire,2003,0,0,0
3485,civ,Cote d'Ivoire,2004,0,0,0
3486,civ,Cote d'Ivoire,2005,40,0,0
3487,civ,Cote d'Ivoire,2006,42,0,0
3488,civ,Cote d'Ivoire,2007,30,0,0
3489,civ,Cote d'Ivoire,2008,50,6,0
3490,civ,Cote d'Ivoire,2009,27,27,10000
3491,civ,Cote d'Ivoire,2010,18,18,0
3492,civ,Cote d'Ivoire,2011,0,0,0
3493,civ,Cote d'Ivoire,2012,0,0,0
3494,civ,Cote d'Ivoire,2013,0,0,0
3495,civ,Cote d'Ivoire,2014,46,46,0
3496,civ,Cote d'Ivoire,2015,16,16,0
3497,civ,Cote d'Ivoire,2016,20,20,0
3498,civ,Cote d'Ivoire,2017,17,15,0
3499,civ,Cote d'Ivoire,2018,20,20,0
3500,civ,Cote d'Ivoire,2019,12,12,612
3501,civ,Cote d'Ivoire,2020,24,24,2100
3502,civ,Cote d'Ivoire,2021,0,0,0
3503,civ,Cote d'Ivoire,2022,13,13,0
3504,civ,Cote d'Ivoire,2023,0,0,0
3505,civ,Cote d'Ivoire,2024,26,26,0
3506,civ,Cote d'Ivoire,2025,12,12,0
3507,hrv,Croatia,1992,61,0,0
3508,hrv,Croatia,1993,0,0,0
3509,hrv,Croatia,1994,0,0,0
3510,hrv,Croatia,1995,0,0,0
3511,hrv,Croatia,1996,35,0,2000
3512,hrv,Croatia,1997,0,0,0
3513,hrv,Croatia,1998,0,0,0
3514,hrv,Croatia,1999,0,0,0
3515,hrv,Croatia,2000,41,41,0
3516,hrv,Croatia,2001,0,0,0
3517,hrv,Croatia,2002,0,0,0
3518,hrv,Croatia,2003,788,788,0
3519,hrv,Croatia,2004,0,0,0
3520,hrv,Croatia,2005,7,7,0
3521,hrv,Croatia,2006,0,0,0
3522,hrv,Croatia,2007,12,12,0
3523,hrv,Croatia,2008,0,0,0
3524,hrv,Croatia,2009,0,0,0
3525,hrv,Croatia,2010,0,0,0
3526,hrv,Croatia,2011,0,0,0
3527,hrv,Croatia,2012,7,7,0
3528,hrv,Croatia,2013,0,0,0
3529,hrv,Croatia,2014,3,3,0
3530,hrv,Croatia,2015,0,0,0
3531,hrv,Croatia,2016,0,0,0
3532,hrv,Croatia,2017,0,0,0
3533,hrv,Croatia,2018,0,0,21
3534,hrv,Croatia,2019,1,1,0
3535,hrv,Croatia,2020,9,9,18915
3536,hrv,Croatia,2021,0,0,0
3537,hrv,Croatia,2022,731,731,0
3538,hrv,Croatia,2023,562,562,0
3539,hrv,Croatia,2024,1255,1255,0
3540,hrv,Croatia,2025,394,394,0
3541,cub,Cuba,1926,600,600,0
3542,cub,Cuba,1927,0,0,0
3543,cub,Cuba,1928,0,0,0
3544,cub,Cuba,1929,0,0,0
3545,cub,Cuba,1930,0,0,0
3546,cub,Cuba,1931,0,0,0
3547,cub,Cuba,1932,2500,2500,0
3548,cub,Cuba,1933,0,0,0
3549,cub,Cuba,1934,0,0,0
3550,cub,Cuba,1935,35,35,0
3551,cub,Cuba,1936,0,0,0
3552,cub,Cuba,1937,0,0,0
3553,cub,Cuba,1938,0,0,0
3554,cub,Cuba,1939,0,0,0
3555,cub,Cuba,1940,0,0,0
3556,cub,Cuba,1941,0,0,0
3557,cub,Cuba,1942,0,0,0
3558,cub,Cuba,1943,0,0,0
3559,cub,Cuba,1944,17,0,0
3560,cub,Cuba,1945,0,0,0
3561,cub,Cuba,1946,0,0,0
3562,cub,Cuba,1947,0,0,0
3563,cub,Cuba,1948,14,14,0
3564,cub,Cuba,1949,0,0,0
3565,cub,Cuba,1950,0,0,0
3566,cub,Cuba,1951,0,0,0
3567,cub,Cuba,1952,0,0,0
3568,cub,Cuba,1953,0,0,0
3569,cub,Cuba,1954,0,0,0
3570,cub,Cuba,1955,0,0,0
3571,cub,Cuba,1956,0,0,0
3572,cub,Cuba,1957,0,0,0
3573,cub,Cuba,1958,0,0,0
3574,cub,Cuba,1959,0,0,0
3575,cub,Cuba,1960,0,0,0
3576,cub,Cuba,1961,0,0,0
3577,cub,Cuba,1962,0,0,0
3578,cub,Cuba,1963,1750,1750,0
3579,cub,Cuba,1964,0,0,0
3580,cub,Cuba,1965,0,0,0
3581,cub,Cuba,1966,5,5,18000
3582,cub,Cuba,1967,0,0,0
3583,cub,Cuba,1968,0,0,0
3584,cub,Cuba,1969,0,0,0
3585,cub,Cuba,1970,20,20,0
3586,cub,Cuba,1971,0,0,0
3587,cub,Cuba,1972,0,0,0
3588,cub,Cuba,1973,0,0,0
3589,cub,Cuba,1974,0,0,0
3590,cub,Cuba,1975,0,0,0
3591,cub,Cuba,1976,1,1,0
3592,cub,Cuba,1977,7,7,0
3593,cub,Cuba,1978,6,6,0
3594,cub,Cuba,1979,0,0,0
3595,cub,Cuba,1980,3,3,0
3596,cub,Cuba,1981,0,0,0
3597,cub,Cuba,1982,24,24,75000
3598,cub,Cuba,1983,15,15,0
3599,cub,Cuba,1984,0,0,0
3600,cub,Cuba,1985,4,4,22000
3601,cub,Cuba,1986,0,0,0
3602,cub,Cuba,1987,0,0,0
3603,cub,Cuba,1988,50,23,1500
3604,cub,Cuba,1989,195,0,0
3605,cub,Cuba,1990,7,4,6000
3606,cub,Cuba,1991,190,0,0
3607,cub,Cuba,1992,359,0,0
3608,cub,Cuba,1993,51,51,32000
3609,cub,Cuba,1994,22,14,42820
3610,cub,Cuba,1995,26,2,0
3611,cub,Cuba,1996,3,3,66681
3612,cub,Cuba,1997,116,0,0
3613,cub,Cuba,1998,29,6,0
3614,cub,Cuba,1999,18,4,26923
3615,cub,Cuba,2000,2,2,0
3616,cub,Cuba,2001,5,5,0
3617,cub,Cuba,2002,3,3,0
3618,cub,Cuba,2003,0,0,0
3619,cub,Cuba,2004,4,4,41500
3620,cub,Cuba,2005,20,20,0
3621,cub,Cuba,2006,2,2,0
3622,cub,Cuba,2007,1,1,0
3623,cub,Cuba,2008,7,7,0
3624,cub,Cuba,2009,0,0,0
3625,cub,Cuba,2010,0,0,0
3626,cub,Cuba,2011,0,0,0
3627,cub,Cuba,2012,14,14,162746
3628,cub,Cuba,2013,2,2,0
3629,cub,Cuba,2014,0,0,0
3630,cub,Cuba,2015,3,3,0
3631,cub,Cuba,2016,0,0,0
3632,cub,Cuba,2017,10,10,0
3633,cub,Cuba,2018,9,9,0
3634,cub,Cuba,2019,6,6,0
3635,cub,Cuba,2020,0,0,0
3636,cub,Cuba,2021,0,0,0
3637,cub,Cuba,2022,9,9,0
3638,cub,Cuba,2023,6,6,0
3639,cub,Cuba,2024,10,10,0
3640,cub,Cuba,2025,3,3,0
3641,cyp,Cyprus,1953,40,40,2500
3642,cyp,Cyprus,1954,0,0,0
3643,cyp,Cyprus,1955,0,0,0
3644,cyp,Cyprus,1956,0,0,0
3645,cyp,Cyprus,1957,0,0,0
3646,cyp,Cyprus,1958,0,0,0
3647,cyp,Cyprus,1959,0,0,0
3648,cyp,Cyprus,1960,0,0,0
3649,cyp,Cyprus,1961,0,0,0
3650,cyp,Cyprus,1962,0,0,0
3651,cyp,Cyprus,1963,0,0,0
3652,cyp,Cyprus,1964,0,0,0
3653,cyp,Cyprus,1965,0,0,0
3654,cyp,Cyprus,1966,0,0,0
3655,cyp,Cyprus,1967,0,0,0
3656,cyp,Cyprus,1968,0,0,0
3657,cyp,Cyprus,1969,3,3,0
3658,cyp,Cyprus,1970,0,0,0
3659,cyp,Cyprus,1971,0,0,0
3660,cyp,Cyprus,1972,0,0,0
3661,cyp,Cyprus,1973,0,0,0
3662,cyp,Cyprus,1974,0,0,0
3663,cyp,Cyprus,1975,0,0,0
3664,cyp,Cyprus,1976,0,0,0
3665,cyp,Cyprus,1977,0,0,0
3666,cyp,Cyprus,1978,0,0,0
3667,cyp,Cyprus,1979,0,0,0
3668,cyp,Cyprus,1980,0,0,0
3669,cyp,Cyprus,1981,0,0,0
3670,cyp,Cyprus,1982,0,0,0
3671,cyp,Cyprus,1983,0,0,0
3672,cyp,Cyprus,1984,0,0,0
3673,cyp,Cyprus,1985,0,0,0
3674,cyp,Cyprus,1986,0,0,0
3675,cyp,Cyprus,1987,0,0,0
3676,cyp,Cyprus,1988,0,0,0
3677,cyp,Cyprus,1989,0,0,0
3678,cyp,Cyprus,1990,0,0,0
3679,cyp,Cyprus,1991,0,0,0
3680,cyp,Cyprus,1992,0,0,0
3681,cyp,Cyprus,1993,0,0,0
3682,cyp,Cyprus,1994,0,0,0
3683,cyp,Cyprus,1995,2,2,150
3684,cyp,Cyprus,1996,0,0,0
3685,cyp,Cyprus,1997,0,0,0
3686,cyp,Cyprus,1998,52,52,0
3687,cyp,Cyprus,1999,0,0,0
3688,cyp,Cyprus,2000,5,5,0
3689,cyp,Cyprus,2001,0,0,0
3690,cyp,Cyprus,2002,0,0,0
3691,cyp,Cyprus,2003,0,0,0
3692,cyp,Cyprus,2004,0,0,0
3693,cyp,Cyprus,2005,0,0,0
3694,cyp,Cyprus,2006,0,0,0
3695,cyp,Cyprus,2007,4,4,0
3696,cyp,Cyprus,2008,0,0,0
3697,cyp,Cyprus,2009,0,0,0
3698,cyp,Cyprus,2010,0,0,0
3699,cyp,Cyprus,2011,0,0,0
3700,cyp,Cyprus,2012,0,0,0
3701,cyp,Cyprus,2013,0,0,0
3702,cyp,Cyprus,2014,0,0,0
3703,cyp,Cyprus,2015,0,0,0
3704,cyp,Cyprus,2016,0,0,0
3705,cyp,Cyprus,2017,0,0,0
3706,cyp,Cyprus,2018,0,0,0
3707,cyp,Cyprus,2019,0,0,0
3708,cyp,Cyprus,2020,0,0,0
3709,cyp,Cyprus,2021,4,4,0
3710,cyp,Cyprus,2022,101,101,0
3711,cyp,Cyprus,2023,151,151,0
3712,cyp,Cyprus,2024,218,218,0
3713,cyp,Cyprus,2025,51,51,279
3714,cze,Czech Republic,1930,12,0,0
3715,cze,Czech Republic,1931,0,0,0
3716,cze,Czech Republic,1932,0,0,0
3717,cze,Czech Republic,1933,0,0,0
3718,cze,Czech Republic,1934,0,0,0
3719,cze,Czech Republic,1935,0,0,0
3720,cze,Czech Republic,1936,0,0,0
3721,cze,Czech Republic,1937,0,0,0
3722,cze,Czech Republic,1938,0,0,0
3723,cze,Czech Republic,1939,0,0,0
3724,cze,Czech Republic,1940,0,0,0
3725,cze,Czech Republic,1941,0,0,0
3726,cze,Czech Republic,1942,0,0,0
3727,cze,Czech Republic,1943,0,0,0
3728,cze,Czech Republic,1944,0,0,0
3729,cze,Czech Republic,1945,0,0,0
3730,cze,Czech Republic,1946,0,0,0
3731,cze,Czech Republic,1947,0,0,0
3732,cze,Czech Republic,1948,0,0,0
3733,cze,Czech Republic,1949,0,0,0
3734,cze,Czech Republic,1950,0,0,0
3735,cze,Czech Republic,1951,0,0,0
3736,cze,Czech Republic,1952,0,0,0
3737,cze,Czech Republic,1953,103,0,0
3738,cze,Czech Republic,1954,0,0,0
3739,cze,Czech Republic,1955,0,0,0
3740,cze,Czech Republic,1956,0,0,0
3741,cze,Czech Republic,1957,0,0,0
3742,cze,Czech Republic,1958,0,0,0
3743,cze,Czech Republic,1959,0,0,0
3744,cze,Czech Republic,1960,117,0,0
3745,cze,Czech Republic,1961,0,0,0
3746,cze,Czech Republic,1962,0,0,0
3747,cze,Czech Republic,1963,0,0,0
3748,cze,Czech Republic,1964,0,0,0
3749,cze,Czech Republic,1965,0,0,0
3750,cze,Czech Republic,1966,0,0,0
3751,cze,Czech Republic,1967,0,0,0
3752,cze,Czech Republic,1968,0,0,0
3753,cze,Czech Republic,1969,0,0,0
3754,cze,Czech Republic,1970,0,0,0
3755,cze,Czech Republic,1971,0,0,0
3756,cze,Czech Republic,1972,0,0,0
3757,cze,Czech Republic,1973,127,0,0
3758,cze,Czech Republic,1974,14,14,0
3759,cze,Czech Republic,1975,0,0,0
3760,cze,Czech Republic,1976,0,0,0
3761,cze,Czech Republic,1977,0,0,0
3762,cze,Czech Republic,1978,0,0,0
3763,cze,Czech Republic,1979,0,0,0
3764,cze,Czech Republic,1980,0,0,0
3765,cze,Czech Republic,1981,0,0,0
3766,cze,Czech Republic,1982,0,0,0
3767,cze,Czech Republic,1983,0,0,0
3768,cze,Czech Republic,1984,43,0,0
3769,cze,Czech Republic,1985,10,10,0
3770,cze,Czech Republic,1986,0,0,0
3771,cze,Czech Republic,1987,0,0,0
3772,cze,Czech Republic,1988,0,0,0
3773,cze,Czech Republic,1989,0,0,0
3774,cze,Czech Republic,1990,21,0,0
3775,cze,Czech Republic,1991,20,0,0
3776,cze,Czech Republic,1992,0,0,0
3777,cze,Czech Republic,1993,0,0,0
3778,cze,Czech Republic,1994,0,0,0
3779,cze,Czech Republic,1995,18,0,0
3780,cze,Czech Republic,1996,1,1,0
3781,cze,Czech Republic,1997,29,29,11973
3782,cze,Czech Republic,1998,6,6,0
3783,cze,Czech Republic,1999,0,0,0
3784,cze,Czech Republic,2000,3,3,0
3785,cze,Czech Republic,2001,0,0,0
3786,cze,Czech Republic,2002,20,20,0
3787,cze,Czech Republic,2003,418,418,0
3788,cze,Czech Republic,2004,0,0,0
3789,cze,Czech Republic,2005,16,16,0
3790,cze,Czech Republic,2006,6,6,0
3791,cze,Czech Republic,2007,4,4,0
3792,cze,Czech Republic,2008,2,2,0
3793,cze,Czech Republic,2009,15,15,0
3794,cze,Czech Republic,2010,23,23,0
3795,cze,Czech Republic,2011,0,0,0
3796,cze,Czech Republic,2012,32,32,0
3797,cze,Czech Republic,2013,15,15,0
3798,cze,Czech Republic,2014,0,0,0
3799,cze,Czech Republic,2015,0,0,0
3800,cze,Czech Republic,2016,0,0,0
3801,cze,Czech Republic,2017,0,0,0
3802,cze,Czech Republic,2018,3,3,0
3803,cze,Czech Republic,2019,0,0,0
3804,cze,Czech Republic,2020,3,3,0
3805,cze,Czech Republic,2021,6,6,0
3806,cze,Czech Republic,2022,280,280,0
3807,cze,Czech Republic,2023,361,361,0
3808,cze,Czech Republic,2024,557,557,0
3809,cze,Czech Republic,2025,144,144,0
3810,dnk,Denmark,1917,18,0,0
3811,dnk,Denmark,1918,0,0,0
3812,dnk,Denmark,1919,0,0,0
3813,dnk,Denmark,1920,0,0,0
3814,dnk,Denmark,1921,0,0,0
3815,dnk,Denmark,1922,0,0,0
3816,dnk,Denmark,1923,0,0,0
3817,dnk,Denmark,1924,0,0,0
3818,dnk,Denmark,1925,0,0,0
3819,dnk,Denmark,1926,0,0,0
3820,dnk,Denmark,1927,0,0,0
3821,dnk,Denmark,1928,0,0,0
3822,dnk,Denmark,1929,0,0,0
3823,dnk,Denmark,1930,0,0,0
3824,dnk,Denmark,1931,0,0,0
3825,dnk,Denmark,1932,0,0,0
3826,dnk,Denmark,1933,0,0,0
3827,dnk,Denmark,1934,0,0,0
3828,dnk,Denmark,1935,0,0,0
3829,dnk,Denmark,1936,0,0,0
3830,dnk,Denmark,1937,0,0,0
3831,dnk,Denmark,1938,0,0,0
3832,dnk,Denmark,1939,0,0,0
3833,dnk,Denmark,1940,0,0,0
3834,dnk,Denmark,1941,0,0,0
3835,dnk,Denmark,1942,0,0,0
3836,dnk,Denmark,1943,0,0,0
3837,dnk,Denmark,1944,0,0,0
3838,dnk,Denmark,1945,0,0,0
3839,dnk,Denmark,1946,0,0,0
3840,dnk,Denmark,1947,0,0,0
3841,dnk,Denmark,1948,0,0,0
3842,dnk,Denmark,1949,0,0,0
3843,dnk,Denmark,1950,0,0,0
3844,dnk,Denmark,1951,0,0,0
3845,dnk,Denmark,1952,0,0,0
3846,dnk,Denmark,1953,0,0,0
3847,dnk,Denmark,1954,0,0,0
3848,dnk,Denmark,1955,0,0,0
3849,dnk,Denmark,1956,0,0,0
3850,dnk,Denmark,1957,0,0,0
3851,dnk,Denmark,1958,0,0,0
3852,dnk,Denmark,1959,0,0,0
3853,dnk,Denmark,1960,0,0,0
3854,dnk,Denmark,1961,0,0,0
3855,dnk,Denmark,1962,0,0,0
3856,dnk,Denmark,1963,0,0,0
3857,dnk,Denmark,1964,0,0,0
3858,dnk,Denmark,1965,0,0,0
3859,dnk,Denmark,1966,0,0,0
3860,dnk,Denmark,1967,0,0,0
3861,dnk,Denmark,1968,0,0,0
3862,dnk,Denmark,1969,0,0,0
3863,dnk,Denmark,1970,0,0,0
3864,dnk,Denmark,1971,0,0,0
3865,dnk,Denmark,1972,0,0,0
3866,dnk,Denmark,1973,35,0,0
3867,dnk,Denmark,1974,0,0,0
3868,dnk,Denmark,1975,0,0,0
3869,dnk,Denmark,1976,0,0,0
3870,dnk,Denmark,1977,0,0,0
3871,dnk,Denmark,1978,0,0,0
3872,dnk,Denmark,1979,0,0,0
3873,dnk,Denmark,1980,0,0,0
3874,dnk,Denmark,1981,9,9,0
3875,dnk,Denmark,1982,0,0,0
3876,dnk,Denmark,1983,2,2,0
3877,dnk,Denmark,1984,0,0,0
3878,dnk,Denmark,1985,0,0,0
3879,dnk,Denmark,1986,0,0,0
3880,dnk,Denmark,1987,0,0,0
3881,dnk,Denmark,1988,0,0,0
3882,dnk,Denmark,1989,55,0,0
3883,dnk,Denmark,1990,1,1,0
3884,dnk,Denmark,1991,0,0,0
3885,dnk,Denmark,1992,0,0,0
3886,dnk,Denmark,1993,0,0,0
3887,dnk,Denmark,1994,0,0,0
3888,dnk,Denmark,1995,0,0,0
3889,dnk,Denmark,1996,0,0,0
3890,dnk,Denmark,1997,0,0,0
3891,dnk,Denmark,1998,0,0,0
3892,dnk,Denmark,1999,7,7,0
3893,dnk,Denmark,2000,0,0,0
3894,dnk,Denmark,2001,0,0,0
3895,dnk,Denmark,2002,1,1,0
3896,dnk,Denmark,2003,0,0,0
3897,dnk,Denmark,2004,0,0,0
3898,dnk,Denmark,2005,4,4,0
3899,dnk,Denmark,2006,0,0,0
3900,dnk,Denmark,2007,0,0,0
3901,dnk,Denmark,2008,0,0,0
3902,dnk,Denmark,2009,0,0,0
3903,dnk,Denmark,2010,0,0,0
3904,dnk,Denmark,2011,0,0,0
3905,dnk,Denmark,2012,0,0,0
3906,dnk,Denmark,2013,2,2,0
3907,dnk,Denmark,2014,0,0,0
3908,dnk,Denmark,2015,0,0,0
3909,dnk,Denmark,2016,0,0,0
3910,dnk,Denmark,2017,0,0,0
3911,dnk,Denmark,2018,0,0,0
3912,dnk,Denmark,2019,0,0,0
3913,dnk,Denmark,2020,0,0,0
3914,dnk,Denmark,2021,0,0,0
3915,dnk,Denmark,2022,253,253,0
3916,dnk,Denmark,2023,189,189,0
3917,dnk,Denmark,2024,174,174,0
3918,dnk,Denmark,2025,22,22,0
3919,dji,Djibouti,1977,0,0,6000
3920,dji,Djibouti,1978,0,0,6000
3921,dji,Djibouti,1979,63,0,0
3922,dji,Djibouti,1980,0,0,0
3923,dji,Djibouti,1981,25,25,0
3924,dji,Djibouti,1982,0,0,0
3925,dji,Djibouti,1983,0,0,0
3926,dji,Djibouti,1984,0,0,0
3927,dji,Djibouti,1985,0,0,0
3928,dji,Djibouti,1986,0,0,0
3929,dji,Djibouti,1987,0,0,0
3930,dji,Djibouti,1988,0,0,0
3931,dji,Djibouti,1989,10,10,0
3932,dji,Djibouti,1990,0,0,0
3933,dji,Djibouti,1991,0,0,0
3934,dji,Djibouti,1992,0,0,0
3935,dji,Djibouti,1993,0,0,0
3936,dji,Djibouti,1994,155,145,20000
3937,dji,Djibouti,1995,0,0,0
3938,dji,Djibouti,1996,0,0,0
3939,dji,Djibouti,1997,29,0,0
3940,dji,Djibouti,1998,43,0,0
3941,dji,Djibouti,1999,0,0,0
3942,dji,Djibouti,2000,4,0,0
3943,dji,Djibouti,2001,0,0,0
3944,dji,Djibouti,2002,0,0,0
3945,dji,Djibouti,2003,0,0,0
3946,dji,Djibouti,2004,51,51,1500
3947,dji,Djibouti,2005,0,0,0
3948,dji,Djibouti,2006,0,0,0
3949,dji,Djibouti,2007,6,0,0
3950,dji,Djibouti,2008,0,0,0
3951,dji,Djibouti,2009,0,0,0
3952,dji,Djibouti,2010,0,0,0
3953,dji,Djibouti,2011,0,0,0
3954,dji,Djibouti,2012,0,0,0
3955,dji,Djibouti,2013,0,0,0
3956,dji,Djibouti,2014,0,0,0
3957,dji,Djibouti,2015,0,0,0
3958,dji,Djibouti,2016,0,0,0
3959,dji,Djibouti,2017,0,0,0
3960,dji,Djibouti,2018,2,2,0
3961,dji,Djibouti,2019,11,11,0
3962,dji,Djibouti,2020,8,8,0
3963,dji,Djibouti,2021,0,0,0
3964,dji,Djibouti,2022,0,0,0
3965,dji,Djibouti,2023,0,0,0
3966,dji,Djibouti,2024,0,0,0
3967,dji,Djibouti,2025,0,0,0
3968,dma,Dominica,1930,2000,2000,0
3969,dma,Dominica,1931,0,0,0
3970,dma,Dominica,1932,0,0,0
3971,dma,Dominica,1933,0,0,0
3972,dma,Dominica,1934,0,0,0
3973,dma,Dominica,1935,0,0,0
3974,dma,Dominica,1936,0,0,0
3975,dma,Dominica,1937,0,0,0
3976,dma,Dominica,1938,0,0,0
3977,dma,Dominica,1939,0,0,0
3978,dma,Dominica,1940,0,0,0
3979,dma,Dominica,1941,0,0,0
3980,dma,Dominica,1942,0,0,0
3981,dma,Dominica,1943,0,0,0
3982,dma,Dominica,1944,0,0,0
3983,dma,Dominica,1945,0,0,0
3984,dma,Dominica,1946,0,0,0
3985,dma,Dominica,1947,0,0,0
3986,dma,Dominica,1948,0,0,0
3987,dma,Dominica,1949,0,0,0
3988,dma,Dominica,1950,0,0,0
3989,dma,Dominica,1951,0,0,0
3990,dma,Dominica,1952,0,0,0
3991,dma,Dominica,1953,0,0,0
3992,dma,Dominica,1954,0,0,0
3993,dma,Dominica,1955,0,0,0
3994,dma,Dominica,1956,0,0,0
3995,dma,Dominica,1957,0,0,0
3996,dma,Dominica,1958,0,0,0
3997,dma,Dominica,1959,0,0,0
3998,dma,Dominica,1960,0,0,0
3999,dma,Dominica,1961,0,0,0
4000,dma,Dominica,1962,0,0,0
4001,dma,Dominica,1963,0,0,0
4002,dma,Dominica,1964,0,0,0
4003,dma,Dominica,1965,0,0,0
4004,dma,Dominica,1966,0,0,0
4005,dma,Dominica,1967,0,0,0
4006,dma,Dominica,1968,0,0,0
4007,dma,Dominica,1969,0,0,0
4008,dma,Dominica,1970,0,0,0
4009,dma,Dominica,1971,0,0,0
4010,dma,Dominica,1972,0,0,0
4011,dma,Dominica,1973,0,0,0
4012,dma,Dominica,1974,0,0,0
4013,dma,Dominica,1975,0,0,0
4014,dma,Dominica,1976,0,0,0
4015,dma,Dominica,1977,0,0,0
4016,dma,Dominica,1978,0,0,0
4017,dma,Dominica,1979,40,40,0
4018,dma,Dominica,1980,0,0,0
4019,dma,Dominica,1981,0,0,0
4020,dma,Dominica,1982,0,0,0
4021,dma,Dominica,1983,0,0,0
4022,dma,Dominica,1984,2,2,0
4023,dma,Dominica,1985,0,0,0
4024,dma,Dominica,1986,0,0,0
4025,dma,Dominica,1987,0,0,0
4026,dma,Dominica,1988,0,0,0
4027,dma,Dominica,1989,0,0,0
4028,dma,Dominica,1990,0,0,0
4029,dma,Dominica,1991,0,0,0
4030,dma,Dominica,1992,0,0,0
4031,dma,Dominica,1993,0,0,0
4032,dma,Dominica,1994,0,0,0
4033,dma,Dominica,1995,2,2,5000
4034,dma,Dominica,1996,0,0,0
4035,dma,Dominica,1997,0,0,0
4036,dma,Dominica,1998,11,0,0
4037,dma,Dominica,1999,0,0,315
4038,dma,Dominica,2000,0,0,0
4039,dma,Dominica,2001,0,0,0
4040,dma,Dominica,2002,0,0,0
4041,dma,Dominica,2003,0,0,0
4042,dma,Dominica,2004,0,0,0
4043,dma,Dominica,2005,0,0,0
4044,dma,Dominica,2006,0,0,0
4045,dma,Dominica,2007,2,2,0
4046,dma,Dominica,2008,0,0,0
4047,dma,Dominica,2009,0,0,0
4048,dma,Dominica,2010,0,0,0
4049,dma,Dominica,2011,0,0,96
4050,dma,Dominica,2012,0,0,0
4051,dma,Dominica,2013,0,0,0
4052,dma,Dominica,2014,0,0,0
4053,dma,Dominica,2015,30,30,574
4054,dma,Dominica,2016,0,0,0
4055,dma,Dominica,2017,64,64,0
4056,dma,Dominica,2018,0,0,0
4057,dma,Dominica,2019,0,0,0
4058,dma,Dominica,2020,0,0,0
4059,dma,Dominica,2021,0,0,0
4060,dma,Dominica,2022,0,0,0
4061,dma,Dominica,2023,0,0,0
4062,dma,Dominica,2024,0,0,0
4063,dma,Dominica,2025,0,0,0
4064,dom,Dominican Republic,1930,2000,2000,0
4065,dom,Dominican Republic,1931,0,0,0
4066,dom,Dominican Republic,1932,0,0,0
4067,dom,Dominican Republic,1933,0,0,0
4068,dom,Dominican Republic,1934,0,0,0
4069,dom,Dominican Republic,1935,0,0,0
4070,dom,Dominican Republic,1936,0,0,0
4071,dom,Dominican Republic,1937,0,0,0
4072,dom,Dominican Republic,1938,0,0,0
4073,dom,Dominican Republic,1939,0,0,0
4074,dom,Dominican Republic,1940,0,0,0
4075,dom,Dominican Republic,1941,0,0,0
4076,dom,Dominican Republic,1942,0,0,0
4077,dom,Dominican Republic,1943,0,0,0
4078,dom,Dominican Republic,1944,0,0,0
4079,dom,Dominican Republic,1945,0,0,0
4080,dom,Dominican Republic,1946,73,73,0
4081,dom,Dominican Republic,1947,0,0,0
4082,dom,Dominican Republic,1948,0,0,0
4083,dom,Dominican Republic,1949,0,0,0
4084,dom,Dominican Republic,1950,0,0,0
4085,dom,Dominican Republic,1951,0,0,0
4086,dom,Dominican Republic,1952,0,0,0
4087,dom,Dominican Republic,1953,0,0,0
4088,dom,Dominican Republic,1954,0,0,0
4089,dom,Dominican Republic,1955,0,0,0
4090,dom,Dominican Republic,1956,0,0,0
4091,dom,Dominican Republic,1957,0,0,0
4092,dom,Dominican Republic,1958,0,0,0
4093,dom,Dominican Republic,1959,0,0,0
4094,dom,Dominican Republic,1960,0,0,0
4095,dom,Dominican Republic,1961,0,0,0
4096,dom,Dominican Republic,1962,0,0,0
4097,dom,Dominican Republic,1963,400,400,0
4098,dom,Dominican Republic,1964,7,7,0
4099,dom,Dominican Republic,1965,0,0,0
4100,dom,Dominican Republic,1966,74,74,5500
4101,dom,Dominican Republic,1967,0,0,0
4102,dom,Dominican Republic,1968,0,0,0
4103,dom,Dominican Republic,1969,0,0,0
4104,dom,Dominican Republic,1970,0,0,0
4105,dom,Dominican Republic,1971,0,0,0
4106,dom,Dominican Republic,1972,0,0,0
4107,dom,Dominican Republic,1973,0,0,0
4108,dom,Dominican Republic,1974,0,0,0
4109,dom,Dominican Republic,1975,0,0,0
4110,dom,Dominican Republic,1976,0,0,0
4111,dom,Dominican Republic,1977,0,0,0
4112,dom,Dominican Republic,1978,0,0,0
4113,dom,Dominican Republic,1979,1432,1432,350000
4114,dom,Dominican Republic,1980,7,7,0
4115,dom,Dominican Republic,1981,20,20,0
4116,dom,Dominican Republic,1982,0,0,0
4117,dom,Dominican Republic,1983,0,0,0
4118,dom,Dominican Republic,1984,0,0,0
4119,dom,Dominican Republic,1985,12,12,0
4120,dom,Dominican Republic,1986,12,12,0
4121,dom,Dominican Republic,1987,103,3,0
4122,dom,Dominican Republic,1988,0,0,0
4123,dom,Dominican Republic,1989,50,0,0
4124,dom,Dominican Republic,1990,60,0,0
4125,dom,Dominican Republic,1991,10,10,0
4126,dom,Dominican Republic,1992,54,0,0
4127,dom,Dominican Republic,1993,30,30,0
4128,dom,Dominican Republic,1994,70,0,0
4129,dom,Dominican Republic,1995,13,11,2500
4130,dom,Dominican Republic,1996,256,27,1000
4131,dom,Dominican Republic,1997,0,0,0
4132,dom,Dominican Republic,1998,372,347,120000
4133,dom,Dominican Republic,1999,16,0,0
4134,dom,Dominican Republic,2000,0,0,0
4135,dom,Dominican Republic,2001,3,3,0
4136,dom,Dominican Republic,2002,3,3,0
4137,dom,Dominican Republic,2003,21,21,0
4138,dom,Dominican Republic,2004,703,703,2092
4139,dom,Dominican Republic,2005,12,12,0
4140,dom,Dominican Republic,2006,0,0,0
4141,dom,Dominican Republic,2007,175,175,0
4142,dom,Dominican Republic,2008,13,13,0
4143,dom,Dominican Republic,2009,32,7,0
4144,dom,Dominican Republic,2010,137,7,0
4145,dom,Dominican Republic,2011,12,11,0
4146,dom,Dominican Republic,2012,175,8,11500
4147,dom,Dominican Republic,2013,0,0,0
4148,dom,Dominican Republic,2014,1,1,0
4149,dom,Dominican Republic,2015,2,2,2450
4150,dom,Dominican Republic,2016,21,21,9
4151,dom,Dominican Republic,2017,5,5,27
4152,dom,Dominican Republic,2018,0,0,8000
4153,dom,Dominican Republic,2019,34,0,0
4154,dom,Dominican Republic,2020,6,6,0
4155,dom,Dominican Republic,2021,2,2,0
4156,dom,Dominican Republic,2022,2,2,0
4157,dom,Dominican Republic,2023,38,38,0
4158,dom,Dominican Republic,2024,2,2,0
4159,dom,Dominican Republic,2025,6,6,0
4160,ecu,Ecuador,1924,40,40,0
4161,ecu,Ecuador,1925,0,0,0
4162,ecu,Ecuador,1926,0,0,0
4163,ecu,Ecuador,1927,0,0,0
4164,ecu,Ecuador,1928,0,0,0
4165,ecu,Ecuador,1929,0,0,0
4166,ecu,Ecuador,1930,0,0,0
4167,ecu,Ecuador,1931,190,190,0
4168,ecu,Ecuador,1932,0,0,0
4169,ecu,Ecuador,1933,0,0,0
4170,ecu,Ecuador,1934,0,0,0
4171,ecu,Ecuador,1935,0,0,0
4172,ecu,Ecuador,1936,0,0,0
4173,ecu,Ecuador,1937,0,0,0
4174,ecu,Ecuador,1938,0,0,0
4175,ecu,Ecuador,1939,0,0,0
4176,ecu,Ecuador,1940,0,0,0
4177,ecu,Ecuador,1941,0,0,0
4178,ecu,Ecuador,1942,200,200,0
4179,ecu,Ecuador,1943,0,0,0
4180,ecu,Ecuador,1944,0,0,0
4181,ecu,Ecuador,1945,0,0,0
4182,ecu,Ecuador,1946,0,0,0
4183,ecu,Ecuador,1947,0,0,0
4184,ecu,Ecuador,1948,0,0,0
4185,ecu,Ecuador,1949,6000,6000,0
4186,ecu,Ecuador,1950,50,50,0
4187,ecu,Ecuador,1951,0,0,0
4188,ecu,Ecuador,1952,0,0,0
4189,ecu,Ecuador,1953,71,71,0
4190,ecu,Ecuador,1954,0,0,0
4191,ecu,Ecuador,1955,0,0,0
4192,ecu,Ecuador,1956,0,0,0
4193,ecu,Ecuador,1957,0,0,0
4194,ecu,Ecuador,1958,0,0,0
4195,ecu,Ecuador,1959,0,0,0
4196,ecu,Ecuador,1960,0,0,0
4197,ecu,Ecuador,1961,0,0,0
4198,ecu,Ecuador,1962,0,0,0
4199,ecu,Ecuador,1963,0,0,0
4200,ecu,Ecuador,1964,0,0,0
4201,ecu,Ecuador,1965,0,0,0
4202,ecu,Ecuador,1966,50,50,492
4203,ecu,Ecuador,1967,36,0,400
4204,ecu,Ecuador,1968,0,0,0
4205,ecu,Ecuador,1969,400,0,0
4206,ecu,Ecuador,1970,49,49,27992
4207,ecu,Ecuador,1971,20,20,0
4208,ecu,Ecuador,1972,0,0,0
4209,ecu,Ecuador,1973,25,25,30000
4210,ecu,Ecuador,1974,0,0,0
4211,ecu,Ecuador,1975,0,0,0
4212,ecu,Ecuador,1976,81,81,25000
4213,ecu,Ecuador,1977,0,0,0
4214,ecu,Ecuador,1978,0,0,0
4215,ecu,Ecuador,1979,0,0,0
4216,ecu,Ecuador,1980,8,8,0
4217,ecu,Ecuador,1981,0,0,0
4218,ecu,Ecuador,1982,307,307,0
4219,ecu,Ecuador,1983,219,100,0
4220,ecu,Ecuador,1984,60,0,0
4221,ecu,Ecuador,1985,0,0,0
4222,ecu,Ecuador,1986,0,0,0
4223,ecu,Ecuador,1987,5244,5102,150000
4224,ecu,Ecuador,1988,20,0,0
4225,ecu,Ecuador,1989,65,35,0
4226,ecu,Ecuador,1990,28,4,0
4227,ecu,Ecuador,1991,375,0,0
4228,ecu,Ecuador,1992,222,22,80000
4229,ecu,Ecuador,1993,460,460,0
4230,ecu,Ecuador,1994,24,0,0
4231,ecu,Ecuador,1995,3,3,600
4232,ecu,Ecuador,1996,87,27,15525
4233,ecu,Ecuador,1997,248,245,2009
4234,ecu,Ecuador,1998,118,3,1650
4235,ecu,Ecuador,1999,0,0,2200
4236,ecu,Ecuador,2000,86,78,180
4237,ecu,Ecuador,2001,58,58,0
4238,ecu,Ecuador,2002,91,91,3027
4239,ecu,Ecuador,2003,0,0,0
4240,ecu,Ecuador,2004,0,0,0
4241,ecu,Ecuador,2005,0,0,0
4242,ecu,Ecuador,2006,21,21,0
4243,ecu,Ecuador,2007,0,0,0
4244,ecu,Ecuador,2008,41,41,14122
4245,ecu,Ecuador,2009,3,3,0
4246,ecu,Ecuador,2010,18,14,500
4247,ecu,Ecuador,2011,7,7,0
4248,ecu,Ecuador,2012,45,34,0
4249,ecu,Ecuador,2013,24,24,0
4250,ecu,Ecuador,2014,0,0,0
4251,ecu,Ecuador,2015,12,12,0
4252,ecu,Ecuador,2016,682,682,0
4253,ecu,Ecuador,2017,0,0,0
4254,ecu,Ecuador,2018,0,0,0
4255,ecu,Ecuador,2019,16,16,15
4256,ecu,Ecuador,2020,0,0,0
4257,ecu,Ecuador,2021,6,6,0
4258,ecu,Ecuador,2022,77,77,0
4259,ecu,Ecuador,2023,119,119,0
4260,ecu,Ecuador,2024,25,25,0
4261,ecu,Ecuador,2025,55,55,222
4262,egy,Egypt,1926,12,12,0
4263,egy,Egypt,1927,0,0,0
4264,egy,Egypt,1928,0,0,0
4265,egy,Egypt,1929,0,0,0
4266,egy,Egypt,1930,0,0,0
4267,egy,Egypt,1931,0,0,0
4268,egy,Egypt,1932,0,0,0
4269,egy,Egypt,1933,0,0,0
4270,egy,Egypt,1934,0,0,0
4271,egy,Egypt,1935,12,0,0
4272,egy,Egypt,1936,0,0,0
4273,egy,Egypt,1937,0,0,0
4274,egy,Egypt,1938,0,0,0
4275,egy,Egypt,1939,0,0,0
4276,egy,Egypt,1940,0,0,0
4277,egy,Egypt,1941,0,0,0
4278,egy,Egypt,1942,0,0,0
4279,egy,Egypt,1943,0,0,0
4280,egy,Egypt,1944,0,0,0
4281,egy,Egypt,1945,0,0,0
4282,egy,Egypt,1946,0,0,0
4283,egy,Egypt,1947,10276,0,0
4284,egy,Egypt,1948,0,0,0
4285,egy,Egypt,1949,0,0,0
4286,egy,Egypt,1950,0,0,0
4287,egy,Egypt,1951,0,0,0
4288,egy,Egypt,1952,0,0,0
4289,egy,Egypt,1953,0,0,0
4290,egy,Egypt,1954,0,0,0
4291,egy,Egypt,1955,20,20,0
4292,egy,Egypt,1956,0,0,0
4293,egy,Egypt,1957,0,0,0
4294,egy,Egypt,1958,0,0,0
4295,egy,Egypt,1959,0,0,0
4296,egy,Egypt,1960,0,0,0
4297,egy,Egypt,1961,0,0,0
4298,egy,Egypt,1962,0,0,0
4299,egy,Egypt,1963,0,0,0
4300,egy,Egypt,1964,0,0,0
4301,egy,Egypt,1965,0,0,0
4302,egy,Egypt,1966,0,0,0
4303,egy,Egypt,1967,0,0,0
4304,egy,Egypt,1968,0,0,0
4305,egy,Egypt,1969,2,2,535
4306,egy,Egypt,1970,0,0,0
4307,egy,Egypt,1971,0,0,0
4308,egy,Egypt,1972,0,0,0
4309,egy,Egypt,1973,0,0,0
4310,egy,Egypt,1974,48,0,0
4311,egy,Egypt,1975,15,15,0
4312,egy,Egypt,1976,0,0,0
4313,egy,Egypt,1977,40,0,0
4314,egy,Egypt,1978,0,0,0
4315,egy,Egypt,1979,53,53,0
4316,egy,Egypt,1980,0,0,0
4317,egy,Egypt,1981,0,0,0
4318,egy,Egypt,1982,100,0,0
4319,egy,Egypt,1983,196,0,0
4320,egy,Egypt,1984,98,0,0
4321,egy,Egypt,1985,16,0,0
4322,egy,Egypt,1986,50,0,0
4323,egy,Egypt,1987,137,30,0
4324,egy,Egypt,1988,100,0,0
4325,egy,Egypt,1989,10,0,0
4326,egy,Egypt,1990,19,0,0
4327,egy,Egypt,1991,505,1,1800
4328,egy,Egypt,1992,598,552,25020
4329,egy,Egypt,1993,112,34,0
4330,egy,Egypt,1994,621,600,50000
4331,egy,Egypt,1995,173,49,3000
4332,egy,Egypt,1996,159,34,0
4333,egy,Egypt,1997,107,22,0
4334,egy,Egypt,1998,45,0,0
4335,egy,Egypt,1999,222,0,0
4336,egy,Egypt,2000,3,3,0
4337,egy,Egypt,2001,0,0,0
4338,egy,Egypt,2002,18,18,0
4339,egy,Egypt,2003,0,0,0
4340,egy,Egypt,2004,13,13,0
4341,egy,Egypt,2005,0,0,0
4342,egy,Egypt,2006,0,0,0
4343,egy,Egypt,2007,0,0,0
4344,egy,Egypt,2008,98,98,625
4345,egy,Egypt,2009,0,0,0
4346,egy,Egypt,2010,58,58,0
4347,egy,Egypt,2011,0,0,0
4348,egy,Egypt,2012,0,0,0
4349,egy,Egypt,2013,0,0,0
4350,egy,Egypt,2014,0,0,0
4351,egy,Egypt,2015,135,135,0
4352,egy,Egypt,2016,26,26,0
4353,egy,Egypt,2017,0,0,0
4354,egy,Egypt,2018,0,0,0
4355,egy,Egypt,2019,0,0,0
4356,egy,Egypt,2020,40,40,0
4357,egy,Egypt,2021,3,3,1100
4358,egy,Egypt,2022,0,0,0
4359,egy,Egypt,2023,0,0,0
4360,egy,Egypt,2024,0,0,0
4361,egy,Egypt,2025,0,0,0
4362,slv,El Salvador,1934,2000,2000,0
4363,slv,El Salvador,1935,0,0,0
4364,slv,El Salvador,1936,400,400,0
4365,slv,El Salvador,1937,0,0,0
4366,slv,El Salvador,1938,0,0,0
4367,slv,El Salvador,1939,0,0,0
4368,slv,El Salvador,1940,0,0,0
4369,slv,El Salvador,1941,0,0,0
4370,slv,El Salvador,1942,0,0,0
4371,slv,El Salvador,1943,0,0,0
4372,slv,El Salvador,1944,0,0,0
4373,slv,El Salvador,1945,0,0,0
4374,slv,El Salvador,1946,0,0,0
4375,slv,El Salvador,1947,0,0,0
4376,slv,El Salvador,1948,0,0,0
4377,slv,El Salvador,1949,0,0,0
4378,slv,El Salvador,1950,0,0,0
4379,slv,El Salvador,1951,1100,1100,0
4380,slv,El Salvador,1952,0,0,0
4381,slv,El Salvador,1953,0,0,0
4382,slv,El Salvador,1954,0,0,0
4383,slv,El Salvador,1955,0,0,0
4384,slv,El Salvador,1956,0,0,0
4385,slv,El Salvador,1957,0,0,0
4386,slv,El Salvador,1958,0,0,0
4387,slv,El Salvador,1959,0,0,0
4388,slv,El Salvador,1960,0,0,0
4389,slv,El Salvador,1961,0,0,0
4390,slv,El Salvador,1962,0,0,0
4391,slv,El Salvador,1963,0,0,0
4392,slv,El Salvador,1964,0,0,0
4393,slv,El Salvador,1965,125,125,48000
4394,slv,El Salvador,1966,0,0,0
4395,slv,El Salvador,1967,0,0,0
4396,slv,El Salvador,1968,0,0,0
4397,slv,El Salvador,1969,14,2,0
4398,slv,El Salvador,1970,0,0,0
4399,slv,El Salvador,1971,0,0,0
4400,slv,El Salvador,1972,0,0,0
4401,slv,El Salvador,1973,0,0,0
4402,slv,El Salvador,1974,0,0,0
4403,slv,El Salvador,1975,0,0,0
4404,slv,El Salvador,1976,0,0,0
4405,slv,El Salvador,1977,0,0,0
4406,slv,El Salvador,1978,0,0,0
4407,slv,El Salvador,1979,0,0,0
4408,slv,El Salvador,1980,0,0,0
4409,slv,El Salvador,1981,0,0,0
4410,slv,El Salvador,1982,520,520,2500
4411,slv,El Salvador,1983,0,0,0
4412,slv,El Salvador,1984,0,0,0
4413,slv,El Salvador,1985,0,0,0
4414,slv,El Salvador,1986,1137,1100,250000
4415,slv,El Salvador,1987,0,0,0
4416,slv,El Salvador,1988,55,55,0
4417,slv,El Salvador,1989,10,10,0
4418,slv,El Salvador,1990,33,0,0
4419,slv,El Salvador,1991,155,0,0
4420,slv,El Salvador,1992,2,2,0
4421,slv,El Salvador,1993,22,22,0
4422,slv,El Salvador,1994,0,0,0
4423,slv,El Salvador,1995,78,8,0
4424,slv,El Salvador,1996,12,12,0
4425,slv,El Salvador,1997,4,4,2000
4426,slv,El Salvador,1998,475,475,0
4427,slv,El Salvador,1999,53,7,0
4428,slv,El Salvador,2000,27,3,0
4429,slv,El Salvador,2001,1159,1159,0
4430,slv,El Salvador,2002,7,1,0
4431,slv,El Salvador,2003,304,0,0
4432,slv,El Salvador,2004,0,0,0
4433,slv,El Salvador,2005,120,120,0
4434,slv,El Salvador,2006,1,1,0
4435,slv,El Salvador,2007,2,2,0
4436,slv,El Salvador,2008,30,30,0
4437,slv,El Salvador,2009,282,275,15000
4438,slv,El Salvador,2010,18,18,0
4439,slv,El Salvador,2011,35,35,0
4440,slv,El Salvador,2012,0,0,0
4441,slv,El Salvador,2013,0,0,0
4442,slv,El Salvador,2014,4,0,0
4443,slv,El Salvador,2015,13,13,0
4444,slv,El Salvador,2016,0,0,0
4445,slv,El Salvador,2017,10,10,50
4446,slv,El Salvador,2018,4,4,0
4447,slv,El Salvador,2019,6,1,0
4448,slv,El Salvador,2020,75,75,0
4449,slv,El Salvador,2021,5,5,0
4450,slv,El Salvador,2022,11,11,0
4451,slv,El Salvador,2023,3,3,0
4452,slv,El Salvador,2024,19,19,0
4453,slv,El Salvador,2025,0,0,0
4454,gnq,Equatorial Guinea,1987,15,0,0
4455,gnq,Equatorial Guinea,1988,0,0,0
4456,gnq,Equatorial Guinea,1989,0,0,0
4457,gnq,Equatorial Guinea,1990,0,0,0
4458,gnq,Equatorial Guinea,1991,0,0,0
4459,gnq,Equatorial Guinea,1992,0,0,0
4460,gnq,Equatorial Guinea,1993,0,0,0
4461,gnq,Equatorial Guinea,1994,0,0,0
4462,gnq,Equatorial Guinea,1995,0,0,0
4463,gnq,Equatorial Guinea,1996,0,0,0
4464,gnq,Equatorial Guinea,1997,0,0,0
4465,gnq,Equatorial Guinea,1998,0,0,0
4466,gnq,Equatorial Guinea,1999,0,0,0
4467,gnq,Equatorial Guinea,2000,0,0,0
4468,gnq,Equatorial Guinea,2001,0,0,0
4469,gnq,Equatorial Guinea,2002,0,0,0
4470,gnq,Equatorial Guinea,2003,0,0,0
4471,gnq,Equatorial Guinea,2004,15,0,0
4472,gnq,Equatorial Guinea,2005,0,0,0
4473,gnq,Equatorial Guinea,2006,0,0,0
4474,gnq,Equatorial Guinea,2007,0,0,0
4475,gnq,Equatorial Guinea,2008,0,0,0
4476,gnq,Equatorial Guinea,2009,0,0,0
4477,gnq,Equatorial Guinea,2010,0,0,0
4478,gnq,Equatorial Guinea,2011,0,0,0
4479,gnq,Equatorial Guinea,2012,0,0,0
4480,gnq,Equatorial Guinea,2013,0,0,0
4481,gnq,Equatorial Guinea,2014,0,0,0
4482,gnq,Equatorial Guinea,2015,0,0,0
4483,gnq,Equatorial Guinea,2016,0,0,0
4484,gnq,Equatorial Guinea,2017,0,0,0
4485,gnq,Equatorial Guinea,2018,0,0,0
4486,gnq,Equatorial Guinea,2019,0,0,0
4487,gnq,Equatorial Guinea,2020,0,0,0
4488,gnq,Equatorial Guinea,2021,0,0,0
4489,gnq,Equatorial Guinea,2022,0,0,0
4490,gnq,Equatorial Guinea,2023,23,0,0
4491,gnq,Equatorial Guinea,2024,0,0,0
4492,gnq,Equatorial Guinea,2025,0,0,0
4493,eri,Eritrea,1993,28,3,15659
4494,eri,Eritrea,1994,0,0,0
4495,eri,Eritrea,1995,33,0,0
4496,eri,Eritrea,1996,72,0,0
4497,eri,Eritrea,1997,0,0,0
4498,eri,Eritrea,1998,0,0,0
4499,eri,Eritrea,1999,0,0,0
4500,eri,Eritrea,2000,0,0,0
4501,eri,Eritrea,2001,0,0,0
4502,eri,Eritrea,2002,0,0,0
4503,eri,Eritrea,2003,0,0,0
4504,eri,Eritrea,2004,0,0,0
4505,eri,Eritrea,2005,0,0,0
4506,eri,Eritrea,2006,0,0,0
4507,eri,Eritrea,2007,0,0,0
4508,eri,Eritrea,2008,0,0,0
4509,eri,Eritrea,2009,0,0,0
4510,eri,Eritrea,2010,0,0,0
4511,eri,Eritrea,2011,0,0,0
4512,eri,Eritrea,2012,0,0,0
4513,eri,Eritrea,2013,0,0,0
4514,eri,Eritrea,2014,0,0,0
4515,eri,Eritrea,2015,0,0,0
4516,eri,Eritrea,2016,0,0,0
4517,eri,Eritrea,2017,0,0,0
4518,eri,Eritrea,2018,0,0,0
4519,eri,Eritrea,2019,0,0,0
4520,eri,Eritrea,2020,0,0,0
4521,eri,Eritrea,2021,0,0,0
4522,eri,Eritrea,2022,0,0,0
4523,eri,Eritrea,2023,0,0,0
4524,eri,Eritrea,2024,0,0,0
4525,eri,Eritrea,2025,0,0,0
4526,est,Estonia,1994,912,0,0
4527,est,Estonia,1995,0,0,0
4528,est,Estonia,1996,0,0,0
4529,est,Estonia,1997,0,0,0
4530,est,Estonia,1998,0,0,0
4531,est,Estonia,1999,0,0,0
4532,est,Estonia,2000,0,0,0
4533,est,Estonia,2001,0,0,0
4534,est,Estonia,2002,0,0,0
4535,est,Estonia,2003,0,0,0
4536,est,Estonia,2004,0,0,0
4537,est,Estonia,2005,1,1,0
4538,est,Estonia,2006,3,3,0
4539,est,Estonia,2007,0,0,0
4540,est,Estonia,2008,0,0,0
4541,est,Estonia,2009,0,0,0
4542,est,Estonia,2010,0,0,0
4543,est,Estonia,2011,0,0,0
4544,est,Estonia,2012,1,1,0
4545,est,Estonia,2013,0,0,0
4546,est,Estonia,2014,0,0,0
4547,est,Estonia,2015,0,0,0
4548,est,Estonia,2016,0,0,0
4549,est,Estonia,2017,0,0,0
4550,est,Estonia,2018,7,7,0
4551,est,Estonia,2019,0,0,0
4552,est,Estonia,2020,0,0,0
4553,est,Estonia,2021,0,0,0
4554,est,Estonia,2022,167,167,0
4555,est,Estonia,2023,103,103,0
4556,est,Estonia,2024,85,85,0
4557,est,Estonia,2025,24,24,0
4558,eth,Ethiopia,1961,30,30,0
4559,eth,Ethiopia,1962,0,0,0
4560,eth,Ethiopia,1963,0,0,0
4561,eth,Ethiopia,1964,0,0,0
4562,eth,Ethiopia,1965,2000,2000,0
4563,eth,Ethiopia,1966,0,0,0
4564,eth,Ethiopia,1967,0,0,0
4565,eth,Ethiopia,1968,1,1,6000
4566,eth,Ethiopia,1969,24,24,420
4567,eth,Ethiopia,1970,500,0,0
4568,eth,Ethiopia,1971,0,0,0
4569,eth,Ethiopia,1972,0,0,0
4570,eth,Ethiopia,1973,100000,100000,0
4571,eth,Ethiopia,1974,0,0,0
4572,eth,Ethiopia,1975,0,0,0
4573,eth,Ethiopia,1976,0,0,20000
4574,eth,Ethiopia,1977,71,71,0
4575,eth,Ethiopia,1978,9,9,0
4576,eth,Ethiopia,1979,0,0,0
4577,eth,Ethiopia,1980,157,0,0
4578,eth,Ethiopia,1981,990,0,0
4579,eth,Ethiopia,1982,0,0,0
4580,eth,Ethiopia,1983,300000,300000,0
4581,eth,Ethiopia,1984,0,0,0
4582,eth,Ethiopia,1985,1502,9,20000
4583,eth,Ethiopia,1986,0,0,0
4584,eth,Ethiopia,1987,421,367,0
4585,eth,Ethiopia,1988,7476,45,0
4586,eth,Ethiopia,1989,78,0,0
4587,eth,Ethiopia,1990,0,0,0
4588,eth,Ethiopia,1991,163,13,50000
4589,eth,Ethiopia,1992,0,0,0
4590,eth,Ethiopia,1993,32,2,4800
4591,eth,Ethiopia,1994,26,26,19
4592,eth,Ethiopia,1995,160,27,2500
4593,eth,Ethiopia,1996,49,40,25000
4594,eth,Ethiopia,1997,326,326,0
4595,eth,Ethiopia,1998,21,0,0
4596,eth,Ethiopia,1999,68,48,125100
4597,eth,Ethiopia,2000,495,73,165
4598,eth,Ethiopia,2001,434,5,0
4599,eth,Ethiopia,2002,34,22,0
4600,eth,Ethiopia,2003,119,119,0
4601,eth,Ethiopia,2004,0,0,0
4602,eth,Ethiopia,2005,285,211,0
4603,eth,Ethiopia,2006,1302,951,0
4604,eth,Ethiopia,2007,22,22,0
4605,eth,Ethiopia,2008,65,45,810
4606,eth,Ethiopia,2009,135,0,0
4607,eth,Ethiopia,2010,35,19,0
4608,eth,Ethiopia,2011,0,0,0
4609,eth,Ethiopia,2012,0,0,0
4610,eth,Ethiopia,2013,110,0,0
4611,eth,Ethiopia,2014,0,0,0
4612,eth,Ethiopia,2015,0,0,0
4613,eth,Ethiopia,2016,128,128,1000
4614,eth,Ethiopia,2017,0,0,0
4615,eth,Ethiopia,2018,44,44,0
4616,eth,Ethiopia,2019,93,23,0
4617,eth,Ethiopia,2020,34,34,0
4618,eth,Ethiopia,2021,16,16,0
4619,eth,Ethiopia,2022,271,0,0
4620,eth,Ethiopia,2023,151,151,0
4621,eth,Ethiopia,2024,275,275,0
4622,eth,Ethiopia,2025,18,4,0
4623,fji,Fiji,1931,200,200,0
4624,fji,Fiji,1932,0,0,0
4625,fji,Fiji,1933,0,0,0
4626,fji,Fiji,1934,0,0,0
4627,fji,Fiji,1935,0,0,0
4628,fji,Fiji,1936,0,0,0
4629,fji,Fiji,1937,0,0,0
4630,fji,Fiji,1938,0,0,0
4631,fji,Fiji,1939,0,0,0
4632,fji,Fiji,1940,0,0,0
4633,fji,Fiji,1941,6,6,0
4634,fji,Fiji,1942,0,0,0
4635,fji,Fiji,1943,0,0,0
4636,fji,Fiji,1944,0,0,0
4637,fji,Fiji,1945,0,0,0
4638,fji,Fiji,1946,0,0,0
4639,fji,Fiji,1947,0,0,0
4640,fji,Fiji,1948,0,0,0
4641,fji,Fiji,1949,0,0,0
4642,fji,Fiji,1950,0,0,0
4643,fji,Fiji,1951,0,0,0
4644,fji,Fiji,1952,23,23,0
4645,fji,Fiji,1953,0,0,0
4646,fji,Fiji,1954,0,0,0
4647,fji,Fiji,1955,0,0,0
4648,fji,Fiji,1956,0,0,0
4649,fji,Fiji,1957,0,0,0
4650,fji,Fiji,1958,0,0,0
4651,fji,Fiji,1959,0,0,0
4652,fji,Fiji,1960,0,0,0
4653,fji,Fiji,1961,0,0,0
4654,fji,Fiji,1962,0,0,0
4655,fji,Fiji,1963,0,0,0
4656,fji,Fiji,1964,1,1,10000
4657,fji,Fiji,1965,2,2,0
4658,fji,Fiji,1966,0,0,0
4659,fji,Fiji,1967,0,0,0
4660,fji,Fiji,1968,0,0,0
4661,fji,Fiji,1969,0,0,0
4662,fji,Fiji,1970,0,0,0
4663,fji,Fiji,1971,0,0,0
4664,fji,Fiji,1972,3,3,0
4665,fji,Fiji,1973,59,59,0
4666,fji,Fiji,1974,0,0,0
4667,fji,Fiji,1975,0,0,0
4668,fji,Fiji,1976,0,0,0
4669,fji,Fiji,1977,0,0,0
4670,fji,Fiji,1978,0,0,0
4671,fji,Fiji,1979,53,53,15000
4672,fji,Fiji,1980,18,18,7000
4673,fji,Fiji,1981,0,0,0
4674,fji,Fiji,1982,0,0,0
4675,fji,Fiji,1983,9,9,0
4676,fji,Fiji,1984,0,0,0
4677,fji,Fiji,1985,32,32,0
4678,fji,Fiji,1986,20,20,0
4679,fji,Fiji,1987,1,1,0
4680,fji,Fiji,1988,0,0,0
4681,fji,Fiji,1989,10,10,0
4682,fji,Fiji,1990,0,0,3000
4683,fji,Fiji,1991,0,0,0
4684,fji,Fiji,1992,1,1,0
4685,fji,Fiji,1993,21,21,10000
4686,fji,Fiji,1994,0,0,0
4687,fji,Fiji,1995,0,0,0
4688,fji,Fiji,1996,0,0,0
4689,fji,Fiji,1997,25,25,0
4690,fji,Fiji,1998,0,0,0
4691,fji,Fiji,1999,29,12,1772
4692,fji,Fiji,2000,0,0,0
4693,fji,Fiji,2001,0,0,0
4694,fji,Fiji,2002,0,0,0
4695,fji,Fiji,2003,17,17,0
4696,fji,Fiji,2004,16,16,0
4697,fji,Fiji,2005,0,0,0
4698,fji,Fiji,2006,4,4,0
4699,fji,Fiji,2007,7,7,0
4700,fji,Fiji,2008,7,7,0
4701,fji,Fiji,2009,14,14,0
4702,fji,Fiji,2010,2,2,0
4703,fji,Fiji,2011,0,0,0
4704,fji,Fiji,2012,17,17,0
4705,fji,Fiji,2013,0,0,0
4706,fji,Fiji,2014,0,0,0
4707,fji,Fiji,2015,0,0,0
4708,fji,Fiji,2016,47,47,0
4709,fji,Fiji,2017,0,0,0
4710,fji,Fiji,2018,7,7,0
4711,fji,Fiji,2019,1,1,0
4712,fji,Fiji,2020,8,8,0
4713,fji,Fiji,2021,6,6,0
4714,fji,Fiji,2022,1,1,0
4715,fji,Fiji,2023,0,0,0
4716,fji,Fiji,2024,0,0,0
4717,fji,Fiji,2025,0,0,0
4718,fin,Finland,1957,25,0,0
4719,fin,Finland,1958,0,0,0
4720,fin,Finland,1959,0,0,0
4721,fin,Finland,1960,0,0,0
4722,fin,Finland,1961,0,0,0
4723,fin,Finland,1962,0,0,0
4724,fin,Finland,1963,0,0,0
4725,fin,Finland,1964,0,0,0
4726,fin,Finland,1965,0,0,0
4727,fin,Finland,1966,0,0,0
4728,fin,Finland,1967,0,0,0
4729,fin,Finland,1968,0,0,0
4730,fin,Finland,1969,0,0,0
4731,fin,Finland,1970,0,0,0
4732,fin,Finland,1971,0,0,0
4733,fin,Finland,1972,0,0,0
4734,fin,Finland,1973,0,0,0
4735,fin,Finland,1974,0,0,0
4736,fin,Finland,1975,0,0,0
4737,fin,Finland,1976,43,0,0
4738,fin,Finland,1977,0,0,0
4739,fin,Finland,1978,0,0,0
4740,fin,Finland,1979,0,0,0
4741,fin,Finland,1980,0,0,0
4742,fin,Finland,1981,0,0,0
4743,fin,Finland,1982,0,0,0
4744,fin,Finland,1983,0,0,0
4745,fin,Finland,1984,0,0,0
4746,fin,Finland,1985,0,0,0
4747,fin,Finland,1986,0,0,0
4748,fin,Finland,1987,0,0,0
4749,fin,Finland,1988,0,0,0
4750,fin,Finland,1989,0,0,0
4751,fin,Finland,1990,0,0,0
4752,fin,Finland,1991,0,0,0
4753,fin,Finland,1992,0,0,0
4754,fin,Finland,1993,0,0,0
4755,fin,Finland,1994,0,0,0
4756,fin,Finland,1995,0,0,0
4757,fin,Finland,1996,0,0,0
4758,fin,Finland,1997,0,0,0
4759,fin,Finland,1998,11,0,0
4760,fin,Finland,1999,0,0,0
4761,fin,Finland,2000,0,0,0
4762,fin,Finland,2001,0,0,0
4763,fin,Finland,2002,0,0,0
4764,fin,Finland,2003,0,0,0
4765,fin,Finland,2004,0,0,0
4766,fin,Finland,2005,0,0,0
4767,fin,Finland,2006,0,0,0
4768,fin,Finland,2007,0,0,0
4769,fin,Finland,2008,0,0,0
4770,fin,Finland,2009,0,0,0
4771,fin,Finland,2010,0,0,0
4772,fin,Finland,2011,0,0,0
4773,fin,Finland,2012,0,0,0
4774,fin,Finland,2013,0,0,0
4775,fin,Finland,2014,0,0,0
4776,fin,Finland,2015,0,0,0
4777,fin,Finland,2016,0,0,0
4778,fin,Finland,2017,0,0,0
4779,fin,Finland,2018,0,0,0
4780,fin,Finland,2019,0,0,0
4781,fin,Finland,2020,0,0,0
4782,fin,Finland,2021,0,0,0
4783,fin,Finland,2022,225,225,0
4784,fin,Finland,2023,138,138,0
4785,fin,Finland,2024,152,152,0
4786,fin,Finland,2025,105,105,0
4787,fra,France,1903,84,0,0
4788,fra,France,1904,0,0,0
4789,fra,France,1905,0,0,0
4790,fra,France,1906,1133,0,0
4791,fra,France,1907,0,0,0
4792,fra,France,1908,0,0,0
4793,fra,France,1909,46,46,0
4794,fra,France,1910,0,0,0
4795,fra,France,1911,0,0,0
4796,fra,France,1912,0,0,0
4797,fra,France,1913,0,0,0
4798,fra,France,1914,0,0,0
4799,fra,France,1915,0,0,0
4800,fra,France,1916,0,0,0
4801,fra,France,1917,561,0,0
4802,fra,France,1918,0,0,0
4803,fra,France,1919,0,0,0
4804,fra,France,1920,0,0,0
4805,fra,France,1921,0,0,0
4806,fra,France,1922,0,0,0
4807,fra,France,1923,600,0,0
4808,fra,France,1924,0,0,0
4809,fra,France,1925,0,0,0
4810,fra,France,1926,28,28,0
4811,fra,France,1927,0,0,0
4812,fra,France,1928,0,0,0
4813,fra,France,1929,0,0,0
4814,fra,France,1930,88,40,0
4815,fra,France,1931,500,0,0
4816,fra,France,1932,30,30,0
4817,fra,France,1933,230,0,0
4818,fra,France,1934,0,0,0
4819,fra,France,1935,0,0,0
4820,fra,France,1936,0,0,0
4821,fra,France,1937,0,0,0
4822,fra,France,1938,0,0,0
4823,fra,France,1939,73,0,0
4824,fra,France,1940,0,0,0
4825,fra,France,1941,15,0,0
4826,fra,France,1942,0,0,0
4827,fra,France,1943,17,0,0
4828,fra,France,1944,22,0,0
4829,fra,France,1945,0,0,0
4830,fra,France,1946,0,0,0
4831,fra,France,1947,0,0,0
4832,fra,France,1948,0,0,0
4833,fra,France,1949,80,80,0
4834,fra,France,1950,0,0,0
4835,fra,France,1951,0,0,0
4836,fra,France,1952,34,0,0
4837,fra,France,1953,0,0,0
4838,fra,France,1954,0,0,0
4839,fra,France,1955,0,0,0
4840,fra,France,1956,0,0,0
4841,fra,France,1957,0,0,0
4842,fra,France,1958,35,35,0
4843,fra,France,1959,412,0,0
4844,fra,France,1960,0,0,0
4845,fra,France,1961,21,21,0
4846,fra,France,1962,0,0,0
4847,fra,France,1963,0,0,0
4848,fra,France,1964,0,0,0
4849,fra,France,1965,0,0,0
4850,fra,France,1966,114,0,0
4851,fra,France,1967,94,6,1020
4852,fra,France,1968,95,0,0
4853,fra,France,1969,23,23,0
4854,fra,France,1970,258,114,0
4855,fra,France,1971,0,0,0
4856,fra,France,1972,168,0,0
4857,fra,France,1973,254,0,0
4858,fra,France,1974,346,0,0
4859,fra,France,1975,0,0,0
4860,fra,France,1976,28,0,0
4861,fra,France,1977,26,26,0
4862,fra,France,1978,3,3,0
4863,fra,France,1979,11,11,0
4864,fra,France,1980,14,6,0
4865,fra,France,1981,180,0,0
4866,fra,France,1982,83,30,0
4867,fra,France,1983,55,55,0
4868,fra,France,1984,4,4,0
4869,fra,France,1985,130,6,0
4870,fra,France,1986,5,5,0
4871,fra,France,1987,43,27,0
4872,fra,France,1988,89,10,0
4873,fra,France,1989,65,9,0
4874,fra,France,1990,73,62,0
4875,fra,France,1991,74,20,0
4876,fra,France,1992,174,51,0
4877,fra,France,1993,53,16,0
4878,fra,France,1994,13,13,0
4879,fra,France,1995,48,16,0
4880,fra,France,1996,5,5,0
4881,fra,France,1997,77,23,0
4882,fra,France,1998,51,15,0
4883,fra,France,1999,218,146,266
4884,fra,France,2000,12,12,200
4885,fra,France,2001,17,17,0
4886,fra,France,2002,30,30,0
4887,fra,France,2003,19511,19511,0
4888,fra,France,2004,11,11,0
4889,fra,France,2005,13,13,0
4890,fra,France,2006,1393,1393,0
4891,fra,France,2007,5,5,0
4892,fra,France,2008,3,3,600
4893,fra,France,2009,18,18,0
4894,fra,France,2010,82,82,0
4895,fra,France,2011,6,6,0
4896,fra,France,2012,12,12,0
4897,fra,France,2013,5,5,0
4898,fra,France,2014,22,22,0
4899,fra,France,2015,3298,3298,0
4900,fra,France,2016,4,4,0
4901,fra,France,2017,3,3,0
4902,fra,France,2018,24,24,0
4903,fra,France,2019,1452,1452,0
4904,fra,France,2020,1944,1944,0
4905,fra,France,2021,2,2,0
4906,fra,France,2022,4813,4813,0
4907,fra,France,2023,2737,2737,517000
4908,fra,France,2024,2460,2460,0
4909,fra,France,2025,2063,2063,138
4910,gab,Gabon,1988,0,0,0
4911,gab,Gabon,1989,0,0,0
4912,gab,Gabon,1990,0,0,0
4913,gab,Gabon,1991,72,0,0
4914,gab,Gabon,1992,0,0,0
4915,gab,Gabon,1993,30,0,0
4916,gab,Gabon,1994,20,0,0
4917,gab,Gabon,1995,0,0,0
4918,gab,Gabon,1996,45,0,0
4919,gab,Gabon,1997,0,0,0
4920,gab,Gabon,1998,0,0,0
4921,gab,Gabon,1999,0,0,0
4922,gab,Gabon,2000,0,0,0
4923,gab,Gabon,2001,50,0,0
4924,gab,Gabon,2002,0,0,0
4925,gab,Gabon,2003,0,0,0
4926,gab,Gabon,2004,1,0,0
4927,gab,Gabon,2005,0,0,0
4928,gab,Gabon,2006,0,0,0
4929,gab,Gabon,2007,0,0,0
4930,gab,Gabon,2008,0,0,0
4931,gab,Gabon,2009,0,0,800
4932,gab,Gabon,2010,0,0,0
4933,gab,Gabon,2011,0,0,0
4934,gab,Gabon,2012,1,1,0
4935,gab,Gabon,2013,0,0,0
4936,gab,Gabon,2014,0,0,0
4937,gab,Gabon,2015,0,0,0
4938,gab,Gabon,2016,0,0,0
4939,gab,Gabon,2017,0,0,0
4940,gab,Gabon,2018,0,0,0
4941,gab,Gabon,2019,0,0,0
4942,gab,Gabon,2020,0,0,0
4943,gab,Gabon,2021,0,0,0
4944,gab,Gabon,2022,0,0,0
4945,gab,Gabon,2023,0,0,0
4946,gab,Gabon,2024,0,0,0
4947,gab,Gabon,2025,0,0,0
4948,gmb,Gambia,1910,0,0,0
4949,gmb,Gambia,1911,0,0,0
4950,gmb,Gambia,1912,0,0,0
4951,gmb,Gambia,1913,0,0,0
4952,gmb,Gambia,1914,0,0,0
4953,gmb,Gambia,1915,0,0,0
4954,gmb,Gambia,1916,0,0,0
4955,gmb,Gambia,1917,0,0,0
4956,gmb,Gambia,1918,0,0,0
4957,gmb,Gambia,1919,0,0,0
4958,gmb,Gambia,1920,0,0,0
4959,gmb,Gambia,1921,0,0,0
4960,gmb,Gambia,1922,0,0,0
4961,gmb,Gambia,1923,0,0,0
4962,gmb,Gambia,1924,0,0,0
4963,gmb,Gambia,1925,0,0,0
4964,gmb,Gambia,1926,0,0,0
4965,gmb,Gambia,1927,0,0,0
4966,gmb,Gambia,1928,0,0,0
4967,gmb,Gambia,1929,0,0,0
4968,gmb,Gambia,1930,0,0,0
4969,gmb,Gambia,1931,0,0,0
4970,gmb,Gambia,1932,0,0,0
4971,gmb,Gambia,1933,0,0,0
4972,gmb,Gambia,1934,0,0,0
4973,gmb,Gambia,1935,0,0,0
4974,gmb,Gambia,1936,0,0,0
4975,gmb,Gambia,1937,0,0,0
4976,gmb,Gambia,1938,11,0,0
4977,gmb,Gambia,1939,0,0,0
4978,gmb,Gambia,1940,0,0,0
4979,gmb,Gambia,1941,0,0,0
4980,gmb,Gambia,1942,0,0,0
4981,gmb,Gambia,1943,0,0,0
4982,gmb,Gambia,1944,0,0,0
4983,gmb,Gambia,1945,0,0,0
4984,gmb,Gambia,1946,0,0,0
4985,gmb,Gambia,1947,0,0,0
4986,gmb,Gambia,1948,0,0,0
4987,gmb,Gambia,1949,0,0,0
4988,gmb,Gambia,1950,0,0,0
4989,gmb,Gambia,1951,0,0,0
4990,gmb,Gambia,1952,0,0,0
4991,gmb,Gambia,1953,0,0,0
4992,gmb,Gambia,1954,0,0,0
4993,gmb,Gambia,1955,0,0,0
4994,gmb,Gambia,1956,0,0,0
4995,gmb,Gambia,1957,0,0,0
4996,gmb,Gambia,1958,0,0,0
4997,gmb,Gambia,1959,0,0,0
4998,gmb,Gambia,1960,0,0,0
4999,gmb,Gambia,1961,0,0,0
5000,gmb,Gambia,1962,0,0,0
5001,gmb,Gambia,1963,0,0,0
5002,gmb,Gambia,1964,0,0,0
5003,gmb,Gambia,1965,0,0,0
5004,gmb,Gambia,1966,0,0,0
5005,gmb,Gambia,1967,0,0,0
5006,gmb,Gambia,1968,0,0,0
5007,gmb,Gambia,1969,0,0,0
5008,gmb,Gambia,1970,0,0,0
5009,gmb,Gambia,1971,0,0,0
5010,gmb,Gambia,1972,0,0,0
5011,gmb,Gambia,1973,0,0,5000
5012,gmb,Gambia,1974,0,0,0
5013,gmb,Gambia,1975,0,0,0
5014,gmb,Gambia,1976,0,0,0
5015,gmb,Gambia,1977,0,0,0
5016,gmb,Gambia,1978,200,0,0
5017,gmb,Gambia,1979,0,0,0
5018,gmb,Gambia,1980,0,0,0
5019,gmb,Gambia,1981,0,0,0
5020,gmb,Gambia,1982,0,0,0
5021,gmb,Gambia,1983,0,0,0
5022,gmb,Gambia,1984,0,0,0
5023,gmb,Gambia,1985,0,0,0
5024,gmb,Gambia,1986,0,0,0
5025,gmb,Gambia,1987,0,0,0
5026,gmb,Gambia,1988,0,0,0
5027,gmb,Gambia,1989,0,0,0
5028,gmb,Gambia,1990,0,0,0
5029,gmb,Gambia,1991,0,0,0
5030,gmb,Gambia,1992,100,0,0
5031,gmb,Gambia,1993,0,0,0
5032,gmb,Gambia,1994,0,0,0
5033,gmb,Gambia,1995,0,0,0
5034,gmb,Gambia,1996,0,0,0
5035,gmb,Gambia,1997,120,0,0
5036,gmb,Gambia,1998,0,0,0
5037,gmb,Gambia,1999,53,53,5000
5038,gmb,Gambia,2000,21,0,0
5039,gmb,Gambia,2001,1,1,0
5040,gmb,Gambia,2002,0,0,0
5041,gmb,Gambia,2003,3,3,0
5042,gmb,Gambia,2004,2,2,0
5043,gmb,Gambia,2005,0,0,0
5044,gmb,Gambia,2006,0,0,0
5045,gmb,Gambia,2007,0,0,0
5046,gmb,Gambia,2008,0,0,400
5047,gmb,Gambia,2009,5,5,0
5048,gmb,Gambia,2010,9,9,0
5049,gmb,Gambia,2011,0,0,0
5050,gmb,Gambia,2012,0,0,0
5051,gmb,Gambia,2013,2,2,0
5052,gmb,Gambia,2014,0,0,0
5053,gmb,Gambia,2015,0,0,0
5054,gmb,Gambia,2016,0,0,0
5055,gmb,Gambia,2017,6,6,0
5056,gmb,Gambia,2018,0,0,0
5057,gmb,Gambia,2019,4,4,0
5058,gmb,Gambia,2020,0,0,0
5059,gmb,Gambia,2021,10,10,0
5060,gmb,Gambia,2022,6,6,0
5061,gmb,Gambia,2023,0,0,0
5062,gmb,Gambia,2024,0,0,0
5063,gmb,Gambia,2025,9,9,0
5064,geo,Georgia,1990,15,0,0
5065,geo,Georgia,1991,8,8,1350
5066,geo,Georgia,1992,222,1,0
5067,geo,Georgia,1993,41,0,0
5068,geo,Georgia,1994,24,0,0
5069,geo,Georgia,1995,1,1,0
5070,geo,Georgia,1996,22,0,0
5071,geo,Georgia,1997,7,7,200
5072,geo,Georgia,1998,0,0,0
5073,geo,Georgia,1999,39,0,0
5074,geo,Georgia,2000,0,0,0
5075,geo,Georgia,2001,0,0,0
5076,geo,Georgia,2002,6,6,1086
5077,geo,Georgia,2003,0,0,0
5078,geo,Georgia,2004,1,1,90
5079,geo,Georgia,2005,0,0,0
5080,geo,Georgia,2006,0,0,0
5081,geo,Georgia,2007,0,0,0
5082,geo,Georgia,2008,0,0,0
5083,geo,Georgia,2009,0,0,0
5084,geo,Georgia,2010,0,0,0
5085,geo,Georgia,2011,7,7,0
5086,geo,Georgia,2012,5,5,6000
5087,geo,Georgia,2013,0,0,0
5088,geo,Georgia,2014,0,0,0
5089,geo,Georgia,2015,40,40,0
5090,geo,Georgia,2016,0,0,0
5091,geo,Georgia,2017,0,0,0
5092,geo,Georgia,2018,0,0,0
5093,geo,Georgia,2019,0,0,0
5094,geo,Georgia,2020,0,0,0
5095,geo,Georgia,2021,0,0,0
5096,geo,Georgia,2022,0,0,0
5097,geo,Georgia,2023,18,18,0
5098,geo,Georgia,2024,0,0,0
5099,geo,Georgia,2025,3,3,0
5100,deu,Germany,1908,360,0,0
5101,deu,Germany,1909,0,0,0
5102,deu,Germany,1910,0,0,0
5103,deu,Germany,1911,0,0,0
5104,deu,Germany,1912,0,0,0
5105,deu,Germany,1913,28,0,0
5106,deu,Germany,1914,0,0,0
5107,deu,Germany,1915,19,0,0
5108,deu,Germany,1916,27,0,0
5109,deu,Germany,1917,23,0,0
5110,deu,Germany,1918,22,0,0
5111,deu,Germany,1919,0,0,0
5112,deu,Germany,1920,0,0,0
5113,deu,Germany,1921,600,0,0
5114,deu,Germany,1922,0,0,0
5115,deu,Germany,1923,0,0,0
5116,deu,Germany,1924,0,0,0
5117,deu,Germany,1925,0,0,0
5118,deu,Germany,1926,0,0,0
5119,deu,Germany,1927,0,0,0
5120,deu,Germany,1928,0,0,0
5121,deu,Germany,1929,0,0,0
5122,deu,Germany,1930,0,0,0
5123,deu,Germany,1931,0,0,0
5124,deu,Germany,1932,0,0,0
5125,deu,Germany,1933,0,0,0
5126,deu,Germany,1934,12,0,0
5127,deu,Germany,1935,,,0
5128,deu,Germany,1936,11,0,0
5129,deu,Germany,1937,46,0,0
5130,deu,Germany,1938,,,0
5131,deu,Germany,1939,0,0,0
5132,deu,Germany,1940,29,0,0
5133,deu,Germany,1941,0,0,0
5134,deu,Germany,1942,0,0,0
5135,deu,Germany,1943,0,0,0
5136,deu,Germany,1944,0,0,0
5137,deu,Germany,1945,102,0,0
5138,deu,Germany,1946,439,0,0
5139,deu,Germany,1947,0,0,0
5140,deu,Germany,1948,200,0,0
5141,deu,Germany,1949,0,0,0
5142,deu,Germany,1950,150,0,0
5143,deu,Germany,1951,0,0,0
5144,deu,Germany,1952,0,0,0
5145,deu,Germany,1953,0,0,0
5146,deu,Germany,1954,0,0,0
5147,deu,Germany,1955,0,0,0
5148,deu,Germany,1956,0,0,0
5149,deu,Germany,1957,0,0,0
5150,deu,Germany,1958,0,0,0
5151,deu,Germany,1959,0,0,0
5152,deu,Germany,1960,0,0,0
5153,deu,Germany,1961,0,0,0
5154,deu,Germany,1962,347,347,0
5155,deu,Germany,1963,38,0,0
5156,deu,Germany,1964,0,0,0
5157,deu,Germany,1965,0,0,0
5158,deu,Germany,1966,0,0,0
5159,deu,Germany,1967,94,0,0
5160,deu,Germany,1968,2,2,0
5161,deu,Germany,1969,0,0,0
5162,deu,Germany,1970,0,0,0
5163,deu,Germany,1971,115,0,0
5164,deu,Germany,1972,,,0
5165,deu,Germany,1973,0,0,0
5166,deu,Germany,1974,0,0,0
5167,deu,Germany,1975,,,0
5168,deu,Germany,1976,82,82,0
5169,deu,Germany,1977,0,0,0
5170,deu,Germany,1978,2,2,200
5171,deu,Germany,1979,0,0,0
5172,deu,Germany,1980,0,0,0
5173,deu,Germany,1981,0,0,0
5174,deu,Germany,1982,0,0,0
5175,deu,Germany,1983,0,0,0
5176,deu,Germany,1984,,,0
5177,deu,Germany,1985,,,0
5178,deu,Germany,1986,71,0,0
5179,deu,Germany,1987,0,0,0
5180,deu,Germany,1988,148,6,0
5181,deu,Germany,1989,21,0,0
5182,deu,Germany,1990,,,0
5183,deu,Germany,1991,,,0
5184,deu,Germany,1992,33,1,0
5185,deu,Germany,1993,11,11,0
5186,deu,Germany,1994,13,13,0
5187,deu,Germany,1995,5,5,0
5188,deu,Germany,1996,39,0,0
5189,deu,Germany,1997,30,30,0
5190,deu,Germany,1998,105,3,0
5191,deu,Germany,1999,30,30,0
5192,deu,Germany,2000,0,0,0
5193,deu,Germany,2001,0,0,0
5194,deu,Germany,2002,49,49,0
5195,deu,Germany,2003,9370,9370,0
5196,deu,Germany,2004,2,2,0
5197,deu,Germany,2005,5,5,0
5198,deu,Germany,2006,26,26,0
5199,deu,Germany,2007,19,19,0
5200,deu,Germany,2008,8,8,0
5201,deu,Germany,2009,16,16,0
5202,deu,Germany,2010,8,8,0
5203,deu,Germany,2011,0,0,0
5204,deu,Germany,2012,6,6,0
5205,deu,Germany,2013,11,11,0
5206,deu,Germany,2014,8,8,0
5207,deu,Germany,2015,0,0,0
5208,deu,Germany,2016,7,7,0
5209,deu,Germany,2017,6,6,0
5210,deu,Germany,2018,5,5,0
5211,deu,Germany,2019,5,5,0
5212,deu,Germany,2020,9,9,0
5213,deu,Germany,2021,227,227,0
5214,deu,Germany,2022,8180,8180,0
5215,deu,Germany,2023,6380,6380,0
5216,deu,Germany,2024,6294,6294,0
5217,deu,Germany,2025,2445,2445,0
5218,gha,Ghana,1939,22,22,7500
5219,gha,Ghana,1940,0,0,0
5220,gha,Ghana,1941,0,0,0
5221,gha,Ghana,1942,0,0,0
5222,gha,Ghana,1943,0,0,0
5223,gha,Ghana,1944,0,0,0
5224,gha,Ghana,1945,0,0,0
5225,gha,Ghana,1946,0,0,0
5226,gha,Ghana,1947,0,0,0
5227,gha,Ghana,1948,0,0,0
5228,gha,Ghana,1949,0,0,0
5229,gha,Ghana,1950,0,0,0
5230,gha,Ghana,1951,0,0,0
5231,gha,Ghana,1952,0,0,0
5232,gha,Ghana,1953,0,0,0
5233,gha,Ghana,1954,0,0,0
5234,gha,Ghana,1955,0,0,0
5235,gha,Ghana,1956,0,0,0
5236,gha,Ghana,1957,0,0,0
5237,gha,Ghana,1958,0,0,0
5238,gha,Ghana,1959,0,0,0
5239,gha,Ghana,1960,0,0,0
5240,gha,Ghana,1961,0,0,0
5241,gha,Ghana,1962,0,0,0
5242,gha,Ghana,1963,0,0,0
5243,gha,Ghana,1964,0,0,0
5244,gha,Ghana,1965,0,0,0
5245,gha,Ghana,1966,0,0,0
5246,gha,Ghana,1967,0,0,0
5247,gha,Ghana,1968,0,0,0
5248,gha,Ghana,1969,0,0,0
5249,gha,Ghana,1970,0,0,0
5250,gha,Ghana,1971,0,0,0
5251,gha,Ghana,1972,0,0,0
5252,gha,Ghana,1973,0,0,0
5253,gha,Ghana,1974,0,0,0
5254,gha,Ghana,1975,0,0,0
5255,gha,Ghana,1976,0,0,0
5256,gha,Ghana,1977,0,0,0
5257,gha,Ghana,1978,15,0,0
5258,gha,Ghana,1979,0,0,0
5259,gha,Ghana,1980,0,0,0
5260,gha,Ghana,1981,0,0,0
5261,gha,Ghana,1982,0,0,0
5262,gha,Ghana,1983,0,0,0
5263,gha,Ghana,1984,170,0,0
5264,gha,Ghana,1985,4,4,0
5265,gha,Ghana,1986,0,0,0
5266,gha,Ghana,1987,0,0,0
5267,gha,Ghana,1988,15,0,0
5268,gha,Ghana,1989,7,7,0
5269,gha,Ghana,1990,60,0,0
5270,gha,Ghana,1991,109,5,0
5271,gha,Ghana,1992,0,0,0
5272,gha,Ghana,1993,30,0,0
5273,gha,Ghana,1994,0,0,0
5274,gha,Ghana,1995,145,145,200000
5275,gha,Ghana,1996,411,0,0
5276,gha,Ghana,1997,26,0,0
5277,gha,Ghana,1998,67,0,0
5278,gha,Ghana,1999,136,52,33000
5279,gha,Ghana,2000,0,0,0
5280,gha,Ghana,2001,24,12,5000
5281,gha,Ghana,2002,4,4,0
5282,gha,Ghana,2003,0,0,0
5283,gha,Ghana,2004,0,0,0
5284,gha,Ghana,2005,40,0,0
5285,gha,Ghana,2006,0,0,0
5286,gha,Ghana,2007,56,56,0
5287,gha,Ghana,2008,0,0,0
5288,gha,Ghana,2009,40,40,0
5289,gha,Ghana,2010,90,63,0
5290,gha,Ghana,2011,121,20,0
5291,gha,Ghana,2012,76,0,0
5292,gha,Ghana,2013,23,5,0
5293,gha,Ghana,2014,249,0,0
5294,gha,Ghana,2015,110,25,5000
5295,gha,Ghana,2016,10,10,0
5296,gha,Ghana,2017,20,20,0
5297,gha,Ghana,2018,34,34,0
5298,gha,Ghana,2019,32,32,0
5299,gha,Ghana,2020,7,7,0
5300,gha,Ghana,2021,9,9,0
5301,gha,Ghana,2022,0,0,0
5302,gha,Ghana,2023,8,8,0
5303,gha,Ghana,2024,0,0,0
5304,gha,Ghana,2025,0,0,0
5305,grc,Greece,1904,4,4,0
5306,grc,Greece,1905,0,0,0
5307,grc,Greece,1906,0,0,0
5308,grc,Greece,1907,0,0,0
5309,grc,Greece,1908,0,0,0
5310,grc,Greece,1909,0,0,0
5311,grc,Greece,1910,0,0,0
5312,grc,Greece,1911,0,0,0
5313,grc,Greece,1912,0,0,0
5314,grc,Greece,1913,0,0,0
5315,grc,Greece,1914,14,14,0
5316,grc,Greece,1915,0,0,0
5317,grc,Greece,1916,0,0,0
5318,grc,Greece,1917,0,0,0
5319,grc,Greece,1918,0,0,0
5320,grc,Greece,1919,0,0,0
5321,grc,Greece,1920,0,0,0
5322,grc,Greece,1921,0,0,0
5323,grc,Greece,1922,0,0,0
5324,grc,Greece,1923,0,0,0
5325,grc,Greece,1924,0,0,0
5326,grc,Greece,1925,0,0,0
5327,grc,Greece,1926,0,0,0
5328,grc,Greece,1927,0,0,0
5329,grc,Greece,1928,103,103,0
5330,grc,Greece,1929,0,0,0
5331,grc,Greece,1930,22,22,0
5332,grc,Greece,1931,0,0,0
5333,grc,Greece,1932,151,151,12318
5334,grc,Greece,1933,0,0,0
5335,grc,Greece,1934,0,0,0
5336,grc,Greece,1935,0,0,0
5337,grc,Greece,1936,0,0,0
5338,grc,Greece,1937,0,0,0
5339,grc,Greece,1938,0,0,0
5340,grc,Greece,1939,0,0,0
5341,grc,Greece,1940,0,0,0
5342,grc,Greece,1941,0,0,0
5343,grc,Greece,1942,0,0,0
5344,grc,Greece,1943,0,0,0
5345,grc,Greece,1944,16,0,0
5346,grc,Greece,1945,0,0,0
5347,grc,Greece,1946,0,0,0
5348,grc,Greece,1947,3,3,35000
5349,grc,Greece,1948,2,2,1220
5350,grc,Greece,1949,0,0,0
5351,grc,Greece,1950,0,0,0
5352,grc,Greece,1951,0,0,0
5353,grc,Greece,1952,0,0,0
5354,grc,Greece,1953,476,476,138865
5355,grc,Greece,1954,56,56,0
5356,grc,Greece,1955,8,8,1377
5357,grc,Greece,1956,53,53,0
5358,grc,Greece,1957,0,0,0
5359,grc,Greece,1958,0,0,0
5360,grc,Greece,1959,0,0,0
5361,grc,Greece,1960,0,0,0
5362,grc,Greece,1961,43,43,0
5363,grc,Greece,1962,0,0,0
5364,grc,Greece,1963,0,0,0
5365,grc,Greece,1964,0,0,0
5366,grc,Greece,1965,70,70,0
5367,grc,Greece,1966,2,2,0
5368,grc,Greece,1967,9,9,0
5369,grc,Greece,1968,19,19,3600
5370,grc,Greece,1969,0,0,0
5371,grc,Greece,1970,0,0,0
5372,grc,Greece,1971,0,0,0
5373,grc,Greece,1972,31,0,0
5374,grc,Greece,1973,0,0,0
5375,grc,Greece,1974,0,0,0
5376,grc,Greece,1975,0,0,0
5377,grc,Greece,1976,0,0,0
5378,grc,Greece,1977,27,27,0
5379,grc,Greece,1978,50,50,0
5380,grc,Greece,1979,22,15,0
5381,grc,Greece,1980,1,1,0
5382,grc,Greece,1981,45,24,0
5383,grc,Greece,1982,0,0,0
5384,grc,Greece,1983,12,12,0
5385,grc,Greece,1984,0,0,0
5386,grc,Greece,1985,23,23,0
5387,grc,Greece,1986,20,20,0
5388,grc,Greece,1987,1048,1048,0
5389,grc,Greece,1988,56,56,0
5390,grc,Greece,1989,34,0,0
5391,grc,Greece,1990,4,4,0
5392,grc,Greece,1991,71,5,0
5393,grc,Greece,1992,0,0,0
5394,grc,Greece,1993,1,1,0
5395,grc,Greece,1994,24,14,0
5396,grc,Greece,1995,52,52,6300
5397,grc,Greece,1996,20,0,0
5398,grc,Greece,1997,84,9,0
5399,grc,Greece,1998,17,17,300
5400,grc,Greece,1999,157,143,108
5401,grc,Greece,2000,37,37,90
5402,grc,Greece,2001,11,11,0
5403,grc,Greece,2002,2,2,0
5404,grc,Greece,2003,3,3,0
5405,grc,Greece,2004,0,0,0
5406,grc,Greece,2005,0,0,0
5407,grc,Greece,2006,4,4,0
5408,grc,Greece,2007,83,83,3735
5409,grc,Greece,2008,2,2,0
5410,grc,Greece,2009,0,0,325
5411,grc,Greece,2010,1,1,0
5412,grc,Greece,2011,0,0,0
5413,grc,Greece,2012,7,7,0
5414,grc,Greece,2013,0,0,0
5415,grc,Greece,2014,3,3,0
5416,grc,Greece,2015,3,3,0
5417,grc,Greece,2016,4,4,0
5418,grc,Greece,2017,26,26,0
5419,grc,Greece,2018,100,100,0
5420,grc,Greece,2019,7,7,0
5421,grc,Greece,2020,14,14,0
5422,grc,Greece,2021,3,3,5016
5423,grc,Greece,2022,3092,3092,0
5424,grc,Greece,2023,4379,4379,0
5425,grc,Greece,2024,5981,5981,300
5426,grc,Greece,2025,1372,1372,60
5427,grd,Grenada,1963,6,6,0
5428,grd,Grenada,1964,0,0,0
5429,grd,Grenada,1965,0,0,0
5430,grd,Grenada,1966,0,0,0
5431,grd,Grenada,1967,0,0,0
5432,grd,Grenada,1968,0,0,0
5433,grd,Grenada,1969,0,0,0
5434,grd,Grenada,1970,0,0,0
5435,grd,Grenada,1971,0,0,0
5436,grd,Grenada,1972,0,0,0
5437,grd,Grenada,1973,0,0,0
5438,grd,Grenada,1974,0,0,0
5439,grd,Grenada,1975,0,0,0
5440,grd,Grenada,1976,0,0,0
5441,grd,Grenada,1977,0,0,0
5442,grd,Grenada,1978,0,0,0
5443,grd,Grenada,1979,0,0,0
5444,grd,Grenada,1980,0,0,0
5445,grd,Grenada,1981,0,0,0
5446,grd,Grenada,1982,0,0,0
5447,grd,Grenada,1983,0,0,0
5448,grd,Grenada,1984,0,0,0
5449,grd,Grenada,1985,0,0,0
5450,grd,Grenada,1986,0,0,0
5451,grd,Grenada,1987,0,0,0
5452,grd,Grenada,1988,0,0,0
5453,grd,Grenada,1989,0,0,0
5454,grd,Grenada,1990,0,0,0
5455,grd,Grenada,1991,0,0,0
5456,grd,Grenada,1992,0,0,0
5457,grd,Grenada,1993,0,0,0
5458,grd,Grenada,1994,0,0,0
5459,grd,Grenada,1995,0,0,0
5460,grd,Grenada,1996,0,0,0
5461,grd,Grenada,1997,0,0,0
5462,grd,Grenada,1998,0,0,0
5463,grd,Grenada,1999,0,0,0
5464,grd,Grenada,2000,0,0,0
5465,grd,Grenada,2001,0,0,0
5466,grd,Grenada,2002,0,0,5
5467,grd,Grenada,2003,0,0,0
5468,grd,Grenada,2004,39,39,53000
5469,grd,Grenada,2005,1,1,0
5470,grd,Grenada,2006,0,0,0
5471,grd,Grenada,2007,0,0,0
5472,grd,Grenada,2008,0,0,0
5473,grd,Grenada,2009,0,0,0
5474,grd,Grenada,2010,0,0,0
5475,grd,Grenada,2011,0,0,0
5476,grd,Grenada,2012,0,0,0
5477,grd,Grenada,2013,0,0,0
5478,grd,Grenada,2014,0,0,0
5479,grd,Grenada,2015,0,0,0
5480,grd,Grenada,2016,0,0,0
5481,grd,Grenada,2017,0,0,0
5482,grd,Grenada,2018,0,0,0
5483,grd,Grenada,2019,0,0,0
5484,grd,Grenada,2020,0,0,0
5485,grd,Grenada,2021,0,0,0
5486,grd,Grenada,2022,0,0,0
5487,grd,Grenada,2023,0,0,0
5488,grd,Grenada,2024,8,8,0
5489,grd,Grenada,2025,0,0,0
5490,gtm,Guatemala,1902,9000,9000,0
5491,gtm,Guatemala,1903,0,0,0
5492,gtm,Guatemala,1904,0,0,0
5493,gtm,Guatemala,1905,0,0,0
5494,gtm,Guatemala,1906,0,0,0
5495,gtm,Guatemala,1907,0,0,0
5496,gtm,Guatemala,1908,0,0,0
5497,gtm,Guatemala,1909,0,0,0
5498,gtm,Guatemala,1910,0,0,0
5499,gtm,Guatemala,1911,0,0,0
5500,gtm,Guatemala,1912,0,0,0
5501,gtm,Guatemala,1913,0,0,0
5502,gtm,Guatemala,1914,0,0,0
5503,gtm,Guatemala,1915,0,0,0
5504,gtm,Guatemala,1916,0,0,0
5505,gtm,Guatemala,1917,2650,2650,0
5506,gtm,Guatemala,1918,0,0,0
5507,gtm,Guatemala,1919,0,0,0
5508,gtm,Guatemala,1920,0,0,0
5509,gtm,Guatemala,1921,0,0,0
5510,gtm,Guatemala,1922,0,0,0
5511,gtm,Guatemala,1923,0,0,0
5512,gtm,Guatemala,1924,0,0,0
5513,gtm,Guatemala,1925,0,0,0
5514,gtm,Guatemala,1926,0,0,0
5515,gtm,Guatemala,1927,0,0,0
5516,gtm,Guatemala,1928,0,0,0
5517,gtm,Guatemala,1929,0,0,0
5518,gtm,Guatemala,1930,0,0,0
5519,gtm,Guatemala,1931,0,0,0
5520,gtm,Guatemala,1932,0,0,0
5521,gtm,Guatemala,1933,0,0,0
5522,gtm,Guatemala,1934,0,0,0
5523,gtm,Guatemala,1935,0,0,0
5524,gtm,Guatemala,1936,0,0,0
5525,gtm,Guatemala,1937,0,0,0
5526,gtm,Guatemala,1938,0,0,0
5527,gtm,Guatemala,1939,0,0,0
5528,gtm,Guatemala,1940,0,0,0
5529,gtm,Guatemala,1941,0,0,0
5530,gtm,Guatemala,1942,0,0,0
5531,gtm,Guatemala,1943,0,0,0
5532,gtm,Guatemala,1944,0,0,0
5533,gtm,Guatemala,1945,0,0,0
5534,gtm,Guatemala,1946,0,0,0
5535,gtm,Guatemala,1947,0,0,0
5536,gtm,Guatemala,1948,0,0,0
5537,gtm,Guatemala,1949,40000,40000,0
5538,gtm,Guatemala,1950,0,0,0
5539,gtm,Guatemala,1951,0,0,0
5540,gtm,Guatemala,1952,0,0,0
5541,gtm,Guatemala,1953,0,0,0
5542,gtm,Guatemala,1954,0,0,0
5543,gtm,Guatemala,1955,0,0,0
5544,gtm,Guatemala,1956,0,0,0
5545,gtm,Guatemala,1957,0,0,0
5546,gtm,Guatemala,1958,0,0,0
5547,gtm,Guatemala,1959,0,0,0
5548,gtm,Guatemala,1960,225,0,0
5549,gtm,Guatemala,1961,0,0,0
5550,gtm,Guatemala,1962,0,0,0
5551,gtm,Guatemala,1963,0,0,0
5552,gtm,Guatemala,1964,0,0,0
5553,gtm,Guatemala,1965,0,0,0
5554,gtm,Guatemala,1966,0,0,0
5555,gtm,Guatemala,1967,0,0,0
5556,gtm,Guatemala,1968,2,0,130
5557,gtm,Guatemala,1969,273,269,0
5558,gtm,Guatemala,1970,0,0,0
5559,gtm,Guatemala,1971,0,0,0
5560,gtm,Guatemala,1972,0,0,0
5561,gtm,Guatemala,1973,5,5,0
5562,gtm,Guatemala,1974,0,0,0
5563,gtm,Guatemala,1975,0,0,0
5564,gtm,Guatemala,1976,23000,23000,1166000
5565,gtm,Guatemala,1977,0,0,0
5566,gtm,Guatemala,1978,0,0,0
5567,gtm,Guatemala,1979,0,0,0
5568,gtm,Guatemala,1980,0,0,0
5569,gtm,Guatemala,1981,0,0,0
5570,gtm,Guatemala,1982,620,620,0
5571,gtm,Guatemala,1983,0,0,0
5572,gtm,Guatemala,1984,0,0,0
5573,gtm,Guatemala,1985,0,0,3500
5574,gtm,Guatemala,1986,94,0,0
5575,gtm,Guatemala,1987,84,84,0
5576,gtm,Guatemala,1988,5,5,1550
5577,gtm,Guatemala,1989,93,10,0
5578,gtm,Guatemala,1990,257,0,0
5579,gtm,Guatemala,1991,238,37,0
5580,gtm,Guatemala,1992,206,0,0
5581,gtm,Guatemala,1993,0,0,0
5582,gtm,Guatemala,1994,10,10,0
5583,gtm,Guatemala,1995,31,31,280
5584,gtm,Guatemala,1996,98,0,0
5585,gtm,Guatemala,1997,36,0,0
5586,gtm,Guatemala,1998,452,435,0
5587,gtm,Guatemala,1999,105,14,3775
5588,gtm,Guatemala,2000,37,37,250
5589,gtm,Guatemala,2001,55,55,0
5590,gtm,Guatemala,2002,71,70,460
5591,gtm,Guatemala,2003,22,22,0
5592,gtm,Guatemala,2004,0,0,0
5593,gtm,Guatemala,2005,1583,1583,0
5594,gtm,Guatemala,2006,6,6,0
5595,gtm,Guatemala,2007,11,11,0
5596,gtm,Guatemala,2008,74,74,0
5597,gtm,Guatemala,2009,36,36,991
5598,gtm,Guatemala,2010,227,227,50640
5599,gtm,Guatemala,2011,83,83,0
5600,gtm,Guatemala,2012,44,44,0
5601,gtm,Guatemala,2013,9,1,0
5602,gtm,Guatemala,2014,12,12,9830
5603,gtm,Guatemala,2015,358,358,0
5604,gtm,Guatemala,2016,10,10,0
5605,gtm,Guatemala,2017,20,20,494
5606,gtm,Guatemala,2018,463,463,0
5607,gtm,Guatemala,2019,21,4,0
5608,gtm,Guatemala,2020,167,167,886
5609,gtm,Guatemala,2021,2,2,0
5610,gtm,Guatemala,2022,55,55,0
5611,gtm,Guatemala,2023,164,164,0
5612,gtm,Guatemala,2024,28,28,0
5613,gtm,Guatemala,2025,34,34,0
5614,gin,Guinea,1980,0,0,0
5615,gin,Guinea,1981,0,0,0
5616,gin,Guinea,1982,0,0,0
5617,gin,Guinea,1983,275,275,0
5618,gin,Guinea,1984,0,0,0
5619,gin,Guinea,1985,0,0,0
5620,gin,Guinea,1986,0,0,0
5621,gin,Guinea,1987,18,0,0
5622,gin,Guinea,1988,0,0,0
5623,gin,Guinea,1989,17,0,0
5624,gin,Guinea,1990,0,0,0
5625,gin,Guinea,1991,0,0,0
5626,gin,Guinea,1992,356,0,0
5627,gin,Guinea,1993,0,0,0
5628,gin,Guinea,1994,311,0,0
5629,gin,Guinea,1995,100,0,0
5630,gin,Guinea,1996,0,0,0
5631,gin,Guinea,1997,0,0,0
5632,gin,Guinea,1998,12,12,0
5633,gin,Guinea,1999,32,0,0
5634,gin,Guinea,2000,190,0,0
5635,gin,Guinea,2001,21,9,0
5636,gin,Guinea,2002,23,0,0
5637,gin,Guinea,2003,24,0,0
5638,gin,Guinea,2004,100,0,777
5639,gin,Guinea,2005,72,0,0
5640,gin,Guinea,2006,129,0,0
5641,gin,Guinea,2007,90,0,0
5642,gin,Guinea,2008,0,0,0
5643,gin,Guinea,2009,2,2,0
5644,gin,Guinea,2010,8,8,0
5645,gin,Guinea,2011,0,0,4000
5646,gin,Guinea,2012,105,0,0
5647,gin,Guinea,2013,0,0,0
5648,gin,Guinea,2014,2544,0,0
5649,gin,Guinea,2015,16,16,0
5650,gin,Guinea,2016,0,0,0
5651,gin,Guinea,2017,0,0,0
5652,gin,Guinea,2018,0,0,0
5653,gin,Guinea,2019,0,0,0
5654,gin,Guinea,2020,0,0,0
5655,gin,Guinea,2021,6,5,1972
5656,gin,Guinea,2022,0,0,0
5657,gin,Guinea,2023,8,8,0
5658,gin,Guinea,2024,5,5,0
5659,gin,Guinea,2025,15,15,0
5660,gnb,Guinea-Bissau,1910,0,0,0
5661,gnb,Guinea-Bissau,1911,0,0,0
5662,gnb,Guinea-Bissau,1912,0,0,0
5663,gnb,Guinea-Bissau,1913,0,0,0
5664,gnb,Guinea-Bissau,1914,0,0,0
5665,gnb,Guinea-Bissau,1915,0,0,0
5666,gnb,Guinea-Bissau,1916,0,0,0
5667,gnb,Guinea-Bissau,1917,0,0,0
5668,gnb,Guinea-Bissau,1918,0,0,0
5669,gnb,Guinea-Bissau,1919,0,0,0
5670,gnb,Guinea-Bissau,1920,0,0,0
5671,gnb,Guinea-Bissau,1921,0,0,0
5672,gnb,Guinea-Bissau,1922,0,0,0
5673,gnb,Guinea-Bissau,1923,0,0,0
5674,gnb,Guinea-Bissau,1924,0,0,0
5675,gnb,Guinea-Bissau,1925,0,0,0
5676,gnb,Guinea-Bissau,1926,0,0,0
5677,gnb,Guinea-Bissau,1927,0,0,0
5678,gnb,Guinea-Bissau,1928,0,0,0
5679,gnb,Guinea-Bissau,1929,0,0,0
5680,gnb,Guinea-Bissau,1930,0,0,0
5681,gnb,Guinea-Bissau,1931,0,0,0
5682,gnb,Guinea-Bissau,1932,0,0,0
5683,gnb,Guinea-Bissau,1933,0,0,0
5684,gnb,Guinea-Bissau,1934,0,0,0
5685,gnb,Guinea-Bissau,1935,0,0,0
5686,gnb,Guinea-Bissau,1936,0,0,0
5687,gnb,Guinea-Bissau,1937,0,0,0
5688,gnb,Guinea-Bissau,1938,0,0,0
5689,gnb,Guinea-Bissau,1939,0,0,0
5690,gnb,Guinea-Bissau,1940,0,0,0
5691,gnb,Guinea-Bissau,1941,0,0,0
5692,gnb,Guinea-Bissau,1942,0,0,0
5693,gnb,Guinea-Bissau,1943,0,0,0
5694,gnb,Guinea-Bissau,1944,0,0,0
5695,gnb,Guinea-Bissau,1945,0,0,0
5696,gnb,Guinea-Bissau,1946,0,0,0
5697,gnb,Guinea-Bissau,1947,0,0,0
5698,gnb,Guinea-Bissau,1948,0,0,0
5699,gnb,Guinea-Bissau,1949,0,0,0
5700,gnb,Guinea-Bissau,1950,0,0,0
5701,gnb,Guinea-Bissau,1951,0,0,0
5702,gnb,Guinea-Bissau,1952,0,0,0
5703,gnb,Guinea-Bissau,1953,0,0,0
5704,gnb,Guinea-Bissau,1954,0,0,0
5705,gnb,Guinea-Bissau,1955,0,0,0
5706,gnb,Guinea-Bissau,1956,0,0,0
5707,gnb,Guinea-Bissau,1957,0,0,0
5708,gnb,Guinea-Bissau,1958,0,0,0
5709,gnb,Guinea-Bissau,1959,0,0,0
5710,gnb,Guinea-Bissau,1960,0,0,0
5711,gnb,Guinea-Bissau,1961,0,0,0
5712,gnb,Guinea-Bissau,1962,0,0,0
5713,gnb,Guinea-Bissau,1963,0,0,0
5714,gnb,Guinea-Bissau,1964,0,0,0
5715,gnb,Guinea-Bissau,1965,0,0,0
5716,gnb,Guinea-Bissau,1966,0,0,0
5717,gnb,Guinea-Bissau,1967,0,0,0
5718,gnb,Guinea-Bissau,1968,0,0,0
5719,gnb,Guinea-Bissau,1969,0,0,0
5720,gnb,Guinea-Bissau,1970,0,0,0
5721,gnb,Guinea-Bissau,1971,0,0,0
5722,gnb,Guinea-Bissau,1972,0,0,0
5723,gnb,Guinea-Bissau,1973,0,0,0
5724,gnb,Guinea-Bissau,1974,0,0,0
5725,gnb,Guinea-Bissau,1975,0,0,0
5726,gnb,Guinea-Bissau,1976,0,0,0
5727,gnb,Guinea-Bissau,1977,0,0,0
5728,gnb,Guinea-Bissau,1978,0,0,0
5729,gnb,Guinea-Bissau,1979,0,0,0
5730,gnb,Guinea-Bissau,1980,0,0,0
5731,gnb,Guinea-Bissau,1981,0,0,0
5732,gnb,Guinea-Bissau,1982,0,0,0
5733,gnb,Guinea-Bissau,1983,0,0,0
5734,gnb,Guinea-Bissau,1984,0,0,0
5735,gnb,Guinea-Bissau,1985,0,0,0
5736,gnb,Guinea-Bissau,1986,0,0,0
5737,gnb,Guinea-Bissau,1987,69,1,3700
5738,gnb,Guinea-Bissau,1988,0,0,0
5739,gnb,Guinea-Bissau,1989,0,0,0
5740,gnb,Guinea-Bissau,1990,0,0,0
5741,gnb,Guinea-Bissau,1991,0,0,0
5742,gnb,Guinea-Bissau,1992,0,0,0
5743,gnb,Guinea-Bissau,1993,0,0,0
5744,gnb,Guinea-Bissau,1994,195,0,0
5745,gnb,Guinea-Bissau,1995,14,0,0
5746,gnb,Guinea-Bissau,1996,961,0,0
5747,gnb,Guinea-Bissau,1997,781,0,0
5748,gnb,Guinea-Bissau,1998,203,3,300
5749,gnb,Guinea-Bissau,1999,404,0,0
5750,gnb,Guinea-Bissau,2000,0,0,0
5751,gnb,Guinea-Bissau,2001,0,0,0
5752,gnb,Guinea-Bissau,2002,0,0,0
5753,gnb,Guinea-Bissau,2003,0,0,0
5754,gnb,Guinea-Bissau,2004,6,3,1000
5755,gnb,Guinea-Bissau,2005,399,0,0
5756,gnb,Guinea-Bissau,2006,0,0,0
5757,gnb,Guinea-Bissau,2007,0,0,0
5758,gnb,Guinea-Bissau,2008,221,0,750
5759,gnb,Guinea-Bissau,2009,0,0,0
5760,gnb,Guinea-Bissau,2010,2,2,0
5761,gnb,Guinea-Bissau,2011,0,0,0
5762,gnb,Guinea-Bissau,2012,0,0,0
5763,gnb,Guinea-Bissau,2013,0,0,0
5764,gnb,Guinea-Bissau,2014,0,0,0
5765,gnb,Guinea-Bissau,2015,0,0,0
5766,gnb,Guinea-Bissau,2016,0,0,0
5767,gnb,Guinea-Bissau,2017,0,0,0
5768,gnb,Guinea-Bissau,2018,3,3,0
5769,gnb,Guinea-Bissau,2019,0,0,0
5770,gnb,Guinea-Bissau,2020,0,0,0
5771,gnb,Guinea-Bissau,2021,0,0,0
5772,gnb,Guinea-Bissau,2022,0,0,0
5773,gnb,Guinea-Bissau,2023,0,0,0
5774,gnb,Guinea-Bissau,2024,0,0,0
5775,gnb,Guinea-Bissau,2025,0,0,0
5776,guy,Guyana,1971,0,0,0
5777,guy,Guyana,1972,0,0,0
5778,guy,Guyana,1973,0,0,0
5779,guy,Guyana,1974,0,0,0
5780,guy,Guyana,1975,0,0,0
5781,guy,Guyana,1976,0,0,0
5782,guy,Guyana,1977,0,0,0
5783,guy,Guyana,1978,900,0,0
5784,guy,Guyana,1979,1,0,0
5785,guy,Guyana,1980,0,0,0
5786,guy,Guyana,1981,0,0,0
5787,guy,Guyana,1982,0,0,0
5788,guy,Guyana,1983,0,0,0
5789,guy,Guyana,1984,0,0,0
5790,guy,Guyana,1985,0,0,0
5791,guy,Guyana,1986,0,0,0
5792,guy,Guyana,1987,0,0,0
5793,guy,Guyana,1988,0,0,0
5794,guy,Guyana,1989,0,0,0
5795,guy,Guyana,1990,0,0,0
5796,guy,Guyana,1991,0,0,0
5797,guy,Guyana,1992,0,0,0
5798,guy,Guyana,1993,0,0,0
5799,guy,Guyana,1994,0,0,0
5800,guy,Guyana,1995,0,0,0
5801,guy,Guyana,1996,0,0,10000
5802,guy,Guyana,1997,0,0,0
5803,guy,Guyana,1998,0,0,0
5804,guy,Guyana,1999,0,0,0
5805,guy,Guyana,2000,0,0,0
5806,guy,Guyana,2001,0,0,0
5807,guy,Guyana,2002,0,0,0
5808,guy,Guyana,2003,0,0,0
5809,guy,Guyana,2004,0,0,0
5810,guy,Guyana,2005,34,34,0
5811,guy,Guyana,2006,0,0,0
5812,guy,Guyana,2007,0,0,0
5813,guy,Guyana,2008,0,0,0
5814,guy,Guyana,2009,0,0,0
5815,guy,Guyana,2010,0,0,0
5816,guy,Guyana,2011,0,0,0
5817,guy,Guyana,2012,0,0,0
5818,guy,Guyana,2013,0,0,0
5819,guy,Guyana,2014,0,0,0
5820,guy,Guyana,2015,0,0,0
5821,guy,Guyana,2016,0,0,0
5822,guy,Guyana,2017,0,0,0
5823,guy,Guyana,2018,0,0,0
5824,guy,Guyana,2019,0,0,0
5825,guy,Guyana,2020,0,0,0
5826,guy,Guyana,2021,0,0,0
5827,guy,Guyana,2022,0,0,0
5828,guy,Guyana,2023,0,0,0
5829,guy,Guyana,2024,0,0,0
5830,guy,Guyana,2025,0,0,0
5831,hti,Haiti,1909,150,150,0
5832,hti,Haiti,1910,0,0,0
5833,hti,Haiti,1911,0,0,0
5834,hti,Haiti,1912,0,0,0
5835,hti,Haiti,1913,0,0,0
5836,hti,Haiti,1914,0,0,0
5837,hti,Haiti,1915,1600,1600,0
5838,hti,Haiti,1916,0,0,0
5839,hti,Haiti,1917,0,0,0
5840,hti,Haiti,1918,0,0,0
5841,hti,Haiti,1919,0,0,0
5842,hti,Haiti,1920,0,0,0
5843,hti,Haiti,1921,0,0,0
5844,hti,Haiti,1922,0,0,0
5845,hti,Haiti,1923,0,0,0
5846,hti,Haiti,1924,0,0,0
5847,hti,Haiti,1925,0,0,0
5848,hti,Haiti,1926,0,0,0
5849,hti,Haiti,1927,0,0,0
5850,hti,Haiti,1928,0,0,0
5851,hti,Haiti,1929,0,0,0
5852,hti,Haiti,1930,0,0,0
5853,hti,Haiti,1931,0,0,0
5854,hti,Haiti,1932,0,0,0
5855,hti,Haiti,1933,0,0,0
5856,hti,Haiti,1934,0,0,0
5857,hti,Haiti,1935,2150,2150,0
5858,hti,Haiti,1936,0,0,0
5859,hti,Haiti,1937,0,0,0
5860,hti,Haiti,1938,0,0,0
5861,hti,Haiti,1939,0,0,0
5862,hti,Haiti,1940,0,0,0
5863,hti,Haiti,1941,0,0,0
5864,hti,Haiti,1942,0,0,0
5865,hti,Haiti,1943,0,0,0
5866,hti,Haiti,1944,0,0,0
5867,hti,Haiti,1945,0,0,0
5868,hti,Haiti,1946,0,0,0
5869,hti,Haiti,1947,0,0,0
5870,hti,Haiti,1948,0,0,0
5871,hti,Haiti,1949,0,0,0
5872,hti,Haiti,1950,0,0,0
5873,hti,Haiti,1951,0,0,0
5874,hti,Haiti,1952,6,6,0
5875,hti,Haiti,1953,0,0,0
5876,hti,Haiti,1954,672,672,0
5877,hti,Haiti,1955,0,0,0
5878,hti,Haiti,1956,0,0,0
5879,hti,Haiti,1957,0,0,0
5880,hti,Haiti,1958,0,0,0
5881,hti,Haiti,1959,50,50,0
5882,hti,Haiti,1960,0,0,0
5883,hti,Haiti,1961,0,0,0
5884,hti,Haiti,1962,26,26,0
5885,hti,Haiti,1963,5500,5500,0
5886,hti,Haiti,1964,100,100,0
5887,hti,Haiti,1965,0,0,0
5888,hti,Haiti,1966,480,480,0
5889,hti,Haiti,1967,0,0,0
5890,hti,Haiti,1968,0,0,0
5891,hti,Haiti,1969,0,0,0
5892,hti,Haiti,1970,0,0,0
5893,hti,Haiti,1971,0,0,0
5894,hti,Haiti,1972,78,78,0
5895,hti,Haiti,1973,0,0,0
5896,hti,Haiti,1974,0,0,0
5897,hti,Haiti,1975,0,0,0
5898,hti,Haiti,1976,0,0,0
5899,hti,Haiti,1977,0,0,0
5900,hti,Haiti,1978,0,0,0
5901,hti,Haiti,1979,8,8,0
5902,hti,Haiti,1980,220,220,835000
5903,hti,Haiti,1981,0,0,0
5904,hti,Haiti,1982,0,0,0
5905,hti,Haiti,1983,0,0,0
5906,hti,Haiti,1984,0,0,0
5907,hti,Haiti,1985,0,0,0
5908,hti,Haiti,1986,349,148,13200
5909,hti,Haiti,1987,33,33,355
5910,hti,Haiti,1988,81,81,700
5911,hti,Haiti,1989,0,0,1000
5912,hti,Haiti,1990,0,0,0
5913,hti,Haiti,1991,0,0,0
5914,hti,Haiti,1992,103,0,0
5915,hti,Haiti,1993,1813,13,0
5916,hti,Haiti,1994,1152,1122,87000
5917,hti,Haiti,1995,47,0,0
5918,hti,Haiti,1996,245,84,115
5919,hti,Haiti,1997,480,0,0
5920,hti,Haiti,1998,246,190,0
5921,hti,Haiti,1999,26,13,50
5922,hti,Haiti,2000,12,12,1200
5923,hti,Haiti,2001,26,26,0
5924,hti,Haiti,2002,35,35,0
5925,hti,Haiti,2003,128,88,12470
5926,hti,Haiti,2004,5422,5422,16548
5927,hti,Haiti,2005,88,88,185
5928,hti,Haiti,2006,16,16,0
5929,hti,Haiti,2007,163,163,16109
5930,hti,Haiti,2008,698,698,30
5931,hti,Haiti,2009,21,21,9910
5932,hti,Haiti,2010,229549,222641,0
5933,hti,Haiti,2011,39,39,540
5934,hti,Haiti,2012,180,130,33330
5935,hti,Haiti,2013,6,6,33265
5936,hti,Haiti,2014,12,12,0
5937,hti,Haiti,2015,181,11,1966
5938,hti,Haiti,2016,599,599,2780
5939,hti,Haiti,2017,35,35,342
5940,hti,Haiti,2018,17,17,0
5941,hti,Haiti,2019,14,14,150
5942,hti,Haiti,2020,39,39,0
5943,hti,Haiti,2021,2582,2582,0
5944,hti,Haiti,2022,520,9,950
5945,hti,Haiti,2023,80,80,0
5946,hti,Haiti,2024,44,44,75
5947,hti,Haiti,2025,57,57,0
5948,hnd,Honduras,1931,1500,1500,0
5949,hnd,Honduras,1932,0,0,0
5950,hnd,Honduras,1933,0,0,0
5951,hnd,Honduras,1934,0,0,0
5952,hnd,Honduras,1935,14,0,0
5953,hnd,Honduras,1936,0,0,0
5954,hnd,Honduras,1937,0,0,0
5955,hnd,Honduras,1938,0,0,0
5956,hnd,Honduras,1939,0,0,0
5957,hnd,Honduras,1940,0,0,0
5958,hnd,Honduras,1941,0,0,0
5959,hnd,Honduras,1942,0,0,0
5960,hnd,Honduras,1943,0,0,0
5961,hnd,Honduras,1944,0,0,0
5962,hnd,Honduras,1945,0,0,0
5963,hnd,Honduras,1946,0,0,0
5964,hnd,Honduras,1947,0,0,0
5965,hnd,Honduras,1948,0,0,0
5966,hnd,Honduras,1949,0,0,0
5967,hnd,Honduras,1950,0,0,0
5968,hnd,Honduras,1951,0,0,0
5969,hnd,Honduras,1952,0,0,0
5970,hnd,Honduras,1953,0,0,0
5971,hnd,Honduras,1954,0,0,0
5972,hnd,Honduras,1955,0,0,0
5973,hnd,Honduras,1956,0,0,0
5974,hnd,Honduras,1957,0,0,0
5975,hnd,Honduras,1958,0,0,0
5976,hnd,Honduras,1959,0,0,0
5977,hnd,Honduras,1960,0,0,0
5978,hnd,Honduras,1961,275,275,0
5979,hnd,Honduras,1962,0,0,0
5980,hnd,Honduras,1963,0,0,0
5981,hnd,Honduras,1964,0,0,0
5982,hnd,Honduras,1965,7,0,0
5983,hnd,Honduras,1966,0,0,0
5984,hnd,Honduras,1967,0,0,0
5985,hnd,Honduras,1968,0,0,0
5986,hnd,Honduras,1969,0,0,0
5987,hnd,Honduras,1970,0,0,0
5988,hnd,Honduras,1971,37,0,0
5989,hnd,Honduras,1972,0,0,0
5990,hnd,Honduras,1973,2800,2800,0
5991,hnd,Honduras,1974,8000,8000,0
5992,hnd,Honduras,1975,0,0,0
5993,hnd,Honduras,1976,20,20,0
5994,hnd,Honduras,1977,0,0,0
5995,hnd,Honduras,1978,0,0,7500
5996,hnd,Honduras,1979,1,1,0
5997,hnd,Honduras,1980,0,0,0
5998,hnd,Honduras,1981,0,0,0
5999,hnd,Honduras,1982,130,130,0
6000,hnd,Honduras,1983,0,0,0
6001,hnd,Honduras,1984,0,0,0
6002,hnd,Honduras,1985,21,0,0
6003,hnd,Honduras,1986,50,0,0
6004,hnd,Honduras,1987,0,0,0
6005,hnd,Honduras,1988,19,19,925
6006,hnd,Honduras,1989,151,10,0
6007,hnd,Honduras,1990,38,5,6000
6008,hnd,Honduras,1991,0,0,0
6009,hnd,Honduras,1992,0,0,0
6010,hnd,Honduras,1993,413,413,0
6011,hnd,Honduras,1994,151,151,15500
6012,hnd,Honduras,1995,37,32,0
6013,hnd,Honduras,1996,8,8,0
6014,hnd,Honduras,1997,0,0,0
6015,hnd,Honduras,1998,14617,14600,0
6016,hnd,Honduras,1999,34,34,3000
6017,hnd,Honduras,2000,6,6,0
6018,hnd,Honduras,2001,21,21,25270
6019,hnd,Honduras,2002,18,10,144
6020,hnd,Honduras,2003,10,10,0
6021,hnd,Honduras,2004,0,0,0
6022,hnd,Honduras,2005,61,61,800
6023,hnd,Honduras,2006,4,4,0
6024,hnd,Honduras,2007,7,7,1865
6025,hnd,Honduras,2008,67,67,0
6026,hnd,Honduras,2009,14,7,0
6027,hnd,Honduras,2010,211,144,7998
6028,hnd,Honduras,2011,33,33,0
6029,hnd,Honduras,2012,0,0,0
6030,hnd,Honduras,2013,27,0,0
6031,hnd,Honduras,2014,4,4,0
6032,hnd,Honduras,2015,0,0,0
6033,hnd,Honduras,2016,7,7,0
6034,hnd,Honduras,2017,21,21,50
6035,hnd,Honduras,2018,6,6,0
6036,hnd,Honduras,2019,128,0,0
6037,hnd,Honduras,2020,132,132,0
6038,hnd,Honduras,2021,0,0,0
6039,hnd,Honduras,2022,14,14,0
6040,hnd,Honduras,2023,5,5,0
6041,hnd,Honduras,2024,3,3,0
6042,hnd,Honduras,2025,17,17,0
6043,hkg,"Hong Kong, China",1906,10000,10000,0
6044,hkg,"Hong Kong, China",1907,0,0,0
6045,hkg,"Hong Kong, China",1908,0,0,0
6046,hkg,"Hong Kong, China",1909,0,0,0
6047,hkg,"Hong Kong, China",1910,0,0,0
6048,hkg,"Hong Kong, China",1911,0,0,0
6049,hkg,"Hong Kong, China",1912,0,0,0
6050,hkg,"Hong Kong, China",1913,0,0,0
6051,hkg,"Hong Kong, China",1914,0,0,0
6052,hkg,"Hong Kong, China",1915,0,0,0
6053,hkg,"Hong Kong, China",1916,0,0,0
6054,hkg,"Hong Kong, China",1917,0,0,0
6055,hkg,"Hong Kong, China",1918,0,0,0
6056,hkg,"Hong Kong, China",1919,0,0,0
6057,hkg,"Hong Kong, China",1920,0,0,0
6058,hkg,"Hong Kong, China",1921,0,0,0
6059,hkg,"Hong Kong, China",1922,0,0,0
6060,hkg,"Hong Kong, China",1923,100,100,0
6061,hkg,"Hong Kong, China",1924,0,0,0
6062,hkg,"Hong Kong, China",1925,0,0,0
6063,hkg,"Hong Kong, China",1926,0,0,0
6064,hkg,"Hong Kong, China",1927,0,0,0
6065,hkg,"Hong Kong, China",1928,0,0,0
6066,hkg,"Hong Kong, China",1929,0,0,0
6067,hkg,"Hong Kong, China",1930,0,0,0
6068,hkg,"Hong Kong, China",1931,0,0,0
6069,hkg,"Hong Kong, China",1932,0,0,0
6070,hkg,"Hong Kong, China",1933,0,0,0
6071,hkg,"Hong Kong, China",1934,0,0,0
6072,hkg,"Hong Kong, China",1935,0,0,0
6073,hkg,"Hong Kong, China",1936,0,0,0
6074,hkg,"Hong Kong, China",1937,11000,11000,0
6075,hkg,"Hong Kong, China",1938,0,0,0
6076,hkg,"Hong Kong, China",1939,0,0,0
6077,hkg,"Hong Kong, China",1940,0,0,0
6078,hkg,"Hong Kong, China",1941,0,0,0
6079,hkg,"Hong Kong, China",1942,0,0,0
6080,hkg,"Hong Kong, China",1943,0,0,0
6081,hkg,"Hong Kong, China",1944,0,0,0
6082,hkg,"Hong Kong, China",1945,0,0,0
6083,hkg,"Hong Kong, China",1946,0,0,0
6084,hkg,"Hong Kong, China",1947,2000,2000,0
6085,hkg,"Hong Kong, China",1948,135,0,0
6086,hkg,"Hong Kong, China",1949,0,0,0
6087,hkg,"Hong Kong, China",1950,0,0,0
6088,hkg,"Hong Kong, China",1951,0,0,0
6089,hkg,"Hong Kong, China",1952,0,0,0
6090,hkg,"Hong Kong, China",1953,0,0,0
6091,hkg,"Hong Kong, China",1954,0,0,0
6092,hkg,"Hong Kong, China",1955,0,0,0
6093,hkg,"Hong Kong, China",1956,0,0,0
6094,hkg,"Hong Kong, China",1957,8,8,0
6095,hkg,"Hong Kong, China",1958,0,0,0
6096,hkg,"Hong Kong, China",1959,43,43,0
6097,hkg,"Hong Kong, China",1960,60,60,0
6098,hkg,"Hong Kong, China",1961,7,7,1171
6099,hkg,"Hong Kong, China",1962,183,183,0
6100,hkg,"Hong Kong, China",1963,0,0,0
6101,hkg,"Hong Kong, China",1964,70,70,0
6102,hkg,"Hong Kong, China",1965,5,5,200
6103,hkg,"Hong Kong, China",1966,144,144,2672
6104,hkg,"Hong Kong, China",1967,0,0,0
6105,hkg,"Hong Kong, China",1968,22,22,0
6106,hkg,"Hong Kong, China",1969,0,0,0
6107,hkg,"Hong Kong, China",1970,0,0,368
6108,hkg,"Hong Kong, China",1971,115,115,1000
6109,hkg,"Hong Kong, China",1972,238,238,13855
6110,hkg,"Hong Kong, China",1973,1,1,0
6111,hkg,"Hong Kong, China",1974,1,1,0
6112,hkg,"Hong Kong, China",1975,3,3,1430
6113,hkg,"Hong Kong, China",1976,38,38,2424
6114,hkg,"Hong Kong, China",1977,1,1,131
6115,hkg,"Hong Kong, China",1978,11,11,418
6116,hkg,"Hong Kong, China",1979,13,13,1096
6117,hkg,"Hong Kong, China",1980,2,2,0
6118,hkg,"Hong Kong, China",1981,0,0,0
6119,hkg,"Hong Kong, China",1982,31,31,12700
6120,hkg,"Hong Kong, China",1983,23,23,11766
6121,hkg,"Hong Kong, China",1984,0,0,4650
6122,hkg,"Hong Kong, China",1985,2,2,0
6123,hkg,"Hong Kong, China",1986,5,5,0
6124,hkg,"Hong Kong, China",1987,10,10,0
6125,hkg,"Hong Kong, China",1988,0,0,0
6126,hkg,"Hong Kong, China",1989,12,12,1691
6127,hkg,"Hong Kong, China",1990,130,0,0
6128,hkg,"Hong Kong, China",1991,22,22,0
6129,hkg,"Hong Kong, China",1992,7,7,320
6130,hkg,"Hong Kong, China",1993,29,8,119
6131,hkg,"Hong Kong, China",1994,1,1,0
6132,hkg,"Hong Kong, China",1995,18,0,0
6133,hkg,"Hong Kong, China",1996,57,0,0
6134,hkg,"Hong Kong, China",1997,81,81,0
6135,hkg,"Hong Kong, China",1998,0,0,0
6136,hkg,"Hong Kong, China",1999,5,2,0
6137,hkg,"Hong Kong, China",2000,0,0,0
6138,hkg,"Hong Kong, China",2001,0,0,0
6139,hkg,"Hong Kong, China",2002,0,0,0
6140,hkg,"Hong Kong, China",2003,4,4,0
6141,hkg,"Hong Kong, China",2004,0,0,0
6142,hkg,"Hong Kong, China",2005,0,0,0
6143,hkg,"Hong Kong, China",2006,0,0,0
6144,hkg,"Hong Kong, China",2007,0,0,0
6145,hkg,"Hong Kong, China",2008,2,2,0
6146,hkg,"Hong Kong, China",2009,0,0,0
6147,hkg,"Hong Kong, China",2010,1,1,0
6148,hkg,"Hong Kong, China",2011,0,0,0
6149,hkg,"Hong Kong, China",2012,0,0,0
6150,hkg,"Hong Kong, China",2013,0,0,0
6151,hkg,"Hong Kong, China",2014,0,0,0
6152,hkg,"Hong Kong, China",2015,0,0,0
6153,hkg,"Hong Kong, China",2016,0,0,0
6154,hkg,"Hong Kong, China",2017,1,1,0
6155,hkg,"Hong Kong, China",2018,0,0,0
6156,hkg,"Hong Kong, China",2019,0,0,0
6157,hkg,"Hong Kong, China",2020,0,0,0
6158,hkg,"Hong Kong, China",2021,2,2,0
6159,hkg,"Hong Kong, China",2022,0,0,0
6160,hkg,"Hong Kong, China",2023,0,0,0
6161,hkg,"Hong Kong, China",2024,0,0,0
6162,hkg,"Hong Kong, China",2025,0,0,0
6163,hun,Hungary,1941,12,0,0
6164,hun,Hungary,1942,0,0,0
6165,hun,Hungary,1943,0,0,0
6166,hun,Hungary,1944,0,0,0
6167,hun,Hungary,1945,0,0,0
6168,hun,Hungary,1946,0,0,0
6169,hun,Hungary,1947,0,0,0
6170,hun,Hungary,1948,0,0,0
6171,hun,Hungary,1949,0,0,0
6172,hun,Hungary,1950,0,0,0
6173,hun,Hungary,1951,0,0,0
6174,hun,Hungary,1952,0,0,0
6175,hun,Hungary,1953,0,0,0
6176,hun,Hungary,1954,0,0,0
6177,hun,Hungary,1955,0,0,0
6178,hun,Hungary,1956,0,0,0
6179,hun,Hungary,1957,0,0,0
6180,hun,Hungary,1958,0,0,0
6181,hun,Hungary,1959,0,0,0
6182,hun,Hungary,1960,0,0,0
6183,hun,Hungary,1961,0,0,0
6184,hun,Hungary,1962,0,0,0
6185,hun,Hungary,1963,0,0,0
6186,hun,Hungary,1964,0,0,0
6187,hun,Hungary,1965,0,0,0
6188,hun,Hungary,1966,0,0,0
6189,hun,Hungary,1967,0,0,0
6190,hun,Hungary,1968,0,0,0
6191,hun,Hungary,1969,0,0,0
6192,hun,Hungary,1970,300,300,0
6193,hun,Hungary,1971,0,0,0
6194,hun,Hungary,1972,0,0,0
6195,hun,Hungary,1973,0,0,0
6196,hun,Hungary,1974,0,0,0
6197,hun,Hungary,1975,0,0,0
6198,hun,Hungary,1976,0,0,0
6199,hun,Hungary,1977,0,0,0
6200,hun,Hungary,1978,0,0,0
6201,hun,Hungary,1979,0,0,0
6202,hun,Hungary,1980,0,0,0
6203,hun,Hungary,1981,0,0,0
6204,hun,Hungary,1982,0,0,0
6205,hun,Hungary,1983,0,0,0
6206,hun,Hungary,1984,4,4,0
6207,hun,Hungary,1985,0,0,0
6208,hun,Hungary,1986,0,0,0
6209,hun,Hungary,1987,0,0,0
6210,hun,Hungary,1988,0,0,0
6211,hun,Hungary,1989,0,0,0
6212,hun,Hungary,1990,0,0,0
6213,hun,Hungary,1991,0,0,0
6214,hun,Hungary,1992,16,0,0
6215,hun,Hungary,1993,0,0,0
6216,hun,Hungary,1994,31,0,0
6217,hun,Hungary,1995,0,0,0
6218,hun,Hungary,1996,11,0,200
6219,hun,Hungary,1997,0,0,0
6220,hun,Hungary,1998,0,0,0
6221,hun,Hungary,1999,48,48,2054
6222,hun,Hungary,2000,1,1,0
6223,hun,Hungary,2001,81,81,0
6224,hun,Hungary,2002,0,0,0
6225,hun,Hungary,2003,0,0,0
6226,hun,Hungary,2004,0,0,9
6227,hun,Hungary,2005,52,52,0
6228,hun,Hungary,2006,5,5,0
6229,hun,Hungary,2007,500,500,0
6230,hun,Hungary,2008,17,17,0
6231,hun,Hungary,2009,0,0,0
6232,hun,Hungary,2010,1,1,0
6233,hun,Hungary,2011,0,0,0
6234,hun,Hungary,2012,16,16,0
6235,hun,Hungary,2013,0,0,0
6236,hun,Hungary,2014,0,0,0
6237,hun,Hungary,2015,0,0,0
6238,hun,Hungary,2016,0,0,0
6239,hun,Hungary,2017,0,0,0
6240,hun,Hungary,2018,179,179,0
6241,hun,Hungary,2019,0,0,0
6242,hun,Hungary,2020,0,0,0
6243,hun,Hungary,2021,0,0,0
6244,hun,Hungary,2022,513,513,0
6245,hun,Hungary,2023,294,294,0
6246,hun,Hungary,2024,1443,1443,0
6247,hun,Hungary,2025,362,362,0
6248,isl,Iceland,1973,0,0,0
6249,isl,Iceland,1974,12,12,0
6250,isl,Iceland,1975,0,0,0
6251,isl,Iceland,1976,1,1,0
6252,isl,Iceland,1977,0,0,0
6253,isl,Iceland,1978,0,0,0
6254,isl,Iceland,1979,0,0,0
6255,isl,Iceland,1980,0,0,0
6256,isl,Iceland,1981,0,0,0
6257,isl,Iceland,1982,0,0,0
6258,isl,Iceland,1983,4,4,0
6259,isl,Iceland,1984,0,0,0
6260,isl,Iceland,1985,0,0,0
6261,isl,Iceland,1986,0,0,0
6262,isl,Iceland,1987,0,0,0
6263,isl,Iceland,1988,0,0,0
6264,isl,Iceland,1989,0,0,0
6265,isl,Iceland,1990,0,0,0
6266,isl,Iceland,1991,0,0,0
6267,isl,Iceland,1992,0,0,0
6268,isl,Iceland,1993,0,0,0
6269,isl,Iceland,1994,0,0,0
6270,isl,Iceland,1995,34,34,0
6271,isl,Iceland,1996,0,0,0
6272,isl,Iceland,1997,0,0,0
6273,isl,Iceland,1998,0,0,0
6274,isl,Iceland,1999,0,0,0
6275,isl,Iceland,2000,0,0,69
6276,isl,Iceland,2001,0,0,0
6277,isl,Iceland,2002,0,0,0
6278,isl,Iceland,2003,0,0,0
6279,isl,Iceland,2004,0,0,0
6280,isl,Iceland,2005,0,0,0
6281,isl,Iceland,2006,0,0,0
6282,isl,Iceland,2007,0,0,0
6283,isl,Iceland,2008,0,0,0
6284,isl,Iceland,2009,0,0,0
6285,isl,Iceland,2010,0,0,0
6286,isl,Iceland,2011,0,0,0
6287,isl,Iceland,2012,0,0,0
6288,isl,Iceland,2013,0,0,0
6289,isl,Iceland,2014,0,0,0
6290,isl,Iceland,2015,0,0,0
6291,isl,Iceland,2016,0,0,0
6292,isl,Iceland,2017,0,0,0
6293,isl,Iceland,2018,0,0,0
6294,isl,Iceland,2019,0,0,0
6295,isl,Iceland,2020,0,0,0
6296,isl,Iceland,2021,0,0,0
6297,isl,Iceland,2022,0,0,0
6298,isl,Iceland,2023,0,0,0
6299,isl,Iceland,2024,0,0,0
6300,isl,Iceland,2025,0,0,0
6301,ind,India,1900,1250000,1250000,0
6302,ind,India,1901,0,0,0
6303,ind,India,1902,0,0,0
6304,ind,India,1903,0,0,0
6305,ind,India,1904,0,0,0
6306,ind,India,1905,20000,20000,0
6307,ind,India,1906,0,0,0
6308,ind,India,1907,1300000,0,0
6309,ind,India,1908,20,0,0
6310,ind,India,1909,0,0,0
6311,ind,India,1910,39,0,0
6312,ind,India,1911,0,0,0
6313,ind,India,1912,0,0,0
6314,ind,India,1913,0,0,0
6315,ind,India,1914,0,0,0
6316,ind,India,1915,0,0,0
6317,ind,India,1916,300,300,0
6318,ind,India,1917,0,0,0
6319,ind,India,1918,0,0,0
6320,ind,India,1919,0,0,0
6321,ind,India,1920,2500000,0,0
6322,ind,India,1921,0,0,0
6323,ind,India,1922,0,0,0
6324,ind,India,1923,0,0,0
6325,ind,India,1924,301242,1242,0
6326,ind,India,1925,80,80,0
6327,ind,India,1926,423000,0,0
6328,ind,India,1927,685,685,0
6329,ind,India,1928,36,36,2000
6330,ind,India,1929,0,0,0
6331,ind,India,1930,0,0,0
6332,ind,India,1931,0,0,0
6333,ind,India,1932,0,0,0
6334,ind,India,1933,0,0,0
6335,ind,India,1934,0,0,0
6336,ind,India,1935,60100,60100,0
6337,ind,India,1936,438,233,0
6338,ind,India,1937,107,0,0
6339,ind,India,1938,0,0,0
6340,ind,India,1939,0,0,0
6341,ind,India,1940,0,0,0
6342,ind,India,1941,0,0,0
6343,ind,India,1942,1540000,1540000,0
6344,ind,India,1943,5020,5000,0
6345,ind,India,1944,318,304,0
6346,ind,India,1945,0,0,2000
6347,ind,India,1946,0,0,0
6348,ind,India,1947,625,0,0
6349,ind,India,1948,500,500,0
6350,ind,India,1949,1000,1000,0
6351,ind,India,1950,1735,1735,0
6352,ind,India,1951,0,0,0
6353,ind,India,1952,750,750,0
6354,ind,India,1953,491,480,0
6355,ind,India,1954,30,30,0
6356,ind,India,1955,2120,2120,375000
6357,ind,India,1956,318,290,77000
6358,ind,India,1957,187,187,0
6359,ind,India,1958,912,708,0
6360,ind,India,1959,621,621,0
6361,ind,India,1960,237,237,0
6362,ind,India,1961,3457,3457,2000
6363,ind,India,1962,173,173,0
6364,ind,India,1963,512,512,0
6365,ind,India,1964,732,732,0
6366,ind,India,1965,1500560,1500100,0
6367,ind,India,1966,80,80,0
6368,ind,India,1967,4606,1477,0
6369,ind,India,1968,7459,7459,0
6370,ind,India,1969,815,815,0
6371,ind,India,1970,1053,1053,352000
6372,ind,India,1971,11041,11041,2000000
6373,ind,India,1972,230,230,0
6374,ind,India,1973,309,261,0
6375,ind,India,1974,280,280,0
6376,ind,India,1975,1291,898,7002000
6377,ind,India,1976,323,270,0
6378,ind,India,1977,14766,14766,5432400
6379,ind,India,1978,8076,5635,0
6380,ind,India,1979,3210,1519,10000
6381,ind,India,1980,3946,2856,0
6382,ind,India,1981,1936,1658,0
6383,ind,India,1982,2210,2076,0
6384,ind,India,1983,1784,1634,14000
6385,ind,India,1984,9288,1574,10000
6386,ind,India,1985,4373,2162,450000
6387,ind,India,1986,2072,800,2850000
6388,ind,India,1987,2667,1880,1500
6389,ind,India,1988,8900,3511,0
6390,ind,India,1989,2930,1915,2000
6391,ind,India,1990,4077,2361,2000
6392,ind,India,1991,3787,2641,400000
6393,ind,India,1992,2086,1252,500
6394,ind,India,1993,12016,11251,120000
6395,ind,India,1994,3492,2395,62500
6396,ind,India,1995,4201,2934,1117285
6397,ind,India,1996,4486,2876,100000
6398,ind,India,1997,4052,2476,32000
6399,ind,India,1998,10686,8617,0
6400,ind,India,1999,12799,11178,810500
6401,ind,India,2000,2810,2568,252000
6402,ind,India,2001,21555,21466,1792000
6403,ind,India,2002,2991,2811,5200
6404,ind,India,2003,2251,2251,236345
6405,ind,India,2004,17737,17737,105000
6406,ind,India,2005,5041,4291,464000
6407,ind,India,2006,1431,1431,4150000
6408,ind,India,2007,2236,2236,0
6409,ind,India,2008,1808,1808,2400000
6410,ind,India,2009,2204,1893,4000
6411,ind,India,2010,1344,1344,907000
6412,ind,India,2011,1038,1038,325000
6413,ind,India,2012,599,599,37500
6414,ind,India,2013,7119,7119,0
6415,ind,India,2014,1072,1072,650200
6416,ind,India,2015,3400,3400,54097
6417,ind,India,2016,1129,1129,2000000
6418,ind,India,2017,2346,2346,60100
6419,ind,India,2018,1396,1396,223050
6420,ind,India,2019,2428,2307,0
6421,ind,India,2020,2316,2316,0
6422,ind,India,2021,2126,2126,450
6423,ind,India,2022,2210,2210,0
6424,ind,India,2023,2135,2135,200
6425,ind,India,2024,1507,1507,3115
6426,ind,India,2025,801,801,2500
6427,idn,Indonesia,1909,40,0,0
6428,idn,Indonesia,1910,0,0,0
6429,idn,Indonesia,1911,0,0,0
6430,idn,Indonesia,1912,0,0,0
6431,idn,Indonesia,1913,138,138,0
6432,idn,Indonesia,1914,20,20,0
6433,idn,Indonesia,1915,0,0,0
6434,idn,Indonesia,1916,0,0,0
6435,idn,Indonesia,1917,15000,15000,0
6436,idn,Indonesia,1918,0,0,0
6437,idn,Indonesia,1919,5000,5000,0
6438,idn,Indonesia,1920,0,0,0
6439,idn,Indonesia,1921,0,0,0
6440,idn,Indonesia,1922,0,0,0
6441,idn,Indonesia,1923,0,0,0
6442,idn,Indonesia,1924,787,787,11250
6443,idn,Indonesia,1925,0,0,0
6444,idn,Indonesia,1926,0,0,0
6445,idn,Indonesia,1927,50,50,0
6446,idn,Indonesia,1928,128,128,0
6447,idn,Indonesia,1929,0,0,0
6448,idn,Indonesia,1930,1369,1369,0
6449,idn,Indonesia,1931,1300,1300,0
6450,idn,Indonesia,1932,6,6,3325
6451,idn,Indonesia,1933,0,0,0
6452,idn,Indonesia,1934,0,0,0
6453,idn,Indonesia,1935,0,0,0
6454,idn,Indonesia,1936,26,26,845
6455,idn,Indonesia,1937,0,0,0
6456,idn,Indonesia,1938,0,0,4710
6457,idn,Indonesia,1939,0,0,0
6458,idn,Indonesia,1940,0,0,0
6459,idn,Indonesia,1941,0,0,0
6460,idn,Indonesia,1942,13,0,0
6461,idn,Indonesia,1943,213,213,0
6462,idn,Indonesia,1944,0,0,0
6463,idn,Indonesia,1945,0,0,0
6464,idn,Indonesia,1946,0,0,0
6465,idn,Indonesia,1947,0,0,0
6466,idn,Indonesia,1948,0,0,0
6467,idn,Indonesia,1949,0,0,0
6468,idn,Indonesia,1950,16,16,0
6469,idn,Indonesia,1951,1300,1300,0
6470,idn,Indonesia,1952,0,0,0
6471,idn,Indonesia,1953,114,114,0
6472,idn,Indonesia,1954,37,37,0
6473,idn,Indonesia,1955,405,405,0
6474,idn,Indonesia,1956,300,300,0
6475,idn,Indonesia,1957,0,0,0
6476,idn,Indonesia,1958,8,8,475
6477,idn,Indonesia,1959,0,0,0
6478,idn,Indonesia,1960,0,0,0
6479,idn,Indonesia,1961,0,0,0
6480,idn,Indonesia,1962,0,0,0
6481,idn,Indonesia,1963,1690,1690,0
6482,idn,Indonesia,1964,0,0,0
6483,idn,Indonesia,1965,71,71,0
6484,idn,Indonesia,1966,9264,9264,0
6485,idn,Indonesia,1967,499,299,58290
6486,idn,Indonesia,1968,252,212,0
6487,idn,Indonesia,1969,64,64,6435
6488,idn,Indonesia,1970,132,82,0
6489,idn,Indonesia,1971,1,1,0
6490,idn,Indonesia,1972,72,0,0
6491,idn,Indonesia,1973,1702,1650,0
6492,idn,Indonesia,1974,10,10,0
6493,idn,Indonesia,1975,0,0,0
6494,idn,Indonesia,1976,1354,1354,0
6495,idn,Indonesia,1977,327,210,0
6496,idn,Indonesia,1978,226,133,15000
6497,idn,Indonesia,1979,1094,1082,32000
6498,idn,Indonesia,1980,253,253,3800
6499,idn,Indonesia,1981,1438,1007,11000
6500,idn,Indonesia,1982,654,603,2000
6501,idn,Indonesia,1983,265,41,0
6502,idn,Indonesia,1984,388,258,20000
6503,idn,Indonesia,1985,52,52,0
6504,idn,Indonesia,1986,510,259,50000
6505,idn,Indonesia,1987,783,459,1800
6506,idn,Indonesia,1988,475,229,2500
6507,idn,Indonesia,1989,486,144,5500
6508,idn,Indonesia,1990,522,230,0
6509,idn,Indonesia,1991,781,230,1000
6510,idn,Indonesia,1992,2910,2632,104345
6511,idn,Indonesia,1993,372,134,0
6512,idn,Indonesia,1994,678,609,11330
6513,idn,Indonesia,1995,278,239,45685
6514,idn,Indonesia,1996,845,285,18090
6515,idn,Indonesia,1997,1793,933,0
6516,idn,Indonesia,1998,1644,41,27750
6517,idn,Indonesia,1999,1045,106,2700
6518,idn,Indonesia,2000,564,539,61145
6519,idn,Indonesia,2001,587,587,29600
6520,idn,Indonesia,2002,290,273,0
6521,idn,Indonesia,2003,534,534,140
6522,idn,Indonesia,2004,166604,165946,532898
6523,idn,Indonesia,2005,1238,1238,0
6524,idn,Indonesia,2006,7421,7421,708365
6525,idn,Indonesia,2007,979,576,46675
6526,idn,Indonesia,2008,141,141,2920
6527,idn,Indonesia,2009,1485,1485,0
6528,idn,Indonesia,2010,1294,1294,4830
6529,idn,Indonesia,2011,129,129,10095
6530,idn,Indonesia,2012,107,107,3845
6531,idn,Indonesia,2013,173,173,0
6532,idn,Indonesia,2014,243,243,7250
6533,idn,Indonesia,2015,84,84,175
6534,idn,Indonesia,2016,271,271,8920
6535,idn,Indonesia,2017,99,99,2235
6536,idn,Indonesia,2018,5310,5310,70000
6537,idn,Indonesia,2019,466,466,5880
6538,idn,Indonesia,2020,210,210,70
6539,idn,Indonesia,2021,511,511,2250
6540,idn,Indonesia,2022,404,404,196935
6541,idn,Indonesia,2023,96,96,60
6542,idn,Indonesia,2024,290,290,70
6543,idn,Indonesia,2025,1509,1509,162
6544,irn,Iran,1903,350,350,0
6545,irn,Iran,1904,0,0,0
6546,irn,Iran,1905,0,0,0
6547,irn,Iran,1906,0,0,0
6548,irn,Iran,1907,0,0,0
6549,irn,Iran,1908,0,0,0
6550,irn,Iran,1909,5000,5000,0
6551,irn,Iran,1910,0,0,0
6552,irn,Iran,1911,700,700,0
6553,irn,Iran,1912,0,0,0
6554,irn,Iran,1913,0,0,0
6555,irn,Iran,1914,0,0,0
6556,irn,Iran,1915,0,0,0
6557,irn,Iran,1916,0,0,0
6558,irn,Iran,1917,0,0,0
6559,irn,Iran,1918,0,0,0
6560,irn,Iran,1919,0,0,0
6561,irn,Iran,1920,0,0,0
6562,irn,Iran,1921,0,0,0
6563,irn,Iran,1922,0,0,0
6564,irn,Iran,1923,2647,2647,0
6565,irn,Iran,1924,0,0,0
6566,irn,Iran,1925,500,500,0
6567,irn,Iran,1926,0,0,0
6568,irn,Iran,1927,0,0,0
6569,irn,Iran,1928,0,0,0
6570,irn,Iran,1929,3253,3253,0
6571,irn,Iran,1930,1360,1360,0
6572,irn,Iran,1931,0,0,0
6573,irn,Iran,1932,1070,1070,0
6574,irn,Iran,1933,0,0,0
6575,irn,Iran,1934,0,0,0
6576,irn,Iran,1935,750,750,0
6577,irn,Iran,1936,12,12,0
6578,irn,Iran,1937,0,0,0
6579,irn,Iran,1938,0,0,0
6580,irn,Iran,1939,0,0,0
6581,irn,Iran,1940,0,0,0
6582,irn,Iran,1941,730,730,0
6583,irn,Iran,1942,0,0,0
6584,irn,Iran,1943,0,0,0
6585,irn,Iran,1944,20,20,0
6586,irn,Iran,1945,20,20,0
6587,irn,Iran,1946,0,0,0
6588,irn,Iran,1947,400,400,0
6589,irn,Iran,1948,200,200,0
6590,irn,Iran,1949,0,0,0
6591,irn,Iran,1950,72,72,0
6592,irn,Iran,1951,225,225,0
6593,irn,Iran,1952,0,0,0
6594,irn,Iran,1953,1871,1871,0
6595,irn,Iran,1954,2000,2000,0
6596,irn,Iran,1955,0,0,0
6597,irn,Iran,1956,1350,1350,0
6598,irn,Iran,1957,5666,5666,0
6599,irn,Iran,1958,191,191,0
6600,irn,Iran,1959,0,0,0
6601,irn,Iran,1960,480,480,0
6602,irn,Iran,1961,60,60,0
6603,irn,Iran,1962,12000,12000,0
6604,irn,Iran,1963,0,0,0
6605,irn,Iran,1964,0,0,0
6606,irn,Iran,1965,308,20,0
6607,irn,Iran,1966,42,42,0
6608,irn,Iran,1967,0,0,0
6609,irn,Iran,1968,10768,10768,0
6610,irn,Iran,1969,70,70,0
6611,irn,Iran,1970,253,219,0
6612,irn,Iran,1971,0,0,0
6613,irn,Iran,1972,5117,5117,0
6614,irn,Iran,1973,0,0,0
6615,irn,Iran,1974,0,0,0
6616,irn,Iran,1975,14,14,0
6617,irn,Iran,1976,16,16,0
6618,irn,Iran,1977,1114,1114,0
6619,irn,Iran,1978,25430,25045,0
6620,irn,Iran,1979,565,565,0
6621,irn,Iran,1980,524,306,150000
6622,irn,Iran,1981,3508,3458,0
6623,irn,Iran,1982,0,0,0
6624,irn,Iran,1983,33,33,375
6625,irn,Iran,1984,0,0,0
6626,irn,Iran,1985,1,1,0
6627,irn,Iran,1986,369,266,0
6628,irn,Iran,1987,867,867,0
6629,irn,Iran,1988,381,91,0
6630,irn,Iran,1989,100,100,200
6631,irn,Iran,1990,40063,40042,106310
6632,irn,Iran,1991,104,78,15000
6633,irn,Iran,1992,134,68,6500
6634,irn,Iran,1993,963,805,15000
6635,irn,Iran,1994,251,53,0
6636,irn,Iran,1995,30,27,250
6637,irn,Iran,1996,58,58,2000
6638,irn,Iran,1997,2904,2781,64000
6639,irn,Iran,1998,269,211,16000
6640,irn,Iran,1999,291,102,4070
6641,irn,Iran,2000,88,12,6000
6642,irn,Iran,2001,476,476,0
6643,irn,Iran,2002,291,291,4500
6644,irn,Iran,2003,26817,26817,67130
6645,irn,Iran,2004,69,69,4000
6646,irn,Iran,2005,734,734,1750
6647,irn,Iran,2006,77,77,0
6648,irn,Iran,2007,24,24,0
6649,irn,Iran,2008,56,56,0
6650,irn,Iran,2009,0,0,0
6651,irn,Iran,2010,10,10,3500
6652,irn,Iran,2011,0,0,0
6653,irn,Iran,2012,319,319,0
6654,irn,Iran,2013,45,45,1500
6655,irn,Iran,2014,38,38,12000
6656,irn,Iran,2015,52,52,2000
6657,irn,Iran,2016,4,4,2000
6658,irn,Iran,2017,509,509,1845
6659,irn,Iran,2018,11,11,3000
6660,irn,Iran,2019,83,83,2000
6661,irn,Iran,2020,52,52,0
6662,irn,Iran,2021,26,26,0
6663,irn,Iran,2022,103,103,150
6664,irn,Iran,2023,9,9,0
6665,irn,Iran,2024,48,48,0
6666,irn,Iran,2025,16,16,0
6667,irq,Iraq,1954,0,0,0
6668,irq,Iraq,1955,0,0,0
6669,irq,Iraq,1956,0,0,0
6670,irq,Iraq,1957,0,0,0
6671,irq,Iraq,1958,0,0,0
6672,irq,Iraq,1959,0,0,0
6673,irq,Iraq,1960,0,0,0
6674,irq,Iraq,1961,0,0,0
6675,irq,Iraq,1962,0,0,0
6676,irq,Iraq,1963,0,0,0
6677,irq,Iraq,1964,0,0,0
6678,irq,Iraq,1965,0,0,0
6679,irq,Iraq,1966,0,0,0
6680,irq,Iraq,1967,0,0,60000
6681,irq,Iraq,1968,0,0,0
6682,irq,Iraq,1969,0,0,0
6683,irq,Iraq,1970,0,0,0
6684,irq,Iraq,1971,0,0,0
6685,irq,Iraq,1972,459,0,0
6686,irq,Iraq,1973,0,0,0
6687,irq,Iraq,1974,0,0,0
6688,irq,Iraq,1975,0,0,0
6689,irq,Iraq,1976,0,0,0
6690,irq,Iraq,1977,0,0,0
6691,irq,Iraq,1978,1,0,0
6692,irq,Iraq,1979,0,0,0
6693,irq,Iraq,1980,59,0,0
6694,irq,Iraq,1981,0,0,0
6695,irq,Iraq,1982,0,0,0
6696,irq,Iraq,1983,0,0,0
6697,irq,Iraq,1984,0,0,0
6698,irq,Iraq,1985,0,0,0
6699,irq,Iraq,1986,0,0,0
6700,irq,Iraq,1987,0,0,0
6701,irq,Iraq,1988,26,0,0
6702,irq,Iraq,1989,750,0,0
6703,irq,Iraq,1990,0,0,0
6704,irq,Iraq,1991,20,20,500
6705,irq,Iraq,1992,0,0,0
6706,irq,Iraq,1993,0,0,0
6707,irq,Iraq,1994,25,0,0
6708,irq,Iraq,1995,73,0,0
6709,irq,Iraq,1996,0,0,0
6710,irq,Iraq,1997,0,0,0
6711,irq,Iraq,1998,0,0,0
6712,irq,Iraq,1999,0,0,0
6713,irq,Iraq,2000,0,0,0
6714,irq,Iraq,2001,0,0,0
6715,irq,Iraq,2002,0,0,0
6716,irq,Iraq,2003,0,0,0
6717,irq,Iraq,2004,0,0,0
6718,irq,Iraq,2005,0,0,0
6719,irq,Iraq,2006,20,20,0
6720,irq,Iraq,2007,24,0,0
6721,irq,Iraq,2008,15,4,600
6722,irq,Iraq,2009,2,2,0
6723,irq,Iraq,2010,0,0,0
6724,irq,Iraq,2011,6,6,2000
6725,irq,Iraq,2012,4,4,0
6726,irq,Iraq,2013,11,11,0
6727,irq,Iraq,2014,0,0,0
6728,irq,Iraq,2015,58,58,0
6729,irq,Iraq,2016,0,0,0
6730,irq,Iraq,2017,10,10,0
6731,irq,Iraq,2018,21,21,0
6732,irq,Iraq,2019,10,10,0
6733,irq,Iraq,2020,8,8,0
6734,irq,Iraq,2021,16,16,0
6735,irq,Iraq,2022,1,1,0
6736,irq,Iraq,2023,3,3,0
6737,irq,Iraq,2024,3,3,0
6738,irq,Iraq,2025,6,6,0
6739,irl,Ireland,1943,10,0,0
6740,irl,Ireland,1944,0,0,0
6741,irl,Ireland,1945,0,0,0
6742,irl,Ireland,1946,0,0,0
6743,irl,Ireland,1947,0,0,0
6744,irl,Ireland,1948,0,0,0
6745,irl,Ireland,1949,0,0,0
6746,irl,Ireland,1950,0,0,0
6747,irl,Ireland,1951,0,0,0
6748,irl,Ireland,1952,0,0,0
6749,irl,Ireland,1953,0,0,0
6750,irl,Ireland,1954,0,0,0
6751,irl,Ireland,1955,0,0,0
6752,irl,Ireland,1956,0,0,0
6753,irl,Ireland,1957,0,0,0
6754,irl,Ireland,1958,0,0,0
6755,irl,Ireland,1959,0,0,0
6756,irl,Ireland,1960,0,0,0
6757,irl,Ireland,1961,0,0,0
6758,irl,Ireland,1962,0,0,0
6759,irl,Ireland,1963,0,0,0
6760,irl,Ireland,1964,0,0,0
6761,irl,Ireland,1965,0,0,0
6762,irl,Ireland,1966,0,0,0
6763,irl,Ireland,1967,0,0,0
6764,irl,Ireland,1968,0,0,0
6765,irl,Ireland,1969,0,0,0
6766,irl,Ireland,1970,0,0,0
6767,irl,Ireland,1971,0,0,0
6768,irl,Ireland,1972,0,0,0
6769,irl,Ireland,1973,0,0,0
6770,irl,Ireland,1974,0,0,0
6771,irl,Ireland,1975,0,0,0
6772,irl,Ireland,1976,0,0,0
6773,irl,Ireland,1977,0,0,0
6774,irl,Ireland,1978,0,0,0
6775,irl,Ireland,1979,50,0,0
6776,irl,Ireland,1980,0,0,0
6777,irl,Ireland,1981,46,0,0
6778,irl,Ireland,1982,0,0,0
6779,irl,Ireland,1983,10,10,0
6780,irl,Ireland,1984,0,0,0
6781,irl,Ireland,1985,329,0,0
6782,irl,Ireland,1986,11,11,0
6783,irl,Ireland,1987,0,0,0
6784,irl,Ireland,1988,0,0,0
6785,irl,Ireland,1989,0,0,0
6786,irl,Ireland,1990,2,2,0
6787,irl,Ireland,1991,0,0,0
6788,irl,Ireland,1992,0,0,0
6789,irl,Ireland,1993,3,3,0
6790,irl,Ireland,1994,29,0,0
6791,irl,Ireland,1995,0,0,0
6792,irl,Ireland,1996,2,2,0
6793,irl,Ireland,1997,0,0,0
6794,irl,Ireland,1998,2,2,0
6795,irl,Ireland,1999,8,8,0
6796,irl,Ireland,2000,3,1,0
6797,irl,Ireland,2001,0,0,0
6798,irl,Ireland,2002,0,0,0
6799,irl,Ireland,2003,0,0,0
6800,irl,Ireland,2004,0,0,0
6801,irl,Ireland,2005,0,0,0
6802,irl,Ireland,2006,0,0,0
6803,irl,Ireland,2007,7,7,0
6804,irl,Ireland,2008,0,0,0
6805,irl,Ireland,2009,0,0,0
6806,irl,Ireland,2010,0,0,0
6807,irl,Ireland,2011,2,2,0
6808,irl,Ireland,2012,0,0,0
6809,irl,Ireland,2013,0,0,0
6810,irl,Ireland,2014,1,1,0
6811,irl,Ireland,2015,1,1,0
6812,irl,Ireland,2016,0,0,0
6813,irl,Ireland,2017,0,0,0
6814,irl,Ireland,2018,2,2,0
6815,irl,Ireland,2019,0,0,0
6816,irl,Ireland,2020,0,0,0
6817,irl,Ireland,2021,0,0,0
6818,irl,Ireland,2022,27,27,0
6819,irl,Ireland,2023,60,60,0
6820,irl,Ireland,2024,37,37,0
6821,irl,Ireland,2025,13,13,0
6822,isr,Israel,1903,20,20,0
6823,isr,Israel,1904,0,0,0
6824,isr,Israel,1905,0,0,0
6825,isr,Israel,1906,0,0,0
6826,isr,Israel,1907,0,0,0
6827,isr,Israel,1908,0,0,0
6828,isr,Israel,1909,0,0,0
6829,isr,Israel,1910,0,0,0
6830,isr,Israel,1911,0,0,0
6831,isr,Israel,1912,0,0,0
6832,isr,Israel,1913,0,0,0
6833,isr,Israel,1914,0,0,0
6834,isr,Israel,1915,0,0,0
6835,isr,Israel,1916,0,0,0
6836,isr,Israel,1917,0,0,0
6837,isr,Israel,1918,0,0,0
6838,isr,Israel,1919,0,0,0
6839,isr,Israel,1920,0,0,0
6840,isr,Israel,1921,0,0,0
6841,isr,Israel,1922,0,0,0
6842,isr,Israel,1923,0,0,0
6843,isr,Israel,1924,0,0,0
6844,isr,Israel,1925,0,0,0
6845,isr,Israel,1926,0,0,0
6846,isr,Israel,1927,0,0,0
6847,isr,Israel,1928,0,0,0
6848,isr,Israel,1929,0,0,0
6849,isr,Israel,1930,0,0,0
6850,isr,Israel,1931,0,0,0
6851,isr,Israel,1932,0,0,0
6852,isr,Israel,1933,0,0,0
6853,isr,Israel,1934,0,0,0
6854,isr,Israel,1935,0,0,0
6855,isr,Israel,1936,0,0,0
6856,isr,Israel,1937,0,0,0
6857,isr,Israel,1938,0,0,0
6858,isr,Israel,1939,0,0,0
6859,isr,Israel,1940,0,0,0
6860,isr,Israel,1941,0,0,0
6861,isr,Israel,1942,0,0,0
6862,isr,Israel,1943,0,0,0
6863,isr,Israel,1944,0,0,0
6864,isr,Israel,1945,0,0,0
6865,isr,Israel,1946,0,0,0
6866,isr,Israel,1947,0,0,0
6867,isr,Israel,1948,0,0,0
6868,isr,Israel,1949,0,0,0
6869,isr,Israel,1950,0,0,0
6870,isr,Israel,1951,0,0,0
6871,isr,Israel,1952,0,0,0
6872,isr,Israel,1953,0,0,0
6873,isr,Israel,1954,0,0,0
6874,isr,Israel,1955,0,0,0
6875,isr,Israel,1956,0,0,0
6876,isr,Israel,1957,0,0,0
6877,isr,Israel,1958,0,0,0
6878,isr,Israel,1959,0,0,0
6879,isr,Israel,1960,0,0,0
6880,isr,Israel,1961,0,0,0
6881,isr,Israel,1962,0,0,0
6882,isr,Israel,1963,0,0,0
6883,isr,Israel,1964,0,0,0
6884,isr,Israel,1965,0,0,0
6885,isr,Israel,1966,0,0,0
6886,isr,Israel,1967,0,0,0
6887,isr,Israel,1968,0,0,0
6888,isr,Israel,1969,0,0,0
6889,isr,Israel,1970,20,20,0
6890,isr,Israel,1971,0,0,0
6891,isr,Israel,1972,0,0,0
6892,isr,Israel,1973,0,0,0
6893,isr,Israel,1974,0,0,0
6894,isr,Israel,1975,0,0,0
6895,isr,Israel,1976,0,0,0
6896,isr,Israel,1977,0,0,0
6897,isr,Israel,1978,0,0,0
6898,isr,Israel,1979,0,0,0
6899,isr,Israel,1980,0,0,0
6900,isr,Israel,1981,0,0,0
6901,isr,Israel,1982,0,0,0
6902,isr,Israel,1983,0,0,0
6903,isr,Israel,1984,0,0,0
6904,isr,Israel,1985,22,0,0
6905,isr,Israel,1986,0,0,0
6906,isr,Israel,1987,0,0,0
6907,isr,Israel,1988,0,0,0
6908,isr,Israel,1989,0,0,0
6909,isr,Israel,1990,40,0,0
6910,isr,Israel,1991,5,5,0
6911,isr,Israel,1992,23,0,0
6912,isr,Israel,1993,0,0,0
6913,isr,Israel,1994,0,0,0
6914,isr,Israel,1995,0,0,0
6915,isr,Israel,1996,0,0,0
6916,isr,Israel,1997,88,15,0
6917,isr,Israel,1998,0,0,0
6918,isr,Israel,1999,0,0,0
6919,isr,Israel,2000,15,3,0
6920,isr,Israel,2001,0,0,0
6921,isr,Israel,2002,0,0,0
6922,isr,Israel,2003,0,0,0
6923,isr,Israel,2004,0,0,0
6924,isr,Israel,2005,0,0,0
6925,isr,Israel,2006,0,0,0
6926,isr,Israel,2007,0,0,0
6927,isr,Israel,2008,0,0,0
6928,isr,Israel,2009,0,0,0
6929,isr,Israel,2010,46,46,0
6930,isr,Israel,2011,0,0,0
6931,isr,Israel,2012,0,0,0
6932,isr,Israel,2013,4,4,0
6933,isr,Israel,2014,0,0,0
6934,isr,Israel,2015,0,0,0
6935,isr,Israel,2016,0,0,0
6936,isr,Israel,2017,0,0,0
6937,isr,Israel,2018,12,12,0
6938,isr,Israel,2019,0,0,0
6939,isr,Israel,2020,7,7,0
6940,isr,Israel,2021,0,0,0
6941,isr,Israel,2022,0,0,0
6942,isr,Israel,2023,0,0,0
6943,isr,Israel,2024,0,0,0
6944,isr,Israel,2025,0,0,0
6945,ita,Italy,1905,557,557,20100
6946,ita,Italy,1906,700,700,0
6947,ita,Italy,1907,0,0,0
6948,ita,Italy,1908,75000,75000,0
6949,ita,Italy,1909,0,0,0
6950,ita,Italy,1910,0,0,0
6951,ita,Italy,1911,0,0,0
6952,ita,Italy,1912,0,0,0
6953,ita,Italy,1913,0,0,0
6954,ita,Italy,1914,120,120,669
6955,ita,Italy,1915,29980,29980,0
6956,ita,Italy,1916,0,0,0
6957,ita,Italy,1917,0,0,0
6958,ita,Italy,1918,0,0,0
6959,ita,Italy,1919,0,0,0
6960,ita,Italy,1920,1400,1400,0
6961,ita,Italy,1921,0,0,0
6962,ita,Italy,1922,100,100,0
6963,ita,Italy,1923,0,0,0
6964,ita,Italy,1924,0,0,0
6965,ita,Italy,1925,0,0,0
6966,ita,Italy,1926,0,0,0
6967,ita,Italy,1927,0,0,0
6968,ita,Italy,1928,0,0,0
6969,ita,Italy,1929,0,0,0
6970,ita,Italy,1930,1901,1901,0
6971,ita,Italy,1931,0,0,0
6972,ita,Italy,1932,0,0,0
6973,ita,Italy,1933,10,10,0
6974,ita,Italy,1934,0,0,0
6975,ita,Italy,1935,12,0,0
6976,ita,Italy,1936,0,0,0
6977,ita,Italy,1937,0,0,0
6978,ita,Italy,1938,54,0,0
6979,ita,Italy,1939,10,10,0
6980,ita,Italy,1940,0,0,0
6981,ita,Italy,1941,0,0,0
6982,ita,Italy,1942,0,0,0
6983,ita,Italy,1943,0,0,0
6984,ita,Italy,1944,547,26,14000
6985,ita,Italy,1945,0,0,0
6986,ita,Italy,1946,0,0,0
6987,ita,Italy,1947,0,0,0
6988,ita,Italy,1948,105,105,0
6989,ita,Italy,1949,0,0,0
6990,ita,Italy,1950,0,0,0
6991,ita,Italy,1951,163,163,173500
6992,ita,Italy,1952,0,0,0
6993,ita,Italy,1953,100,100,4000
6994,ita,Italy,1954,297,297,5466
6995,ita,Italy,1955,29,0,0
6996,ita,Italy,1956,0,0,0
6997,ita,Italy,1957,0,0,0
6998,ita,Italy,1958,0,0,0
6999,ita,Italy,1959,0,0,0
7000,ita,Italy,1960,12,12,0
7001,ita,Italy,1961,0,0,0
7002,ita,Italy,1962,16,16,30000
7003,ita,Italy,1963,1917,1917,0
7004,ita,Italy,1964,0,0,0
7005,ita,Italy,1965,92,92,0
7006,ita,Italy,1966,70,70,1300000
7007,ita,Italy,1967,0,0,0
7008,ita,Italy,1968,296,296,3000
7009,ita,Italy,1969,0,0,0
7010,ita,Italy,1970,72,72,1650
7011,ita,Italy,1971,22,22,0
7012,ita,Italy,1972,3,3,0
7013,ita,Italy,1973,38,38,0
7014,ita,Italy,1974,0,0,0
7015,ita,Italy,1975,12,12,0
7016,ita,Italy,1976,987,945,327000
7017,ita,Italy,1977,23,23,0
7018,ita,Italy,1978,49,6,0
7019,ita,Italy,1979,14,14,5000
7020,ita,Italy,1980,4793,4689,0
7021,ita,Italy,1981,12,12,0
7022,ita,Italy,1982,0,0,0
7023,ita,Italy,1983,82,7,1000
7024,ita,Italy,1984,33,4,4300
7025,ita,Italy,1985,375,329,0
7026,ita,Italy,1986,21,2,0
7027,ita,Italy,1987,127,90,0
7028,ita,Italy,1988,32,0,0
7029,ita,Italy,1989,25,0,0
7030,ita,Italy,1990,77,27,2500
7031,ita,Italy,1991,140,0,0
7032,ita,Italy,1992,14,2,0
7033,ita,Italy,1993,34,8,0
7034,ita,Italy,1994,99,72,10300
7035,ita,Italy,1995,49,0,0
7036,ita,Italy,1996,28,17,0
7037,ita,Italy,1997,127,36,38000
7038,ita,Italy,1998,221,170,219
7039,ita,Italy,1999,63,1,0
7040,ita,Italy,2000,44,44,0
7041,ita,Italy,2001,0,0,0
7042,ita,Italy,2002,37,34,9500
7043,ita,Italy,2003,20092,20092,0
7044,ita,Italy,2004,2,2,0
7045,ita,Italy,2005,9,9,0
7046,ita,Italy,2006,5,5,0
7047,ita,Italy,2007,17,17,0
7048,ita,Italy,2008,9,9,0
7049,ita,Italy,2009,340,340,75000
7050,ita,Italy,2010,3,3,0
7051,ita,Italy,2011,26,26,0
7052,ita,Italy,2012,75,75,14000
7053,ita,Italy,2013,18,18,0
7054,ita,Italy,2014,15,15,1000
7055,ita,Italy,2015,7,7,0
7056,ita,Italy,2016,298,298,0
7057,ita,Italy,2017,45,45,0
7058,ita,Italy,2018,23,23,0
7059,ita,Italy,2019,7,7,0
7060,ita,Italy,2020,18,18,0
7061,ita,Italy,2021,1,1,0
7062,ita,Italy,2022,18047,18047,0
7063,ita,Italy,2023,12771,12771,0
7064,ita,Italy,2024,19042,19042,0
7065,ita,Italy,2025,6712,6712,0
7066,jam,Jamaica,1900,330,300,0
7067,jam,Jamaica,1901,0,0,0
7068,jam,Jamaica,1902,0,0,0
7069,jam,Jamaica,1903,65,65,0
7070,jam,Jamaica,1904,0,0,0
7071,jam,Jamaica,1905,0,0,0
7072,jam,Jamaica,1906,0,0,0
7073,jam,Jamaica,1907,1200,1200,0
7074,jam,Jamaica,1908,0,0,0
7075,jam,Jamaica,1909,53,53,0
7076,jam,Jamaica,1910,0,0,0
7077,jam,Jamaica,1911,0,0,0
7078,jam,Jamaica,1912,142,142,94820
7079,jam,Jamaica,1913,0,0,0
7080,jam,Jamaica,1914,0,0,0
7081,jam,Jamaica,1915,0,0,0
7082,jam,Jamaica,1916,0,0,0
7083,jam,Jamaica,1917,57,57,0
7084,jam,Jamaica,1918,0,0,0
7085,jam,Jamaica,1919,0,0,0
7086,jam,Jamaica,1920,0,0,0
7087,jam,Jamaica,1921,0,0,0
7088,jam,Jamaica,1922,0,0,0
7089,jam,Jamaica,1923,4,4,1300
7090,jam,Jamaica,1924,0,0,0
7091,jam,Jamaica,1925,0,0,0
7092,jam,Jamaica,1926,0,0,0
7093,jam,Jamaica,1927,0,0,0
7094,jam,Jamaica,1928,0,0,0
7095,jam,Jamaica,1929,0,0,0
7096,jam,Jamaica,1930,0,0,0
7097,jam,Jamaica,1931,0,0,0
7098,jam,Jamaica,1932,16,0,0
7099,jam,Jamaica,1933,63,63,0
7100,jam,Jamaica,1934,0,0,0
7101,jam,Jamaica,1935,0,0,0
7102,jam,Jamaica,1936,0,0,0
7103,jam,Jamaica,1937,151,151,0
7104,jam,Jamaica,1938,0,0,0
7105,jam,Jamaica,1939,0,0,0
7106,jam,Jamaica,1940,125,125,2000
7107,jam,Jamaica,1941,0,0,0
7108,jam,Jamaica,1942,0,0,0
7109,jam,Jamaica,1943,0,0,0
7110,jam,Jamaica,1944,32,32,2000
7111,jam,Jamaica,1945,0,0,0
7112,jam,Jamaica,1946,0,0,0
7113,jam,Jamaica,1947,0,0,0
7114,jam,Jamaica,1948,0,0,0
7115,jam,Jamaica,1949,0,0,0
7116,jam,Jamaica,1950,0,0,0
7117,jam,Jamaica,1951,154,154,0
7118,jam,Jamaica,1952,0,0,0
7119,jam,Jamaica,1953,0,0,0
7120,jam,Jamaica,1954,0,0,0
7121,jam,Jamaica,1955,0,0,0
7122,jam,Jamaica,1956,0,0,0
7123,jam,Jamaica,1957,175,0,0
7124,jam,Jamaica,1958,0,0,0
7125,jam,Jamaica,1959,0,0,0
7126,jam,Jamaica,1960,0,0,0
7127,jam,Jamaica,1961,0,0,0
7128,jam,Jamaica,1962,0,0,0
7129,jam,Jamaica,1963,11,11,0
7130,jam,Jamaica,1964,0,0,0
7131,jam,Jamaica,1965,0,0,0
7132,jam,Jamaica,1966,0,0,0
7133,jam,Jamaica,1967,0,0,0
7134,jam,Jamaica,1968,0,0,0
7135,jam,Jamaica,1969,0,0,0
7136,jam,Jamaica,1970,0,0,0
7137,jam,Jamaica,1971,0,0,0
7138,jam,Jamaica,1972,0,0,0
7139,jam,Jamaica,1973,6,6,0
7140,jam,Jamaica,1974,0,0,0
7141,jam,Jamaica,1975,17,0,0
7142,jam,Jamaica,1976,0,0,0
7143,jam,Jamaica,1977,0,0,0
7144,jam,Jamaica,1978,0,0,0
7145,jam,Jamaica,1979,44,44,50000
7146,jam,Jamaica,1980,193,6,0
7147,jam,Jamaica,1981,0,0,0
7148,jam,Jamaica,1982,0,0,0
7149,jam,Jamaica,1983,0,0,0
7150,jam,Jamaica,1984,0,0,0
7151,jam,Jamaica,1985,7,7,300
7152,jam,Jamaica,1986,54,54,0
7153,jam,Jamaica,1987,9,9,0
7154,jam,Jamaica,1988,49,49,0
7155,jam,Jamaica,1989,0,0,0
7156,jam,Jamaica,1990,0,0,0
7157,jam,Jamaica,1991,15,15,1340
7158,jam,Jamaica,1992,0,0,0
7159,jam,Jamaica,1993,9,9,82
7160,jam,Jamaica,1994,4,4,0
7161,jam,Jamaica,1995,0,0,0
7162,jam,Jamaica,1996,0,0,800
7163,jam,Jamaica,1997,0,0,0
7164,jam,Jamaica,1998,0,0,0
7165,jam,Jamaica,1999,0,0,0
7166,jam,Jamaica,2000,0,0,0
7167,jam,Jamaica,2001,1,1,200
7168,jam,Jamaica,2002,13,13,0
7169,jam,Jamaica,2003,0,0,0
7170,jam,Jamaica,2004,16,16,0
7171,jam,Jamaica,2005,6,6,0
7172,jam,Jamaica,2006,4,1,0
7173,jam,Jamaica,2007,5,5,1188
7174,jam,Jamaica,2008,13,13,0
7175,jam,Jamaica,2009,0,0,0
7176,jam,Jamaica,2010,15,15,0
7177,jam,Jamaica,2011,0,0,0
7178,jam,Jamaica,2012,2,2,0
7179,jam,Jamaica,2013,0,0,0
7180,jam,Jamaica,2014,0,0,0
7181,jam,Jamaica,2015,0,0,0
7182,jam,Jamaica,2016,0,0,0
7183,jam,Jamaica,2017,0,0,0
7184,jam,Jamaica,2018,0,0,0
7185,jam,Jamaica,2019,0,0,0
7186,jam,Jamaica,2020,0,0,0
7187,jam,Jamaica,2021,0,0,0
7188,jam,Jamaica,2022,0,0,0
7189,jam,Jamaica,2023,0,0,0
7190,jam,Jamaica,2024,6,6,0
7191,jam,Jamaica,2025,62,62,0
7192,jpn,Japan,1900,30,30,0
7193,jpn,Japan,1901,18,18,24
7194,jpn,Japan,1902,125,125,0
7195,jpn,Japan,1903,0,0,0
7196,jpn,Japan,1904,0,0,0
7197,jpn,Japan,1905,52,52,0
7198,jpn,Japan,1906,0,0,0
7199,jpn,Japan,1907,0,0,0
7200,jpn,Japan,1908,0,0,0
7201,jpn,Japan,1909,41,41,2928
7202,jpn,Japan,1910,1379,1379,0
7203,jpn,Japan,1911,12,12,1266
7204,jpn,Japan,1912,2000,1000,0
7205,jpn,Japan,1913,0,0,0
7206,jpn,Japan,1914,234,234,1920
7207,jpn,Japan,1915,0,0,0
7208,jpn,Japan,1916,0,0,0
7209,jpn,Japan,1917,4000,4000,0
7210,jpn,Japan,1918,0,0,0
7211,jpn,Japan,1919,0,0,0
7212,jpn,Japan,1920,40,0,0
7213,jpn,Japan,1921,0,0,0
7214,jpn,Japan,1922,27,27,0
7215,jpn,Japan,1923,150000,146200,0
7216,jpn,Japan,1924,0,0,0
7217,jpn,Japan,1925,395,395,9999
7218,jpn,Japan,1926,144,144,0
7219,jpn,Japan,1927,3022,3022,46782
7220,jpn,Japan,1928,0,0,0
7221,jpn,Japan,1929,0,0,0
7222,jpn,Japan,1930,259,259,24297
7223,jpn,Japan,1931,0,0,0
7224,jpn,Japan,1932,0,0,0
7225,jpn,Japan,1933,3000,3000,0
7226,jpn,Japan,1934,4506,3006,0
7227,jpn,Japan,1935,0,0,0
7228,jpn,Japan,1936,0,0,0
7229,jpn,Japan,1937,0,0,0
7230,jpn,Japan,1938,943,933,0
7231,jpn,Japan,1939,27,27,1437
7232,jpn,Japan,1940,0,0,0
7233,jpn,Japan,1941,18,0,0
7234,jpn,Japan,1942,0,0,0
7235,jpn,Japan,1943,2390,2390,23217
7236,jpn,Japan,1944,1223,1223,78438
7237,jpn,Japan,1945,6503,6503,21663
7238,jpn,Japan,1946,2000,2000,0
7239,jpn,Japan,1947,3930,3930,0
7240,jpn,Japan,1948,5999,5999,315000
7241,jpn,Japan,1949,617,617,0
7242,jpn,Japan,1950,1075,636,0
7243,jpn,Japan,1951,1249,1249,0
7244,jpn,Japan,1952,238,238,339
7245,jpn,Japan,1953,4246,4246,0
7246,jpn,Japan,1954,3425,2253,0
7247,jpn,Japan,1955,443,343,0
7248,jpn,Japan,1956,130,130,0
7249,jpn,Japan,1957,1101,1101,0
7250,jpn,Japan,1958,1950,1950,0
7251,jpn,Japan,1959,5305,5305,0
7252,jpn,Japan,1960,179,179,0
7253,jpn,Japan,1961,663,663,0
7254,jpn,Japan,1962,234,71,0
7255,jpn,Japan,1963,295,133,0
7256,jpn,Japan,1964,758,311,0
7257,jpn,Japan,1965,289,289,0
7258,jpn,Japan,1966,422,358,0
7259,jpn,Japan,1967,779,779,0
7260,jpn,Japan,1968,171,171,0
7261,jpn,Japan,1969,100,72,0
7262,jpn,Japan,1970,73,0,0
7263,jpn,Japan,1971,297,135,0
7264,jpn,Japan,1972,703,588,0
7265,jpn,Japan,1973,128,101,0
7266,jpn,Japan,1974,364,331,0
7267,jpn,Japan,1975,98,98,0
7268,jpn,Japan,1976,169,169,0
7269,jpn,Japan,1977,41,40,8000
7270,jpn,Japan,1978,88,67,3255
7271,jpn,Japan,1979,94,94,0
7272,jpn,Japan,1980,88,29,2000
7273,jpn,Japan,1981,203,203,22500
7274,jpn,Japan,1982,697,673,145000
7275,jpn,Japan,1983,465,465,1100
7276,jpn,Japan,1984,34,34,0
7277,jpn,Japan,1985,569,49,0
7278,jpn,Japan,1986,88,64,0
7279,jpn,Japan,1987,10,10,0
7280,jpn,Japan,1988,78,27,0
7281,jpn,Japan,1989,80,43,0
7282,jpn,Japan,1990,67,67,507
7283,jpn,Japan,1991,223,144,351
7284,jpn,Japan,1992,21,11,0
7285,jpn,Japan,1993,467,438,1620
7286,jpn,Japan,1994,274,10,0
7287,jpn,Japan,1995,5313,5300,251301
7288,jpn,Japan,1996,51,20,264
7289,jpn,Japan,1997,28,28,0
7290,jpn,Japan,1998,57,57,0
7291,jpn,Japan,1999,101,86,327011
7292,jpn,Japan,2000,32,32,312
7293,jpn,Japan,2001,25,25,12
7294,jpn,Japan,2002,13,13,36
7295,jpn,Japan,2003,46,46,2343
7296,jpn,Japan,2004,271,271,5800
7297,jpn,Japan,2005,136,136,0
7298,jpn,Japan,2006,62,62,99
7299,jpn,Japan,2007,87,87,40668
7300,jpn,Japan,2008,76,76,0
7301,jpn,Japan,2009,77,77,0
7302,jpn,Japan,2010,180,180,0
7303,jpn,Japan,2011,19976,19976,0
7304,jpn,Japan,2012,173,173,0
7305,jpn,Japan,2013,400,400,0
7306,jpn,Japan,2014,301,301,150
7307,jpn,Japan,2015,71,71,0
7308,jpn,Japan,2016,101,101,23991
7309,jpn,Japan,2017,49,49,300
7310,jpn,Japan,2018,435,435,0
7311,jpn,Japan,2019,288,288,0
7312,jpn,Japan,2020,105,105,0
7313,jpn,Japan,2021,62,62,60
7314,jpn,Japan,2022,112,112,0
7315,jpn,Japan,2023,15,15,54
7316,jpn,Japan,2024,846,846,73338
7317,jpn,Japan,2025,9,9,9
7318,jor,Jordan,1927,268,268,0
7319,jor,Jordan,1928,0,0,0
7320,jor,Jordan,1929,0,0,0
7321,jor,Jordan,1930,0,0,0
7322,jor,Jordan,1931,0,0,0
7323,jor,Jordan,1932,0,0,0
7324,jor,Jordan,1933,0,0,0
7325,jor,Jordan,1934,0,0,0
7326,jor,Jordan,1935,0,0,0
7327,jor,Jordan,1936,0,0,0
7328,jor,Jordan,1937,0,0,0
7329,jor,Jordan,1938,0,0,0
7330,jor,Jordan,1939,0,0,0
7331,jor,Jordan,1940,0,0,0
7332,jor,Jordan,1941,0,0,0
7333,jor,Jordan,1942,0,0,0
7334,jor,Jordan,1943,0,0,0
7335,jor,Jordan,1944,0,0,0
7336,jor,Jordan,1945,0,0,0
7337,jor,Jordan,1946,0,0,0
7338,jor,Jordan,1947,0,0,0
7339,jor,Jordan,1948,0,0,0
7340,jor,Jordan,1949,0,0,0
7341,jor,Jordan,1950,0,0,0
7342,jor,Jordan,1951,0,0,0
7343,jor,Jordan,1952,0,0,0
7344,jor,Jordan,1953,0,0,0
7345,jor,Jordan,1954,0,0,0
7346,jor,Jordan,1955,0,0,0
7347,jor,Jordan,1956,0,0,0
7348,jor,Jordan,1957,0,0,0
7349,jor,Jordan,1958,0,0,0
7350,jor,Jordan,1959,0,0,0
7351,jor,Jordan,1960,0,0,0
7352,jor,Jordan,1961,0,0,0
7353,jor,Jordan,1962,0,0,0
7354,jor,Jordan,1963,25,25,0
7355,jor,Jordan,1964,0,0,0
7356,jor,Jordan,1965,8,8,0
7357,jor,Jordan,1966,259,259,2500
7358,jor,Jordan,1967,0,0,0
7359,jor,Jordan,1968,0,0,0
7360,jor,Jordan,1969,0,0,0
7361,jor,Jordan,1970,0,0,0
7362,jor,Jordan,1971,0,0,0
7363,jor,Jordan,1972,0,0,0
7364,jor,Jordan,1973,0,0,0
7365,jor,Jordan,1974,0,0,0
7366,jor,Jordan,1975,0,0,0
7367,jor,Jordan,1976,0,0,0
7368,jor,Jordan,1977,0,0,0
7369,jor,Jordan,1978,0,0,0
7370,jor,Jordan,1979,0,0,0
7371,jor,Jordan,1980,0,0,0
7372,jor,Jordan,1981,4,0,0
7373,jor,Jordan,1982,0,0,0
7374,jor,Jordan,1983,0,0,0
7375,jor,Jordan,1984,0,0,0
7376,jor,Jordan,1985,0,0,0
7377,jor,Jordan,1986,0,0,0
7378,jor,Jordan,1987,9,9,0
7379,jor,Jordan,1988,0,0,0
7380,jor,Jordan,1989,0,0,0
7381,jor,Jordan,1990,0,0,0
7382,jor,Jordan,1991,10,10,0
7383,jor,Jordan,1992,15,15,0
7384,jor,Jordan,1993,0,0,0
7385,jor,Jordan,1994,32,0,0
7386,jor,Jordan,1995,0,0,0
7387,jor,Jordan,1996,0,0,0
7388,jor,Jordan,1997,2,2,0
7389,jor,Jordan,1998,0,0,0
7390,jor,Jordan,1999,0,0,0
7391,jor,Jordan,2000,9,9,0
7392,jor,Jordan,2001,0,0,0
7393,jor,Jordan,2002,0,0,0
7394,jor,Jordan,2003,0,0,0
7395,jor,Jordan,2004,0,0,0
7396,jor,Jordan,2005,0,0,0
7397,jor,Jordan,2006,0,0,0
7398,jor,Jordan,2007,0,0,0
7399,jor,Jordan,2008,0,0,0
7400,jor,Jordan,2009,0,0,0
7401,jor,Jordan,2010,0,0,0
7402,jor,Jordan,2011,0,0,0
7403,jor,Jordan,2012,0,0,0
7404,jor,Jordan,2013,0,0,0
7405,jor,Jordan,2014,0,0,0
7406,jor,Jordan,2015,0,0,0
7407,jor,Jordan,2016,0,0,0
7408,jor,Jordan,2017,0,0,0
7409,jor,Jordan,2018,34,34,0
7410,jor,Jordan,2019,0,0,0
7411,jor,Jordan,2020,0,0,0
7412,jor,Jordan,2021,0,0,0
7413,jor,Jordan,2022,0,0,0
7414,jor,Jordan,2023,0,0,0
7415,jor,Jordan,2024,0,0,0
7416,jor,Jordan,2025,0,0,0
7417,kaz,Kazakhstan,1911,450,450,0
7418,kaz,Kazakhstan,1912,0,0,0
7419,kaz,Kazakhstan,1913,0,0,0
7420,kaz,Kazakhstan,1914,0,0,0
7421,kaz,Kazakhstan,1915,0,0,0
7422,kaz,Kazakhstan,1916,0,0,0
7423,kaz,Kazakhstan,1917,0,0,0
7424,kaz,Kazakhstan,1918,0,0,0
7425,kaz,Kazakhstan,1919,0,0,0
7426,kaz,Kazakhstan,1920,0,0,0
7427,kaz,Kazakhstan,1921,0,0,0
7428,kaz,Kazakhstan,1922,0,0,0
7429,kaz,Kazakhstan,1923,0,0,0
7430,kaz,Kazakhstan,1924,0,0,0
7431,kaz,Kazakhstan,1925,0,0,0
7432,kaz,Kazakhstan,1926,0,0,0
7433,kaz,Kazakhstan,1927,0,0,0
7434,kaz,Kazakhstan,1928,0,0,0
7435,kaz,Kazakhstan,1929,0,0,0
7436,kaz,Kazakhstan,1930,0,0,0
7437,kaz,Kazakhstan,1931,0,0,0
7438,kaz,Kazakhstan,1932,0,0,0
7439,kaz,Kazakhstan,1933,0,0,0
7440,kaz,Kazakhstan,1934,0,0,0
7441,kaz,Kazakhstan,1935,0,0,0
7442,kaz,Kazakhstan,1936,0,0,0
7443,kaz,Kazakhstan,1937,0,0,0
7444,kaz,Kazakhstan,1938,0,0,0
7445,kaz,Kazakhstan,1939,0,0,0
7446,kaz,Kazakhstan,1940,0,0,0
7447,kaz,Kazakhstan,1941,0,0,0
7448,kaz,Kazakhstan,1942,0,0,0
7449,kaz,Kazakhstan,1943,0,0,0
7450,kaz,Kazakhstan,1944,0,0,0
7451,kaz,Kazakhstan,1945,0,0,0
7452,kaz,Kazakhstan,1946,0,0,0
7453,kaz,Kazakhstan,1947,0,0,0
7454,kaz,Kazakhstan,1948,0,0,0
7455,kaz,Kazakhstan,1949,0,0,0
7456,kaz,Kazakhstan,1950,0,0,0
7457,kaz,Kazakhstan,1951,0,0,0
7458,kaz,Kazakhstan,1952,0,0,0
7459,kaz,Kazakhstan,1953,0,0,0
7460,kaz,Kazakhstan,1954,0,0,0
7461,kaz,Kazakhstan,1955,0,0,0
7462,kaz,Kazakhstan,1956,0,0,0
7463,kaz,Kazakhstan,1957,0,0,0
7464,kaz,Kazakhstan,1958,0,0,0
7465,kaz,Kazakhstan,1959,0,0,0
7466,kaz,Kazakhstan,1960,0,0,0
7467,kaz,Kazakhstan,1961,0,0,0
7468,kaz,Kazakhstan,1962,0,0,0
7469,kaz,Kazakhstan,1963,0,0,0
7470,kaz,Kazakhstan,1964,0,0,0
7471,kaz,Kazakhstan,1965,0,0,0
7472,kaz,Kazakhstan,1966,0,0,0
7473,kaz,Kazakhstan,1967,0,0,0
7474,kaz,Kazakhstan,1968,0,0,0
7475,kaz,Kazakhstan,1969,0,0,0
7476,kaz,Kazakhstan,1970,0,0,0
7477,kaz,Kazakhstan,1971,0,0,0
7478,kaz,Kazakhstan,1972,0,0,0
7479,kaz,Kazakhstan,1973,0,0,0
7480,kaz,Kazakhstan,1974,0,0,0
7481,kaz,Kazakhstan,1975,0,0,0
7482,kaz,Kazakhstan,1976,0,0,0
7483,kaz,Kazakhstan,1977,0,0,0
7484,kaz,Kazakhstan,1978,0,0,0
7485,kaz,Kazakhstan,1979,0,0,0
7486,kaz,Kazakhstan,1980,0,0,0
7487,kaz,Kazakhstan,1981,0,0,0
7488,kaz,Kazakhstan,1982,0,0,0
7489,kaz,Kazakhstan,1983,0,0,0
7490,kaz,Kazakhstan,1984,0,0,0
7491,kaz,Kazakhstan,1985,0,0,0
7492,kaz,Kazakhstan,1986,0,0,0
7493,kaz,Kazakhstan,1987,0,0,0
7494,kaz,Kazakhstan,1988,0,0,0
7495,kaz,Kazakhstan,1989,0,0,0
7496,kaz,Kazakhstan,1990,0,0,0
7497,kaz,Kazakhstan,1991,0,0,0
7498,kaz,Kazakhstan,1992,0,0,0
7499,kaz,Kazakhstan,1993,10,10,0
7500,kaz,Kazakhstan,1994,80,0,0
7501,kaz,Kazakhstan,1995,140,112,0
7502,kaz,Kazakhstan,1996,0,0,0
7503,kaz,Kazakhstan,1997,0,0,0
7504,kaz,Kazakhstan,1998,21,0,0
7505,kaz,Kazakhstan,1999,0,0,0
7506,kaz,Kazakhstan,2000,0,0,0
7507,kaz,Kazakhstan,2001,3,3,0
7508,kaz,Kazakhstan,2002,0,0,0
7509,kaz,Kazakhstan,2003,3,3,0
7510,kaz,Kazakhstan,2004,48,48,0
7511,kaz,Kazakhstan,2005,0,0,0
7512,kaz,Kazakhstan,2006,0,0,0
7513,kaz,Kazakhstan,2007,0,0,0
7514,kaz,Kazakhstan,2008,1,1,0
7515,kaz,Kazakhstan,2009,0,0,0
7516,kaz,Kazakhstan,2010,44,44,5000
7517,kaz,Kazakhstan,2011,2,2,3762
7518,kaz,Kazakhstan,2012,0,0,0
7519,kaz,Kazakhstan,2013,0,0,0
7520,kaz,Kazakhstan,2014,5,5,0
7521,kaz,Kazakhstan,2015,2,2,0
7522,kaz,Kazakhstan,2016,0,0,0
7523,kaz,Kazakhstan,2017,0,0,0
7524,kaz,Kazakhstan,2018,0,0,0
7525,kaz,Kazakhstan,2019,0,0,0
7526,kaz,Kazakhstan,2020,0,0,0
7527,kaz,Kazakhstan,2021,0,0,0
7528,kaz,Kazakhstan,2022,0,0,0
7529,kaz,Kazakhstan,2023,14,14,0
7530,kaz,Kazakhstan,2024,2,2,0
7531,kaz,Kazakhstan,2025,0,0,0
7532,ken,Kenya,1964,0,0,0
7533,ken,Kenya,1965,0,0,0
7534,ken,Kenya,1966,0,0,0
7535,ken,Kenya,1967,0,0,0
7536,ken,Kenya,1968,0,0,0
7537,ken,Kenya,1969,0,0,0
7538,ken,Kenya,1970,0,0,0
7539,ken,Kenya,1971,0,0,0
7540,ken,Kenya,1972,0,0,0
7541,ken,Kenya,1973,0,0,0
7542,ken,Kenya,1974,59,0,0
7543,ken,Kenya,1975,0,0,0
7544,ken,Kenya,1976,0,0,0
7545,ken,Kenya,1977,100,100,0
7546,ken,Kenya,1978,0,0,0
7547,ken,Kenya,1979,0,0,0
7548,ken,Kenya,1980,0,0,0
7549,ken,Kenya,1981,0,0,0
7550,ken,Kenya,1982,77,75,0
7551,ken,Kenya,1983,0,0,0
7552,ken,Kenya,1984,0,0,0
7553,ken,Kenya,1985,0,0,0
7554,ken,Kenya,1986,0,0,0
7555,ken,Kenya,1987,26,0,0
7556,ken,Kenya,1988,77,50,0
7557,ken,Kenya,1989,98,0,0
7558,ken,Kenya,1990,54,44,0
7559,ken,Kenya,1991,320,0,0
7560,ken,Kenya,1992,146,0,0
7561,ken,Kenya,1993,449,0,0
7562,ken,Kenya,1994,1312,0,0
7563,ken,Kenya,1995,0,0,0
7564,ken,Kenya,1996,0,0,1000
7565,ken,Kenya,1997,1354,86,10000
7566,ken,Kenya,1998,172,40,200
7567,ken,Kenya,1999,1966,85,0
7568,ken,Kenya,2000,50,0,0
7569,ken,Kenya,2001,40,0,0
7570,ken,Kenya,2002,101,101,0
7571,ken,Kenya,2003,40,40,0
7572,ken,Kenya,2004,143,135,0
7573,ken,Kenya,2005,106,53,0
7574,ken,Kenya,2006,395,212,0
7575,ken,Kenya,2007,39,39,0
7576,ken,Kenya,2008,112,69,0
7577,ken,Kenya,2009,307,56,0
7578,ken,Kenya,2010,261,204,0
7579,ken,Kenya,2011,33,33,5000
7580,ken,Kenya,2012,73,73,0
7581,ken,Kenya,2013,128,128,0
7582,ken,Kenya,2014,72,0,0
7583,ken,Kenya,2015,138,138,0
7584,ken,Kenya,2016,42,42,1000
7585,ken,Kenya,2017,102,26,0
7586,ken,Kenya,2018,134,134,0
7587,ken,Kenya,2019,213,187,120
7588,ken,Kenya,2020,285,285,0
7589,ken,Kenya,2021,9,9,0
7590,ken,Kenya,2022,202,0,0
7591,ken,Kenya,2023,214,214,0
7592,ken,Kenya,2024,389,389,0
7593,ken,Kenya,2025,51,51,0
7594,kir,Kiribati,1972,3,3,0
7595,kir,Kiribati,1973,0,0,0
7596,kir,Kiribati,1974,0,0,0
7597,kir,Kiribati,1975,0,0,0
7598,kir,Kiribati,1976,0,0,0
7599,kir,Kiribati,1977,17,0,0
7600,kir,Kiribati,1978,0,0,0
7601,kir,Kiribati,1979,0,0,0
7602,kir,Kiribati,1980,0,0,0
7603,kir,Kiribati,1981,0,0,0
7604,kir,Kiribati,1982,0,0,0
7605,kir,Kiribati,1983,0,0,0
7606,kir,Kiribati,1984,0,0,0
7607,kir,Kiribati,1985,0,0,0
7608,kir,Kiribati,1986,0,0,0
7609,kir,Kiribati,1987,0,0,0
7610,kir,Kiribati,1988,0,0,0
7611,kir,Kiribati,1989,0,0,0
7612,kir,Kiribati,1990,0,0,0
7613,kir,Kiribati,1991,0,0,0
7614,kir,Kiribati,1992,0,0,0
7615,kir,Kiribati,1993,0,0,0
7616,kir,Kiribati,1994,0,0,0
7617,kir,Kiribati,1995,0,0,0
7618,kir,Kiribati,1996,0,0,0
7619,kir,Kiribati,1997,0,0,0
7620,kir,Kiribati,1998,0,0,0
7621,kir,Kiribati,1999,0,0,0
7622,kir,Kiribati,2000,0,0,0
7623,kir,Kiribati,2001,0,0,0
7624,kir,Kiribati,2002,0,0,0
7625,kir,Kiribati,2003,0,0,0
7626,kir,Kiribati,2004,0,0,0
7627,kir,Kiribati,2005,0,0,0
7628,kir,Kiribati,2006,0,0,0
7629,kir,Kiribati,2007,0,0,0
7630,kir,Kiribati,2008,0,0,85
7631,kir,Kiribati,2009,0,0,0
7632,kir,Kiribati,2010,0,0,0
7633,kir,Kiribati,2011,0,0,0
7634,kir,Kiribati,2012,0,0,0
7635,kir,Kiribati,2013,0,0,0
7636,kir,Kiribati,2014,0,0,0
7637,kir,Kiribati,2015,0,0,0
7638,kir,Kiribati,2016,0,0,0
7639,kir,Kiribati,2017,0,0,0
7640,kir,Kiribati,2018,0,0,0
7641,kir,Kiribati,2019,0,0,0
7642,kir,Kiribati,2020,0,0,0
7643,kir,Kiribati,2021,0,0,0
7644,kir,Kiribati,2022,0,0,0
7645,kir,Kiribati,2023,0,0,0
7646,kir,Kiribati,2024,0,0,0
7647,kir,Kiribati,2025,0,0,0
7648,kwt,Kuwait,1997,2,2,0
7649,kwt,Kuwait,1998,0,0,0
7650,kwt,Kuwait,1999,0,0,0
7651,kwt,Kuwait,2000,0,0,0
7652,kwt,Kuwait,2001,0,0,0
7653,kwt,Kuwait,2002,0,0,0
7654,kwt,Kuwait,2003,0,0,0
7655,kwt,Kuwait,2004,0,0,0
7656,kwt,Kuwait,2005,0,0,0
7657,kwt,Kuwait,2006,0,0,0
7658,kwt,Kuwait,2007,0,0,0
7659,kwt,Kuwait,2008,0,0,0
7660,kwt,Kuwait,2009,0,0,0
7661,kwt,Kuwait,2010,0,0,0
7662,kwt,Kuwait,2011,0,0,0
7663,kwt,Kuwait,2012,0,0,0
7664,kwt,Kuwait,2013,0,0,0
7665,kwt,Kuwait,2014,0,0,0
7666,kwt,Kuwait,2015,0,0,0
7667,kwt,Kuwait,2016,0,0,0
7668,kwt,Kuwait,2017,0,0,0
7669,kwt,Kuwait,2018,1,1,0
7670,kwt,Kuwait,2019,0,0,0
7671,kwt,Kuwait,2020,0,0,0
7672,kwt,Kuwait,2021,0,0,0
7673,kwt,Kuwait,2022,0,0,0
7674,kwt,Kuwait,2023,0,0,0
7675,kwt,Kuwait,2024,0,0,0
7676,kwt,Kuwait,2025,0,0,0
7677,kgz,Kyrgyz Republic,1992,58,58,32538
7678,kgz,Kyrgyz Republic,1993,0,0,0
7679,kgz,Kyrgyz Republic,1994,162,162,13500
7680,kgz,Kyrgyz Republic,1995,12,0,0
7681,kgz,Kyrgyz Republic,1996,0,0,0
7682,kgz,Kyrgyz Republic,1997,22,0,30
7683,kgz,Kyrgyz Republic,1998,112,1,7828
7684,kgz,Kyrgyz Republic,1999,0,0,0
7685,kgz,Kyrgyz Republic,2000,11,11,0
7686,kgz,Kyrgyz Republic,2001,0,0,0
7687,kgz,Kyrgyz Republic,2002,0,0,522
7688,kgz,Kyrgyz Republic,2003,38,38,53
7689,kgz,Kyrgyz Republic,2004,49,49,80
7690,kgz,Kyrgyz Republic,2005,3,3,2050
7691,kgz,Kyrgyz Republic,2006,4,4,50
7692,kgz,Kyrgyz Republic,2007,0,0,0
7693,kgz,Kyrgyz Republic,2008,74,74,1055
7694,kgz,Kyrgyz Republic,2009,0,0,0
7695,kgz,Kyrgyz Republic,2010,0,0,0
7696,kgz,Kyrgyz Republic,2011,0,0,0
7697,kgz,Kyrgyz Republic,2012,16,16,0
7698,kgz,Kyrgyz Republic,2013,0,0,0
7699,kgz,Kyrgyz Republic,2014,0,0,0
7700,kgz,Kyrgyz Republic,2015,0,0,5290
7701,kgz,Kyrgyz Republic,2016,0,0,0
7702,kgz,Kyrgyz Republic,2017,24,24,55
7703,kgz,Kyrgyz Republic,2018,0,0,0
7704,kgz,Kyrgyz Republic,2019,0,0,0
7705,kgz,Kyrgyz Republic,2020,0,0,0
7706,kgz,Kyrgyz Republic,2021,15,15,0
7707,kgz,Kyrgyz Republic,2022,0,0,0
7708,kgz,Kyrgyz Republic,2023,0,0,0
7709,kgz,Kyrgyz Republic,2024,6,6,0
7710,kgz,Kyrgyz Republic,2025,9,0,0
7711,lao,Lao,1966,300,300,2000
7712,lao,Lao,1967,0,0,0
7713,lao,Lao,1968,2,2,600
7714,lao,Lao,1969,0,0,0
7715,lao,Lao,1970,0,0,0
7716,lao,Lao,1971,14,14,15000
7717,lao,Lao,1972,0,0,0
7718,lao,Lao,1973,0,0,0
7719,lao,Lao,1974,0,0,0
7720,lao,Lao,1975,0,0,0
7721,lao,Lao,1976,0,0,0
7722,lao,Lao,1977,0,0,0
7723,lao,Lao,1978,31,31,0
7724,lao,Lao,1979,0,0,0
7725,lao,Lao,1980,0,0,0
7726,lao,Lao,1981,0,0,0
7727,lao,Lao,1982,0,0,0
7728,lao,Lao,1983,0,0,0
7729,lao,Lao,1984,14,14,0
7730,lao,Lao,1985,0,0,0
7731,lao,Lao,1986,0,0,0
7732,lao,Lao,1987,63,0,0
7733,lao,Lao,1988,0,0,0
7734,lao,Lao,1989,0,0,0
7735,lao,Lao,1990,0,0,0
7736,lao,Lao,1991,0,0,0
7737,lao,Lao,1992,175,32,0
7738,lao,Lao,1993,8,8,0
7739,lao,Lao,1994,500,0,0
7740,lao,Lao,1995,60,26,1000000
7741,lao,Lao,1996,30,30,0
7742,lao,Lao,1997,0,0,0
7743,lao,Lao,1998,40,0,0
7744,lao,Lao,1999,0,0,0
7745,lao,Lao,2000,59,15,0
7746,lao,Lao,2001,0,0,0
7747,lao,Lao,2002,2,2,0
7748,lao,Lao,2003,0,0,0
7749,lao,Lao,2004,0,0,0
7750,lao,Lao,2005,0,0,0
7751,lao,Lao,2006,0,0,0
7752,lao,Lao,2007,0,0,0
7753,lao,Lao,2008,6,6,0
7754,lao,Lao,2009,26,26,0
7755,lao,Lao,2010,0,0,0
7756,lao,Lao,2011,48,48,0
7757,lao,Lao,2012,0,0,0
7758,lao,Lao,2013,100,23,0
7759,lao,Lao,2014,0,0,0
7760,lao,Lao,2015,4,4,45
7761,lao,Lao,2016,5,5,0
7762,lao,Lao,2017,0,0,0
7763,lao,Lao,2018,136,136,0
7764,lao,Lao,2019,19,19,0
7765,lao,Lao,2020,2,2,0
7766,lao,Lao,2021,0,0,0
7767,lao,Lao,2022,1,1,0
7768,lao,Lao,2023,7,7,0
7769,lao,Lao,2024,13,13,0
7770,lao,Lao,2025,15,15,0
7771,lva,Latvia,1999,6,6,0
7772,lva,Latvia,2000,0,0,0
7773,lva,Latvia,2001,21,21,0
7774,lva,Latvia,2002,0,0,0
7775,lva,Latvia,2003,15,15,0
7776,lva,Latvia,2004,0,0,0
7777,lva,Latvia,2005,0,0,0
7778,lva,Latvia,2006,40,40,0
7779,lva,Latvia,2007,0,0,0
7780,lva,Latvia,2008,0,0,0
7781,lva,Latvia,2009,0,0,0
7782,lva,Latvia,2010,0,0,0
7783,lva,Latvia,2011,0,0,0
7784,lva,Latvia,2012,10,10,0
7785,lva,Latvia,2013,0,0,0
7786,lva,Latvia,2014,0,0,0
7787,lva,Latvia,2015,0,0,0
7788,lva,Latvia,2016,0,0,0
7789,lva,Latvia,2017,0,0,0
7790,lva,Latvia,2018,0,0,0
7791,lva,Latvia,2019,0,0,0
7792,lva,Latvia,2020,0,0,0
7793,lva,Latvia,2021,0,0,0
7794,lva,Latvia,2022,105,105,0
7795,lva,Latvia,2023,58,58,0
7796,lva,Latvia,2024,71,71,0
7797,lva,Latvia,2025,73,73,0
7798,lbn,Lebanon,1955,440,440,0
7799,lbn,Lebanon,1956,136,136,0
7800,lbn,Lebanon,1957,0,0,0
7801,lbn,Lebanon,1958,0,0,0
7802,lbn,Lebanon,1959,0,0,0
7803,lbn,Lebanon,1960,0,0,0
7804,lbn,Lebanon,1961,0,0,0
7805,lbn,Lebanon,1962,0,0,0
7806,lbn,Lebanon,1963,0,0,0
7807,lbn,Lebanon,1964,0,0,0
7808,lbn,Lebanon,1965,0,0,0
7809,lbn,Lebanon,1966,0,0,0
7810,lbn,Lebanon,1967,0,0,0
7811,lbn,Lebanon,1968,0,0,0
7812,lbn,Lebanon,1969,0,0,0
7813,lbn,Lebanon,1970,0,0,0
7814,lbn,Lebanon,1971,0,0,0
7815,lbn,Lebanon,1972,0,0,0
7816,lbn,Lebanon,1973,0,0,0
7817,lbn,Lebanon,1974,0,0,0
7818,lbn,Lebanon,1975,0,0,0
7819,lbn,Lebanon,1976,0,0,0
7820,lbn,Lebanon,1977,0,0,0
7821,lbn,Lebanon,1978,0,0,0
7822,lbn,Lebanon,1979,0,0,0
7823,lbn,Lebanon,1980,0,0,0
7824,lbn,Lebanon,1981,0,0,0
7825,lbn,Lebanon,1982,0,0,0
7826,lbn,Lebanon,1983,20,20,0
7827,lbn,Lebanon,1984,0,0,0
7828,lbn,Lebanon,1985,0,0,0
7829,lbn,Lebanon,1986,0,0,0
7830,lbn,Lebanon,1987,0,0,0
7831,lbn,Lebanon,1988,0,0,0
7832,lbn,Lebanon,1989,0,0,0
7833,lbn,Lebanon,1990,45,0,0
7834,lbn,Lebanon,1991,0,0,0
7835,lbn,Lebanon,1992,25,25,4000
7836,lbn,Lebanon,1993,0,0,0
7837,lbn,Lebanon,1994,0,0,0
7838,lbn,Lebanon,1995,0,0,0
7839,lbn,Lebanon,1996,0,0,0
7840,lbn,Lebanon,1997,0,0,0
7841,lbn,Lebanon,1998,0,0,0
7842,lbn,Lebanon,1999,0,0,0
7843,lbn,Lebanon,2000,0,0,0
7844,lbn,Lebanon,2001,0,0,0
7845,lbn,Lebanon,2002,0,0,0
7846,lbn,Lebanon,2003,0,0,0
7847,lbn,Lebanon,2004,0,0,0
7848,lbn,Lebanon,2005,0,0,0
7849,lbn,Lebanon,2006,0,0,0
7850,lbn,Lebanon,2007,1,1,0
7851,lbn,Lebanon,2008,0,0,0
7852,lbn,Lebanon,2009,0,0,0
7853,lbn,Lebanon,2010,0,0,0
7854,lbn,Lebanon,2011,0,0,0
7855,lbn,Lebanon,2012,0,0,0
7856,lbn,Lebanon,2013,0,0,0
7857,lbn,Lebanon,2014,0,0,0
7858,lbn,Lebanon,2015,5,5,0
7859,lbn,Lebanon,2016,0,0,0
7860,lbn,Lebanon,2017,0,0,0
7861,lbn,Lebanon,2018,15,15,0
7862,lbn,Lebanon,2019,3,3,0
7863,lbn,Lebanon,2020,0,0,0
7864,lbn,Lebanon,2021,0,0,0
7865,lbn,Lebanon,2022,11,0,0
7866,lbn,Lebanon,2023,0,0,0
7867,lbn,Lebanon,2024,0,0,0
7868,lbn,Lebanon,2025,0,0,0
7869,lso,Lesotho,1968,0,0,0
7870,lso,Lesotho,1969,0,0,0
7871,lso,Lesotho,1970,0,0,0
7872,lso,Lesotho,1971,0,0,0
7873,lso,Lesotho,1972,0,0,0
7874,lso,Lesotho,1973,0,0,0
7875,lso,Lesotho,1974,0,0,0
7876,lso,Lesotho,1975,0,0,0
7877,lso,Lesotho,1976,0,0,0
7878,lso,Lesotho,1977,0,0,0
7879,lso,Lesotho,1978,0,0,0
7880,lso,Lesotho,1979,0,0,0
7881,lso,Lesotho,1980,0,0,0
7882,lso,Lesotho,1981,0,0,0
7883,lso,Lesotho,1982,0,0,0
7884,lso,Lesotho,1983,0,0,0
7885,lso,Lesotho,1984,0,0,0
7886,lso,Lesotho,1985,0,0,0
7887,lso,Lesotho,1986,0,0,0
7888,lso,Lesotho,1987,18,18,0
7889,lso,Lesotho,1988,0,0,0
7890,lso,Lesotho,1989,0,0,0
7891,lso,Lesotho,1990,22,22,0
7892,lso,Lesotho,1991,0,0,0
7893,lso,Lesotho,1992,0,0,0
7894,lso,Lesotho,1993,0,0,0
7895,lso,Lesotho,1994,0,0,0
7896,lso,Lesotho,1995,0,0,0
7897,lso,Lesotho,1996,0,0,20
7898,lso,Lesotho,1997,0,0,0
7899,lso,Lesotho,1998,0,0,0
7900,lso,Lesotho,1999,28,0,0
7901,lso,Lesotho,2000,28,0,0
7902,lso,Lesotho,2001,1,1,1000
7903,lso,Lesotho,2002,0,0,0
7904,lso,Lesotho,2003,0,0,0
7905,lso,Lesotho,2004,0,0,0
7906,lso,Lesotho,2005,0,0,0
7907,lso,Lesotho,2006,0,0,0
7908,lso,Lesotho,2007,0,0,0
7909,lso,Lesotho,2008,0,0,0
7910,lso,Lesotho,2009,0,0,0
7911,lso,Lesotho,2010,0,0,0
7912,lso,Lesotho,2011,26,26,0
7913,lso,Lesotho,2012,0,0,0
7914,lso,Lesotho,2013,0,0,0
7915,lso,Lesotho,2014,0,0,2600
7916,lso,Lesotho,2015,0,0,0
7917,lso,Lesotho,2016,0,0,0
7918,lso,Lesotho,2017,0,0,0
7919,lso,Lesotho,2018,0,0,0
7920,lso,Lesotho,2019,0,0,0
7921,lso,Lesotho,2020,0,0,0
7922,lso,Lesotho,2021,0,0,0
7923,lso,Lesotho,2022,0,0,0
7924,lso,Lesotho,2023,2,2,0
7925,lso,Lesotho,2024,0,0,0
7926,lso,Lesotho,2025,0,0,0
7927,lbr,Liberia,1977,0,0,0
7928,lbr,Liberia,1978,0,0,0
7929,lbr,Liberia,1979,0,0,0
7930,lbr,Liberia,1980,466,0,0
7931,lbr,Liberia,1981,0,0,0
7932,lbr,Liberia,1982,46,46,0
7933,lbr,Liberia,1983,0,0,0
7934,lbr,Liberia,1984,0,0,0
7935,lbr,Liberia,1985,0,0,0
7936,lbr,Liberia,1986,0,0,0
7937,lbr,Liberia,1987,0,0,0
7938,lbr,Liberia,1988,0,0,0
7939,lbr,Liberia,1989,0,0,0
7940,lbr,Liberia,1990,0,0,0
7941,lbr,Liberia,1991,0,0,0
7942,lbr,Liberia,1992,0,0,0
7943,lbr,Liberia,1993,0,0,0
7944,lbr,Liberia,1994,0,0,0
7945,lbr,Liberia,1995,9,0,2000
7946,lbr,Liberia,1996,56,0,0
7947,lbr,Liberia,1997,0,0,0
7948,lbr,Liberia,1998,22,10,0
7949,lbr,Liberia,1999,39,0,0
7950,lbr,Liberia,2000,13,0,0
7951,lbr,Liberia,2001,0,0,0
7952,lbr,Liberia,2002,0,0,0
7953,lbr,Liberia,2003,0,0,0
7954,lbr,Liberia,2004,0,0,0
7955,lbr,Liberia,2005,29,0,0
7956,lbr,Liberia,2006,0,0,0
7957,lbr,Liberia,2007,1,1,3500
7958,lbr,Liberia,2008,0,0,340
7959,lbr,Liberia,2009,2,2,0
7960,lbr,Liberia,2010,1,1,0
7961,lbr,Liberia,2011,0,0,0
7962,lbr,Liberia,2012,0,0,0
7963,lbr,Liberia,2013,0,0,0
7964,lbr,Liberia,2014,4810,0,0
7965,lbr,Liberia,2015,0,0,0
7966,lbr,Liberia,2016,0,0,0
7967,lbr,Liberia,2017,0,0,0
7968,lbr,Liberia,2018,0,0,0
7969,lbr,Liberia,2019,0,0,0
7970,lbr,Liberia,2020,0,0,0
7971,lbr,Liberia,2021,0,0,0
7972,lbr,Liberia,2022,71,0,0
7973,lbr,Liberia,2023,0,0,0
7974,lbr,Liberia,2024,2,2,0
7975,lbr,Liberia,2025,0,0,0
7976,lby,Libya,1944,0,0,0
7977,lby,Libya,1945,0,0,0
7978,lby,Libya,1946,0,0,0
7979,lby,Libya,1947,0,0,0
7980,lby,Libya,1948,0,0,0
7981,lby,Libya,1949,0,0,0
7982,lby,Libya,1950,0,0,0
7983,lby,Libya,1951,0,0,0
7984,lby,Libya,1952,0,0,0
7985,lby,Libya,1953,0,0,0
7986,lby,Libya,1954,0,0,0
7987,lby,Libya,1955,0,0,0
7988,lby,Libya,1956,0,0,0
7989,lby,Libya,1957,0,0,0
7990,lby,Libya,1958,0,0,0
7991,lby,Libya,1959,0,0,0
7992,lby,Libya,1960,0,0,0
7993,lby,Libya,1961,0,0,0
7994,lby,Libya,1962,0,0,0
7995,lby,Libya,1963,300,300,5000
7996,lby,Libya,1964,0,0,0
7997,lby,Libya,1965,0,0,0
7998,lby,Libya,1966,0,0,0
7999,lby,Libya,1967,0,0,0
8000,lby,Libya,1968,0,0,0
8001,lby,Libya,1969,0,0,0
8002,lby,Libya,1970,0,0,0
8003,lby,Libya,1971,0,0,0
8004,lby,Libya,1972,0,0,0
8005,lby,Libya,1973,0,0,0
8006,lby,Libya,1974,0,0,0
8007,lby,Libya,1975,0,0,0
8008,lby,Libya,1976,0,0,0
8009,lby,Libya,1977,0,0,0
8010,lby,Libya,1978,0,0,0
8011,lby,Libya,1979,0,0,0
8012,lby,Libya,1980,0,0,0
8013,lby,Libya,1981,0,0,0
8014,lby,Libya,1982,0,0,0
8015,lby,Libya,1983,0,0,0
8016,lby,Libya,1984,0,0,0
8017,lby,Libya,1985,0,0,0
8018,lby,Libya,1986,0,0,0
8019,lby,Libya,1987,0,0,0
8020,lby,Libya,1988,30,0,0
8021,lby,Libya,1989,78,0,0
8022,lby,Libya,1990,0,0,0
8023,lby,Libya,1991,0,0,0
8024,lby,Libya,1992,182,0,0
8025,lby,Libya,1993,0,0,0
8026,lby,Libya,1994,0,0,0
8027,lby,Libya,1995,0,0,0
8028,lby,Libya,1996,70,0,0
8029,lby,Libya,1997,0,0,0
8030,lby,Libya,1998,0,0,0
8031,lby,Libya,1999,0,0,0
8032,lby,Libya,2000,0,0,0
8033,lby,Libya,2001,0,0,0
8034,lby,Libya,2002,0,0,0
8035,lby,Libya,2003,0,0,0
8036,lby,Libya,2004,0,0,0
8037,lby,Libya,2005,0,0,0
8038,lby,Libya,2006,0,0,0
8039,lby,Libya,2007,0,0,0
8040,lby,Libya,2008,0,0,0
8041,lby,Libya,2009,0,0,0
8042,lby,Libya,2010,0,0,0
8043,lby,Libya,2011,0,0,0
8044,lby,Libya,2012,0,0,0
8045,lby,Libya,2013,16,16,0
8046,lby,Libya,2014,0,0,0
8047,lby,Libya,2015,0,0,0
8048,lby,Libya,2016,0,0,0
8049,lby,Libya,2017,0,0,0
8050,lby,Libya,2018,0,0,0
8051,lby,Libya,2019,4,4,0
8052,lby,Libya,2020,0,0,0
8053,lby,Libya,2021,0,0,0
8054,lby,Libya,2022,0,0,0
8055,lby,Libya,2023,13200,13200,0
8056,lby,Libya,2024,5,5,0
8057,lby,Libya,2025,0,0,0
8058,lie,Liechtenstein,2022,0,0,0
8059,lie,Liechtenstein,2023,1,1,0
8060,lie,Liechtenstein,2024,0,0,0
8061,lie,Liechtenstein,2025,0,0,0
8062,ltu,Lithuania,1992,0,0,0
8063,ltu,Lithuania,1993,6,6,0
8064,ltu,Lithuania,1994,0,0,0
8065,ltu,Lithuania,1995,0,0,0
8066,ltu,Lithuania,1996,0,0,0
8067,ltu,Lithuania,1997,0,0,0
8068,ltu,Lithuania,1998,10,0,0
8069,ltu,Lithuania,1999,34,34,0
8070,ltu,Lithuania,2000,0,0,0
8071,ltu,Lithuania,2001,20,20,0
8072,ltu,Lithuania,2002,0,0,0
8073,ltu,Lithuania,2003,0,0,0
8074,ltu,Lithuania,2004,0,0,0
8075,ltu,Lithuania,2005,0,0,0
8076,ltu,Lithuania,2006,0,0,0
8077,ltu,Lithuania,2007,0,0,0
8078,ltu,Lithuania,2008,0,0,0
8079,ltu,Lithuania,2009,0,0,0
8080,ltu,Lithuania,2010,9,9,0
8081,ltu,Lithuania,2011,0,0,0
8082,ltu,Lithuania,2012,30,30,0
8083,ltu,Lithuania,2013,0,0,0
8084,ltu,Lithuania,2014,0,0,0
8085,ltu,Lithuania,2015,0,0,0
8086,ltu,Lithuania,2016,0,0,0
8087,ltu,Lithuania,2017,0,0,0
8088,ltu,Lithuania,2018,5,5,0
8089,ltu,Lithuania,2019,0,0,0
8090,ltu,Lithuania,2020,0,0,0
8091,ltu,Lithuania,2021,0,0,0
8092,ltu,Lithuania,2022,381,381,0
8093,ltu,Lithuania,2023,247,247,0
8094,ltu,Lithuania,2024,329,329,0
8095,ltu,Lithuania,2025,74,74,0
8096,lux,Luxembourg,1983,0,0,0
8097,lux,Luxembourg,1984,0,0,0
8098,lux,Luxembourg,1985,0,0,0
8099,lux,Luxembourg,1986,0,0,0
8100,lux,Luxembourg,1987,0,0,0
8101,lux,Luxembourg,1988,0,0,0
8102,lux,Luxembourg,1989,0,0,0
8103,lux,Luxembourg,1990,0,0,0
8104,lux,Luxembourg,1991,0,0,0
8105,lux,Luxembourg,1992,0,0,0
8106,lux,Luxembourg,1993,0,0,0
8107,lux,Luxembourg,1994,0,0,0
8108,lux,Luxembourg,1995,0,0,0
8109,lux,Luxembourg,1996,0,0,0
8110,lux,Luxembourg,1997,0,0,0
8111,lux,Luxembourg,1998,0,0,0
8112,lux,Luxembourg,1999,0,0,0
8113,lux,Luxembourg,2000,0,0,0
8114,lux,Luxembourg,2001,0,0,0
8115,lux,Luxembourg,2002,0,0,0
8116,lux,Luxembourg,2003,170,170,0
8117,lux,Luxembourg,2004,0,0,0
8118,lux,Luxembourg,2005,0,0,0
8119,lux,Luxembourg,2006,0,0,0
8120,lux,Luxembourg,2007,0,0,0
8121,lux,Luxembourg,2008,0,0,0
8122,lux,Luxembourg,2009,0,0,0
8123,lux,Luxembourg,2010,0,0,0
8124,lux,Luxembourg,2011,0,0,0
8125,lux,Luxembourg,2012,0,0,0
8126,lux,Luxembourg,2013,0,0,0
8127,lux,Luxembourg,2014,0,0,0
8128,lux,Luxembourg,2015,0,0,0
8129,lux,Luxembourg,2016,0,0,0
8130,lux,Luxembourg,2017,0,0,0
8131,lux,Luxembourg,2018,0,0,0
8132,lux,Luxembourg,2019,0,0,0
8133,lux,Luxembourg,2020,0,0,0
8134,lux,Luxembourg,2021,0,0,0
8135,lux,Luxembourg,2022,44,44,0
8136,lux,Luxembourg,2023,33,33,0
8137,lux,Luxembourg,2024,15,15,0
8138,lux,Luxembourg,2025,7,7,0
8139,mkd,"Macedonia, FYR",1993,198,0,0
8140,mkd,"Macedonia, FYR",1994,0,0,0
8141,mkd,"Macedonia, FYR",1995,0,0,0
8142,mkd,"Macedonia, FYR",1996,0,0,0
8143,mkd,"Macedonia, FYR",1997,0,0,0
8144,mkd,"Macedonia, FYR",1998,0,0,0
8145,mkd,"Macedonia, FYR",1999,0,0,0
8146,mkd,"Macedonia, FYR",2000,0,0,0
8147,mkd,"Macedonia, FYR",2001,15,15,0
8148,mkd,"Macedonia, FYR",2002,0,0,150
8149,mkd,"Macedonia, FYR",2003,2,2,0
8150,mkd,"Macedonia, FYR",2004,15,15,0
8151,mkd,"Macedonia, FYR",2005,1,1,0
8152,mkd,"Macedonia, FYR",2006,0,0,0
8153,mkd,"Macedonia, FYR",2007,1,1,0
8154,mkd,"Macedonia, FYR",2008,0,0,0
8155,mkd,"Macedonia, FYR",2009,0,0,0
8156,mkd,"Macedonia, FYR",2010,0,0,0
8157,mkd,"Macedonia, FYR",2011,0,0,0
8158,mkd,"Macedonia, FYR",2012,1,1,0
8159,mkd,"Macedonia, FYR",2013,1,1,0
8160,mkd,"Macedonia, FYR",2014,0,0,0
8161,mkd,"Macedonia, FYR",2015,7,7,0
8162,mkd,"Macedonia, FYR",2016,22,22,0
8163,mkd,"Macedonia, FYR",2017,3,3,0
8164,mkd,"Macedonia, FYR",2018,0,0,0
8165,mkd,"Macedonia, FYR",2019,0,0,0
8166,mkd,"Macedonia, FYR",2020,0,0,0
8167,mkd,"Macedonia, FYR",2021,1,1,0
8168,mkd,"Macedonia, FYR",2022,0,0,0
8169,mkd,"Macedonia, FYR",2023,0,0,0
8170,mkd,"Macedonia, FYR",2024,0,0,0
8171,mkd,"Macedonia, FYR",2025,0,0,0
8172,mdg,Madagascar,1964,0,0,0
8173,mdg,Madagascar,1965,0,0,0
8174,mdg,Madagascar,1966,0,0,0
8175,mdg,Madagascar,1967,0,0,0
8176,mdg,Madagascar,1968,29,29,10000
8177,mdg,Madagascar,1969,81,81,3000
8178,mdg,Madagascar,1970,70,70,0
8179,mdg,Madagascar,1971,0,0,0
8180,mdg,Madagascar,1972,91,91,10000
8181,mdg,Madagascar,1973,0,0,0
8182,mdg,Madagascar,1974,0,0,0
8183,mdg,Madagascar,1975,7,7,0
8184,mdg,Madagascar,1976,16,16,8850
8185,mdg,Madagascar,1977,10,10,0
8186,mdg,Madagascar,1978,70,70,0
8187,mdg,Madagascar,1979,0,0,0
8188,mdg,Madagascar,1980,0,0,0
8189,mdg,Madagascar,1981,107,107,0
8190,mdg,Madagascar,1982,92,92,70000
8191,mdg,Madagascar,1983,42,42,0
8192,mdg,Madagascar,1984,121,68,0
8193,mdg,Madagascar,1985,0,0,0
8194,mdg,Madagascar,1986,99,99,0
8195,mdg,Madagascar,1987,0,0,0
8196,mdg,Madagascar,1988,200,200,0
8197,mdg,Madagascar,1989,46,46,0
8198,mdg,Madagascar,1990,0,0,0
8199,mdg,Madagascar,1991,72,36,125000
8200,mdg,Madagascar,1992,0,0,0
8201,mdg,Madagascar,1993,0,0,0
8202,mdg,Madagascar,1994,212,212,40000
8203,mdg,Madagascar,1995,34,0,0
8204,mdg,Madagascar,1996,9,9,0
8205,mdg,Madagascar,1997,174,174,80000
8206,mdg,Madagascar,1998,0,0,0
8207,mdg,Madagascar,1999,981,0,0
8208,mdg,Madagascar,2000,153,153,0
8209,mdg,Madagascar,2001,0,0,0
8210,mdg,Madagascar,2002,693,22,5000
8211,mdg,Madagascar,2003,105,105,51605
8212,mdg,Madagascar,2004,395,395,258450
8213,mdg,Madagascar,2005,107,107,8877
8214,mdg,Madagascar,2006,4,4,404
8215,mdg,Madagascar,2007,88,88,12000
8216,mdg,Madagascar,2008,125,105,194338
8217,mdg,Madagascar,2009,27,27,8102
8218,mdg,Madagascar,2010,120,120,0
8219,mdg,Madagascar,2011,35,35,25845
8220,mdg,Madagascar,2012,112,112,0
8221,mdg,Madagascar,2013,164,51,0
8222,mdg,Madagascar,2014,17,17,1736
8223,mdg,Madagascar,2015,121,121,206400
8224,mdg,Madagascar,2016,0,0,0
8225,mdg,Madagascar,2017,288,81,0
8226,mdg,Madagascar,2018,94,94,0
8227,mdg,Madagascar,2019,17,17,0
8228,mdg,Madagascar,2020,44,44,0
8229,mdg,Madagascar,2021,3,3,0
8230,mdg,Madagascar,2022,224,224,0
8231,mdg,Madagascar,2023,70,70,0
8232,mdg,Madagascar,2024,48,48,0
8233,mdg,Madagascar,2025,27,24,9620
8234,mwi,Malawi,1965,100,0,0
8235,mwi,Malawi,1966,0,0,0
8236,mwi,Malawi,1967,0,0,0
8237,mwi,Malawi,1968,0,0,0
8238,mwi,Malawi,1969,0,0,0
8239,mwi,Malawi,1970,0,0,0
8240,mwi,Malawi,1971,0,0,0
8241,mwi,Malawi,1972,0,0,0
8242,mwi,Malawi,1973,0,0,0
8243,mwi,Malawi,1974,0,0,0
8244,mwi,Malawi,1975,0,0,0
8245,mwi,Malawi,1976,0,0,0
8246,mwi,Malawi,1977,0,0,0
8247,mwi,Malawi,1978,0,0,0
8248,mwi,Malawi,1979,0,0,0
8249,mwi,Malawi,1980,0,0,0
8250,mwi,Malawi,1981,0,0,0
8251,mwi,Malawi,1982,0,0,0
8252,mwi,Malawi,1983,0,0,0
8253,mwi,Malawi,1984,0,0,0
8254,mwi,Malawi,1985,0,0,0
8255,mwi,Malawi,1986,0,0,0
8256,mwi,Malawi,1987,0,0,0
8257,mwi,Malawi,1988,0,0,0
8258,mwi,Malawi,1989,69,22,150000
8259,mwi,Malawi,1990,0,0,0
8260,mwi,Malawi,1991,472,472,150000
8261,mwi,Malawi,1992,0,0,0
8262,mwi,Malawi,1993,0,0,0
8263,mwi,Malawi,1994,0,0,0
8264,mwi,Malawi,1995,1,1,1300
8265,mwi,Malawi,1996,0,0,0
8266,mwi,Malawi,1997,10,0,0
8267,mwi,Malawi,1998,21,4,0
8268,mwi,Malawi,1999,0,0,0
8269,mwi,Malawi,2000,83,0,0
8270,mwi,Malawi,2001,1190,59,0
8271,mwi,Malawi,2002,725,509,0
8272,mwi,Malawi,2003,12,12,1000
8273,mwi,Malawi,2004,0,0,0
8274,mwi,Malawi,2005,12,12,44500
8275,mwi,Malawi,2006,28,8,16000
8276,mwi,Malawi,2007,2,2,2659
8277,mwi,Malawi,2008,113,0,0
8278,mwi,Malawi,2009,66,4,20550
8279,mwi,Malawi,2010,0,0,0
8280,mwi,Malawi,2011,4,4,0
8281,mwi,Malawi,2012,4,4,0
8282,mwi,Malawi,2013,3,3,0
8283,mwi,Malawi,2014,0,0,0
8284,mwi,Malawi,2015,294,283,350
8285,mwi,Malawi,2016,12,12,2800
8286,mwi,Malawi,2017,6,0,0
8287,mwi,Malawi,2018,5,5,0
8288,mwi,Malawi,2019,68,68,0
8289,mwi,Malawi,2020,1,1,0
8290,mwi,Malawi,2021,13,13,0
8291,mwi,Malawi,2022,1902,133,0
8292,mwi,Malawi,2023,1209,1209,0
8293,mwi,Malawi,2024,30,30,0
8294,mwi,Malawi,2025,84,84,0
8295,mys,Malaysia,1965,6,6,0
8296,mys,Malaysia,1966,0,0,0
8297,mys,Malaysia,1967,50,50,15000
8298,mys,Malaysia,1968,23,21,0
8299,mys,Malaysia,1969,0,0,0
8300,mys,Malaysia,1970,61,61,0
8301,mys,Malaysia,1971,0,0,0
8302,mys,Malaysia,1972,0,0,0
8303,mys,Malaysia,1973,0,0,0
8304,mys,Malaysia,1974,0,0,0
8305,mys,Malaysia,1975,0,0,0
8306,mys,Malaysia,1976,0,0,0
8307,mys,Malaysia,1977,0,0,0
8308,mys,Malaysia,1978,0,0,0
8309,mys,Malaysia,1979,0,0,0
8310,mys,Malaysia,1980,3,0,0
8311,mys,Malaysia,1981,0,0,0
8312,mys,Malaysia,1982,0,0,0
8313,mys,Malaysia,1983,10,10,0
8314,mys,Malaysia,1984,200,0,0
8315,mys,Malaysia,1985,0,0,0
8316,mys,Malaysia,1986,11,11,0
8317,mys,Malaysia,1987,3,3,0
8318,mys,Malaysia,1988,57,27,0
8319,mys,Malaysia,1989,48,0,0
8320,mys,Malaysia,1990,0,0,0
8321,mys,Malaysia,1991,439,0,0
8322,mys,Malaysia,1992,0,0,0
8323,mys,Malaysia,1993,179,102,5000
8324,mys,Malaysia,1994,72,0,0
8325,mys,Malaysia,1995,52,20,3000
8326,mys,Malaysia,1996,344,320,3250
8327,mys,Malaysia,1997,136,2,0
8328,mys,Malaysia,1998,143,0,0
8329,mys,Malaysia,1999,1,1,0
8330,mys,Malaysia,2000,16,12,0
8331,mys,Malaysia,2001,11,11,0
8332,mys,Malaysia,2002,12,12,0
8333,mys,Malaysia,2003,8,8,0
8334,mys,Malaysia,2004,97,97,19296
8335,mys,Malaysia,2005,13,13,0
8336,mys,Malaysia,2006,6,6,0
8337,mys,Malaysia,2007,102,46,29000
8338,mys,Malaysia,2008,0,0,0
8339,mys,Malaysia,2009,0,0,0
8340,mys,Malaysia,2010,0,0,0
8341,mys,Malaysia,2011,18,18,0
8342,mys,Malaysia,2012,0,0,0
8343,mys,Malaysia,2013,4,4,0
8344,mys,Malaysia,2014,17,17,0
8345,mys,Malaysia,2015,25,25,0
8346,mys,Malaysia,2016,0,0,0
8347,mys,Malaysia,2017,9,9,0
8348,mys,Malaysia,2018,2,2,0
8349,mys,Malaysia,2019,2,2,0
8350,mys,Malaysia,2020,0,0,0
8351,mys,Malaysia,2021,79,79,0
8352,mys,Malaysia,2022,50,50,18
8353,mys,Malaysia,2023,106,6,0
8354,mys,Malaysia,2024,0,0,0
8355,mys,Malaysia,2025,21,21,0
8356,mdv,Maldives,1978,219,0,0
8357,mdv,Maldives,1979,0,0,0
8358,mdv,Maldives,1980,0,0,0
8359,mdv,Maldives,1981,0,0,0
8360,mdv,Maldives,1982,0,0,0
8361,mdv,Maldives,1983,0,0,0
8362,mdv,Maldives,1984,0,0,0
8363,mdv,Maldives,1985,0,0,0
8364,mdv,Maldives,1986,0,0,0
8365,mdv,Maldives,1987,0,0,0
8366,mdv,Maldives,1988,0,0,0
8367,mdv,Maldives,1989,0,0,0
8368,mdv,Maldives,1990,0,0,0
8369,mdv,Maldives,1991,0,0,23849
8370,mdv,Maldives,1992,0,0,0
8371,mdv,Maldives,1993,0,0,0
8372,mdv,Maldives,1994,0,0,0
8373,mdv,Maldives,1995,0,0,0
8374,mdv,Maldives,1996,0,0,0
8375,mdv,Maldives,1997,0,0,0
8376,mdv,Maldives,1998,0,0,0
8377,mdv,Maldives,1999,10,0,0
8378,mdv,Maldives,2000,0,0,0
8379,mdv,Maldives,2001,0,0,0
8380,mdv,Maldives,2002,0,0,0
8381,mdv,Maldives,2003,0,0,0
8382,mdv,Maldives,2004,102,102,13000
8383,mdv,Maldives,2005,0,0,0
8384,mdv,Maldives,2006,0,0,0
8385,mdv,Maldives,2007,0,0,0
8386,mdv,Maldives,2008,0,0,0
8387,mdv,Maldives,2009,0,0,0
8388,mdv,Maldives,2010,0,0,0
8389,mdv,Maldives,2011,4,0,0
8390,mdv,Maldives,2012,0,0,0
8391,mdv,Maldives,2013,0,0,0
8392,mdv,Maldives,2014,0,0,0
8393,mdv,Maldives,2015,0,0,0
8394,mdv,Maldives,2016,0,0,0
8395,mdv,Maldives,2017,0,0,0
8396,mdv,Maldives,2018,0,0,0
8397,mdv,Maldives,2019,0,0,0
8398,mdv,Maldives,2020,0,0,0
8399,mdv,Maldives,2021,0,0,0
8400,mdv,Maldives,2022,0,0,0
8401,mdv,Maldives,2023,0,0,0
8402,mdv,Maldives,2024,0,0,0
8403,mdv,Maldives,2025,0,0,0
8404,mli,Mali,1910,0,0,0
8405,mli,Mali,1911,0,0,0
8406,mli,Mali,1912,0,0,0
8407,mli,Mali,1913,0,0,0
8408,mli,Mali,1914,0,0,0
8409,mli,Mali,1915,0,0,0
8410,mli,Mali,1916,0,0,0
8411,mli,Mali,1917,0,0,0
8412,mli,Mali,1918,0,0,0
8413,mli,Mali,1919,0,0,0
8414,mli,Mali,1920,0,0,0
8415,mli,Mali,1921,0,0,0
8416,mli,Mali,1922,0,0,0
8417,mli,Mali,1923,0,0,0
8418,mli,Mali,1924,0,0,0
8419,mli,Mali,1925,0,0,0
8420,mli,Mali,1926,0,0,0
8421,mli,Mali,1927,0,0,0
8422,mli,Mali,1928,0,0,0
8423,mli,Mali,1929,0,0,0
8424,mli,Mali,1930,0,0,0
8425,mli,Mali,1931,0,0,0
8426,mli,Mali,1932,0,0,0
8427,mli,Mali,1933,0,0,0
8428,mli,Mali,1934,0,0,0
8429,mli,Mali,1935,0,0,0
8430,mli,Mali,1936,0,0,0
8431,mli,Mali,1937,0,0,0
8432,mli,Mali,1938,0,0,0
8433,mli,Mali,1939,0,0,0
8434,mli,Mali,1940,0,0,0
8435,mli,Mali,1941,0,0,0
8436,mli,Mali,1942,0,0,0
8437,mli,Mali,1943,0,0,0
8438,mli,Mali,1944,0,0,0
8439,mli,Mali,1945,0,0,0
8440,mli,Mali,1946,0,0,0
8441,mli,Mali,1947,0,0,0
8442,mli,Mali,1948,0,0,0
8443,mli,Mali,1949,0,0,0
8444,mli,Mali,1950,0,0,0
8445,mli,Mali,1951,0,0,0
8446,mli,Mali,1952,0,0,0
8447,mli,Mali,1953,0,0,0
8448,mli,Mali,1954,0,0,0
8449,mli,Mali,1955,0,0,0
8450,mli,Mali,1956,0,0,0
8451,mli,Mali,1957,0,0,0
8452,mli,Mali,1958,0,0,0
8453,mli,Mali,1959,0,0,0
8454,mli,Mali,1960,0,0,0
8455,mli,Mali,1961,0,0,0
8456,mli,Mali,1962,0,0,0
8457,mli,Mali,1963,0,0,0
8458,mli,Mali,1964,0,0,0
8459,mli,Mali,1965,0,0,0
8460,mli,Mali,1966,0,0,0
8461,mli,Mali,1967,0,0,0
8462,mli,Mali,1968,0,0,0
8463,mli,Mali,1969,513,0,0
8464,mli,Mali,1970,0,0,0
8465,mli,Mali,1971,0,0,0
8466,mli,Mali,1972,0,0,0
8467,mli,Mali,1973,0,0,0
8468,mli,Mali,1974,0,0,0
8469,mli,Mali,1975,0,0,0
8470,mli,Mali,1976,0,0,0
8471,mli,Mali,1977,0,0,0
8472,mli,Mali,1978,0,0,0
8473,mli,Mali,1979,30,0,0
8474,mli,Mali,1980,0,0,0
8475,mli,Mali,1981,412,0,0
8476,mli,Mali,1982,0,0,0
8477,mli,Mali,1983,0,0,0
8478,mli,Mali,1984,1022,0,0
8479,mli,Mali,1985,51,0,0
8480,mli,Mali,1986,0,0,0
8481,mli,Mali,1987,202,0,0
8482,mli,Mali,1988,64,17,10000
8483,mli,Mali,1989,1,1,0
8484,mli,Mali,1990,0,0,0
8485,mli,Mali,1991,52,0,0
8486,mli,Mali,1992,27,0,0
8487,mli,Mali,1993,0,0,0
8488,mli,Mali,1994,0,0,0
8489,mli,Mali,1995,0,0,0
8490,mli,Mali,1996,345,0,0
8491,mli,Mali,1997,1098,0,0
8492,mli,Mali,1998,3,3,4650
8493,mli,Mali,1999,2,2,200
8494,mli,Mali,2000,15,15,0
8495,mli,Mali,2001,2,2,0
8496,mli,Mali,2002,35,2,0
8497,mli,Mali,2003,106,0,10000
8498,mli,Mali,2004,0,0,0
8499,mli,Mali,2005,43,0,1860
8500,mli,Mali,2006,10,1,1000
8501,mli,Mali,2007,18,18,46162
8502,mli,Mali,2008,0,0,2500
8503,mli,Mali,2009,35,25,0
8504,mli,Mali,2010,0,0,0
8505,mli,Mali,2011,50,1,0
8506,mli,Mali,2012,0,0,0
8507,mli,Mali,2013,37,37,0
8508,mli,Mali,2014,6,0,0
8509,mli,Mali,2015,5,5,0
8510,mli,Mali,2016,13,13,0
8511,mli,Mali,2017,0,0,0
8512,mli,Mali,2018,0,0,0
8513,mli,Mali,2019,15,15,0
8514,mli,Mali,2020,0,0,0
8515,mli,Mali,2021,0,0,0
8516,mli,Mali,2022,10,10,0
8517,mli,Mali,2023,35,0,0
8518,mli,Mali,2024,92,92,0
8519,mli,Mali,2025,0,0,0
8520,mlt,Malta,1991,12,0,0
8521,mlt,Malta,1992,0,0,0
8522,mlt,Malta,1993,0,0,0
8523,mlt,Malta,1994,0,0,0
8524,mlt,Malta,1995,0,0,0
8525,mlt,Malta,1996,283,0,0
8526,mlt,Malta,1997,0,0,0
8527,mlt,Malta,1998,0,0,0
8528,mlt,Malta,1999,0,0,0
8529,mlt,Malta,2000,0,0,0
8530,mlt,Malta,2001,0,0,0
8531,mlt,Malta,2002,0,0,0
8532,mlt,Malta,2003,0,0,0
8533,mlt,Malta,2004,0,0,0
8534,mlt,Malta,2005,0,0,0
8535,mlt,Malta,2006,0,0,0
8536,mlt,Malta,2007,0,0,0
8537,mlt,Malta,2008,0,0,0
8538,mlt,Malta,2009,0,0,0
8539,mlt,Malta,2010,0,0,0
8540,mlt,Malta,2011,0,0,0
8541,mlt,Malta,2012,0,0,0
8542,mlt,Malta,2013,0,0,0
8543,mlt,Malta,2014,0,0,0
8544,mlt,Malta,2015,0,0,0
8545,mlt,Malta,2016,0,0,0
8546,mlt,Malta,2017,0,0,0
8547,mlt,Malta,2018,0,0,0
8548,mlt,Malta,2019,0,0,0
8549,mlt,Malta,2020,0,0,0
8550,mlt,Malta,2021,0,0,0
8551,mlt,Malta,2022,76,76,0
8552,mlt,Malta,2023,70,70,0
8553,mlt,Malta,2024,0,0,0
8554,mlt,Malta,2025,36,36,0
8555,mhl,Marshall Islands,2000,6,0,0
8556,mhl,Marshall Islands,2001,0,0,0
8557,mhl,Marshall Islands,2002,0,0,0
8558,mhl,Marshall Islands,2003,0,0,0
8559,mhl,Marshall Islands,2004,0,0,0
8560,mhl,Marshall Islands,2005,0,0,0
8561,mhl,Marshall Islands,2006,0,0,0
8562,mhl,Marshall Islands,2007,0,0,0
8563,mhl,Marshall Islands,2008,0,0,0
8564,mhl,Marshall Islands,2009,0,0,0
8565,mhl,Marshall Islands,2010,0,0,0
8566,mhl,Marshall Islands,2011,0,0,0
8567,mhl,Marshall Islands,2012,0,0,0
8568,mhl,Marshall Islands,2013,0,0,0
8569,mhl,Marshall Islands,2014,0,0,0
8570,mhl,Marshall Islands,2015,0,0,0
8571,mhl,Marshall Islands,2016,0,0,0
8572,mhl,Marshall Islands,2017,0,0,0
8573,mhl,Marshall Islands,2018,0,0,0
8574,mhl,Marshall Islands,2019,0,0,0
8575,mhl,Marshall Islands,2020,0,0,0
8576,mhl,Marshall Islands,2021,0,0,0
8577,mhl,Marshall Islands,2022,0,0,0
8578,mhl,Marshall Islands,2023,0,0,0
8579,mhl,Marshall Islands,2024,0,0,0
8580,mhl,Marshall Islands,2025,0,0,0
8581,mrt,Mauritania,1910,0,0,0
8582,mrt,Mauritania,1911,0,0,0
8583,mrt,Mauritania,1912,0,0,0
8584,mrt,Mauritania,1913,0,0,0
8585,mrt,Mauritania,1914,0,0,0
8586,mrt,Mauritania,1915,0,0,0
8587,mrt,Mauritania,1916,0,0,0
8588,mrt,Mauritania,1917,0,0,0
8589,mrt,Mauritania,1918,0,0,0
8590,mrt,Mauritania,1919,0,0,0
8591,mrt,Mauritania,1920,0,0,0
8592,mrt,Mauritania,1921,0,0,0
8593,mrt,Mauritania,1922,0,0,0
8594,mrt,Mauritania,1923,0,0,0
8595,mrt,Mauritania,1924,0,0,0
8596,mrt,Mauritania,1925,0,0,0
8597,mrt,Mauritania,1926,0,0,0
8598,mrt,Mauritania,1927,0,0,0
8599,mrt,Mauritania,1928,0,0,0
8600,mrt,Mauritania,1929,0,0,0
8601,mrt,Mauritania,1930,0,0,0
8602,mrt,Mauritania,1931,0,0,0
8603,mrt,Mauritania,1932,0,0,0
8604,mrt,Mauritania,1933,0,0,0
8605,mrt,Mauritania,1934,0,0,0
8606,mrt,Mauritania,1935,0,0,0
8607,mrt,Mauritania,1936,0,0,0
8608,mrt,Mauritania,1937,0,0,0
8609,mrt,Mauritania,1938,0,0,0
8610,mrt,Mauritania,1939,0,0,0
8611,mrt,Mauritania,1940,0,0,0
8612,mrt,Mauritania,1941,0,0,0
8613,mrt,Mauritania,1942,0,0,0
8614,mrt,Mauritania,1943,0,0,0
8615,mrt,Mauritania,1944,0,0,0
8616,mrt,Mauritania,1945,0,0,0
8617,mrt,Mauritania,1946,0,0,0
8618,mrt,Mauritania,1947,0,0,0
8619,mrt,Mauritania,1948,0,0,0
8620,mrt,Mauritania,1949,0,0,0
8621,mrt,Mauritania,1950,0,0,0
8622,mrt,Mauritania,1951,0,0,0
8623,mrt,Mauritania,1952,0,0,0
8624,mrt,Mauritania,1953,0,0,0
8625,mrt,Mauritania,1954,0,0,0
8626,mrt,Mauritania,1955,0,0,0
8627,mrt,Mauritania,1956,0,0,0
8628,mrt,Mauritania,1957,0,0,0
8629,mrt,Mauritania,1958,0,0,0
8630,mrt,Mauritania,1959,0,0,0
8631,mrt,Mauritania,1960,0,0,0
8632,mrt,Mauritania,1961,0,0,0
8633,mrt,Mauritania,1962,0,0,0
8634,mrt,Mauritania,1963,0,0,0
8635,mrt,Mauritania,1964,0,0,0
8636,mrt,Mauritania,1965,0,0,0
8637,mrt,Mauritania,1966,0,0,0
8638,mrt,Mauritania,1967,0,0,0
8639,mrt,Mauritania,1968,0,0,0
8640,mrt,Mauritania,1969,0,0,0
8641,mrt,Mauritania,1970,0,0,0
8642,mrt,Mauritania,1971,0,0,0
8643,mrt,Mauritania,1972,0,0,0
8644,mrt,Mauritania,1973,0,0,0
8645,mrt,Mauritania,1974,0,0,0
8646,mrt,Mauritania,1975,0,0,0
8647,mrt,Mauritania,1976,0,0,0
8648,mrt,Mauritania,1977,0,0,0
8649,mrt,Mauritania,1978,0,0,0
8650,mrt,Mauritania,1979,0,0,0
8651,mrt,Mauritania,1980,0,0,0
8652,mrt,Mauritania,1981,0,0,0
8653,mrt,Mauritania,1982,5,0,0
8654,mrt,Mauritania,1983,0,0,0
8655,mrt,Mauritania,1984,0,0,0
8656,mrt,Mauritania,1985,0,0,900
8657,mrt,Mauritania,1986,0,0,0
8658,mrt,Mauritania,1987,35,0,0
8659,mrt,Mauritania,1988,38,0,0
8660,mrt,Mauritania,1989,0,0,0
8661,mrt,Mauritania,1990,23,0,0
8662,mrt,Mauritania,1991,4,4,0
8663,mrt,Mauritania,1992,0,0,0
8664,mrt,Mauritania,1993,0,0,0
8665,mrt,Mauritania,1994,80,0,0
8666,mrt,Mauritania,1995,0,0,192
8667,mrt,Mauritania,1996,46,0,0
8668,mrt,Mauritania,1997,0,0,0
8669,mrt,Mauritania,1998,45,0,0
8670,mrt,Mauritania,1999,1,1,20160
8671,mrt,Mauritania,2000,0,0,0
8672,mrt,Mauritania,2001,0,0,3000
8673,mrt,Mauritania,2002,25,25,0
8674,mrt,Mauritania,2003,9,9,21000
8675,mrt,Mauritania,2004,0,0,0
8676,mrt,Mauritania,2005,55,0,0
8677,mrt,Mauritania,2006,7,7,10600
8678,mrt,Mauritania,2007,3,3,0
8679,mrt,Mauritania,2008,0,0,0
8680,mrt,Mauritania,2009,1,1,0
8681,mrt,Mauritania,2010,0,0,0
8682,mrt,Mauritania,2011,0,0,0
8683,mrt,Mauritania,2012,0,0,0
8684,mrt,Mauritania,2013,8,8,2305
8685,mrt,Mauritania,2014,0,0,0
8686,mrt,Mauritania,2015,0,0,0
8687,mrt,Mauritania,2016,0,0,0
8688,mrt,Mauritania,2017,18,18,0
8689,mrt,Mauritania,2018,0,0,0
8690,mrt,Mauritania,2019,3,3,0
8691,mrt,Mauritania,2020,9,9,700
8692,mrt,Mauritania,2021,0,0,0
8693,mrt,Mauritania,2022,14,14,0
8694,mrt,Mauritania,2023,1,1,0
8695,mrt,Mauritania,2024,0,0,0
8696,mrt,Mauritania,2025,0,0,0
8697,mus,Mauritius,1960,42,42,0
8698,mus,Mauritius,1961,0,0,0
8699,mus,Mauritius,1962,0,0,0
8700,mus,Mauritius,1963,0,0,0
8701,mus,Mauritius,1964,0,0,0
8702,mus,Mauritius,1965,0,0,0
8703,mus,Mauritius,1966,0,0,0
8704,mus,Mauritius,1967,0,0,3500
8705,mus,Mauritius,1968,0,0,0
8706,mus,Mauritius,1969,0,0,0
8707,mus,Mauritius,1970,0,0,0
8708,mus,Mauritius,1971,0,0,0
8709,mus,Mauritius,1972,2,2,0
8710,mus,Mauritius,1973,0,0,0
8711,mus,Mauritius,1974,0,0,0
8712,mus,Mauritius,1975,9,9,0
8713,mus,Mauritius,1976,0,0,0
8714,mus,Mauritius,1977,0,0,0
8715,mus,Mauritius,1978,0,0,0
8716,mus,Mauritius,1979,5,5,5000
8717,mus,Mauritius,1980,0,0,0
8718,mus,Mauritius,1981,0,0,0
8719,mus,Mauritius,1982,0,0,0
8720,mus,Mauritius,1983,1,1,0
8721,mus,Mauritius,1984,0,0,0
8722,mus,Mauritius,1985,0,0,0
8723,mus,Mauritius,1986,0,0,0
8724,mus,Mauritius,1987,159,0,0
8725,mus,Mauritius,1988,0,0,0
8726,mus,Mauritius,1989,1,1,0
8727,mus,Mauritius,1990,0,0,0
8728,mus,Mauritius,1991,0,0,1500
8729,mus,Mauritius,1992,0,0,0
8730,mus,Mauritius,1993,0,0,0
8731,mus,Mauritius,1994,2,2,1500
8732,mus,Mauritius,1995,0,0,0
8733,mus,Mauritius,1996,3,3,0
8734,mus,Mauritius,1997,0,0,0
8735,mus,Mauritius,1998,0,0,0
8736,mus,Mauritius,1999,0,0,0
8737,mus,Mauritius,2000,0,0,0
8738,mus,Mauritius,2001,0,0,0
8739,mus,Mauritius,2002,3,3,1000
8740,mus,Mauritius,2003,0,0,0
8741,mus,Mauritius,2004,0,0,0
8742,mus,Mauritius,2005,0,0,0
8743,mus,Mauritius,2006,0,0,0
8744,mus,Mauritius,2007,2,2,0
8745,mus,Mauritius,2008,0,0,0
8746,mus,Mauritius,2009,0,0,0
8747,mus,Mauritius,2010,0,0,0
8748,mus,Mauritius,2011,0,0,0
8749,mus,Mauritius,2012,0,0,0
8750,mus,Mauritius,2013,11,11,0
8751,mus,Mauritius,2014,0,0,0
8752,mus,Mauritius,2015,0,0,0
8753,mus,Mauritius,2016,0,0,0
8754,mus,Mauritius,2017,0,0,0
8755,mus,Mauritius,2018,0,0,0
8756,mus,Mauritius,2019,0,0,0
8757,mus,Mauritius,2020,0,0,0
8758,mus,Mauritius,2021,0,0,0
8759,mus,Mauritius,2022,1,1,0
8760,mus,Mauritius,2023,1,1,0
8761,mus,Mauritius,2024,2,2,0
8762,mus,Mauritius,2025,0,0,0
8763,mex,Mexico,1909,250,0,0
8764,mex,Mexico,1910,0,0,0
8765,mex,Mexico,1911,45,45,0
8766,mex,Mexico,1912,0,0,0
8767,mex,Mexico,1913,0,0,0
8768,mex,Mexico,1914,0,0,0
8769,mex,Mexico,1915,0,0,0
8770,mex,Mexico,1916,0,0,0
8771,mex,Mexico,1917,0,0,0
8772,mex,Mexico,1918,0,0,0
8773,mex,Mexico,1919,0,0,0
8774,mex,Mexico,1920,648,648,0
8775,mex,Mexico,1921,0,0,0
8776,mex,Mexico,1922,0,0,0
8777,mex,Mexico,1923,0,0,0
8778,mex,Mexico,1924,0,0,0
8779,mex,Mexico,1925,0,0,0
8780,mex,Mexico,1926,0,0,0
8781,mex,Mexico,1927,0,0,0
8782,mex,Mexico,1928,0,0,0
8783,mex,Mexico,1929,60,60,0
8784,mex,Mexico,1930,0,0,0
8785,mex,Mexico,1931,0,0,0
8786,mex,Mexico,1932,400,400,2000
8787,mex,Mexico,1933,0,0,0
8788,mex,Mexico,1934,0,0,0
8789,mex,Mexico,1935,0,0,0
8790,mex,Mexico,1936,14,0,0
8791,mex,Mexico,1937,34,34,0
8792,mex,Mexico,1938,0,0,0
8793,mex,Mexico,1939,0,0,0
8794,mex,Mexico,1940,0,0,0
8795,mex,Mexico,1941,0,0,0
8796,mex,Mexico,1942,0,0,0
8797,mex,Mexico,1943,0,0,0
8798,mex,Mexico,1944,0,0,0
8799,mex,Mexico,1945,0,0,0
8800,mex,Mexico,1946,0,0,0
8801,mex,Mexico,1947,0,0,0
8802,mex,Mexico,1948,0,0,0
8803,mex,Mexico,1949,1000,1000,0
8804,mex,Mexico,1950,0,0,0
8805,mex,Mexico,1951,50,50,0
8806,mex,Mexico,1952,140,140,0
8807,mex,Mexico,1953,0,0,0
8808,mex,Mexico,1954,100,100,0
8809,mex,Mexico,1955,1100,800,0
8810,mex,Mexico,1956,0,0,0
8811,mex,Mexico,1957,160,160,0
8812,mex,Mexico,1958,0,0,0
8813,mex,Mexico,1959,2985,2985,0
8814,mex,Mexico,1960,0,0,0
8815,mex,Mexico,1961,436,436,0
8816,mex,Mexico,1962,50,50,0
8817,mex,Mexico,1963,0,0,0
8818,mex,Mexico,1964,45,45,0
8819,mex,Mexico,1965,27,27,0
8820,mex,Mexico,1966,14,14,10000
8821,mex,Mexico,1967,111,111,0
8822,mex,Mexico,1968,73,73,0
8823,mex,Mexico,1969,76,76,0
8824,mex,Mexico,1970,35,35,0
8825,mex,Mexico,1971,17,17,0
8826,mex,Mexico,1972,249,37,0
8827,mex,Mexico,1973,686,686,0
8828,mex,Mexico,1974,13,13,0
8829,mex,Mexico,1975,52,29,0
8830,mex,Mexico,1976,735,720,100000
8831,mex,Mexico,1977,10,10,0
8832,mex,Mexico,1978,183,15,0
8833,mex,Mexico,1979,5,5,0
8834,mex,Mexico,1980,171,171,0
8835,mex,Mexico,1981,132,103,0
8836,mex,Mexico,1982,489,369,15000
8837,mex,Mexico,1983,408,325,32500
8838,mex,Mexico,1984,456,4,4000
8839,mex,Mexico,1985,9510,9500,100000
8840,mex,Mexico,1986,207,20,0
8841,mex,Mexico,1987,153,18,200
8842,mex,Mexico,1988,523,311,25060
8843,mex,Mexico,1989,247,43,0
8844,mex,Mexico,1990,536,463,0
8845,mex,Mexico,1991,283,36,45800
8846,mex,Mexico,1992,283,83,31000
8847,mex,Mexico,1993,157,103,55790
8848,mex,Mexico,1994,36,0,0
8849,mex,Mexico,1995,375,283,58275
8850,mex,Mexico,1996,96,16,18750
8851,mex,Mexico,1997,578,567,50000
8852,mex,Mexico,1998,881,849,120
8853,mex,Mexico,1999,979,724,88000
8854,mex,Mexico,2000,236,236,0
8855,mex,Mexico,2001,26,26,800
8856,mex,Mexico,2002,103,103,0
8857,mex,Mexico,2003,70,70,3000
8858,mex,Mexico,2004,52,52,0
8859,mex,Mexico,2005,88,88,300000
8860,mex,Mexico,2006,41,41,0
8861,mex,Mexico,2007,58,58,30000
8862,mex,Mexico,2008,36,36,0
8863,mex,Mexico,2009,32,32,0
8864,mex,Mexico,2010,182,182,0
8865,mex,Mexico,2011,125,125,40000
8866,mex,Mexico,2012,21,21,4000
8867,mex,Mexico,2013,223,223,0
8868,mex,Mexico,2014,22,22,0
8869,mex,Mexico,2015,42,42,741
8870,mex,Mexico,2016,90,90,3000
8871,mex,Mexico,2017,498,498,1600
8872,mex,Mexico,2018,40,40,120
8873,mex,Mexico,2019,16,16,3000
8874,mex,Mexico,2020,82,82,0
8875,mex,Mexico,2021,65,65,0
8876,mex,Mexico,2022,56,56,2424
8877,mex,Mexico,2023,95,95,0
8878,mex,Mexico,2024,216,216,132
8879,mex,Mexico,2025,109,109,0
8880,fsm,"Micronesia, Fed. Sts.",1987,5,5,200
8881,fsm,"Micronesia, Fed. Sts.",1988,0,0,0
8882,fsm,"Micronesia, Fed. Sts.",1989,0,0,0
8883,fsm,"Micronesia, Fed. Sts.",1990,0,0,0
8884,fsm,"Micronesia, Fed. Sts.",1991,0,0,0
8885,fsm,"Micronesia, Fed. Sts.",1992,0,0,0
8886,fsm,"Micronesia, Fed. Sts.",1993,0,0,0
8887,fsm,"Micronesia, Fed. Sts.",1994,0,0,0
8888,fsm,"Micronesia, Fed. Sts.",1995,0,0,0
8889,fsm,"Micronesia, Fed. Sts.",1996,0,0,0
8890,fsm,"Micronesia, Fed. Sts.",1997,0,0,0
8891,fsm,"Micronesia, Fed. Sts.",1998,0,0,0
8892,fsm,"Micronesia, Fed. Sts.",1999,0,0,0
8893,fsm,"Micronesia, Fed. Sts.",2000,19,0,0
8894,fsm,"Micronesia, Fed. Sts.",2001,0,0,0
8895,fsm,"Micronesia, Fed. Sts.",2002,47,47,175
8896,fsm,"Micronesia, Fed. Sts.",2003,0,0,1000
8897,fsm,"Micronesia, Fed. Sts.",2004,1,1,0
8898,fsm,"Micronesia, Fed. Sts.",2005,0,0,0
8899,fsm,"Micronesia, Fed. Sts.",2006,0,0,0
8900,fsm,"Micronesia, Fed. Sts.",2007,0,0,0
8901,fsm,"Micronesia, Fed. Sts.",2008,0,0,0
8902,fsm,"Micronesia, Fed. Sts.",2009,0,0,0
8903,fsm,"Micronesia, Fed. Sts.",2010,0,0,0
8904,fsm,"Micronesia, Fed. Sts.",2011,0,0,0
8905,fsm,"Micronesia, Fed. Sts.",2012,0,0,0
8906,fsm,"Micronesia, Fed. Sts.",2013,0,0,0
8907,fsm,"Micronesia, Fed. Sts.",2014,0,0,0
8908,fsm,"Micronesia, Fed. Sts.",2015,5,5,0
8909,fsm,"Micronesia, Fed. Sts.",2016,0,0,0
8910,fsm,"Micronesia, Fed. Sts.",2017,0,0,0
8911,fsm,"Micronesia, Fed. Sts.",2018,0,0,0
8912,fsm,"Micronesia, Fed. Sts.",2019,0,0,0
8913,fsm,"Micronesia, Fed. Sts.",2020,0,0,0
8914,fsm,"Micronesia, Fed. Sts.",2021,0,0,0
8915,fsm,"Micronesia, Fed. Sts.",2022,0,0,0
8916,fsm,"Micronesia, Fed. Sts.",2023,0,0,0
8917,fsm,"Micronesia, Fed. Sts.",2024,0,0,0
8918,fsm,"Micronesia, Fed. Sts.",2025,0,0,0
8919,mda,Moldova,1994,50,50,25500
8920,mda,Moldova,1995,0,0,0
8921,mda,Moldova,1996,0,0,0
8922,mda,Moldova,1997,9,9,96
8923,mda,Moldova,1998,0,0,0
8924,mda,Moldova,1999,0,0,753
8925,mda,Moldova,2000,2,2,0
8926,mda,Moldova,2001,0,0,0
8927,mda,Moldova,2002,1,1,0
8928,mda,Moldova,2003,0,0,0
8929,mda,Moldova,2004,0,0,0
8930,mda,Moldova,2005,0,0,0
8931,mda,Moldova,2006,13,13,0
8932,mda,Moldova,2007,0,0,0
8933,mda,Moldova,2008,3,3,0
8934,mda,Moldova,2009,0,0,0
8935,mda,Moldova,2010,1,1,0
8936,mda,Moldova,2011,0,0,0
8937,mda,Moldova,2012,10,10,0
8938,mda,Moldova,2013,0,0,0
8939,mda,Moldova,2014,0,0,0
8940,mda,Moldova,2015,0,0,0
8941,mda,Moldova,2016,0,0,0
8942,mda,Moldova,2017,0,0,0
8943,mda,Moldova,2018,0,0,0
8944,mda,Moldova,2019,0,0,0
8945,mda,Moldova,2020,0,0,0
8946,mda,Moldova,2021,0,0,0
8947,mda,Moldova,2022,0,0,0
8948,mda,Moldova,2023,4,4,0
8949,mda,Moldova,2024,0,0,0
8950,mda,Moldova,2025,0,0,0
8951,mng,Mongolia,1957,1200,1200,0
8952,mng,Mongolia,1958,0,0,0
8953,mng,Mongolia,1959,0,0,0
8954,mng,Mongolia,1960,0,0,0
8955,mng,Mongolia,1961,0,0,0
8956,mng,Mongolia,1962,0,0,0
8957,mng,Mongolia,1963,0,0,0
8958,mng,Mongolia,1964,0,0,0
8959,mng,Mongolia,1965,0,0,0
8960,mng,Mongolia,1966,57,57,20000
8961,mng,Mongolia,1967,0,0,0
8962,mng,Mongolia,1968,0,0,0
8963,mng,Mongolia,1969,0,0,0
8964,mng,Mongolia,1970,0,0,0
8965,mng,Mongolia,1971,0,0,0
8966,mng,Mongolia,1972,0,0,0
8967,mng,Mongolia,1973,0,0,0
8968,mng,Mongolia,1974,0,0,0
8969,mng,Mongolia,1975,0,0,0
8970,mng,Mongolia,1976,0,0,0
8971,mng,Mongolia,1977,0,0,0
8972,mng,Mongolia,1978,0,0,0
8973,mng,Mongolia,1979,0,0,0
8974,mng,Mongolia,1980,0,0,0
8975,mng,Mongolia,1981,0,0,0
8976,mng,Mongolia,1982,0,0,0
8977,mng,Mongolia,1983,0,0,0
8978,mng,Mongolia,1984,0,0,0
8979,mng,Mongolia,1985,0,0,0
8980,mng,Mongolia,1986,0,0,0
8981,mng,Mongolia,1987,0,0,0
8982,mng,Mongolia,1988,0,0,0
8983,mng,Mongolia,1989,0,0,0
8984,mng,Mongolia,1990,87,36,0
8985,mng,Mongolia,1991,6,6,0
8986,mng,Mongolia,1992,0,0,0
8987,mng,Mongolia,1993,47,7,0
8988,mng,Mongolia,1994,5,5,0
8989,mng,Mongolia,1995,41,0,0
8990,mng,Mongolia,1996,74,66,0
8991,mng,Mongolia,1997,0,0,0
8992,mng,Mongolia,1998,28,0,0
8993,mng,Mongolia,1999,0,0,0
8994,mng,Mongolia,2000,23,23,0
8995,mng,Mongolia,2001,16,16,0
8996,mng,Mongolia,2002,3,3,0
8997,mng,Mongolia,2003,15,15,150
8998,mng,Mongolia,2004,0,0,0
8999,mng,Mongolia,2005,0,0,0
9000,mng,Mongolia,2006,0,0,0
9001,mng,Mongolia,2007,0,0,0
9002,mng,Mongolia,2008,52,52,0
9003,mng,Mongolia,2009,31,31,0
9004,mng,Mongolia,2010,0,0,0
9005,mng,Mongolia,2011,0,0,0
9006,mng,Mongolia,2012,0,0,0
9007,mng,Mongolia,2013,0,0,0
9008,mng,Mongolia,2014,0,0,0
9009,mng,Mongolia,2015,0,0,0
9010,mng,Mongolia,2016,0,0,0
9011,mng,Mongolia,2017,17,17,0
9012,mng,Mongolia,2018,0,0,0
9013,mng,Mongolia,2019,12,12,0
9014,mng,Mongolia,2020,10,10,0
9015,mng,Mongolia,2021,12,12,0
9016,mng,Mongolia,2022,0,0,0
9017,mng,Mongolia,2023,14,14,0
9018,mng,Mongolia,2024,0,0,0
9019,mng,Mongolia,2025,0,0,0
9020,mne,Montenegro,1992,1,1,6000
9021,mne,Montenegro,1993,0,0,0
9022,mne,Montenegro,1994,0,0,0
9023,mne,Montenegro,1995,10,0,0
9024,mne,Montenegro,1996,12,0,0
9025,mne,Montenegro,1997,0,0,0
9026,mne,Montenegro,1998,57,0,0
9027,mne,Montenegro,1999,35,11,10369
9028,mne,Montenegro,2000,3,3,0
9029,mne,Montenegro,2001,0,0,0
9030,mne,Montenegro,2002,3,3,0
9031,mne,Montenegro,2003,0,0,0
9032,mne,Montenegro,2004,0,0,0
9033,mne,Montenegro,2005,2,2,1845
9034,mne,Montenegro,2006,3,3,0
9035,mne,Montenegro,2007,0,0,0
9036,mne,Montenegro,2008,0,0,0
9037,mne,Montenegro,2009,0,0,0
9038,mne,Montenegro,2010,0,0,0
9039,mne,Montenegro,2011,0,0,0
9040,mne,Montenegro,2012,1,1,0
9041,mne,Montenegro,2013,0,0,0
9042,mne,Montenegro,2014,0,0,0
9043,mne,Montenegro,2015,0,0,0
9044,mne,Montenegro,2016,0,0,0
9045,mne,Montenegro,2017,0,0,0
9046,mne,Montenegro,2018,0,0,0
9047,mne,Montenegro,2019,0,0,0
9048,mne,Montenegro,2020,0,0,0
9049,mne,Montenegro,2021,0,0,0
9050,mne,Montenegro,2022,50,50,0
9051,mne,Montenegro,2023,41,41,0
9052,mne,Montenegro,2024,135,135,0
9053,mne,Montenegro,2025,0,0,0
9054,mar,Morocco,1909,100,100,0
9055,mar,Morocco,1910,0,0,0
9056,mar,Morocco,1911,0,0,0
9057,mar,Morocco,1912,0,0,0
9058,mar,Morocco,1913,0,0,0
9059,mar,Morocco,1914,0,0,0
9060,mar,Morocco,1915,0,0,0
9061,mar,Morocco,1916,0,0,0
9062,mar,Morocco,1917,0,0,0
9063,mar,Morocco,1918,0,0,0
9064,mar,Morocco,1919,0,0,0
9065,mar,Morocco,1920,0,0,0
9066,mar,Morocco,1921,0,0,0
9067,mar,Morocco,1922,0,0,0
9068,mar,Morocco,1923,0,0,0
9069,mar,Morocco,1924,0,0,0
9070,mar,Morocco,1925,0,0,0
9071,mar,Morocco,1926,0,0,0
9072,mar,Morocco,1927,0,0,0
9073,mar,Morocco,1928,0,0,0
9074,mar,Morocco,1929,0,0,0
9075,mar,Morocco,1930,0,0,0
9076,mar,Morocco,1931,0,0,0
9077,mar,Morocco,1932,0,0,0
9078,mar,Morocco,1933,0,0,0
9079,mar,Morocco,1934,0,0,0
9080,mar,Morocco,1935,0,0,0
9081,mar,Morocco,1936,0,0,0
9082,mar,Morocco,1937,0,0,0
9083,mar,Morocco,1938,0,0,0
9084,mar,Morocco,1939,0,0,0
9085,mar,Morocco,1940,0,0,0
9086,mar,Morocco,1941,0,0,0
9087,mar,Morocco,1942,0,0,0
9088,mar,Morocco,1943,0,0,0
9089,mar,Morocco,1944,0,0,0
9090,mar,Morocco,1945,0,0,0
9091,mar,Morocco,1946,0,0,0
9092,mar,Morocco,1947,0,0,0
9093,mar,Morocco,1948,0,0,0
9094,mar,Morocco,1949,0,0,0
9095,mar,Morocco,1950,0,0,0
9096,mar,Morocco,1951,131,131,0
9097,mar,Morocco,1952,0,0,0
9098,mar,Morocco,1953,0,0,0
9099,mar,Morocco,1954,30,30,0
9100,mar,Morocco,1955,0,0,0
9101,mar,Morocco,1956,0,0,0
9102,mar,Morocco,1957,0,0,0
9103,mar,Morocco,1958,65,0,0
9104,mar,Morocco,1959,0,0,0
9105,mar,Morocco,1960,12000,12000,0
9106,mar,Morocco,1961,0,0,0
9107,mar,Morocco,1962,0,0,0
9108,mar,Morocco,1963,169,169,0
9109,mar,Morocco,1964,76,76,0
9110,mar,Morocco,1965,75,75,0
9111,mar,Morocco,1966,200,0,0
9112,mar,Morocco,1967,0,0,0
9113,mar,Morocco,1968,0,0,0
9114,mar,Morocco,1969,11,11,0
9115,mar,Morocco,1970,11,11,0
9116,mar,Morocco,1971,0,0,0
9117,mar,Morocco,1972,0,0,0
9118,mar,Morocco,1973,106,0,0
9119,mar,Morocco,1974,0,0,0
9120,mar,Morocco,1975,178,10,0
9121,mar,Morocco,1976,0,0,0
9122,mar,Morocco,1977,0,0,38000
9123,mar,Morocco,1978,0,0,0
9124,mar,Morocco,1979,16,16,732
9125,mar,Morocco,1980,0,0,0
9126,mar,Morocco,1981,0,0,0
9127,mar,Morocco,1982,1,1,2216
9128,mar,Morocco,1983,0,0,0
9129,mar,Morocco,1984,0,0,0
9130,mar,Morocco,1985,0,0,0
9131,mar,Morocco,1986,0,0,0
9132,mar,Morocco,1987,0,0,0
9133,mar,Morocco,1988,31,31,0
9134,mar,Morocco,1989,0,0,0
9135,mar,Morocco,1990,0,0,0
9136,mar,Morocco,1991,44,0,0
9137,mar,Morocco,1992,30,0,0
9138,mar,Morocco,1993,15,0,0
9139,mar,Morocco,1994,81,0,0
9140,mar,Morocco,1995,808,791,0
9141,mar,Morocco,1996,64,39,0
9142,mar,Morocco,1997,111,60,0
9143,mar,Morocco,1998,101,0,0
9144,mar,Morocco,1999,136,0,0
9145,mar,Morocco,2000,6,6,0
9146,mar,Morocco,2001,15,15,0
9147,mar,Morocco,2002,80,80,0
9148,mar,Morocco,2003,35,35,0
9149,mar,Morocco,2004,628,628,12539
9150,mar,Morocco,2005,1,1,0
9151,mar,Morocco,2006,17,17,0
9152,mar,Morocco,2007,0,0,0
9153,mar,Morocco,2008,30,30,0
9154,mar,Morocco,2009,29,29,0
9155,mar,Morocco,2010,42,42,0
9156,mar,Morocco,2011,0,0,0
9157,mar,Morocco,2012,0,0,0
9158,mar,Morocco,2013,0,0,0
9159,mar,Morocco,2014,60,60,0
9160,mar,Morocco,2015,0,0,0
9161,mar,Morocco,2016,0,0,0
9162,mar,Morocco,2017,0,0,0
9163,mar,Morocco,2018,0,0,0
9164,mar,Morocco,2019,39,39,0
9165,mar,Morocco,2020,0,0,0
9166,mar,Morocco,2021,24,24,0
9167,mar,Morocco,2022,0,0,0
9168,mar,Morocco,2023,2946,2946,0
9169,mar,Morocco,2024,43,43,168
9170,mar,Morocco,2025,52,52,0
9171,moz,Mozambique,1956,107,107,0
9172,moz,Mozambique,1957,0,0,0
9173,moz,Mozambique,1958,0,0,0
9174,moz,Mozambique,1959,0,0,0
9175,moz,Mozambique,1960,0,0,0
9176,moz,Mozambique,1961,0,0,0
9177,moz,Mozambique,1962,0,0,0
9178,moz,Mozambique,1963,0,0,0
9179,moz,Mozambique,1964,0,0,0
9180,moz,Mozambique,1965,0,0,0
9181,moz,Mozambique,1966,0,0,0
9182,moz,Mozambique,1967,0,0,0
9183,moz,Mozambique,1968,0,0,0
9184,moz,Mozambique,1969,0,0,0
9185,moz,Mozambique,1970,0,0,0
9186,moz,Mozambique,1971,500,500,0
9187,moz,Mozambique,1972,0,0,0
9188,moz,Mozambique,1973,0,0,0
9189,moz,Mozambique,1974,0,0,0
9190,moz,Mozambique,1975,1,1,0
9191,moz,Mozambique,1976,0,0,0
9192,moz,Mozambique,1977,462,303,40000
9193,moz,Mozambique,1978,44,44,25000
9194,moz,Mozambique,1979,0,0,0
9195,moz,Mozambique,1980,10,0,0
9196,moz,Mozambique,1981,100000,100000,0
9197,moz,Mozambique,1982,0,0,0
9198,moz,Mozambique,1983,189,0,0
9199,moz,Mozambique,1984,109,109,0
9200,moz,Mozambique,1985,66,8,0
9201,moz,Mozambique,1986,77,0,0
9202,moz,Mozambique,1987,50,50,0
9203,moz,Mozambique,1988,100,100,0
9204,moz,Mozambique,1989,99,2,0
9205,moz,Mozambique,1990,694,0,0
9206,moz,Mozambique,1991,109,0,0
9207,moz,Mozambique,1992,587,0,0
9208,moz,Mozambique,1993,102,0,0
9209,moz,Mozambique,1994,240,240,500000
9210,moz,Mozambique,1995,0,0,0
9211,moz,Mozambique,1996,51,11,0
9212,moz,Mozambique,1997,672,35,0
9213,moz,Mozambique,1998,296,87,2500
9214,moz,Mozambique,1999,23,23,0
9215,moz,Mozambique,2000,845,834,1050
9216,moz,Mozambique,2001,86,79,0
9217,moz,Mozambique,2002,29,12,4500
9218,moz,Mozambique,2003,217,58,0
9219,moz,Mozambique,2004,0,0,0
9220,moz,Mozambique,2005,16,16,9000
9221,moz,Mozambique,2006,31,4,1440
9222,moz,Mozambique,2007,142,64,3500
9223,moz,Mozambique,2008,238,83,58000
9224,moz,Mozambique,2009,198,0,6500
9225,moz,Mozambique,2010,49,5,0
9226,moz,Mozambique,2011,36,23,0
9227,moz,Mozambique,2012,33,33,0
9228,moz,Mozambique,2013,121,119,0
9229,moz,Mozambique,2014,65,22,0
9230,moz,Mozambique,2015,160,160,0
9231,moz,Mozambique,2016,75,75,1500
9232,moz,Mozambique,2017,8,7,0
9233,moz,Mozambique,2018,28,28,77150
9234,moz,Mozambique,2019,704,704,0
9235,moz,Mozambique,2020,24,24,0
9236,moz,Mozambique,2021,11,11,0
9237,moz,Mozambique,2022,203,203,0
9238,moz,Mozambique,2023,338,197,0
9239,moz,Mozambique,2024,164,122,0
9240,moz,Mozambique,2025,223,223,0
9241,mmr,Myanmar,1902,600,600,0
9242,mmr,Myanmar,1903,0,0,0
9243,mmr,Myanmar,1904,0,0,0
9244,mmr,Myanmar,1905,0,0,0
9245,mmr,Myanmar,1906,0,0,0
9246,mmr,Myanmar,1907,0,0,0
9247,mmr,Myanmar,1908,0,0,0
9248,mmr,Myanmar,1909,0,0,0
9249,mmr,Myanmar,1910,0,0,0
9250,mmr,Myanmar,1911,0,0,0
9251,mmr,Myanmar,1912,0,0,0
9252,mmr,Myanmar,1913,0,0,0
9253,mmr,Myanmar,1914,0,0,0
9254,mmr,Myanmar,1915,0,0,0
9255,mmr,Myanmar,1916,0,0,0
9256,mmr,Myanmar,1917,0,0,0
9257,mmr,Myanmar,1918,0,0,0
9258,mmr,Myanmar,1919,0,0,0
9259,mmr,Myanmar,1920,0,0,0
9260,mmr,Myanmar,1921,0,0,0
9261,mmr,Myanmar,1922,0,0,0
9262,mmr,Myanmar,1923,6,6,0
9263,mmr,Myanmar,1924,0,0,0
9264,mmr,Myanmar,1925,0,0,0
9265,mmr,Myanmar,1926,2700,2700,40000
9266,mmr,Myanmar,1927,0,0,0
9267,mmr,Myanmar,1928,0,0,0
9268,mmr,Myanmar,1929,0,0,0
9269,mmr,Myanmar,1930,586,586,0
9270,mmr,Myanmar,1931,0,0,0
9271,mmr,Myanmar,1932,0,0,0
9272,mmr,Myanmar,1933,0,0,0
9273,mmr,Myanmar,1934,0,0,0
9274,mmr,Myanmar,1935,0,0,0
9275,mmr,Myanmar,1936,1000,1000,150000
9276,mmr,Myanmar,1937,0,0,0
9277,mmr,Myanmar,1938,0,0,0
9278,mmr,Myanmar,1939,0,0,0
9279,mmr,Myanmar,1940,0,0,0
9280,mmr,Myanmar,1941,15,15,0
9281,mmr,Myanmar,1942,0,0,0
9282,mmr,Myanmar,1943,0,0,0
9283,mmr,Myanmar,1944,0,0,0
9284,mmr,Myanmar,1945,0,0,0
9285,mmr,Myanmar,1946,0,0,0
9286,mmr,Myanmar,1947,0,0,0
9287,mmr,Myanmar,1948,0,0,0
9288,mmr,Myanmar,1949,0,0,0
9289,mmr,Myanmar,1950,0,0,0
9290,mmr,Myanmar,1951,0,0,0
9291,mmr,Myanmar,1952,0,0,0
9292,mmr,Myanmar,1953,0,0,0
9293,mmr,Myanmar,1954,0,0,0
9294,mmr,Myanmar,1955,0,0,0
9295,mmr,Myanmar,1956,0,0,0
9296,mmr,Myanmar,1957,0,0,0
9297,mmr,Myanmar,1958,0,0,0
9298,mmr,Myanmar,1959,0,0,0
9299,mmr,Myanmar,1960,0,0,0
9300,mmr,Myanmar,1961,0,0,0
9301,mmr,Myanmar,1962,0,0,0
9302,mmr,Myanmar,1963,0,0,200
9303,mmr,Myanmar,1964,0,0,0
9304,mmr,Myanmar,1965,134,134,0
9305,mmr,Myanmar,1966,0,0,0
9306,mmr,Myanmar,1967,278,278,0
9307,mmr,Myanmar,1968,1070,1070,30000
9308,mmr,Myanmar,1969,11,0,0
9309,mmr,Myanmar,1970,90,90,0
9310,mmr,Myanmar,1971,0,0,0
9311,mmr,Myanmar,1972,5,0,0
9312,mmr,Myanmar,1973,0,0,0
9313,mmr,Myanmar,1974,0,0,0
9314,mmr,Myanmar,1975,200,200,0
9315,mmr,Myanmar,1976,0,0,200000
9316,mmr,Myanmar,1977,3,3,0
9317,mmr,Myanmar,1978,0,0,54000
9318,mmr,Myanmar,1979,0,0,0
9319,mmr,Myanmar,1980,0,0,0
9320,mmr,Myanmar,1981,13,8,20000
9321,mmr,Myanmar,1982,301,11,0
9322,mmr,Myanmar,1983,10,0,0
9323,mmr,Myanmar,1984,0,0,0
9324,mmr,Myanmar,1985,0,0,0
9325,mmr,Myanmar,1986,26,0,0
9326,mmr,Myanmar,1987,447,0,0
9327,mmr,Myanmar,1988,135,0,0
9328,mmr,Myanmar,1989,87,0,22324
9329,mmr,Myanmar,1990,200,0,0
9330,mmr,Myanmar,1991,98,23,2800
9331,mmr,Myanmar,1992,5,5,0
9332,mmr,Myanmar,1993,137,0,1757
9333,mmr,Myanmar,1994,144,17,5000
9334,mmr,Myanmar,1995,52,51,16959
9335,mmr,Myanmar,1996,0,0,0
9336,mmr,Myanmar,1997,103,68,33768
9337,mmr,Myanmar,1998,58,0,0
9338,mmr,Myanmar,1999,22,22,50000
9339,mmr,Myanmar,2000,0,0,0
9340,mmr,Myanmar,2001,51,51,3750
9341,mmr,Myanmar,2002,21,21,0
9342,mmr,Myanmar,2003,0,0,0
9343,mmr,Myanmar,2004,307,307,28200
9344,mmr,Myanmar,2005,17,17,0
9345,mmr,Myanmar,2006,59,59,0
9346,mmr,Myanmar,2007,35,5,4237
9347,mmr,Myanmar,2008,138366,138366,0
9348,mmr,Myanmar,2009,24,24,0
9349,mmr,Myanmar,2010,373,373,0
9350,mmr,Myanmar,2011,225,225,3152
9351,mmr,Myanmar,2012,40,40,0
9352,mmr,Myanmar,2013,23,23,0
9353,mmr,Myanmar,2014,0,0,0
9354,mmr,Myanmar,2015,213,213,1200
9355,mmr,Myanmar,2016,131,97,12000
9356,mmr,Myanmar,2017,3,3,0
9357,mmr,Myanmar,2018,67,67,0
9358,mmr,Myanmar,2019,128,128,1875
9359,mmr,Myanmar,2020,174,174,0
9360,mmr,Myanmar,2021,0,0,0
9361,mmr,Myanmar,2022,0,0,0
9362,mmr,Myanmar,2023,205,205,1150
9363,mmr,Myanmar,2024,510,510,0
9364,mmr,Myanmar,2025,3846,3846,580
9365,nam,Namibia,1981,0,0,0
9366,nam,Namibia,1982,0,0,0
9367,nam,Namibia,1983,0,0,0
9368,nam,Namibia,1984,0,0,0
9369,nam,Namibia,1985,0,0,0
9370,nam,Namibia,1986,0,0,0
9371,nam,Namibia,1987,0,0,0
9372,nam,Namibia,1988,100,0,0
9373,nam,Namibia,1989,0,0,0
9374,nam,Namibia,1990,0,0,0
9375,nam,Namibia,1991,20,0,0
9376,nam,Namibia,1992,0,0,0
9377,nam,Namibia,1993,0,0,0
9378,nam,Namibia,1994,0,0,0
9379,nam,Namibia,1995,0,0,0
9380,nam,Namibia,1996,0,0,0
9381,nam,Namibia,1997,0,0,0
9382,nam,Namibia,1998,0,0,0
9383,nam,Namibia,1999,0,0,0
9384,nam,Namibia,2000,14,0,0
9385,nam,Namibia,2001,134,0,0
9386,nam,Namibia,2002,0,0,0
9387,nam,Namibia,2003,2,2,0
9388,nam,Namibia,2004,0,0,0
9389,nam,Namibia,2005,0,0,0
9390,nam,Namibia,2006,15,5,0
9391,nam,Namibia,2007,14,7,0
9392,nam,Namibia,2008,51,42,0
9393,nam,Namibia,2009,92,92,0
9394,nam,Namibia,2010,8,8,0
9395,nam,Namibia,2011,108,108,0
9396,nam,Namibia,2012,0,0,0
9397,nam,Namibia,2013,17,0,0
9398,nam,Namibia,2014,0,0,0
9399,nam,Namibia,2015,0,0,0
9400,nam,Namibia,2016,0,0,0
9401,nam,Namibia,2017,0,0,0
9402,nam,Namibia,2018,0,0,0
9403,nam,Namibia,2019,0,0,0
9404,nam,Namibia,2020,0,0,0
9405,nam,Namibia,2021,0,0,0
9406,nam,Namibia,2022,0,0,0
9407,nam,Namibia,2023,0,0,0
9408,nam,Namibia,2024,0,0,0
9409,nam,Namibia,2025,16,16,0
9410,npl,Nepal,1954,60,60,0
9411,npl,Nepal,1955,0,0,0
9412,npl,Nepal,1956,0,0,0
9413,npl,Nepal,1957,0,0,0
9414,npl,Nepal,1958,0,0,0
9415,npl,Nepal,1959,0,0,0
9416,npl,Nepal,1960,0,0,0
9417,npl,Nepal,1961,0,0,0
9418,npl,Nepal,1962,0,0,0
9419,npl,Nepal,1963,1150,150,0
9420,npl,Nepal,1964,0,0,0
9421,npl,Nepal,1965,0,0,0
9422,npl,Nepal,1966,80,80,0
9423,npl,Nepal,1967,17,0,0
9424,npl,Nepal,1968,276,276,0
9425,npl,Nepal,1969,0,0,0
9426,npl,Nepal,1970,371,371,0
9427,npl,Nepal,1971,0,0,0
9428,npl,Nepal,1972,105,105,0
9429,npl,Nepal,1973,0,0,0
9430,npl,Nepal,1974,0,0,0
9431,npl,Nepal,1975,125,125,0
9432,npl,Nepal,1976,150,150,0
9433,npl,Nepal,1977,0,0,0
9434,npl,Nepal,1978,130,130,700
9435,npl,Nepal,1979,0,0,0
9436,npl,Nepal,1980,100,100,35000
9437,npl,Nepal,1981,750,750,0
9438,npl,Nepal,1982,92,92,0
9439,npl,Nepal,1983,207,207,0
9440,npl,Nepal,1984,300,200,0
9441,npl,Nepal,1985,46,46,2000
9442,npl,Nepal,1986,23,23,0
9443,npl,Nepal,1987,214,188,0
9444,npl,Nepal,1988,984,912,0
9445,npl,Nepal,1989,108,49,0
9446,npl,Nepal,1990,205,30,0
9447,npl,Nepal,1991,1452,57,0
9448,npl,Nepal,1992,1012,56,50000
9449,npl,Nepal,1993,1076,1076,200
9450,npl,Nepal,1994,0,0,0
9451,npl,Nepal,1995,511,320,3000
9452,npl,Nepal,1996,926,808,13650
9453,npl,Nepal,1997,104,20,0
9454,npl,Nepal,1998,538,310,50000
9455,npl,Nepal,1999,409,202,4000
9456,npl,Nepal,2000,463,144,0
9457,npl,Nepal,2001,170,144,0
9458,npl,Nepal,2002,564,532,0
9459,npl,Nepal,2003,287,287,15575
9460,npl,Nepal,2004,185,185,0
9461,npl,Nepal,2005,69,69,0
9462,npl,Nepal,2006,157,157,80000
9463,npl,Nepal,2007,214,214,0
9464,npl,Nepal,2008,115,115,0
9465,npl,Nepal,2009,459,145,0
9466,npl,Nepal,2010,223,150,0
9467,npl,Nepal,2011,182,182,0
9468,npl,Nepal,2012,83,83,0
9469,npl,Nepal,2013,244,244,4314
9470,npl,Nepal,2014,573,573,0
9471,npl,Nepal,2015,9034,9034,0
9472,npl,Nepal,2016,174,174,0
9473,npl,Nepal,2017,198,198,0
9474,npl,Nepal,2018,65,65,0
9475,npl,Nepal,2019,147,147,0
9476,npl,Nepal,2020,448,448,0
9477,npl,Nepal,2021,251,251,0
9478,npl,Nepal,2022,196,196,0
9479,npl,Nepal,2023,191,191,0
9480,npl,Nepal,2024,379,379,0
9481,npl,Nepal,2025,89,89,10
9482,nld,Netherlands,1917,45,0,0
9483,nld,Netherlands,1918,60,0,0
9484,nld,Netherlands,1919,0,0,0
9485,nld,Netherlands,1920,0,0,0
9486,nld,Netherlands,1921,0,0,0
9487,nld,Netherlands,1922,0,0,0
9488,nld,Netherlands,1923,0,0,0
9489,nld,Netherlands,1924,0,0,0
9490,nld,Netherlands,1925,0,0,0
9491,nld,Netherlands,1926,0,0,0
9492,nld,Netherlands,1927,0,0,0
9493,nld,Netherlands,1928,0,0,0
9494,nld,Netherlands,1929,0,0,0
9495,nld,Netherlands,1930,0,0,0
9496,nld,Netherlands,1931,0,0,0
9497,nld,Netherlands,1932,0,0,0
9498,nld,Netherlands,1933,0,0,0
9499,nld,Netherlands,1934,0,0,0
9500,nld,Netherlands,1935,0,0,0
9501,nld,Netherlands,1936,0,0,0
9502,nld,Netherlands,1937,0,0,0
9503,nld,Netherlands,1938,0,0,0
9504,nld,Netherlands,1939,0,0,0
9505,nld,Netherlands,1940,0,0,0
9506,nld,Netherlands,1941,0,0,0
9507,nld,Netherlands,1942,0,0,0
9508,nld,Netherlands,1943,0,0,0
9509,nld,Netherlands,1944,0,0,0
9510,nld,Netherlands,1945,0,0,0
9511,nld,Netherlands,1946,0,0,0
9512,nld,Netherlands,1947,0,0,0
9513,nld,Netherlands,1948,0,0,0
9514,nld,Netherlands,1949,0,0,0
9515,nld,Netherlands,1950,0,0,0
9516,nld,Netherlands,1951,0,0,0
9517,nld,Netherlands,1952,0,0,0
9518,nld,Netherlands,1953,2000,2000,0
9519,nld,Netherlands,1954,16,0,0
9520,nld,Netherlands,1955,0,0,0
9521,nld,Netherlands,1956,0,0,0
9522,nld,Netherlands,1957,0,0,0
9523,nld,Netherlands,1958,0,0,0
9524,nld,Netherlands,1959,0,0,0
9525,nld,Netherlands,1960,0,0,0
9526,nld,Netherlands,1961,0,0,0
9527,nld,Netherlands,1962,93,0,0
9528,nld,Netherlands,1963,0,0,0
9529,nld,Netherlands,1964,0,0,0
9530,nld,Netherlands,1965,0,0,0
9531,nld,Netherlands,1966,0,0,0
9532,nld,Netherlands,1967,0,0,0
9533,nld,Netherlands,1968,0,0,0
9534,nld,Netherlands,1969,0,0,0
9535,nld,Netherlands,1970,0,0,0
9536,nld,Netherlands,1971,0,0,0
9537,nld,Netherlands,1972,0,0,0
9538,nld,Netherlands,1973,0,0,0
9539,nld,Netherlands,1974,0,0,0
9540,nld,Netherlands,1975,14,0,0
9541,nld,Netherlands,1976,24,0,0
9542,nld,Netherlands,1977,0,0,0
9543,nld,Netherlands,1978,0,0,0
9544,nld,Netherlands,1979,0,0,0
9545,nld,Netherlands,1980,0,0,0
9546,nld,Netherlands,1981,0,0,0
9547,nld,Netherlands,1982,0,0,0
9548,nld,Netherlands,1983,0,0,0
9549,nld,Netherlands,1984,0,0,0
9550,nld,Netherlands,1985,0,0,0
9551,nld,Netherlands,1986,0,0,0
9552,nld,Netherlands,1987,0,0,0
9553,nld,Netherlands,1988,0,0,0
9554,nld,Netherlands,1989,0,0,0
9555,nld,Netherlands,1990,20,20,0
9556,nld,Netherlands,1991,6,0,0
9557,nld,Netherlands,1992,74,0,0
9558,nld,Netherlands,1993,1,1,0
9559,nld,Netherlands,1994,0,0,0
9560,nld,Netherlands,1995,35,1,0
9561,nld,Netherlands,1996,66,0,0
9562,nld,Netherlands,1997,2,2,0
9563,nld,Netherlands,1998,0,0,0
9564,nld,Netherlands,1999,13,0,0
9565,nld,Netherlands,2000,0,0,0
9566,nld,Netherlands,2001,0,0,0
9567,nld,Netherlands,2002,4,4,0
9568,nld,Netherlands,2003,965,965,0
9569,nld,Netherlands,2004,0,0,0
9570,nld,Netherlands,2005,0,0,0
9571,nld,Netherlands,2006,1000,1000,0
9572,nld,Netherlands,2007,7,7,0
9573,nld,Netherlands,2008,0,0,0
9574,nld,Netherlands,2009,0,0,0
9575,nld,Netherlands,2010,0,0,0
9576,nld,Netherlands,2011,0,0,0
9577,nld,Netherlands,2012,1,1,0
9578,nld,Netherlands,2013,2,2,0
9579,nld,Netherlands,2014,0,0,0
9580,nld,Netherlands,2015,0,0,0
9581,nld,Netherlands,2016,0,0,0
9582,nld,Netherlands,2017,0,0,0
9583,nld,Netherlands,2018,103,103,0
9584,nld,Netherlands,2019,400,400,0
9585,nld,Netherlands,2020,400,400,0
9586,nld,Netherlands,2021,0,0,0
9587,nld,Netherlands,2022,473,473,0
9588,nld,Netherlands,2023,369,369,0
9589,nld,Netherlands,2024,235,235,0
9590,nld,Netherlands,2025,411,411,0
9591,nzl,New Zealand,1918,6700,0,0
9592,nzl,New Zealand,1919,0,0,0
9593,nzl,New Zealand,1920,0,0,0
9594,nzl,New Zealand,1921,0,0,0
9595,nzl,New Zealand,1922,0,0,0
9596,nzl,New Zealand,1923,0,0,0
9597,nzl,New Zealand,1924,0,0,0
9598,nzl,New Zealand,1925,0,0,0
9599,nzl,New Zealand,1926,0,0,0
9600,nzl,New Zealand,1927,0,0,0
9601,nzl,New Zealand,1928,0,0,0
9602,nzl,New Zealand,1929,17,17,0
9603,nzl,New Zealand,1930,0,0,0
9604,nzl,New Zealand,1931,256,256,0
9605,nzl,New Zealand,1932,0,0,0
9606,nzl,New Zealand,1933,0,0,0
9607,nzl,New Zealand,1934,0,0,0
9608,nzl,New Zealand,1935,0,0,0
9609,nzl,New Zealand,1936,0,0,0
9610,nzl,New Zealand,1937,0,0,0
9611,nzl,New Zealand,1938,21,21,0
9612,nzl,New Zealand,1939,0,0,0
9613,nzl,New Zealand,1940,0,0,0
9614,nzl,New Zealand,1941,0,0,0
9615,nzl,New Zealand,1942,0,0,0
9616,nzl,New Zealand,1943,0,0,0
9617,nzl,New Zealand,1944,0,0,0
9618,nzl,New Zealand,1945,0,0,0
9619,nzl,New Zealand,1946,0,0,0
9620,nzl,New Zealand,1947,0,0,0
9621,nzl,New Zealand,1948,0,0,0
9622,nzl,New Zealand,1949,0,0,0
9623,nzl,New Zealand,1950,0,0,0
9624,nzl,New Zealand,1951,0,0,0
9625,nzl,New Zealand,1952,0,0,0
9626,nzl,New Zealand,1953,301,150,0
9627,nzl,New Zealand,1954,0,0,0
9628,nzl,New Zealand,1955,0,0,0
9629,nzl,New Zealand,1956,0,0,0
9630,nzl,New Zealand,1957,0,0,0
9631,nzl,New Zealand,1958,0,0,0
9632,nzl,New Zealand,1959,0,0,0
9633,nzl,New Zealand,1960,0,0,0
9634,nzl,New Zealand,1961,0,0,0
9635,nzl,New Zealand,1962,0,0,0
9636,nzl,New Zealand,1963,0,0,0
9637,nzl,New Zealand,1964,0,0,0
9638,nzl,New Zealand,1965,0,0,0
9639,nzl,New Zealand,1966,0,0,0
9640,nzl,New Zealand,1967,0,0,0
9641,nzl,New Zealand,1968,53,53,0
9642,nzl,New Zealand,1969,0,0,0
9643,nzl,New Zealand,1970,0,0,0
9644,nzl,New Zealand,1971,0,0,0
9645,nzl,New Zealand,1972,0,0,0
9646,nzl,New Zealand,1973,0,0,0
9647,nzl,New Zealand,1974,0,0,0
9648,nzl,New Zealand,1975,0,0,0
9649,nzl,New Zealand,1976,0,0,0
9650,nzl,New Zealand,1977,0,0,0
9651,nzl,New Zealand,1978,0,0,0
9652,nzl,New Zealand,1979,257,0,0
9653,nzl,New Zealand,1980,0,0,0
9654,nzl,New Zealand,1981,0,0,0
9655,nzl,New Zealand,1982,0,0,0
9656,nzl,New Zealand,1983,0,0,0
9657,nzl,New Zealand,1984,0,0,0
9658,nzl,New Zealand,1985,4,4,0
9659,nzl,New Zealand,1986,1,1,600
9660,nzl,New Zealand,1987,1,1,0
9661,nzl,New Zealand,1988,7,7,0
9662,nzl,New Zealand,1989,10,0,0
9663,nzl,New Zealand,1990,0,0,0
9664,nzl,New Zealand,1991,0,0,0
9665,nzl,New Zealand,1992,0,0,0
9666,nzl,New Zealand,1993,0,0,0
9667,nzl,New Zealand,1994,0,0,0
9668,nzl,New Zealand,1995,0,0,0
9669,nzl,New Zealand,1996,1,1,0
9670,nzl,New Zealand,1997,3,3,0
9671,nzl,New Zealand,1998,0,0,0
9672,nzl,New Zealand,1999,0,0,0
9673,nzl,New Zealand,2000,0,0,0
9674,nzl,New Zealand,2001,0,0,0
9675,nzl,New Zealand,2002,0,0,0
9676,nzl,New Zealand,2003,2,2,0
9677,nzl,New Zealand,2004,4,4,0
9678,nzl,New Zealand,2005,0,0,400
9679,nzl,New Zealand,2006,0,0,0
9680,nzl,New Zealand,2007,0,0,0
9681,nzl,New Zealand,2008,0,0,0
9682,nzl,New Zealand,2009,0,0,0
9683,nzl,New Zealand,2010,0,0,0
9684,nzl,New Zealand,2011,182,182,300
9685,nzl,New Zealand,2012,3,3,0
9686,nzl,New Zealand,2013,0,0,0
9687,nzl,New Zealand,2014,0,0,0
9688,nzl,New Zealand,2015,1,1,0
9689,nzl,New Zealand,2016,2,2,0
9690,nzl,New Zealand,2017,0,0,12
9691,nzl,New Zealand,2018,0,0,0
9692,nzl,New Zealand,2019,21,21,0
9693,nzl,New Zealand,2020,0,0,0
9694,nzl,New Zealand,2021,1,1,0
9695,nzl,New Zealand,2022,0,0,0
9696,nzl,New Zealand,2023,15,15,1614
9697,nzl,New Zealand,2024,0,0,0
9698,nzl,New Zealand,2025,0,0,0
9699,nic,Nicaragua,1930,1000,1000,0
9700,nic,Nicaragua,1931,1000,1000,0
9701,nic,Nicaragua,1932,0,0,0
9702,nic,Nicaragua,1933,0,0,0
9703,nic,Nicaragua,1934,0,0,0
9704,nic,Nicaragua,1935,0,0,0
9705,nic,Nicaragua,1936,0,0,0
9706,nic,Nicaragua,1937,0,0,0
9707,nic,Nicaragua,1938,0,0,0
9708,nic,Nicaragua,1939,0,0,0
9709,nic,Nicaragua,1940,0,0,0
9710,nic,Nicaragua,1941,0,0,0
9711,nic,Nicaragua,1942,0,0,0
9712,nic,Nicaragua,1943,0,0,0
9713,nic,Nicaragua,1944,0,0,0
9714,nic,Nicaragua,1945,0,0,0
9715,nic,Nicaragua,1946,0,0,0
9716,nic,Nicaragua,1947,0,0,0
9717,nic,Nicaragua,1948,0,0,0
9718,nic,Nicaragua,1949,0,0,0
9719,nic,Nicaragua,1950,0,0,0
9720,nic,Nicaragua,1951,500,500,0
9721,nic,Nicaragua,1952,0,0,0
9722,nic,Nicaragua,1953,0,0,0
9723,nic,Nicaragua,1954,0,0,0
9724,nic,Nicaragua,1955,0,0,0
9725,nic,Nicaragua,1956,0,0,0
9726,nic,Nicaragua,1957,0,0,0
9727,nic,Nicaragua,1958,0,0,0
9728,nic,Nicaragua,1959,0,0,0
9729,nic,Nicaragua,1960,325,325,0
9730,nic,Nicaragua,1961,0,0,0
9731,nic,Nicaragua,1962,0,0,0
9732,nic,Nicaragua,1963,0,0,0
9733,nic,Nicaragua,1964,0,0,0
9734,nic,Nicaragua,1965,0,0,0
9735,nic,Nicaragua,1966,0,0,0
9736,nic,Nicaragua,1967,53,0,0
9737,nic,Nicaragua,1968,0,0,260
9738,nic,Nicaragua,1969,0,0,0
9739,nic,Nicaragua,1970,0,0,0
9740,nic,Nicaragua,1971,35,35,2400
9741,nic,Nicaragua,1972,10000,10000,300000
9742,nic,Nicaragua,1973,0,0,0
9743,nic,Nicaragua,1974,0,0,0
9744,nic,Nicaragua,1975,0,0,0
9745,nic,Nicaragua,1976,16,16,0
9746,nic,Nicaragua,1977,0,0,0
9747,nic,Nicaragua,1978,0,0,0
9748,nic,Nicaragua,1979,0,0,0
9749,nic,Nicaragua,1980,0,0,0
9750,nic,Nicaragua,1981,0,0,0
9751,nic,Nicaragua,1982,71,71,0
9752,nic,Nicaragua,1983,101,0,2500
9753,nic,Nicaragua,1984,0,0,0
9754,nic,Nicaragua,1985,0,0,0
9755,nic,Nicaragua,1986,0,0,0
9756,nic,Nicaragua,1987,0,0,33
9757,nic,Nicaragua,1988,130,130,60000
9758,nic,Nicaragua,1989,0,0,0
9759,nic,Nicaragua,1990,4,4,0
9760,nic,Nicaragua,1991,2,0,0
9761,nic,Nicaragua,1992,180,180,0
9762,nic,Nicaragua,1993,37,37,0
9763,nic,Nicaragua,1994,0,0,0
9764,nic,Nicaragua,1995,56,38,0
9765,nic,Nicaragua,1996,44,44,0
9766,nic,Nicaragua,1997,0,0,0
9767,nic,Nicaragua,1998,3339,3332,10
9768,nic,Nicaragua,1999,55,11,7105
9769,nic,Nicaragua,2000,20,20,5650
9770,nic,Nicaragua,2001,16,16,0
9771,nic,Nicaragua,2002,2,2,3004
9772,nic,Nicaragua,2003,0,0,0
9773,nic,Nicaragua,2004,29,29,0
9774,nic,Nicaragua,2005,7,7,5763
9775,nic,Nicaragua,2006,0,0,0
9776,nic,Nicaragua,2007,187,187,0
9777,nic,Nicaragua,2008,30,30,0
9778,nic,Nicaragua,2009,8,0,0
9779,nic,Nicaragua,2010,87,71,0
9780,nic,Nicaragua,2011,17,17,0
9781,nic,Nicaragua,2012,9,9,0
9782,nic,Nicaragua,2013,30,27,0
9783,nic,Nicaragua,2014,2,2,0
9784,nic,Nicaragua,2015,2,2,0
9785,nic,Nicaragua,2016,0,0,0
9786,nic,Nicaragua,2017,22,22,150
9787,nic,Nicaragua,2018,4,4,0
9788,nic,Nicaragua,2019,15,0,0
9789,nic,Nicaragua,2020,20,20,0
9790,nic,Nicaragua,2021,0,0,0
9791,nic,Nicaragua,2022,5,5,2100
9792,nic,Nicaragua,2023,0,0,0
9793,nic,Nicaragua,2024,2,2,0
9794,nic,Nicaragua,2025,0,0,0
9795,ner,Niger,1903,0,0,0
9796,ner,Niger,1904,0,0,0
9797,ner,Niger,1905,0,0,0
9798,ner,Niger,1906,0,0,0
9799,ner,Niger,1907,0,0,0
9800,ner,Niger,1908,0,0,0
9801,ner,Niger,1909,0,0,0
9802,ner,Niger,1910,85000,85000,0
9803,ner,Niger,1911,0,0,0
9804,ner,Niger,1912,0,0,0
9805,ner,Niger,1913,0,0,0
9806,ner,Niger,1914,0,0,0
9807,ner,Niger,1915,0,0,0
9808,ner,Niger,1916,0,0,0
9809,ner,Niger,1917,0,0,0
9810,ner,Niger,1918,0,0,0
9811,ner,Niger,1919,0,0,0
9812,ner,Niger,1920,0,0,0
9813,ner,Niger,1921,0,0,0
9814,ner,Niger,1922,0,0,0
9815,ner,Niger,1923,100000,0,0
9816,ner,Niger,1924,0,0,0
9817,ner,Niger,1925,0,0,0
9818,ner,Niger,1926,0,0,0
9819,ner,Niger,1927,0,0,0
9820,ner,Niger,1928,0,0,0
9821,ner,Niger,1929,0,0,0
9822,ner,Niger,1930,0,0,0
9823,ner,Niger,1931,0,0,0
9824,ner,Niger,1932,0,0,0
9825,ner,Niger,1933,0,0,0
9826,ner,Niger,1934,0,0,0
9827,ner,Niger,1935,0,0,0
9828,ner,Niger,1936,0,0,0
9829,ner,Niger,1937,0,0,0
9830,ner,Niger,1938,0,0,0
9831,ner,Niger,1939,0,0,0
9832,ner,Niger,1940,0,0,0
9833,ner,Niger,1941,0,0,0
9834,ner,Niger,1942,0,0,0
9835,ner,Niger,1943,0,0,0
9836,ner,Niger,1944,0,0,0
9837,ner,Niger,1945,0,0,0
9838,ner,Niger,1946,0,0,0
9839,ner,Niger,1947,0,0,0
9840,ner,Niger,1948,0,0,0
9841,ner,Niger,1949,0,0,0
9842,ner,Niger,1950,0,0,0
9843,ner,Niger,1951,0,0,0
9844,ner,Niger,1952,0,0,0
9845,ner,Niger,1953,0,0,0
9846,ner,Niger,1954,0,0,0
9847,ner,Niger,1955,0,0,0
9848,ner,Niger,1956,0,0,0
9849,ner,Niger,1957,0,0,0
9850,ner,Niger,1958,0,0,0
9851,ner,Niger,1959,0,0,0
9852,ner,Niger,1960,0,0,0
9853,ner,Niger,1961,0,0,0
9854,ner,Niger,1962,0,0,0
9855,ner,Niger,1963,0,0,0
9856,ner,Niger,1964,0,0,0
9857,ner,Niger,1965,0,0,0
9858,ner,Niger,1966,0,0,0
9859,ner,Niger,1967,0,0,0
9860,ner,Niger,1968,0,0,0
9861,ner,Niger,1969,2,0,0
9862,ner,Niger,1970,319,0,0
9863,ner,Niger,1971,0,0,0
9864,ner,Niger,1972,0,0,0
9865,ner,Niger,1973,0,0,0
9866,ner,Niger,1974,0,0,0
9867,ner,Niger,1975,0,0,0
9868,ner,Niger,1976,0,0,0
9869,ner,Niger,1977,0,0,0
9870,ner,Niger,1978,0,0,0
9871,ner,Niger,1979,0,0,0
9872,ner,Niger,1980,0,0,0
9873,ner,Niger,1981,0,0,0
9874,ner,Niger,1982,1,0,0
9875,ner,Niger,1983,0,0,0
9876,ner,Niger,1984,0,0,0
9877,ner,Niger,1985,0,0,0
9878,ner,Niger,1986,0,0,0
9879,ner,Niger,1987,0,0,0
9880,ner,Niger,1988,20,20,0
9881,ner,Niger,1989,356,0,0
9882,ner,Niger,1990,0,0,0
9883,ner,Niger,1991,2842,0,0
9884,ner,Niger,1992,0,0,0
9885,ner,Niger,1993,0,0,0
9886,ner,Niger,1994,60,60,61992
9887,ner,Niger,1995,3022,0,0
9888,ner,Niger,1996,882,0,0
9889,ner,Niger,1997,275,0,0
9890,ner,Niger,1998,30,0,20000
9891,ner,Niger,1999,63,14,12789
9892,ner,Niger,2000,192,2,0
9893,ner,Niger,2001,577,4,0
9894,ner,Niger,2002,320,4,0
9895,ner,Niger,2003,202,7,0
9896,ner,Niger,2004,154,0,0
9897,ner,Niger,2005,44,0,0
9898,ner,Niger,2006,66,4,46472
9899,ner,Niger,2007,7,7,0
9900,ner,Niger,2008,180,7,0
9901,ner,Niger,2009,172,3,0
9902,ner,Niger,2010,108,5,6615
9903,ner,Niger,2011,64,16,28175
9904,ner,Niger,2012,188,91,0
9905,ner,Niger,2013,32,32,0
9906,ner,Niger,2014,201,48,0
9907,ner,Niger,2015,33,27,0
9908,ner,Niger,2016,84,61,3000
9909,ner,Niger,2017,190,72,0
9910,ner,Niger,2018,114,36,0
9911,ner,Niger,2019,52,52,0
9912,ner,Niger,2020,83,83,632608
9913,ner,Niger,2021,228,62,0
9914,ner,Niger,2022,195,195,0
9915,ner,Niger,2023,41,41,0
9916,ner,Niger,2024,396,396,0
9917,ner,Niger,2025,110,110,0
9918,nga,Nigeria,1969,2000,0,0
9919,nga,Nigeria,1970,0,0,0
9920,nga,Nigeria,1971,0,0,0
9921,nga,Nigeria,1972,21,0,0
9922,nga,Nigeria,1973,176,0,0
9923,nga,Nigeria,1974,0,0,0
9924,nga,Nigeria,1975,0,0,0
9925,nga,Nigeria,1976,0,0,0
9926,nga,Nigeria,1977,0,0,0
9927,nga,Nigeria,1978,100,100,0
9928,nga,Nigeria,1979,24,0,0
9929,nga,Nigeria,1980,0,0,0
9930,nga,Nigeria,1981,0,0,0
9931,nga,Nigeria,1982,0,0,0
9932,nga,Nigeria,1983,148,0,0
9933,nga,Nigeria,1984,100,0,0
9934,nga,Nigeria,1985,0,0,0
9935,nga,Nigeria,1986,1250,0,0
9936,nga,Nigeria,1987,600,0,0
9937,nga,Nigeria,1988,245,130,301500
9938,nga,Nigeria,1989,339,0,0
9939,nga,Nigeria,1990,269,0,0
9940,nga,Nigeria,1991,7827,0,0
9941,nga,Nigeria,1992,601,18,0
9942,nga,Nigeria,1993,170,0,0
9943,nga,Nigeria,1994,90,30,400000
9944,nga,Nigeria,1995,46,0,0
9945,nga,Nigeria,1996,5913,0,0
9946,nga,Nigeria,1997,280,0,0
9947,nga,Nigeria,1998,1446,15,107000
9948,nga,Nigeria,1999,1064,189,38000
9949,nga,Nigeria,2000,135,36,6300
9950,nga,Nigeria,2001,744,200,5802
9951,nga,Nigeria,2002,315,60,200
9952,nga,Nigeria,2003,16,16,0
9953,nga,Nigeria,2004,266,94,0
9954,nga,Nigeria,2005,779,60,3000
9955,nga,Nigeria,2006,40,40,10000
9956,nga,Nigeria,2007,291,91,0
9957,nga,Nigeria,2008,178,0,0
9958,nga,Nigeria,2009,1752,31,0
9959,nga,Nigeria,2010,1912,40,0
9960,nga,Nigeria,2011,879,185,500
9961,nga,Nigeria,2012,388,378,0
9962,nga,Nigeria,2013,19,19,0
9963,nga,Nigeria,2014,778,15,0
9964,nga,Nigeria,2015,150,53,0
9965,nga,Nigeria,2016,1333,46,12000
9966,nga,Nigeria,2017,31,20,500
9967,nga,Nigeria,2018,390,300,0
9968,nga,Nigeria,2019,122,24,0
9969,nga,Nigeria,2020,312,189,0
9970,nga,Nigeria,2021,3608,4,0
9971,nga,Nigeria,2022,788,610,1500
9972,nga,Nigeria,2023,1330,275,0
9973,nga,Nigeria,2024,359,359,0
9974,nga,Nigeria,2025,1443,1390,20000
9975,prk,North Korea,1987,435,315,0
9976,prk,North Korea,1988,0,0,0
9977,prk,North Korea,1989,0,0,0
9978,prk,North Korea,1990,0,0,0
9979,prk,North Korea,1991,110,0,0
9980,prk,North Korea,1992,0,0,0
9981,prk,North Korea,1993,229,6,0
9982,prk,North Korea,1994,0,0,0
9983,prk,North Korea,1995,610068,68,500000
9984,prk,North Korea,1996,116,116,0
9985,prk,North Korea,1997,0,0,29000
9986,prk,North Korea,1998,50,50,0
9987,prk,North Korea,1999,42,42,2905
9988,prk,North Korea,2000,46,46,147000
9989,prk,North Korea,2001,124,124,30000
9990,prk,North Korea,2002,3,3,19637
9991,prk,North Korea,2003,0,0,0
9992,prk,North Korea,2004,24,24,199255
9993,prk,North Korea,2005,193,193,16093
9994,prk,North Korea,2006,282,278,84500
9995,prk,North Korea,2007,610,610,171649
9996,prk,North Korea,2008,0,0,0
9997,prk,North Korea,2009,0,0,0
9998,prk,North Korea,2010,20,20,0
9999,prk,North Korea,2011,74,74,0
10000,prk,North Korea,2012,147,147,33500
10001,prk,North Korea,2013,51,51,48688
10002,prk,North Korea,2014,0,0,0
10003,prk,North Korea,2015,33,33,0
10004,prk,North Korea,2016,552,552,0
10005,prk,North Korea,2017,0,0,0
10006,prk,North Korea,2018,234,234,0
10007,prk,North Korea,2019,5,5,0
10008,prk,North Korea,2020,22,22,0
10009,prk,North Korea,2021,0,0,0
10010,prk,North Korea,2022,0,0,0
10011,prk,North Korea,2023,0,0,0
10012,prk,North Korea,2024,0,0,0
10013,prk,North Korea,2025,0,0,0
10014,nor,Norway,1936,73,73,0
10015,nor,Norway,1937,0,0,0
10016,nor,Norway,1938,0,0,0
10017,nor,Norway,1939,0,0,0
10018,nor,Norway,1940,0,0,0
10019,nor,Norway,1941,0,0,0
10020,nor,Norway,1942,0,0,0
10021,nor,Norway,1943,0,0,0
10022,nor,Norway,1944,15,0,0
10023,nor,Norway,1945,0,0,0
10024,nor,Norway,1946,0,0,0
10025,nor,Norway,1947,0,0,0
10026,nor,Norway,1948,0,0,0
10027,nor,Norway,1949,0,0,0
10028,nor,Norway,1950,0,0,0
10029,nor,Norway,1951,0,0,0
10030,nor,Norway,1952,0,0,0
10031,nor,Norway,1953,0,0,0
10032,nor,Norway,1954,0,0,0
10033,nor,Norway,1955,0,0,0
10034,nor,Norway,1956,0,0,0
10035,nor,Norway,1957,0,0,0
10036,nor,Norway,1958,0,0,0
10037,nor,Norway,1959,0,0,0
10038,nor,Norway,1960,0,0,0
10039,nor,Norway,1961,0,0,0
10040,nor,Norway,1962,0,0,0
10041,nor,Norway,1963,0,0,0
10042,nor,Norway,1964,0,0,0
10043,nor,Norway,1965,0,0,0
10044,nor,Norway,1966,0,0,0
10045,nor,Norway,1967,39,0,0
10046,nor,Norway,1968,0,0,0
10047,nor,Norway,1969,0,0,0
10048,nor,Norway,1970,0,0,0
10049,nor,Norway,1971,0,0,0
10050,nor,Norway,1972,0,0,0
10051,nor,Norway,1973,0,0,0
10052,nor,Norway,1974,0,0,0
10053,nor,Norway,1975,0,0,0
10054,nor,Norway,1976,0,0,0
10055,nor,Norway,1977,0,0,0
10056,nor,Norway,1978,0,0,0
10057,nor,Norway,1979,0,0,0
10058,nor,Norway,1980,123,0,0
10059,nor,Norway,1981,0,0,0
10060,nor,Norway,1982,0,0,0
10061,nor,Norway,1983,0,0,0
10062,nor,Norway,1984,0,0,0
10063,nor,Norway,1985,0,0,0
10064,nor,Norway,1986,0,0,0
10065,nor,Norway,1987,0,0,0
10066,nor,Norway,1988,36,0,0
10067,nor,Norway,1989,84,0,0
10068,nor,Norway,1990,160,0,0
10069,nor,Norway,1991,0,0,0
10070,nor,Norway,1992,0,0,0
10071,nor,Norway,1993,0,0,0
10072,nor,Norway,1994,36,0,0
10073,nor,Norway,1995,1,1,0
10074,nor,Norway,1996,143,0,0
10075,nor,Norway,1997,55,0,0
10076,nor,Norway,1998,0,0,0
10077,nor,Norway,1999,16,0,0
10078,nor,Norway,2000,0,0,0
10079,nor,Norway,2001,0,0,0
10080,nor,Norway,2002,0,0,0
10081,nor,Norway,2003,0,0,0
10082,nor,Norway,2004,0,0,0
10083,nor,Norway,2005,0,0,0
10084,nor,Norway,2006,1,1,0
10085,nor,Norway,2007,0,0,0
10086,nor,Norway,2008,0,0,0
10087,nor,Norway,2009,0,0,0
10088,nor,Norway,2010,0,0,0
10089,nor,Norway,2011,4,4,0
10090,nor,Norway,2012,0,0,0
10091,nor,Norway,2013,0,0,0
10092,nor,Norway,2014,0,0,0
10093,nor,Norway,2015,0,0,0
10094,nor,Norway,2016,0,0,0
10095,nor,Norway,2017,0,0,0
10096,nor,Norway,2018,0,0,0
10097,nor,Norway,2019,1,1,0
10098,nor,Norway,2020,10,10,0
10099,nor,Norway,2021,0,0,0
10100,nor,Norway,2022,30,30,0
10101,nor,Norway,2023,29,29,0
10102,nor,Norway,2024,18,18,0
10103,nor,Norway,2025,52,52,0
10104,omn,Oman,1977,107,107,1500
10105,omn,Oman,1978,0,0,0
10106,omn,Oman,1979,0,0,0
10107,omn,Oman,1980,0,0,0
10108,omn,Oman,1981,26,26,0
10109,omn,Oman,1982,0,0,0
10110,omn,Oman,1983,0,0,0
10111,omn,Oman,1984,0,0,0
10112,omn,Oman,1985,0,0,0
10113,omn,Oman,1986,0,0,0
10114,omn,Oman,1987,0,0,0
10115,omn,Oman,1988,0,0,0
10116,omn,Oman,1989,0,0,0
10117,omn,Oman,1990,0,0,0
10118,omn,Oman,1991,0,0,0
10119,omn,Oman,1992,0,0,0
10120,omn,Oman,1993,0,0,0
10121,omn,Oman,1994,0,0,0
10122,omn,Oman,1995,0,0,0
10123,omn,Oman,1996,0,0,0
10124,omn,Oman,1997,0,0,0
10125,omn,Oman,1998,0,0,0
10126,omn,Oman,1999,0,0,0
10127,omn,Oman,2000,0,0,0
10128,omn,Oman,2001,0,0,0
10129,omn,Oman,2002,7,7,0
10130,omn,Oman,2003,30,30,0
10131,omn,Oman,2004,0,0,0
10132,omn,Oman,2005,0,0,0
10133,omn,Oman,2006,0,0,0
10134,omn,Oman,2007,76,76,0
10135,omn,Oman,2008,0,0,0
10136,omn,Oman,2009,0,0,0
10137,omn,Oman,2010,16,16,0
10138,omn,Oman,2011,14,14,0
10139,omn,Oman,2012,0,0,0
10140,omn,Oman,2013,0,0,0
10141,omn,Oman,2014,0,0,0
10142,omn,Oman,2015,0,0,0
10143,omn,Oman,2016,2,2,0
10144,omn,Oman,2017,3,3,0
10145,omn,Oman,2018,6,6,0
10146,omn,Oman,2019,6,6,0
10147,omn,Oman,2020,3,3,0
10148,omn,Oman,2021,20,20,0
10149,omn,Oman,2022,0,0,0
10150,omn,Oman,2023,0,0,0
10151,omn,Oman,2024,27,27,0
10152,omn,Oman,2025,0,0,0
10153,pak,Pakistan,1909,231,231,0
10154,pak,Pakistan,1910,0,0,0
10155,pak,Pakistan,1911,0,0,0
10156,pak,Pakistan,1912,0,0,0
10157,pak,Pakistan,1913,0,0,0
10158,pak,Pakistan,1914,0,0,0
10159,pak,Pakistan,1915,0,0,0
10160,pak,Pakistan,1916,0,0,0
10161,pak,Pakistan,1917,0,0,0
10162,pak,Pakistan,1918,0,0,0
10163,pak,Pakistan,1919,0,0,0
10164,pak,Pakistan,1920,0,0,0
10165,pak,Pakistan,1921,0,0,0
10166,pak,Pakistan,1922,0,0,0
10167,pak,Pakistan,1923,0,0,0
10168,pak,Pakistan,1924,0,0,0
10169,pak,Pakistan,1925,0,0,0
10170,pak,Pakistan,1926,0,0,0
10171,pak,Pakistan,1927,0,0,0
10172,pak,Pakistan,1928,0,0,0
10173,pak,Pakistan,1929,0,0,0
10174,pak,Pakistan,1930,0,0,0
10175,pak,Pakistan,1931,0,0,0
10176,pak,Pakistan,1932,0,0,0
10177,pak,Pakistan,1933,0,0,0
10178,pak,Pakistan,1934,0,0,0
10179,pak,Pakistan,1935,60000,60000,0
10180,pak,Pakistan,1936,0,0,0
10181,pak,Pakistan,1937,0,0,0
10182,pak,Pakistan,1938,0,0,0
10183,pak,Pakistan,1939,0,0,0
10184,pak,Pakistan,1940,0,0,0
10185,pak,Pakistan,1941,0,0,0
10186,pak,Pakistan,1942,0,0,0
10187,pak,Pakistan,1943,0,0,0
10188,pak,Pakistan,1944,0,0,10000
10189,pak,Pakistan,1945,4000,4000,0
10190,pak,Pakistan,1946,0,0,0
10191,pak,Pakistan,1947,0,0,0
10192,pak,Pakistan,1948,0,0,0
10193,pak,Pakistan,1949,0,0,0
10194,pak,Pakistan,1950,2900,2900,0
10195,pak,Pakistan,1951,0,0,0
10196,pak,Pakistan,1952,0,0,0
10197,pak,Pakistan,1953,111,111,0
10198,pak,Pakistan,1954,406,346,0
10199,pak,Pakistan,1955,12,12,0
10200,pak,Pakistan,1956,270,270,0
10201,pak,Pakistan,1957,375,75,0
10202,pak,Pakistan,1958,0,0,0
10203,pak,Pakistan,1959,148,148,0
10204,pak,Pakistan,1960,0,0,0
10205,pak,Pakistan,1961,0,0,0
10206,pak,Pakistan,1962,0,0,0
10207,pak,Pakistan,1963,0,0,0
10208,pak,Pakistan,1964,450,450,0
10209,pak,Pakistan,1965,10000,10000,0
10210,pak,Pakistan,1966,0,0,0
10211,pak,Pakistan,1967,32,32,0
10212,pak,Pakistan,1968,37,0,0
10213,pak,Pakistan,1969,0,0,0
10214,pak,Pakistan,1970,0,0,0
10215,pak,Pakistan,1971,0,0,0
10216,pak,Pakistan,1972,100,100,0
10217,pak,Pakistan,1973,474,474,0
10218,pak,Pakistan,1974,4740,4700,5200
10219,pak,Pakistan,1975,14,14,0
10220,pak,Pakistan,1976,338,338,0
10221,pak,Pakistan,1977,848,848,245000
10222,pak,Pakistan,1978,393,393,10000
10223,pak,Pakistan,1979,113,83,0
10224,pak,Pakistan,1980,93,93,0
10225,pak,Pakistan,1981,404,394,0
10226,pak,Pakistan,1982,68,68,0
10227,pak,Pakistan,1983,158,158,0
10228,pak,Pakistan,1984,103,43,2000
10229,pak,Pakistan,1985,5,5,0
10230,pak,Pakistan,1986,117,11,0
10231,pak,Pakistan,1987,78,0,0
10232,pak,Pakistan,1988,486,282,1000000
10233,pak,Pakistan,1989,305,20,0
10234,pak,Pakistan,1990,551,40,0
10235,pak,Pakistan,1991,1250,872,29465
10236,pak,Pakistan,1992,1875,1541,2953515
10237,pak,Pakistan,1993,931,682,100
10238,pak,Pakistan,1994,440,352,0
10239,pak,Pakistan,1995,1206,1063,0
10240,pak,Pakistan,1996,385,187,3500
10241,pak,Pakistan,1997,669,362,25000
10242,pak,Pakistan,1998,1392,1026,3600
10243,pak,Pakistan,1999,816,446,222090
10244,pak,Pakistan,2000,133,24,0
10245,pak,Pakistan,2001,257,257,500
10246,pak,Pakistan,2002,213,203,5000
10247,pak,Pakistan,2003,529,529,2500
10248,pak,Pakistan,2004,31,29,2320
10249,pak,Pakistan,2005,74204,74162,5003500
10250,pak,Pakistan,2006,513,513,5600
10251,pak,Pakistan,2007,911,911,0
10252,pak,Pakistan,2008,249,249,0
10253,pak,Pakistan,2009,102,102,0
10254,pak,Pakistan,2010,2186,2186,0
10255,pak,Pakistan,2011,511,511,0
10256,pak,Pakistan,2012,671,671,0
10257,pak,Pakistan,2013,730,730,0
10258,pak,Pakistan,2014,410,410,0
10259,pak,Pakistan,2015,1892,1892,133900
10260,pak,Pakistan,2016,409,409,7360
10261,pak,Pakistan,2017,240,215,0
10262,pak,Pakistan,2018,240,240,0
10263,pak,Pakistan,2019,456,361,0
10264,pak,Pakistan,2020,630,630,695
10265,pak,Pakistan,2021,264,264,250
10266,pak,Pakistan,2022,1808,1808,0
10267,pak,Pakistan,2023,380,380,0
10268,pak,Pakistan,2024,1082,1082,400
10269,pak,Pakistan,2025,1067,1067,0
10270,plw,Palau,1996,1,0,0
10271,plw,Palau,1997,0,0,0
10272,plw,Palau,1998,0,0,0
10273,plw,Palau,1999,0,0,0
10274,plw,Palau,2000,0,0,0
10275,plw,Palau,2001,0,0,0
10276,plw,Palau,2002,0,0,0
10277,plw,Palau,2003,0,0,0
10278,plw,Palau,2004,0,0,0
10279,plw,Palau,2005,0,0,0
10280,plw,Palau,2006,0,0,0
10281,plw,Palau,2007,0,0,0
10282,plw,Palau,2008,0,0,0
10283,plw,Palau,2009,0,0,0
10284,plw,Palau,2010,0,0,0
10285,plw,Palau,2011,0,0,0
10286,plw,Palau,2012,0,0,1250
10287,plw,Palau,2013,0,0,0
10288,plw,Palau,2014,0,0,0
10289,plw,Palau,2015,0,0,0
10290,plw,Palau,2016,0,0,0
10291,plw,Palau,2017,0,0,0
10292,plw,Palau,2018,0,0,0
10293,plw,Palau,2019,0,0,0
10294,plw,Palau,2020,0,0,0
10295,plw,Palau,2021,0,0,0
10296,plw,Palau,2022,0,0,0
10297,plw,Palau,2023,0,0,0
10298,plw,Palau,2024,0,0,0
10299,plw,Palau,2025,0,0,0
10300,pse,Palestine,1983,0,0,0
10301,pse,Palestine,1984,0,0,0
10302,pse,Palestine,1985,0,0,0
10303,pse,Palestine,1986,0,0,0
10304,pse,Palestine,1987,0,0,0
10305,pse,Palestine,1988,0,0,0
10306,pse,Palestine,1989,0,0,0
10307,pse,Palestine,1990,0,0,0
10308,pse,Palestine,1991,0,0,0
10309,pse,Palestine,1992,0,0,0
10310,pse,Palestine,1993,0,0,0
10311,pse,Palestine,1994,0,0,0
10312,pse,Palestine,1995,0,0,0
10313,pse,Palestine,1996,0,0,0
10314,pse,Palestine,1997,0,0,0
10315,pse,Palestine,1998,0,0,0
10316,pse,Palestine,1999,14,0,0
10317,pse,Palestine,2000,0,0,0
10318,pse,Palestine,2001,0,0,0
10319,pse,Palestine,2002,0,0,0
10320,pse,Palestine,2003,0,0,0
10321,pse,Palestine,2004,0,0,0
10322,pse,Palestine,2005,0,0,0
10323,pse,Palestine,2006,0,0,0
10324,pse,Palestine,2007,0,0,0
10325,pse,Palestine,2008,0,0,0
10326,pse,Palestine,2009,0,0,0
10327,pse,Palestine,2010,0,0,500
10328,pse,Palestine,2011,0,0,0
10329,pse,Palestine,2012,0,0,0
10330,pse,Palestine,2013,6,6,0
10331,pse,Palestine,2014,0,0,0
10332,pse,Palestine,2015,4,4,0
10333,pse,Palestine,2016,0,0,0
10334,pse,Palestine,2017,0,0,0
10335,pse,Palestine,2018,0,0,0
10336,pse,Palestine,2019,0,0,0
10337,pse,Palestine,2020,3,3,0
10338,pse,Palestine,2021,0,0,0
10339,pse,Palestine,2022,4,4,0
10340,pse,Palestine,2023,0,0,0
10341,pse,Palestine,2024,0,0,0
10342,pse,Palestine,2025,18,18,0
10343,pan,Panama,1964,1,1,0
10344,pan,Panama,1965,0,0,0
10345,pan,Panama,1966,20,20,1000
10346,pan,Panama,1967,0,0,0
10347,pan,Panama,1968,0,0,0
10348,pan,Panama,1969,0,0,0
10349,pan,Panama,1970,48,48,0
10350,pan,Panama,1971,0,0,0
10351,pan,Panama,1972,0,0,0
10352,pan,Panama,1973,7,7,0
10353,pan,Panama,1974,0,0,0
10354,pan,Panama,1975,0,0,0
10355,pan,Panama,1976,0,0,0
10356,pan,Panama,1977,0,0,0
10357,pan,Panama,1978,19,19,0
10358,pan,Panama,1979,0,0,0
10359,pan,Panama,1980,0,0,0
10360,pan,Panama,1981,0,0,0
10361,pan,Panama,1982,19,0,0
10362,pan,Panama,1983,0,0,0
10363,pan,Panama,1984,1,1,0
10364,pan,Panama,1985,0,0,0
10365,pan,Panama,1986,2,2,2500
10366,pan,Panama,1987,0,0,0
10367,pan,Panama,1988,30,30,2000
10368,pan,Panama,1989,0,0,0
10369,pan,Panama,1990,20,0,0
10370,pan,Panama,1991,85,42,9000
10371,pan,Panama,1992,116,12,0
10372,pan,Panama,1993,0,0,0
10373,pan,Panama,1994,21,0,0
10374,pan,Panama,1995,2,1,0
10375,pan,Panama,1996,0,0,0
10376,pan,Panama,1997,0,0,0
10377,pan,Panama,1998,3,3,0
10378,pan,Panama,1999,1,1,395
10379,pan,Panama,2000,1,1,1000
10380,pan,Panama,2001,0,0,775
10381,pan,Panama,2002,5,5,1500
10382,pan,Panama,2003,2,2,340
10383,pan,Panama,2004,16,16,0
10384,pan,Panama,2005,3,3,0
10385,pan,Panama,2006,11,11,1290
10386,pan,Panama,2007,2,2,0
10387,pan,Panama,2008,28,28,0
10388,pan,Panama,2009,0,0,0
10389,pan,Panama,2010,15,15,0
10390,pan,Panama,2011,0,0,0
10391,pan,Panama,2012,6,6,0
10392,pan,Panama,2013,0,0,0
10393,pan,Panama,2014,9,9,0
10394,pan,Panama,2015,0,0,0
10395,pan,Panama,2016,7,7,0
10396,pan,Panama,2017,7,7,0
10397,pan,Panama,2018,0,0,0
10398,pan,Panama,2019,0,0,0
10399,pan,Panama,2020,94,94,0
10400,pan,Panama,2021,1,1,0
10401,pan,Panama,2022,0,0,0
10402,pan,Panama,2023,0,0,0
10403,pan,Panama,2024,29,7,0
10404,pan,Panama,2025,3,3,0
10405,png,Papua New Guinea,1937,506,506,0
10406,png,Papua New Guinea,1938,0,0,0
10407,png,Papua New Guinea,1939,0,0,0
10408,png,Papua New Guinea,1940,0,0,0
10409,png,Papua New Guinea,1941,0,0,0
10410,png,Papua New Guinea,1942,0,0,0
10411,png,Papua New Guinea,1943,0,0,0
10412,png,Papua New Guinea,1944,0,0,0
10413,png,Papua New Guinea,1945,0,0,0
10414,png,Papua New Guinea,1946,0,0,0
10415,png,Papua New Guinea,1947,0,0,0
10416,png,Papua New Guinea,1948,0,0,0
10417,png,Papua New Guinea,1949,0,0,0
10418,png,Papua New Guinea,1950,0,0,0
10419,png,Papua New Guinea,1951,6000,6000,0
10420,png,Papua New Guinea,1952,0,0,0
10421,png,Papua New Guinea,1953,0,0,0
10422,png,Papua New Guinea,1954,0,0,0
10423,png,Papua New Guinea,1955,0,0,0
10424,png,Papua New Guinea,1956,0,0,0
10425,png,Papua New Guinea,1957,0,0,0
10426,png,Papua New Guinea,1958,0,0,0
10427,png,Papua New Guinea,1959,0,0,0
10428,png,Papua New Guinea,1960,0,0,0
10429,png,Papua New Guinea,1961,0,0,0
10430,png,Papua New Guinea,1962,0,0,0
10431,png,Papua New Guinea,1963,0,0,0
10432,png,Papua New Guinea,1964,0,0,0
10433,png,Papua New Guinea,1965,0,0,0
10434,png,Papua New Guinea,1966,0,0,0
10435,png,Papua New Guinea,1967,0,0,0
10436,png,Papua New Guinea,1968,0,0,0
10437,png,Papua New Guinea,1969,0,0,0
10438,png,Papua New Guinea,1970,15,15,0
10439,png,Papua New Guinea,1971,100,100,0
10440,png,Papua New Guinea,1972,0,0,0
10441,png,Papua New Guinea,1973,0,0,0
10442,png,Papua New Guinea,1974,0,0,0
10443,png,Papua New Guinea,1975,0,0,0
10444,png,Papua New Guinea,1976,0,0,0
10445,png,Papua New Guinea,1977,0,0,0
10446,png,Papua New Guinea,1978,0,0,0
10447,png,Papua New Guinea,1979,13,13,0
10448,png,Papua New Guinea,1980,0,0,0
10449,png,Papua New Guinea,1981,0,0,0
10450,png,Papua New Guinea,1982,0,0,0
10451,png,Papua New Guinea,1983,66,66,0
10452,png,Papua New Guinea,1984,0,0,0
10453,png,Papua New Guinea,1985,0,0,0
10454,png,Papua New Guinea,1986,0,0,0
10455,png,Papua New Guinea,1987,1,1,0
10456,png,Papua New Guinea,1988,76,76,0
10457,png,Papua New Guinea,1989,0,0,0
10458,png,Papua New Guinea,1990,0,0,0
10459,png,Papua New Guinea,1991,200,200,5000
10460,png,Papua New Guinea,1992,0,0,0
10461,png,Papua New Guinea,1993,68,68,65000
10462,png,Papua New Guinea,1994,44,5,46000
10463,png,Papua New Guinea,1995,15,0,0
10464,png,Papua New Guinea,1996,61,42,0
10465,png,Papua New Guinea,1997,92,92,7500
10466,png,Papua New Guinea,1998,2296,2182,0
10467,png,Papua New Guinea,1999,23,2,38000
10468,png,Papua New Guinea,2000,2,2,5000
10469,png,Papua New Guinea,2001,0,0,200
10470,png,Papua New Guinea,2002,183,41,1000
10471,png,Papua New Guinea,2003,13,13,0
10472,png,Papua New Guinea,2004,0,0,0
10473,png,Papua New Guinea,2005,2,2,200
10474,png,Papua New Guinea,2006,16,16,22000
10475,png,Papua New Guinea,2007,172,172,0
10476,png,Papua New Guinea,2008,10,10,0
10477,png,Papua New Guinea,2009,211,19,0
10478,png,Papua New Guinea,2010,0,0,0
10479,png,Papua New Guinea,2011,0,0,0
10480,png,Papua New Guinea,2012,65,65,0
10481,png,Papua New Guinea,2013,0,0,0
10482,png,Papua New Guinea,2014,0,0,0
10483,png,Papua New Guinea,2015,24,24,0
10484,png,Papua New Guinea,2016,0,0,0
10485,png,Papua New Guinea,2017,0,0,0
10486,png,Papua New Guinea,2018,181,181,0
10487,png,Papua New Guinea,2019,12,12,350
10488,png,Papua New Guinea,2020,42,42,0
10489,png,Papua New Guinea,2021,0,0,0
10490,png,Papua New Guinea,2022,7,7,1945
10491,png,Papua New Guinea,2023,8,8,2628
10492,png,Papua New Guinea,2024,698,698,5000
10493,png,Papua New Guinea,2025,21,21,0
10494,pry,Paraguay,1963,0,0,0
10495,pry,Paraguay,1964,0,0,0
10496,pry,Paraguay,1965,6,6,0
10497,pry,Paraguay,1966,0,0,2500
10498,pry,Paraguay,1967,0,0,0
10499,pry,Paraguay,1968,0,0,0
10500,pry,Paraguay,1969,0,0,0
10501,pry,Paraguay,1970,0,0,0
10502,pry,Paraguay,1971,0,0,0
10503,pry,Paraguay,1972,0,0,0
10504,pry,Paraguay,1973,0,0,0
10505,pry,Paraguay,1974,0,0,0
10506,pry,Paraguay,1975,0,0,0
10507,pry,Paraguay,1976,0,0,0
10508,pry,Paraguay,1977,0,0,0
10509,pry,Paraguay,1978,0,0,0
10510,pry,Paraguay,1979,0,0,70000
10511,pry,Paraguay,1980,0,0,0
10512,pry,Paraguay,1981,0,0,0
10513,pry,Paraguay,1982,0,0,0
10514,pry,Paraguay,1983,76,76,0
10515,pry,Paraguay,1984,0,0,0
10516,pry,Paraguay,1985,0,0,0
10517,pry,Paraguay,1986,0,0,0
10518,pry,Paraguay,1987,0,0,0
10519,pry,Paraguay,1988,0,0,15000
10520,pry,Paraguay,1989,0,0,0
10521,pry,Paraguay,1990,0,0,0
10522,pry,Paraguay,1991,0,0,0
10523,pry,Paraguay,1992,0,0,0
10524,pry,Paraguay,1993,0,0,0
10525,pry,Paraguay,1994,0,0,0
10526,pry,Paraguay,1995,0,0,0
10527,pry,Paraguay,1996,23,0,0
10528,pry,Paraguay,1997,33,33,0
10529,pry,Paraguay,1998,55,55,0
10530,pry,Paraguay,1999,12,12,0
10531,pry,Paraguay,2000,8,8,0
10532,pry,Paraguay,2001,0,0,0
10533,pry,Paraguay,2002,0,0,12500
10534,pry,Paraguay,2003,0,0,0
10535,pry,Paraguay,2004,0,0,0
10536,pry,Paraguay,2005,0,0,0
10537,pry,Paraguay,2006,17,0,0
10538,pry,Paraguay,2007,8,8,0
10539,pry,Paraguay,2008,12,4,0
10540,pry,Paraguay,2009,8,0,0
10541,pry,Paraguay,2010,12,12,0
10542,pry,Paraguay,2011,44,0,2000
10543,pry,Paraguay,2012,5,5,0
10544,pry,Paraguay,2013,0,0,0
10545,pry,Paraguay,2014,0,0,0
10546,pry,Paraguay,2015,14,14,0
10547,pry,Paraguay,2016,0,0,0
10548,pry,Paraguay,2017,0,0,0
10549,pry,Paraguay,2018,0,0,0
10550,pry,Paraguay,2019,40,40,0
10551,pry,Paraguay,2020,20,0,0
10552,pry,Paraguay,2021,10,10,0
10553,pry,Paraguay,2022,0,0,0
10554,pry,Paraguay,2023,6,6,0
10555,pry,Paraguay,2024,0,0,0
10556,pry,Paraguay,2025,0,0,0
10557,per,Peru,1913,150,150,0
10558,per,Peru,1914,34,34,0
10559,per,Peru,1915,0,0,0
10560,per,Peru,1916,0,0,0
10561,per,Peru,1917,0,0,0
10562,per,Peru,1918,0,0,0
10563,per,Peru,1919,0,0,0
10564,per,Peru,1920,0,0,0
10565,per,Peru,1921,0,0,0
10566,per,Peru,1922,0,0,0
10567,per,Peru,1923,0,0,0
10568,per,Peru,1924,0,0,0
10569,per,Peru,1925,0,0,0
10570,per,Peru,1926,0,0,0
10571,per,Peru,1927,0,0,0
10572,per,Peru,1928,0,0,0
10573,per,Peru,1929,0,0,0
10574,per,Peru,1930,0,0,0
10575,per,Peru,1931,0,0,0
10576,per,Peru,1932,0,0,0
10577,per,Peru,1933,0,0,0
10578,per,Peru,1934,0,0,0
10579,per,Peru,1935,0,0,0
10580,per,Peru,1936,0,0,0
10581,per,Peru,1937,0,0,0
10582,per,Peru,1938,0,0,0
10583,per,Peru,1939,37,37,0
10584,per,Peru,1940,179,179,0
10585,per,Peru,1941,5000,5000,0
10586,per,Peru,1942,30,30,0
10587,per,Peru,1943,214,200,0
10588,per,Peru,1944,0,0,0
10589,per,Peru,1945,0,0,0
10590,per,Peru,1946,1400,1400,0
10591,per,Peru,1947,233,233,0
10592,per,Peru,1948,0,0,0
10593,per,Peru,1949,0,0,0
10594,per,Peru,1950,213,213,0
10595,per,Peru,1951,0,0,0
10596,per,Peru,1952,0,0,0
10597,per,Peru,1953,9,9,1000
10598,per,Peru,1954,0,0,0
10599,per,Peru,1955,0,0,0
10600,per,Peru,1956,0,0,0
10601,per,Peru,1957,0,0,0
10602,per,Peru,1958,28,28,0
10603,per,Peru,1959,0,0,0
10604,per,Peru,1960,63,63,0
10605,per,Peru,1961,0,0,0
10606,per,Peru,1962,2198,2101,0
10607,per,Peru,1963,0,0,0
10608,per,Peru,1964,350,0,0
10609,per,Peru,1965,60,60,0
10610,per,Peru,1966,128,120,49256
10611,per,Peru,1967,25,25,10000
10612,per,Peru,1968,11,11,0
10613,per,Peru,1969,150,150,0
10614,per,Peru,1970,66838,66838,5000
10615,per,Peru,1971,850,850,0
10616,per,Peru,1972,12,12,75000
10617,per,Peru,1973,500,500,0
10618,per,Peru,1974,398,398,1500
10619,per,Peru,1975,0,0,0
10620,per,Peru,1976,0,0,0
10621,per,Peru,1977,47,21,300
10622,per,Peru,1978,2,2,5000
10623,per,Peru,1979,13,13,100
10624,per,Peru,1980,77,77,0
10625,per,Peru,1981,158,158,5000
10626,per,Peru,1982,535,535,5000
10627,per,Peru,1983,623,623,0
10628,per,Peru,1984,28,7,0
10629,per,Peru,1985,170,150,4300
10630,per,Peru,1986,174,118,466
10631,per,Peru,1987,444,268,840
10632,per,Peru,1988,456,118,1000
10633,per,Peru,1989,440,38,500
10634,per,Peru,1990,555,294,32500
10635,per,Peru,1991,10026,89,0
10636,per,Peru,1992,785,0,0
10637,per,Peru,1993,116,86,0
10638,per,Peru,1994,184,85,12000
10639,per,Peru,1995,43,20,0
10640,per,Peru,1996,312,21,20780
10641,per,Peru,1997,909,818,0
10642,per,Peru,1998,215,45,0
10643,per,Peru,1999,197,115,252250
10644,per,Peru,2000,33,33,50
10645,per,Peru,2001,186,186,125015
10646,per,Peru,2002,82,82,0
10647,per,Peru,2003,361,361,3950
10648,per,Peru,2004,101,101,70
10649,per,Peru,2005,5,5,0
10650,per,Peru,2006,0,0,325
10651,per,Peru,2007,677,677,0
10652,per,Peru,2008,40,40,0
10653,per,Peru,2009,577,577,150
10654,per,Peru,2010,510,497,1000
10655,per,Peru,2011,109,109,1705
10656,per,Peru,2012,299,288,51385
10657,per,Peru,2013,69,69,5247
10658,per,Peru,2014,554,554,2700
10659,per,Peru,2015,30,30,0
10660,per,Peru,2016,33,7,40
10661,per,Peru,2017,200,200,0
10662,per,Peru,2018,2,2,1295
10663,per,Peru,2019,78,78,0
10664,per,Peru,2020,30,30,0
10665,per,Peru,2021,23,23,54
10666,per,Peru,2022,13,13,0
10667,per,Peru,2023,319,143,0
10668,per,Peru,2024,14,14,33
10669,per,Peru,2025,50,50,12
10670,phl,Philippines,1905,240,240,0
10671,phl,Philippines,1906,0,0,0
10672,phl,Philippines,1907,0,0,0
10673,phl,Philippines,1908,0,0,0
10674,phl,Philippines,1909,0,0,0
10675,phl,Philippines,1910,0,0,0
10676,phl,Philippines,1911,1335,1335,0
10677,phl,Philippines,1912,0,0,0
10678,phl,Philippines,1913,0,0,0
10679,phl,Philippines,1914,0,0,0
10680,phl,Philippines,1915,0,0,0
10681,phl,Philippines,1916,0,0,0
10682,phl,Philippines,1917,0,0,0
10683,phl,Philippines,1918,100,100,0
10684,phl,Philippines,1919,0,0,0
10685,phl,Philippines,1920,0,0,0
10686,phl,Philippines,1921,0,0,0
10687,phl,Philippines,1922,0,0,0
10688,phl,Philippines,1923,0,0,0
10689,phl,Philippines,1924,0,0,0
10690,phl,Philippines,1925,17,17,0
10691,phl,Philippines,1926,0,0,0
10692,phl,Philippines,1927,0,0,0
10693,phl,Philippines,1928,0,0,0
10694,phl,Philippines,1929,0,0,0
10695,phl,Philippines,1930,0,0,0
10696,phl,Philippines,1931,0,0,0
10697,phl,Philippines,1932,147,147,2500
10698,phl,Philippines,1933,0,0,0
10699,phl,Philippines,1934,85,85,0
10700,phl,Philippines,1935,0,0,0
10701,phl,Philippines,1936,517,517,0
10702,phl,Philippines,1937,232,232,0
10703,phl,Philippines,1938,320,305,0
10704,phl,Philippines,1939,0,0,0
10705,phl,Philippines,1940,73,73,0
10706,phl,Philippines,1941,0,0,0
10707,phl,Philippines,1942,0,0,0
10708,phl,Philippines,1943,0,0,0
10709,phl,Philippines,1944,0,0,0
10710,phl,Philippines,1945,0,0,0
10711,phl,Philippines,1946,260,260,0
10712,phl,Philippines,1947,0,0,0
10713,phl,Philippines,1948,72,72,0
10714,phl,Philippines,1949,1000,1000,0
10715,phl,Philippines,1950,84,84,0
10716,phl,Philippines,1951,1312,1312,0
10717,phl,Philippines,1952,1014,1014,0
10718,phl,Philippines,1953,0,0,0
10719,phl,Philippines,1954,68,13,0
10720,phl,Philippines,1955,544,544,0
10721,phl,Philippines,1956,129,129,0
10722,phl,Philippines,1957,89,89,0
10723,phl,Philippines,1958,0,0,0
10724,phl,Philippines,1959,29,29,0
10725,phl,Philippines,1960,703,703,0
10726,phl,Philippines,1961,15,0,0
10727,phl,Philippines,1962,197,197,0
10728,phl,Philippines,1963,1,1,2000
10729,phl,Philippines,1964,636,636,0
10730,phl,Philippines,1965,392,392,8000
10731,phl,Philippines,1966,18,18,90000
10732,phl,Philippines,1967,107,107,0
10733,phl,Philippines,1968,353,353,45313
10734,phl,Philippines,1969,11,11,0
10735,phl,Philippines,1970,3816,3816,67200
10736,phl,Philippines,1971,246,246,46500
10737,phl,Philippines,1972,1088,1088,397647
10738,phl,Philippines,1973,363,363,45000
10739,phl,Philippines,1974,297,297,6441
10740,phl,Philippines,1975,40,39,698
10741,phl,Philippines,1976,6517,6405,110
10742,phl,Philippines,1977,282,129,15679
10743,phl,Philippines,1978,763,692,23076
10744,phl,Philippines,1979,101,62,61535
10745,phl,Philippines,1980,441,264,549379
10746,phl,Philippines,1981,1584,1552,12658
10747,phl,Philippines,1982,653,596,338083
10748,phl,Philippines,1983,405,158,32360
10749,phl,Philippines,1984,2918,2679,1321526
10750,phl,Philippines,1985,741,567,10256
10751,phl,Philippines,1986,428,179,6633
10752,phl,Philippines,1987,5410,1094,325139
10753,phl,Philippines,1988,1783,842,66321
10754,phl,Philippines,1989,737,521,162114
10755,phl,Philippines,1990,3493,3330,1110020
10756,phl,Philippines,1991,6863,6793,80873
10757,phl,Philippines,1992,250,180,9267
10758,phl,Philippines,1993,1043,671,306122
10759,phl,Philippines,1994,828,418,375787
10760,phl,Philippines,1995,1913,1725,118500
10761,phl,Philippines,1996,316,83,96000
10762,phl,Philippines,1997,99,67,0
10763,phl,Philippines,1998,1029,604,0
10764,phl,Philippines,1999,464,370,9781
10765,phl,Philippines,2000,748,747,125250
10766,phl,Philippines,2001,663,663,100000
10767,phl,Philippines,2002,320,320,3000
10768,phl,Philippines,2003,363,363,83203
10769,phl,Philippines,2004,1950,1918,8700
10770,phl,Philippines,2005,39,39,0
10771,phl,Philippines,2006,2984,2984,0
10772,phl,Philippines,2007,118,118,0
10773,phl,Philippines,2008,959,959,54645
10774,phl,Philippines,2009,1307,1307,110
10775,phl,Philippines,2010,1113,376,0
10776,phl,Philippines,2011,1989,1933,0
10777,phl,Philippines,2012,2415,2385,35762
10778,phl,Philippines,2013,7750,7750,0
10779,phl,Philippines,2014,331,331,0
10780,phl,Philippines,2015,201,201,3300
10781,phl,Philippines,2016,87,87,0
10782,phl,Philippines,2017,233,233,53645
10783,phl,Philippines,2018,832,313,0
10784,phl,Philippines,2019,1005,180,342165
10785,phl,Philippines,2020,202,202,705
10786,phl,Philippines,2021,572,572,0
10787,phl,Philippines,2022,609,609,0
10788,phl,Philippines,2023,132,132,0
10789,phl,Philippines,2024,514,514,0
10790,phl,Philippines,2025,621,621,0
10791,pol,Poland,1928,82,82,0
10792,pol,Poland,1929,0,0,0
10793,pol,Poland,1930,0,0,0
10794,pol,Poland,1931,0,0,0
10795,pol,Poland,1932,0,0,0
10796,pol,Poland,1933,0,0,0
10797,pol,Poland,1934,0,0,0
10798,pol,Poland,1935,0,0,0
10799,pol,Poland,1936,0,0,0
10800,pol,Poland,1937,0,0,0
10801,pol,Poland,1938,0,0,0
10802,pol,Poland,1939,0,0,0
10803,pol,Poland,1940,0,0,0
10804,pol,Poland,1941,0,0,0
10805,pol,Poland,1942,0,0,0
10806,pol,Poland,1943,0,0,0
10807,pol,Poland,1944,0,0,0
10808,pol,Poland,1945,0,0,0
10809,pol,Poland,1946,0,0,0
10810,pol,Poland,1947,0,0,0
10811,pol,Poland,1948,0,0,0
10812,pol,Poland,1949,200,0,0
10813,pol,Poland,1950,0,0,0
10814,pol,Poland,1951,0,0,0
10815,pol,Poland,1952,160,0,0
10816,pol,Poland,1953,0,0,0
10817,pol,Poland,1954,0,0,0
10818,pol,Poland,1955,0,0,0
10819,pol,Poland,1956,0,0,0
10820,pol,Poland,1957,0,0,0
10821,pol,Poland,1958,0,0,0
10822,pol,Poland,1959,0,0,0
10823,pol,Poland,1960,0,0,0
10824,pol,Poland,1961,0,0,0
10825,pol,Poland,1962,0,0,0
10826,pol,Poland,1963,0,0,0
10827,pol,Poland,1964,0,0,0
10828,pol,Poland,1965,0,0,0
10829,pol,Poland,1966,0,0,0
10830,pol,Poland,1967,0,0,0
10831,pol,Poland,1968,0,0,0
10832,pol,Poland,1969,0,0,0
10833,pol,Poland,1970,0,0,0
10834,pol,Poland,1971,33,0,0
10835,pol,Poland,1972,0,0,0
10836,pol,Poland,1973,0,0,0
10837,pol,Poland,1974,0,0,0
10838,pol,Poland,1975,0,0,0
10839,pol,Poland,1976,0,0,0
10840,pol,Poland,1977,0,0,0
10841,pol,Poland,1978,0,0,0
10842,pol,Poland,1979,83,0,0
10843,pol,Poland,1980,117,0,0
10844,pol,Poland,1981,0,0,0
10845,pol,Poland,1982,0,0,1824
10846,pol,Poland,1983,0,0,0
10847,pol,Poland,1984,0,0,0
10848,pol,Poland,1985,0,0,0
10849,pol,Poland,1986,0,0,0
10850,pol,Poland,1987,202,0,0
10851,pol,Poland,1988,0,0,0
10852,pol,Poland,1989,0,0,0
10853,pol,Poland,1990,16,0,0
10854,pol,Poland,1991,10,0,0
10855,pol,Poland,1992,35,35,0
10856,pol,Poland,1993,0,0,0
10857,pol,Poland,1994,35,1,0
10858,pol,Poland,1995,21,0,0
10859,pol,Poland,1996,0,0,0
10860,pol,Poland,1997,115,105,62000
10861,pol,Poland,1998,73,73,0
10862,pol,Poland,1999,157,157,0
10863,pol,Poland,2000,84,84,0
10864,pol,Poland,2001,297,297,0
10865,pol,Poland,2002,192,192,0
10866,pol,Poland,2003,0,0,0
10867,pol,Poland,2004,1,1,0
10868,pol,Poland,2005,194,194,0
10869,pol,Poland,2006,0,0,0
10870,pol,Poland,2007,19,19,0
10871,pol,Poland,2008,84,84,0
10872,pol,Poland,2009,307,307,0
10873,pol,Poland,2010,219,219,0
10874,pol,Poland,2011,26,26,0
10875,pol,Poland,2012,274,274,0
10876,pol,Poland,2013,29,29,0
10877,pol,Poland,2014,78,78,0
10878,pol,Poland,2015,78,78,0
10879,pol,Poland,2016,23,23,0
10880,pol,Poland,2017,6,6,0
10881,pol,Poland,2018,9,9,0
10882,pol,Poland,2019,4,4,0
10883,pol,Poland,2020,3,3,0
10884,pol,Poland,2021,4,4,0
10885,pol,Poland,2022,770,770,0
10886,pol,Poland,2023,616,616,0
10887,pol,Poland,2024,1789,1789,0
10888,pol,Poland,2025,694,694,0
10889,prt,Portugal,1909,30,30,0
10890,prt,Portugal,1910,0,0,0
10891,prt,Portugal,1911,0,0,0
10892,prt,Portugal,1912,0,0,0
10893,prt,Portugal,1913,0,0,0
10894,prt,Portugal,1914,0,0,0
10895,prt,Portugal,1915,0,0,0
10896,prt,Portugal,1916,0,0,0
10897,prt,Portugal,1917,0,0,0
10898,prt,Portugal,1918,0,0,0
10899,prt,Portugal,1919,0,0,0
10900,prt,Portugal,1920,0,0,0
10901,prt,Portugal,1921,0,0,0
10902,prt,Portugal,1922,0,0,0
10903,prt,Portugal,1923,0,0,0
10904,prt,Portugal,1924,0,0,0
10905,prt,Portugal,1925,0,0,0
10906,prt,Portugal,1926,0,0,0
10907,prt,Portugal,1927,0,0,0
10908,prt,Portugal,1928,0,0,0
10909,prt,Portugal,1929,0,0,0
10910,prt,Portugal,1930,0,0,0
10911,prt,Portugal,1931,0,0,0
10912,prt,Portugal,1932,0,0,0
10913,prt,Portugal,1933,0,0,0
10914,prt,Portugal,1934,0,0,0
10915,prt,Portugal,1935,0,0,0
10916,prt,Portugal,1936,0,0,0
10917,prt,Portugal,1937,0,0,0
10918,prt,Portugal,1938,0,0,0
10919,prt,Portugal,1939,0,0,0
10920,prt,Portugal,1940,0,0,0
10921,prt,Portugal,1941,120,120,0
10922,prt,Portugal,1942,0,0,0
10923,prt,Portugal,1943,37,0,0
10924,prt,Portugal,1944,0,0,0
10925,prt,Portugal,1945,0,0,0
10926,prt,Portugal,1946,0,0,0
10927,prt,Portugal,1947,0,0,0
10928,prt,Portugal,1948,0,0,0
10929,prt,Portugal,1949,0,0,0
10930,prt,Portugal,1950,0,0,0
10931,prt,Portugal,1951,0,0,0
10932,prt,Portugal,1952,0,0,0
10933,prt,Portugal,1953,0,0,0
10934,prt,Portugal,1954,0,0,0
10935,prt,Portugal,1955,0,0,0
10936,prt,Portugal,1956,0,0,0
10937,prt,Portugal,1957,0,0,0
10938,prt,Portugal,1958,0,0,0
10939,prt,Portugal,1959,0,0,0
10940,prt,Portugal,1960,0,0,0
10941,prt,Portugal,1961,0,0,0
10942,prt,Portugal,1962,0,0,0
10943,prt,Portugal,1963,0,0,0
10944,prt,Portugal,1964,94,0,0
10945,prt,Portugal,1965,0,0,0
10946,prt,Portugal,1966,25,25,0
10947,prt,Portugal,1967,462,462,0
10948,prt,Portugal,1968,0,0,0
10949,prt,Portugal,1969,2,2,0
10950,prt,Portugal,1970,0,0,0
10951,prt,Portugal,1971,0,0,0
10952,prt,Portugal,1972,0,0,0
10953,prt,Portugal,1973,11,11,0
10954,prt,Portugal,1974,0,0,0
10955,prt,Portugal,1975,10,0,0
10956,prt,Portugal,1976,0,0,0
10957,prt,Portugal,1977,132,0,0
10958,prt,Portugal,1978,0,0,0
10959,prt,Portugal,1979,23,23,10000
10960,prt,Portugal,1980,0,0,0
10961,prt,Portugal,1981,30,30,0
10962,prt,Portugal,1982,0,0,0
10963,prt,Portugal,1983,19,19,0
10964,prt,Portugal,1984,0,0,0
10965,prt,Portugal,1985,143,14,0
10966,prt,Portugal,1986,37,15,0
10967,prt,Portugal,1987,19,0,0
10968,prt,Portugal,1988,2,0,200
10969,prt,Portugal,1989,0,0,0
10970,prt,Portugal,1990,15,0,0
10971,prt,Portugal,1991,26,0,0
10972,prt,Portugal,1992,56,0,0
10973,prt,Portugal,1993,0,0,0
10974,prt,Portugal,1994,0,0,0
10975,prt,Portugal,1995,0,0,0
10976,prt,Portugal,1996,10,10,0
10977,prt,Portugal,1997,29,29,200
10978,prt,Portugal,1998,0,0,0
10979,prt,Portugal,1999,0,0,0
10980,prt,Portugal,2000,5,5,0
10981,prt,Portugal,2001,6,6,0
10982,prt,Portugal,2002,1,1,0
10983,prt,Portugal,2003,2710,2710,0
10984,prt,Portugal,2004,2,2,0
10985,prt,Portugal,2005,477,477,0
10986,prt,Portugal,2006,44,44,0
10987,prt,Portugal,2007,0,0,0
10988,prt,Portugal,2008,2,2,38
10989,prt,Portugal,2009,0,0,0
10990,prt,Portugal,2010,46,46,0
10991,prt,Portugal,2011,0,0,0
10992,prt,Portugal,2012,0,0,0
10993,prt,Portugal,2013,10,10,46
10994,prt,Portugal,2014,1,1,0
10995,prt,Portugal,2015,0,0,0
10996,prt,Portugal,2016,4,4,462
10997,prt,Portugal,2017,109,109,2700
10998,prt,Portugal,2018,2,2,0
10999,prt,Portugal,2019,3,3,0
11000,prt,Portugal,2020,0,0,0
11001,prt,Portugal,2021,0,0,0
11002,prt,Portugal,2022,2215,2215,0
11003,prt,Portugal,2023,1432,1432,0
11004,prt,Portugal,2024,947,947,0
11005,prt,Portugal,2025,389,389,0
11006,qat,Qatar,2018,0,0,0
11007,qat,Qatar,2019,0,0,0
11008,qat,Qatar,2020,0,0,0
11009,qat,Qatar,2021,0,0,0
11010,qat,Qatar,2022,0,0,0
11011,qat,Qatar,2023,0,0,0
11012,qat,Qatar,2024,0,0,0
11013,qat,Qatar,2025,0,0,0
11014,rou,Romania,1908,0,0,0
11015,rou,Romania,1909,0,0,0
11016,rou,Romania,1910,0,0,0
11017,rou,Romania,1911,0,0,0
11018,rou,Romania,1912,0,0,0
11019,rou,Romania,1913,0,0,0
11020,rou,Romania,1914,0,0,0
11021,rou,Romania,1915,0,0,0
11022,rou,Romania,1916,0,0,0
11023,rou,Romania,1917,0,0,0
11024,rou,Romania,1918,0,0,0
11025,rou,Romania,1919,0,0,0
11026,rou,Romania,1920,0,0,0
11027,rou,Romania,1921,0,0,0
11028,rou,Romania,1922,0,0,0
11029,rou,Romania,1923,0,0,0
11030,rou,Romania,1924,0,0,0
11031,rou,Romania,1925,0,0,0
11032,rou,Romania,1926,1000,1000,0
11033,rou,Romania,1927,0,0,0
11034,rou,Romania,1928,6,6,0
11035,rou,Romania,1929,0,0,0
11036,rou,Romania,1930,0,0,0
11037,rou,Romania,1931,0,0,0
11038,rou,Romania,1932,0,0,0
11039,rou,Romania,1933,0,0,0
11040,rou,Romania,1934,0,0,0
11041,rou,Romania,1935,0,0,0
11042,rou,Romania,1936,0,0,0
11043,rou,Romania,1937,0,0,0
11044,rou,Romania,1938,164,0,0
11045,rou,Romania,1939,0,0,0
11046,rou,Romania,1940,1001,980,0
11047,rou,Romania,1941,15,0,0
11048,rou,Romania,1942,0,0,0
11049,rou,Romania,1943,10,0,0
11050,rou,Romania,1944,0,0,0
11051,rou,Romania,1945,0,0,0
11052,rou,Romania,1946,0,0,0
11053,rou,Romania,1947,0,0,0
11054,rou,Romania,1948,0,0,0
11055,rou,Romania,1949,0,0,0
11056,rou,Romania,1950,0,0,0
11057,rou,Romania,1951,0,0,0
11058,rou,Romania,1952,0,0,0
11059,rou,Romania,1953,0,0,0
11060,rou,Romania,1954,0,0,0
11061,rou,Romania,1955,0,0,0
11062,rou,Romania,1956,0,0,0
11063,rou,Romania,1957,0,0,0
11064,rou,Romania,1958,0,0,0
11065,rou,Romania,1959,0,0,0
11066,rou,Romania,1960,0,0,0
11067,rou,Romania,1961,0,0,0
11068,rou,Romania,1962,0,0,0
11069,rou,Romania,1963,0,0,0
11070,rou,Romania,1964,0,0,0
11071,rou,Romania,1965,0,0,0
11072,rou,Romania,1966,0,0,0
11073,rou,Romania,1967,0,0,0
11074,rou,Romania,1968,0,0,0
11075,rou,Romania,1969,0,0,0
11076,rou,Romania,1970,215,215,0
11077,rou,Romania,1971,0,0,0
11078,rou,Romania,1972,0,0,0
11079,rou,Romania,1973,0,0,0
11080,rou,Romania,1974,0,0,0
11081,rou,Romania,1975,60,60,0
11082,rou,Romania,1976,0,0,0
11083,rou,Romania,1977,1641,1641,175000
11084,rou,Romania,1978,0,0,0
11085,rou,Romania,1979,0,0,0
11086,rou,Romania,1980,0,0,0
11087,rou,Romania,1981,0,0,0
11088,rou,Romania,1982,0,0,0
11089,rou,Romania,1983,0,0,0
11090,rou,Romania,1984,0,0,0
11091,rou,Romania,1985,0,0,0
11092,rou,Romania,1986,17,0,0
11093,rou,Romania,1987,0,0,0
11094,rou,Romania,1988,0,0,0
11095,rou,Romania,1989,190,0,0
11096,rou,Romania,1990,9,9,0
11097,rou,Romania,1991,108,108,12000
11098,rou,Romania,1992,0,0,0
11099,rou,Romania,1993,3,3,200
11100,rou,Romania,1994,2,2,5400
11101,rou,Romania,1995,116,2,5000
11102,rou,Romania,1996,38,16,0
11103,rou,Romania,1997,51,32,122320
11104,rou,Romania,1998,111,111,0
11105,rou,Romania,1999,34,34,920
11106,rou,Romania,2000,29,29,731
11107,rou,Romania,2001,17,17,0
11108,rou,Romania,2002,23,23,3900
11109,rou,Romania,2003,5,5,600
11110,rou,Romania,2004,49,49,0
11111,rou,Romania,2005,93,93,800
11112,rou,Romania,2006,128,128,5000
11113,rou,Romania,2007,82,82,0
11114,rou,Romania,2008,5,5,0
11115,rou,Romania,2009,65,65,0
11116,rou,Romania,2010,78,78,0
11117,rou,Romania,2011,0,0,0
11118,rou,Romania,2012,86,86,0
11119,rou,Romania,2013,9,9,0
11120,rou,Romania,2014,15,15,0
11121,rou,Romania,2015,1,1,0
11122,rou,Romania,2016,3,3,0
11123,rou,Romania,2017,9,9,0
11124,rou,Romania,2018,2,2,0
11125,rou,Romania,2019,4,4,0
11126,rou,Romania,2020,3,3,0
11127,rou,Romania,2021,1,1,0
11128,rou,Romania,2022,2455,2455,0
11129,rou,Romania,2023,2587,2587,0
11130,rou,Romania,2024,4950,4950,0
11131,rou,Romania,2025,1490,1490,0
11132,rus,Russia,1902,4562,4562,0
11133,rus,Russia,1903,0,0,0
11134,rus,Russia,1904,0,0,0
11135,rus,Russia,1905,0,0,0
11136,rus,Russia,1906,0,0,0
11137,rus,Russia,1907,0,0,0
11138,rus,Russia,1908,0,0,0
11139,rus,Russia,1909,0,0,0
11140,rus,Russia,1910,0,0,0
11141,rus,Russia,1911,0,0,0
11142,rus,Russia,1912,0,0,0
11143,rus,Russia,1913,0,0,0
11144,rus,Russia,1914,0,0,0
11145,rus,Russia,1915,0,0,0
11146,rus,Russia,1916,0,0,0
11147,rus,Russia,1917,2500000,0,0
11148,rus,Russia,1918,0,0,0
11149,rus,Russia,1919,0,0,0
11150,rus,Russia,1920,0,0,0
11151,rus,Russia,1921,1200000,1200000,0
11152,rus,Russia,1922,0,0,0
11153,rus,Russia,1923,23,23,0
11154,rus,Russia,1924,0,0,0
11155,rus,Russia,1925,0,0,0
11156,rus,Russia,1926,0,0,0
11157,rus,Russia,1927,0,0,0
11158,rus,Russia,1928,0,0,0
11159,rus,Russia,1929,0,0,0
11160,rus,Russia,1930,0,0,0
11161,rus,Russia,1931,0,0,0
11162,rus,Russia,1932,5000000,0,0
11163,rus,Russia,1933,15,0,0
11164,rus,Russia,1934,0,0,0
11165,rus,Russia,1935,49,0,0
11166,rus,Russia,1936,0,0,0
11167,rus,Russia,1937,0,0,0
11168,rus,Russia,1938,13,0,0
11169,rus,Russia,1939,0,0,0
11170,rus,Russia,1940,0,0,0
11171,rus,Russia,1941,0,0,0
11172,rus,Russia,1942,0,0,0
11173,rus,Russia,1943,0,0,0
11174,rus,Russia,1944,0,0,0
11175,rus,Russia,1945,0,0,0
11176,rus,Russia,1946,400,400,0
11177,rus,Russia,1947,0,0,0
11178,rus,Russia,1948,110000,110000,0
11179,rus,Russia,1949,15500,15500,0
11180,rus,Russia,1950,0,0,0
11181,rus,Russia,1951,0,0,0
11182,rus,Russia,1952,0,0,0
11183,rus,Russia,1953,0,0,0
11184,rus,Russia,1954,0,0,0
11185,rus,Russia,1955,0,0,0
11186,rus,Russia,1956,0,0,0
11187,rus,Russia,1957,0,0,0
11188,rus,Russia,1958,0,0,0
11189,rus,Russia,1959,0,0,0
11190,rus,Russia,1960,13,0,0
11191,rus,Russia,1961,145,145,0
11192,rus,Russia,1962,0,0,0
11193,rus,Russia,1963,0,0,0
11194,rus,Russia,1964,0,0,0
11195,rus,Russia,1965,0,0,0
11196,rus,Russia,1966,10,10,0
11197,rus,Russia,1967,0,0,0
11198,rus,Russia,1968,0,0,0
11199,rus,Russia,1969,0,0,0
11200,rus,Russia,1970,0,0,0
11201,rus,Russia,1971,0,0,0
11202,rus,Russia,1972,176,0,0
11203,rus,Russia,1973,0,0,0
11204,rus,Russia,1974,13,13,0
11205,rus,Russia,1975,20,0,0
11206,rus,Russia,1976,0,0,0
11207,rus,Russia,1977,45,0,0
11208,rus,Russia,1978,0,0,0
11209,rus,Russia,1979,300,0,0
11210,rus,Russia,1980,163,0,0
11211,rus,Russia,1981,81,0,2000
11212,rus,Russia,1982,340,0,586
11213,rus,Russia,1983,669,0,14000
11214,rus,Russia,1984,850,400,20000
11215,rus,Russia,1985,269,29,0
11216,rus,Russia,1986,503,3,4500
11217,rus,Russia,1987,290,188,16000
11218,rus,Russia,1988,25275,25000,530200
11219,rus,Russia,1989,1187,389,2500
11220,rus,Russia,1990,284,67,24500
11221,rus,Russia,1991,,,160000
11222,rus,Russia,1992,280,31,0
11223,rus,Russia,1993,513,478,0
11224,rus,Russia,1994,703,111,5529
11225,rus,Russia,1995,2588,2379,1200
11226,rus,Russia,1996,303,23,600
11227,rus,Russia,1997,287,38,0
11228,rus,Russia,1998,176,94,36683
11229,rus,Russia,1999,357,175,6440
11230,rus,Russia,2000,284,284,19100
11231,rus,Russia,2001,798,798,400
11232,rus,Russia,2002,572,572,1620
11233,rus,Russia,2003,3,3,1800
11234,rus,Russia,2004,36,36,1000
11235,rus,Russia,2005,31,31,0
11236,rus,Russia,2006,116,116,0
11237,rus,Russia,2007,2,2,0
11238,rus,Russia,2008,13,13,0
11239,rus,Russia,2009,0,0,0
11240,rus,Russia,2010,55844,55844,1200
11241,rus,Russia,2011,1,1,0
11242,rus,Russia,2012,415,415,5752
11243,rus,Russia,2013,4,4,0
11244,rus,Russia,2014,6,6,0
11245,rus,Russia,2015,31,31,0
11246,rus,Russia,2016,0,0,0
11247,rus,Russia,2017,16,16,0
11248,rus,Russia,2018,10,10,0
11249,rus,Russia,2019,59,59,0
11250,rus,Russia,2020,0,0,0
11251,rus,Russia,2021,14,14,3
11252,rus,Russia,2022,23,23,2190
11253,rus,Russia,2023,36,36,0
11254,rus,Russia,2024,3,3,0
11255,rus,Russia,2025,0,0,0
11256,rwa,Rwanda,1974,0,0,0
11257,rwa,Rwanda,1975,0,0,0
11258,rwa,Rwanda,1976,0,0,0
11259,rwa,Rwanda,1977,0,0,0
11260,rwa,Rwanda,1978,17,0,0
11261,rwa,Rwanda,1979,0,0,0
11262,rwa,Rwanda,1980,0,0,0
11263,rwa,Rwanda,1981,0,0,0
11264,rwa,Rwanda,1982,0,0,0
11265,rwa,Rwanda,1983,0,0,0
11266,rwa,Rwanda,1984,0,0,0
11267,rwa,Rwanda,1985,0,0,0
11268,rwa,Rwanda,1986,0,0,0
11269,rwa,Rwanda,1987,0,0,0
11270,rwa,Rwanda,1988,48,48,0
11271,rwa,Rwanda,1989,237,237,0
11272,rwa,Rwanda,1990,0,0,0
11273,rwa,Rwanda,1991,32,0,0
11274,rwa,Rwanda,1992,0,0,0
11275,rwa,Rwanda,1993,0,0,0
11276,rwa,Rwanda,1994,0,0,0
11277,rwa,Rwanda,1995,70,0,0
11278,rwa,Rwanda,1996,10,0,0
11279,rwa,Rwanda,1997,0,0,0
11280,rwa,Rwanda,1998,77,0,0
11281,rwa,Rwanda,1999,144,0,0
11282,rwa,Rwanda,2000,10,0,0
11283,rwa,Rwanda,2001,12,12,0
11284,rwa,Rwanda,2002,197,114,0
11285,rwa,Rwanda,2003,0,0,7000
11286,rwa,Rwanda,2004,4,0,0
11287,rwa,Rwanda,2005,0,0,0
11288,rwa,Rwanda,2006,59,24,0
11289,rwa,Rwanda,2007,30,30,0
11290,rwa,Rwanda,2008,36,36,0
11291,rwa,Rwanda,2009,0,0,0
11292,rwa,Rwanda,2010,21,21,5920
11293,rwa,Rwanda,2011,14,14,0
11294,rwa,Rwanda,2012,5,5,0
11295,rwa,Rwanda,2013,0,0,0
11296,rwa,Rwanda,2014,0,0,0
11297,rwa,Rwanda,2015,2,2,0
11298,rwa,Rwanda,2016,117,117,0
11299,rwa,Rwanda,2017,3,3,0
11300,rwa,Rwanda,2018,76,76,0
11301,rwa,Rwanda,2019,28,28,565
11302,rwa,Rwanda,2020,111,111,490
11303,rwa,Rwanda,2021,0,0,1740
11304,rwa,Rwanda,2022,29,29,500
11305,rwa,Rwanda,2023,131,131,0
11306,rwa,Rwanda,2024,27,14,0
11307,rwa,Rwanda,2025,0,0,0
11308,wsm,Samoa,1964,250,250,0
11309,wsm,Samoa,1965,0,0,0
11310,wsm,Samoa,1966,10,10,0
11311,wsm,Samoa,1967,0,0,0
11312,wsm,Samoa,1968,0,0,0
11313,wsm,Samoa,1969,0,0,0
11314,wsm,Samoa,1970,0,0,0
11315,wsm,Samoa,1971,0,0,0
11316,wsm,Samoa,1972,0,0,0
11317,wsm,Samoa,1973,0,0,0
11318,wsm,Samoa,1974,0,0,0
11319,wsm,Samoa,1975,0,0,0
11320,wsm,Samoa,1976,0,0,0
11321,wsm,Samoa,1977,0,0,0
11322,wsm,Samoa,1978,0,0,0
11323,wsm,Samoa,1979,0,0,0
11324,wsm,Samoa,1980,0,0,0
11325,wsm,Samoa,1981,0,0,0
11326,wsm,Samoa,1982,0,0,0
11327,wsm,Samoa,1983,0,0,0
11328,wsm,Samoa,1984,0,0,0
11329,wsm,Samoa,1985,0,0,0
11330,wsm,Samoa,1986,0,0,0
11331,wsm,Samoa,1987,0,0,0
11332,wsm,Samoa,1988,0,0,0
11333,wsm,Samoa,1989,0,0,0
11334,wsm,Samoa,1990,8,8,25000
11335,wsm,Samoa,1991,13,13,3000
11336,wsm,Samoa,1992,0,0,0
11337,wsm,Samoa,1993,0,0,0
11338,wsm,Samoa,1994,0,0,0
11339,wsm,Samoa,1995,0,0,0
11340,wsm,Samoa,1996,0,0,0
11341,wsm,Samoa,1997,0,0,0
11342,wsm,Samoa,1998,0,0,0
11343,wsm,Samoa,1999,0,0,0
11344,wsm,Samoa,2000,0,0,0
11345,wsm,Samoa,2001,0,0,0
11346,wsm,Samoa,2002,0,0,0
11347,wsm,Samoa,2003,0,0,0
11348,wsm,Samoa,2004,1,1,0
11349,wsm,Samoa,2005,9,9,0
11350,wsm,Samoa,2006,0,0,0
11351,wsm,Samoa,2007,0,0,0
11352,wsm,Samoa,2008,0,0,0
11353,wsm,Samoa,2009,148,148,0
11354,wsm,Samoa,2010,0,0,0
11355,wsm,Samoa,2011,0,0,0
11356,wsm,Samoa,2012,12,12,0
11357,wsm,Samoa,2013,0,0,0
11358,wsm,Samoa,2014,0,0,0
11359,wsm,Samoa,2015,0,0,0
11360,wsm,Samoa,2016,0,0,0
11361,wsm,Samoa,2017,0,0,0
11362,wsm,Samoa,2018,0,0,0
11363,wsm,Samoa,2019,83,0,0
11364,wsm,Samoa,2020,0,0,0
11365,wsm,Samoa,2021,0,0,0
11366,wsm,Samoa,2022,0,0,0
11367,wsm,Samoa,2023,0,0,0
11368,wsm,Samoa,2024,0,0,0
11369,wsm,Samoa,2025,0,0,0
11370,stp,Sao Tome and Principe,1983,0,0,0
11371,stp,Sao Tome and Principe,1984,0,0,0
11372,stp,Sao Tome and Principe,1985,0,0,0
11373,stp,Sao Tome and Principe,1986,150,0,0
11374,stp,Sao Tome and Principe,1987,0,0,0
11375,stp,Sao Tome and Principe,1988,0,0,0
11376,stp,Sao Tome and Principe,1989,31,0,0
11377,stp,Sao Tome and Principe,1990,0,0,0
11378,stp,Sao Tome and Principe,1991,0,0,0
11379,stp,Sao Tome and Principe,1992,0,0,0
11380,stp,Sao Tome and Principe,1993,0,0,0
11381,stp,Sao Tome and Principe,1994,0,0,0
11382,stp,Sao Tome and Principe,1995,0,0,0
11383,stp,Sao Tome and Principe,1996,0,0,0
11384,stp,Sao Tome and Principe,1997,0,0,0
11385,stp,Sao Tome and Principe,1998,0,0,0
11386,stp,Sao Tome and Principe,1999,0,0,0
11387,stp,Sao Tome and Principe,2000,0,0,0
11388,stp,Sao Tome and Principe,2001,0,0,0
11389,stp,Sao Tome and Principe,2002,0,0,0
11390,stp,Sao Tome and Principe,2003,0,0,0
11391,stp,Sao Tome and Principe,2004,0,0,0
11392,stp,Sao Tome and Principe,2005,25,0,0
11393,stp,Sao Tome and Principe,2006,0,0,0
11394,stp,Sao Tome and Principe,2007,0,0,0
11395,stp,Sao Tome and Principe,2008,0,0,0
11396,stp,Sao Tome and Principe,2009,0,0,0
11397,stp,Sao Tome and Principe,2010,0,0,0
11398,stp,Sao Tome and Principe,2011,0,0,0
11399,stp,Sao Tome and Principe,2012,0,0,0
11400,stp,Sao Tome and Principe,2013,0,0,0
11401,stp,Sao Tome and Principe,2014,0,0,0
11402,stp,Sao Tome and Principe,2015,0,0,0
11403,stp,Sao Tome and Principe,2016,0,0,0
11404,stp,Sao Tome and Principe,2017,0,0,0
11405,stp,Sao Tome and Principe,2018,0,0,0
11406,stp,Sao Tome and Principe,2019,0,0,0
11407,stp,Sao Tome and Principe,2020,0,0,0
11408,stp,Sao Tome and Principe,2021,8,8,0
11409,stp,Sao Tome and Principe,2022,0,0,0
11410,stp,Sao Tome and Principe,2023,0,0,0
11411,stp,Sao Tome and Principe,2024,0,0,0
11412,stp,Sao Tome and Principe,2025,0,0,0
11413,sau,Saudi Arabia,1964,20,20,0
11414,sau,Saudi Arabia,1965,0,0,0
11415,sau,Saudi Arabia,1966,1,0,0
11416,sau,Saudi Arabia,1967,0,0,0
11417,sau,Saudi Arabia,1968,0,0,0
11418,sau,Saudi Arabia,1969,0,0,0
11419,sau,Saudi Arabia,1970,0,0,0
11420,sau,Saudi Arabia,1971,0,0,0
11421,sau,Saudi Arabia,1972,0,0,0
11422,sau,Saudi Arabia,1973,0,0,0
11423,sau,Saudi Arabia,1974,0,0,0
11424,sau,Saudi Arabia,1975,138,0,0
11425,sau,Saudi Arabia,1976,0,0,0
11426,sau,Saudi Arabia,1977,0,0,0
11427,sau,Saudi Arabia,1978,0,0,0
11428,sau,Saudi Arabia,1979,0,0,0
11429,sau,Saudi Arabia,1980,301,0,0
11430,sau,Saudi Arabia,1981,45,0,0
11431,sau,Saudi Arabia,1982,0,0,0
11432,sau,Saudi Arabia,1983,0,0,0
11433,sau,Saudi Arabia,1984,0,0,0
11434,sau,Saudi Arabia,1985,32,32,5000
11435,sau,Saudi Arabia,1986,67,0,0
11436,sau,Saudi Arabia,1987,0,0,0
11437,sau,Saudi Arabia,1988,0,0,0
11438,sau,Saudi Arabia,1989,0,0,0
11439,sau,Saudi Arabia,1990,1426,0,0
11440,sau,Saudi Arabia,1991,359,0,0
11441,sau,Saudi Arabia,1992,0,0,0
11442,sau,Saudi Arabia,1993,0,0,0
11443,sau,Saudi Arabia,1994,182,0,0
11444,sau,Saudi Arabia,1995,0,0,0
11445,sau,Saudi Arabia,1996,61,0,0
11446,sau,Saudi Arabia,1997,343,0,0
11447,sau,Saudi Arabia,1998,118,0,0
11448,sau,Saudi Arabia,1999,61,0,0
11449,sau,Saudi Arabia,2000,133,0,0
11450,sau,Saudi Arabia,2001,35,0,0
11451,sau,Saudi Arabia,2002,19,19,0
11452,sau,Saudi Arabia,2003,12,12,0
11453,sau,Saudi Arabia,2004,5,5,0
11454,sau,Saudi Arabia,2005,63,63,0
11455,sau,Saudi Arabia,2006,0,0,0
11456,sau,Saudi Arabia,2007,0,0,0
11457,sau,Saudi Arabia,2008,0,0,0
11458,sau,Saudi Arabia,2009,161,161,10000
11459,sau,Saudi Arabia,2010,24,24,0
11460,sau,Saudi Arabia,2011,11,11,0
11461,sau,Saudi Arabia,2012,19,19,0
11462,sau,Saudi Arabia,2013,39,39,0
11463,sau,Saudi Arabia,2014,0,0,0
11464,sau,Saudi Arabia,2015,23,23,0
11465,sau,Saudi Arabia,2016,24,24,0
11466,sau,Saudi Arabia,2017,4,4,0
11467,sau,Saudi Arabia,2018,0,0,0
11468,sau,Saudi Arabia,2019,20,20,0
11469,sau,Saudi Arabia,2020,3,3,0
11470,sau,Saudi Arabia,2021,0,0,0
11471,sau,Saudi Arabia,2022,0,0,0
11472,sau,Saudi Arabia,2023,0,0,0
11473,sau,Saudi Arabia,2024,1301,1301,0
11474,sau,Saudi Arabia,2025,0,0,0
11475,sen,Senegal,1910,0,0,0
11476,sen,Senegal,1911,0,0,0
11477,sen,Senegal,1912,0,0,0
11478,sen,Senegal,1913,0,0,0
11479,sen,Senegal,1914,0,0,0
11480,sen,Senegal,1915,0,0,0
11481,sen,Senegal,1916,0,0,0
11482,sen,Senegal,1917,0,0,0
11483,sen,Senegal,1918,0,0,0
11484,sen,Senegal,1919,0,0,0
11485,sen,Senegal,1920,0,0,0
11486,sen,Senegal,1921,0,0,0
11487,sen,Senegal,1922,0,0,0
11488,sen,Senegal,1923,0,0,0
11489,sen,Senegal,1924,0,0,0
11490,sen,Senegal,1925,0,0,0
11491,sen,Senegal,1926,0,0,0
11492,sen,Senegal,1927,0,0,0
11493,sen,Senegal,1928,0,0,0
11494,sen,Senegal,1929,0,0,0
11495,sen,Senegal,1930,0,0,0
11496,sen,Senegal,1931,0,0,0
11497,sen,Senegal,1932,0,0,0
11498,sen,Senegal,1933,0,0,0
11499,sen,Senegal,1934,0,0,0
11500,sen,Senegal,1935,0,0,0
11501,sen,Senegal,1936,0,0,0
11502,sen,Senegal,1937,0,0,0
11503,sen,Senegal,1938,0,0,0
11504,sen,Senegal,1939,0,0,0
11505,sen,Senegal,1940,0,0,0
11506,sen,Senegal,1941,0,0,0
11507,sen,Senegal,1942,0,0,0
11508,sen,Senegal,1943,0,0,0
11509,sen,Senegal,1944,0,0,0
11510,sen,Senegal,1945,0,0,0
11511,sen,Senegal,1946,0,0,0
11512,sen,Senegal,1947,0,0,0
11513,sen,Senegal,1948,0,0,0
11514,sen,Senegal,1949,0,0,0
11515,sen,Senegal,1950,0,0,0
11516,sen,Senegal,1951,0,0,0
11517,sen,Senegal,1952,0,0,0
11518,sen,Senegal,1953,0,0,0
11519,sen,Senegal,1954,0,0,0
11520,sen,Senegal,1955,0,0,0
11521,sen,Senegal,1956,0,0,0
11522,sen,Senegal,1957,0,0,0
11523,sen,Senegal,1958,0,0,0
11524,sen,Senegal,1959,0,0,0
11525,sen,Senegal,1960,0,0,0
11526,sen,Senegal,1961,0,0,0
11527,sen,Senegal,1962,0,0,0
11528,sen,Senegal,1963,0,0,0
11529,sen,Senegal,1964,0,0,0
11530,sen,Senegal,1965,60,0,0
11531,sen,Senegal,1966,0,0,0
11532,sen,Senegal,1967,0,0,0
11533,sen,Senegal,1968,0,0,0
11534,sen,Senegal,1969,0,0,0
11535,sen,Senegal,1970,0,0,0
11536,sen,Senegal,1971,0,0,0
11537,sen,Senegal,1972,0,0,0
11538,sen,Senegal,1973,0,0,0
11539,sen,Senegal,1974,0,0,0
11540,sen,Senegal,1975,0,0,0
11541,sen,Senegal,1976,0,0,0
11542,sen,Senegal,1977,0,0,0
11543,sen,Senegal,1978,5,0,0
11544,sen,Senegal,1979,0,0,0
11545,sen,Senegal,1980,0,0,0
11546,sen,Senegal,1981,0,0,0
11547,sen,Senegal,1982,0,0,0
11548,sen,Senegal,1983,0,0,0
11549,sen,Senegal,1984,0,0,0
11550,sen,Senegal,1985,300,0,0
11551,sen,Senegal,1986,0,0,0
11552,sen,Senegal,1987,0,0,0
11553,sen,Senegal,1988,0,0,10000
11554,sen,Senegal,1989,0,0,0
11555,sen,Senegal,1990,0,0,0
11556,sen,Senegal,1991,0,0,0
11557,sen,Senegal,1992,131,0,0
11558,sen,Senegal,1993,0,0,0
11559,sen,Senegal,1994,0,0,17500
11560,sen,Senegal,1995,188,0,0
11561,sen,Senegal,1996,0,0,0
11562,sen,Senegal,1997,20,0,0
11563,sen,Senegal,1998,390,0,0
11564,sen,Senegal,1999,187,187,30000
11565,sen,Senegal,2000,0,0,0
11566,sen,Senegal,2001,0,0,0
11567,sen,Senegal,2002,46,28,0
11568,sen,Senegal,2003,8,8,6492
11569,sen,Senegal,2004,8,2,1000
11570,sen,Senegal,2005,303,0,0
11571,sen,Senegal,2006,0,0,0
11572,sen,Senegal,2007,24,8,0
11573,sen,Senegal,2008,1,1,0
11574,sen,Senegal,2009,6,6,0
11575,sen,Senegal,2010,2,2,0
11576,sen,Senegal,2011,0,0,0
11577,sen,Senegal,2012,19,19,0
11578,sen,Senegal,2013,8,8,0
11579,sen,Senegal,2014,0,0,0
11580,sen,Senegal,2015,0,0,0
11581,sen,Senegal,2016,5,5,0
11582,sen,Senegal,2017,0,0,0
11583,sen,Senegal,2018,0,0,0
11584,sen,Senegal,2019,6,6,0
11585,sen,Senegal,2020,11,11,0
11586,sen,Senegal,2021,0,0,0
11587,sen,Senegal,2022,0,0,0
11588,sen,Senegal,2023,0,0,0
11589,sen,Senegal,2024,0,0,0
11590,sen,Senegal,2025,0,0,0
11591,srb,Serbia,1943,19,19,0
11592,srb,Serbia,1944,0,0,0
11593,srb,Serbia,1945,0,0,0
11594,srb,Serbia,1946,0,0,0
11595,srb,Serbia,1947,0,0,0
11596,srb,Serbia,1948,0,0,0
11597,srb,Serbia,1949,0,0,0
11598,srb,Serbia,1950,0,0,0
11599,srb,Serbia,1951,0,0,0
11600,srb,Serbia,1952,0,0,0
11601,srb,Serbia,1953,0,0,0
11602,srb,Serbia,1954,0,0,0
11603,srb,Serbia,1955,0,0,0
11604,srb,Serbia,1956,0,0,0
11605,srb,Serbia,1957,0,0,0
11606,srb,Serbia,1958,0,0,0
11607,srb,Serbia,1959,0,0,0
11608,srb,Serbia,1960,0,0,0
11609,srb,Serbia,1961,0,0,0
11610,srb,Serbia,1962,0,0,0
11611,srb,Serbia,1963,1070,1070,0
11612,srb,Serbia,1964,0,0,40000
11613,srb,Serbia,1965,111,3,0
11614,srb,Serbia,1966,0,0,0
11615,srb,Serbia,1967,7,7,5400
11616,srb,Serbia,1968,1,1,0
11617,srb,Serbia,1969,15,15,85000
11618,srb,Serbia,1970,0,0,0
11619,srb,Serbia,1971,34,0,0
11620,srb,Serbia,1972,35,0,0
11621,srb,Serbia,1973,0,0,0
11622,srb,Serbia,1974,153,0,0
11623,srb,Serbia,1975,25,0,0
11624,srb,Serbia,1976,176,0,0
11625,srb,Serbia,1977,0,0,0
11626,srb,Serbia,1978,0,0,0
11627,srb,Serbia,1979,193,143,10000
11628,srb,Serbia,1980,0,0,0
11629,srb,Serbia,1981,70,70,0
11630,srb,Serbia,1982,0,0,0
11631,srb,Serbia,1983,12,12,0
11632,srb,Serbia,1984,62,0,0
11633,srb,Serbia,1985,0,0,0
11634,srb,Serbia,1986,0,0,0
11635,srb,Serbia,1987,27,0,0
11636,srb,Serbia,1988,101,38,0
11637,srb,Serbia,1989,104,0,0
11638,srb,Serbia,1990,169,0,0
11639,srb,Serbia,1991,0,0,0
11640,srb,Serbia,1992,0,0,0
11641,srb,Serbia,1993,0,0,0
11642,srb,Serbia,1994,0,0,0
11643,srb,Serbia,1995,0,0,0
11644,srb,Serbia,1996,0,0,0
11645,srb,Serbia,1997,0,0,0
11646,srb,Serbia,1998,0,0,0
11647,srb,Serbia,1999,0,0,0
11648,srb,Serbia,2000,0,0,0
11649,srb,Serbia,2001,0,0,0
11650,srb,Serbia,2002,0,0,0
11651,srb,Serbia,2003,0,0,0
11652,srb,Serbia,2004,0,0,0
11653,srb,Serbia,2005,0,0,0
11654,srb,Serbia,2006,0,0,0
11655,srb,Serbia,2007,0,0,0
11656,srb,Serbia,2008,0,0,0
11657,srb,Serbia,2009,0,0,0
11658,srb,Serbia,2010,7,7,1470
11659,srb,Serbia,2011,0,0,0
11660,srb,Serbia,2012,25,25,0
11661,srb,Serbia,2013,0,0,0
11662,srb,Serbia,2014,56,56,0
11663,srb,Serbia,2015,0,0,0
11664,srb,Serbia,2016,1,1,0
11665,srb,Serbia,2017,6,6,0
11666,srb,Serbia,2018,0,0,0
11667,srb,Serbia,2019,0,0,0
11668,srb,Serbia,2020,0,0,0
11669,srb,Serbia,2021,0,0,0
11670,srb,Serbia,2022,574,574,0
11671,srb,Serbia,2023,467,467,0
11672,srb,Serbia,2024,2515,2515,0
11673,srb,Serbia,2025,0,0,0
11674,syc,Seychelles,1995,0,0,0
11675,syc,Seychelles,1996,0,0,0
11676,syc,Seychelles,1997,5,5,110
11677,syc,Seychelles,1998,0,0,0
11678,syc,Seychelles,1999,0,0,0
11679,syc,Seychelles,2000,0,0,0
11680,syc,Seychelles,2001,0,0,0
11681,syc,Seychelles,2002,0,0,0
11682,syc,Seychelles,2003,0,0,0
11683,syc,Seychelles,2004,3,3,70
11684,syc,Seychelles,2005,0,0,0
11685,syc,Seychelles,2006,0,0,0
11686,syc,Seychelles,2007,0,0,0
11687,syc,Seychelles,2008,0,0,0
11688,syc,Seychelles,2009,0,0,0
11689,syc,Seychelles,2010,0,0,0
11690,syc,Seychelles,2011,0,0,0
11691,syc,Seychelles,2012,0,0,0
11692,syc,Seychelles,2013,0,0,0
11693,syc,Seychelles,2014,0,0,0
11694,syc,Seychelles,2015,0,0,0
11695,syc,Seychelles,2016,0,0,0
11696,syc,Seychelles,2017,0,0,0
11697,syc,Seychelles,2018,0,0,0
11698,syc,Seychelles,2019,0,0,0
11699,syc,Seychelles,2020,0,0,0
11700,syc,Seychelles,2021,0,0,0
11701,syc,Seychelles,2022,0,0,0
11702,syc,Seychelles,2023,0,0,0
11703,syc,Seychelles,2024,0,0,0
11704,syc,Seychelles,2025,0,0,0
11705,sle,Sierra Leone,1975,1,1,0
11706,sle,Sierra Leone,1976,0,0,0
11707,sle,Sierra Leone,1977,0,0,0
11708,sle,Sierra Leone,1978,0,0,0
11709,sle,Sierra Leone,1979,0,0,0
11710,sle,Sierra Leone,1980,0,0,0
11711,sle,Sierra Leone,1981,0,0,0
11712,sle,Sierra Leone,1982,0,0,0
11713,sle,Sierra Leone,1983,50,0,0
11714,sle,Sierra Leone,1984,60,60,0
11715,sle,Sierra Leone,1985,352,0,0
11716,sle,Sierra Leone,1986,0,0,0
11717,sle,Sierra Leone,1987,62,0,0
11718,sle,Sierra Leone,1988,0,0,0
11719,sle,Sierra Leone,1989,0,0,0
11720,sle,Sierra Leone,1990,0,0,0
11721,sle,Sierra Leone,1991,0,0,0
11722,sle,Sierra Leone,1992,100,0,0
11723,sle,Sierra Leone,1993,0,0,0
11724,sle,Sierra Leone,1994,0,0,0
11725,sle,Sierra Leone,1995,50,0,0
11726,sle,Sierra Leone,1996,518,12,0
11727,sle,Sierra Leone,1997,121,0,0
11728,sle,Sierra Leone,1998,125,0,0
11729,sle,Sierra Leone,1999,366,13,0
11730,sle,Sierra Leone,2000,38,0,0
11731,sle,Sierra Leone,2001,12,0,0
11732,sle,Sierra Leone,2002,0,0,0
11733,sle,Sierra Leone,2003,10,0,0
11734,sle,Sierra Leone,2004,66,10,0
11735,sle,Sierra Leone,2005,20,20,0
11736,sle,Sierra Leone,2006,0,0,0
11737,sle,Sierra Leone,2007,0,0,0
11738,sle,Sierra Leone,2008,170,0,0
11739,sle,Sierra Leone,2009,103,103,0
11740,sle,Sierra Leone,2010,16,16,0
11741,sle,Sierra Leone,2011,21,21,0
11742,sle,Sierra Leone,2012,300,0,0
11743,sle,Sierra Leone,2013,0,0,2257
11744,sle,Sierra Leone,2014,3956,0,0
11745,sle,Sierra Leone,2015,10,10,0
11746,sle,Sierra Leone,2016,0,0,0
11747,sle,Sierra Leone,2017,1102,1102,0
11748,sle,Sierra Leone,2018,0,0,0
11749,sle,Sierra Leone,2019,7,7,0
11750,sle,Sierra Leone,2020,0,0,0
11751,sle,Sierra Leone,2021,0,0,0
11752,sle,Sierra Leone,2022,12,12,0
11753,sle,Sierra Leone,2023,15,15,0
11754,sle,Sierra Leone,2024,0,0,0
11755,sle,Sierra Leone,2025,0,0,0
11756,sgp,Singapore,1986,24,0,0
11757,sgp,Singapore,1987,0,0,0
11758,sgp,Singapore,1988,0,0,0
11759,sgp,Singapore,1989,0,0,0
11760,sgp,Singapore,1990,0,0,0
11761,sgp,Singapore,1991,0,0,0
11762,sgp,Singapore,1992,3,0,0
11763,sgp,Singapore,1993,0,0,0
11764,sgp,Singapore,1994,0,0,0
11765,sgp,Singapore,1995,0,0,0
11766,sgp,Singapore,1996,0,0,0
11767,sgp,Singapore,1997,0,0,0
11768,sgp,Singapore,1998,1,0,0
11769,sgp,Singapore,1999,0,0,0
11770,sgp,Singapore,2000,2,0,0
11771,sgp,Singapore,2001,0,0,0
11772,sgp,Singapore,2002,0,0,0
11773,sgp,Singapore,2003,0,0,0
11774,sgp,Singapore,2004,0,0,0
11775,sgp,Singapore,2005,0,0,0
11776,sgp,Singapore,2006,0,0,0
11777,sgp,Singapore,2007,0,0,0
11778,sgp,Singapore,2008,0,0,0
11779,sgp,Singapore,2009,0,0,0
11780,sgp,Singapore,2010,0,0,0
11781,sgp,Singapore,2011,0,0,0
11782,sgp,Singapore,2012,0,0,0
11783,sgp,Singapore,2013,0,0,0
11784,sgp,Singapore,2014,0,0,0
11785,sgp,Singapore,2015,0,0,0
11786,sgp,Singapore,2016,0,0,0
11787,sgp,Singapore,2017,0,0,0
11788,sgp,Singapore,2018,0,0,0
11789,sgp,Singapore,2019,0,0,0
11790,sgp,Singapore,2020,0,0,0
11791,sgp,Singapore,2021,0,0,0
11792,sgp,Singapore,2022,0,0,0
11793,sgp,Singapore,2023,0,0,0
11794,sgp,Singapore,2024,0,0,0
11795,sgp,Singapore,2025,0,0,0
11796,svk,Slovak Republic,1995,11,0,0
11797,svk,Slovak Republic,1996,0,0,0
11798,svk,Slovak Republic,1997,0,0,0
11799,svk,Slovak Republic,1998,54,54,756
11800,svk,Slovak Republic,1999,2,2,941
11801,svk,Slovak Republic,2000,6,6,0
11802,svk,Slovak Republic,2001,1,1,0
11803,svk,Slovak Republic,2002,0,0,0
11804,svk,Slovak Republic,2003,0,0,0
11805,svk,Slovak Republic,2004,3,3,0
11806,svk,Slovak Republic,2005,1,1,0
11807,svk,Slovak Republic,2006,1,1,0
11808,svk,Slovak Republic,2007,1,1,0
11809,svk,Slovak Republic,2008,0,0,0
11810,svk,Slovak Republic,2009,0,0,0
11811,svk,Slovak Republic,2010,126,126,0
11812,svk,Slovak Republic,2011,0,0,0
11813,svk,Slovak Republic,2012,5,5,0
11814,svk,Slovak Republic,2013,1,1,0
11815,svk,Slovak Republic,2014,0,0,0
11816,svk,Slovak Republic,2015,0,0,0
11817,svk,Slovak Republic,2016,0,0,0
11818,svk,Slovak Republic,2017,0,0,0
11819,svk,Slovak Republic,2018,0,0,0
11820,svk,Slovak Republic,2019,1,1,0
11821,svk,Slovak Republic,2020,1,1,0
11822,svk,Slovak Republic,2021,1,1,0
11823,svk,Slovak Republic,2022,365,365,0
11824,svk,Slovak Republic,2023,247,247,0
11825,svk,Slovak Republic,2024,523,523,0
11826,svk,Slovak Republic,2025,62,62,0
11827,svn,Slovenia,1995,0,0,0
11828,svn,Slovenia,1996,0,0,0
11829,svn,Slovenia,1997,0,0,0
11830,svn,Slovenia,1998,0,0,700
11831,svn,Slovenia,1999,0,0,0
11832,svn,Slovenia,2000,0,0,0
11833,svn,Slovenia,2001,0,0,0
11834,svn,Slovenia,2002,0,0,0
11835,svn,Slovenia,2003,289,289,0
11836,svn,Slovenia,2004,1,1,0
11837,svn,Slovenia,2005,0,0,0
11838,svn,Slovenia,2006,0,0,0
11839,svn,Slovenia,2007,6,6,1050
11840,svn,Slovenia,2008,0,0,0
11841,svn,Slovenia,2009,0,0,0
11842,svn,Slovenia,2010,3,3,0
11843,svn,Slovenia,2011,0,0,0
11844,svn,Slovenia,2012,0,0,0
11845,svn,Slovenia,2013,0,0,0
11846,svn,Slovenia,2014,3,3,0
11847,svn,Slovenia,2015,0,0,0
11848,svn,Slovenia,2016,0,0,0
11849,svn,Slovenia,2017,0,0,0
11850,svn,Slovenia,2018,0,0,0
11851,svn,Slovenia,2019,0,0,0
11852,svn,Slovenia,2020,1,1,0
11853,svn,Slovenia,2021,0,0,0
11854,svn,Slovenia,2022,154,154,0
11855,svn,Slovenia,2023,102,102,0
11856,svn,Slovenia,2024,280,280,0
11857,svn,Slovenia,2025,65,65,0
11858,slb,Solomon Islands,1931,50,50,0
11859,slb,Solomon Islands,1932,0,0,0
11860,slb,Solomon Islands,1933,0,0,0
11861,slb,Solomon Islands,1934,0,0,0
11862,slb,Solomon Islands,1935,0,0,0
11863,slb,Solomon Islands,1936,0,0,0
11864,slb,Solomon Islands,1937,0,0,0
11865,slb,Solomon Islands,1938,0,0,0
11866,slb,Solomon Islands,1939,0,0,0
11867,slb,Solomon Islands,1940,0,0,0
11868,slb,Solomon Islands,1941,0,0,0
11869,slb,Solomon Islands,1942,0,0,0
11870,slb,Solomon Islands,1943,0,0,0
11871,slb,Solomon Islands,1944,0,0,0
11872,slb,Solomon Islands,1945,0,0,0
11873,slb,Solomon Islands,1946,0,0,0
11874,slb,Solomon Islands,1947,0,0,0
11875,slb,Solomon Islands,1948,0,0,0
11876,slb,Solomon Islands,1949,0,0,0
11877,slb,Solomon Islands,1950,0,0,0
11878,slb,Solomon Islands,1951,0,0,0
11879,slb,Solomon Islands,1952,0,0,0
11880,slb,Solomon Islands,1953,0,0,0
11881,slb,Solomon Islands,1954,0,0,0
11882,slb,Solomon Islands,1955,0,0,0
11883,slb,Solomon Islands,1956,200,200,0
11884,slb,Solomon Islands,1957,0,0,0
11885,slb,Solomon Islands,1958,0,0,0
11886,slb,Solomon Islands,1959,0,0,0
11887,slb,Solomon Islands,1960,0,0,0
11888,slb,Solomon Islands,1961,0,0,0
11889,slb,Solomon Islands,1962,0,0,0
11890,slb,Solomon Islands,1963,0,0,0
11891,slb,Solomon Islands,1964,0,0,0
11892,slb,Solomon Islands,1965,0,0,0
11893,slb,Solomon Islands,1966,3,3,0
11894,slb,Solomon Islands,1967,12,12,0
11895,slb,Solomon Islands,1968,1,1,200
11896,slb,Solomon Islands,1969,0,0,0
11897,slb,Solomon Islands,1970,0,0,0
11898,slb,Solomon Islands,1971,0,0,0
11899,slb,Solomon Islands,1972,0,0,0
11900,slb,Solomon Islands,1973,0,0,0
11901,slb,Solomon Islands,1974,0,0,0
11902,slb,Solomon Islands,1975,200,200,0
11903,slb,Solomon Islands,1976,0,0,0
11904,slb,Solomon Islands,1977,52,52,0
11905,slb,Solomon Islands,1978,0,0,0
11906,slb,Solomon Islands,1979,2,2,0
11907,slb,Solomon Islands,1980,0,0,0
11908,slb,Solomon Islands,1981,0,0,0
11909,slb,Solomon Islands,1982,0,0,0
11910,slb,Solomon Islands,1983,0,0,0
11911,slb,Solomon Islands,1984,0,0,0
11912,slb,Solomon Islands,1985,0,0,0
11913,slb,Solomon Islands,1986,101,101,60000
11914,slb,Solomon Islands,1987,0,0,0
11915,slb,Solomon Islands,1988,1,1,500
11916,slb,Solomon Islands,1989,0,0,0
11917,slb,Solomon Islands,1990,0,0,0
11918,slb,Solomon Islands,1991,33,0,0
11919,slb,Solomon Islands,1992,0,0,0
11920,slb,Solomon Islands,1993,4,4,0
11921,slb,Solomon Islands,1994,0,0,0
11922,slb,Solomon Islands,1995,0,0,0
11923,slb,Solomon Islands,1996,0,0,0
11924,slb,Solomon Islands,1997,0,0,0
11925,slb,Solomon Islands,1998,0,0,0
11926,slb,Solomon Islands,1999,0,0,0
11927,slb,Solomon Islands,2000,0,0,0
11928,slb,Solomon Islands,2001,0,0,0
11929,slb,Solomon Islands,2002,0,0,1100
11930,slb,Solomon Islands,2003,0,0,150
11931,slb,Solomon Islands,2004,0,0,0
11932,slb,Solomon Islands,2005,0,0,0
11933,slb,Solomon Islands,2006,0,0,0
11934,slb,Solomon Islands,2007,52,52,0
11935,slb,Solomon Islands,2008,0,0,0
11936,slb,Solomon Islands,2009,21,21,0
11937,slb,Solomon Islands,2010,2,2,590
11938,slb,Solomon Islands,2011,0,0,0
11939,slb,Solomon Islands,2012,0,0,0
11940,slb,Solomon Islands,2013,18,10,0
11941,slb,Solomon Islands,2014,47,47,0
11942,slb,Solomon Islands,2015,9,9,400
11943,slb,Solomon Islands,2016,15,0,0
11944,slb,Solomon Islands,2017,0,0,0
11945,slb,Solomon Islands,2018,0,0,0
11946,slb,Solomon Islands,2019,0,0,0
11947,slb,Solomon Islands,2020,48,48,0
11948,slb,Solomon Islands,2021,0,0,0
11949,slb,Solomon Islands,2022,0,0,0
11950,slb,Solomon Islands,2023,0,0,0
11951,slb,Solomon Islands,2024,0,0,0
11952,slb,Solomon Islands,2025,0,0,0
11953,som,Somalia,1961,200,200,0
11954,som,Somalia,1962,0,0,0
11955,som,Somalia,1963,0,0,0
11956,som,Somalia,1964,50,50,0
11957,som,Somalia,1965,0,0,0
11958,som,Somalia,1966,0,0,0
11959,som,Somalia,1967,0,0,0
11960,som,Somalia,1968,0,0,0
11961,som,Somalia,1969,0,0,0
11962,som,Somalia,1970,0,0,0
11963,som,Somalia,1971,0,0,0
11964,som,Somalia,1972,0,0,0
11965,som,Somalia,1973,19000,19000,0
11966,som,Somalia,1974,0,0,0
11967,som,Somalia,1975,0,0,0
11968,som,Somalia,1976,0,0,0
11969,som,Somalia,1977,0,0,0
11970,som,Somalia,1978,0,0,0
11971,som,Somalia,1979,0,0,0
11972,som,Somalia,1980,0,0,0
11973,som,Somalia,1981,5,5,0
11974,som,Somalia,1982,0,0,0
11975,som,Somalia,1983,0,0,0
11976,som,Somalia,1984,0,0,0
11977,som,Somalia,1985,1262,0,0
11978,som,Somalia,1986,1307,0,0
11979,som,Somalia,1987,600,600,30000
11980,som,Somalia,1988,0,0,0
11981,som,Somalia,1989,64,34,0
11982,som,Somalia,1990,0,0,0
11983,som,Somalia,1991,130,0,0
11984,som,Somalia,1992,50,0,0
11985,som,Somalia,1993,0,0,0
11986,som,Somalia,1994,230,130,0
11987,som,Somalia,1995,20,20,0
11988,som,Somalia,1996,250,3,0
11989,som,Somalia,1997,2811,2311,230000
11990,som,Somalia,1998,481,0,0
11991,som,Somalia,1999,48,21,0
11992,som,Somalia,2000,709,21,220000
11993,som,Somalia,2001,33,0,0
11994,som,Somalia,2002,93,0,0
11995,som,Somalia,2003,1,1,0
11996,som,Somalia,2004,298,298,1500
11997,som,Somalia,2005,27,14,2500
11998,som,Somalia,2006,241,97,0
11999,som,Somalia,2007,1158,25,2000
12000,som,Somalia,2008,13,0,0
12001,som,Somalia,2009,0,0,0
12002,som,Somalia,2010,20011,20011,200
12003,som,Somalia,2011,0,0,0
12004,som,Somalia,2012,31,31,20000
12005,som,Somalia,2013,169,169,0
12006,som,Somalia,2014,0,0,0
12007,som,Somalia,2015,0,0,0
12008,som,Somalia,2016,506,9,0
12009,som,Somalia,2017,302,0,0
12010,som,Somalia,2018,58,58,0
12011,som,Somalia,2019,23,23,0
12012,som,Somalia,2020,41,41,0
12013,som,Somalia,2021,25,25,0
12014,som,Somalia,2022,0,0,0
12015,som,Somalia,2023,239,165,0
12016,som,Somalia,2024,9,9,0
12017,som,Somalia,2025,119,18,0
12018,zaf,South Africa,1941,20,0,0
12019,zaf,South Africa,1942,0,0,0
12020,zaf,South Africa,1943,0,0,0
12021,zaf,South Africa,1944,0,0,0
12022,zaf,South Africa,1945,0,0,0
12023,zaf,South Africa,1946,0,0,0
12024,zaf,South Africa,1947,0,0,0
12025,zaf,South Africa,1948,0,0,0
12026,zaf,South Africa,1949,0,0,0
12027,zaf,South Africa,1950,0,0,0
12028,zaf,South Africa,1951,0,0,0
12029,zaf,South Africa,1952,35,35,0
12030,zaf,South Africa,1953,0,0,0
12031,zaf,South Africa,1954,0,0,0
12032,zaf,South Africa,1955,0,0,0
12033,zaf,South Africa,1956,0,0,0
12034,zaf,South Africa,1957,0,0,0
12035,zaf,South Africa,1958,0,0,0
12036,zaf,South Africa,1959,51,51,0
12037,zaf,South Africa,1960,417,0,0
12038,zaf,South Africa,1961,0,0,0
12039,zaf,South Africa,1962,0,0,0
12040,zaf,South Africa,1963,0,0,0
12041,zaf,South Africa,1964,0,0,0
12042,zaf,South Africa,1965,90,0,0
12043,zaf,South Africa,1966,0,0,0
12044,zaf,South Africa,1967,0,0,0
12045,zaf,South Africa,1968,0,0,0
12046,zaf,South Africa,1969,26,9,0
12047,zaf,South Africa,1970,0,0,0
12048,zaf,South Africa,1971,0,0,0
12049,zaf,South Africa,1972,0,0,0
12050,zaf,South Africa,1973,0,0,0
12051,zaf,South Africa,1974,26,26,0
12052,zaf,South Africa,1975,0,0,0
12053,zaf,South Africa,1976,0,0,0
12054,zaf,South Africa,1977,4,4,0
12055,zaf,South Africa,1978,38,26,0
12056,zaf,South Africa,1979,0,0,0
12057,zaf,South Africa,1980,0,0,0
12058,zaf,South Africa,1981,104,104,185
12059,zaf,South Africa,1982,0,0,0
12060,zaf,South Africa,1983,83,10,0
12061,zaf,South Africa,1984,64,64,0
12062,zaf,South Africa,1985,0,0,0
12063,zaf,South Africa,1986,245,0,0
12064,zaf,South Africa,1987,749,506,0
12065,zaf,South Africa,1988,105,25,0
12066,zaf,South Africa,1989,181,0,0
12067,zaf,South Africa,1990,59,12,0
12068,zaf,South Africa,1991,45,5,0
12069,zaf,South Africa,1992,75,0,0
12070,zaf,South Africa,1993,120,19,15000
12071,zaf,South Africa,1994,294,2,2000
12072,zaf,South Africa,1995,341,207,0
12073,zaf,South Africa,1996,203,98,500
12074,zaf,South Africa,1997,81,15,0
12075,zaf,South Africa,1998,181,43,0
12076,zaf,South Africa,1999,306,57,8300
12077,zaf,South Africa,2000,268,87,650
12078,zaf,South Africa,2001,50,50,600
12079,zaf,South Africa,2002,126,42,1000
12080,zaf,South Africa,2003,1,1,600
12081,zaf,South Africa,2004,5,0,15000
12082,zaf,South Africa,2005,2,2,0
12083,zaf,South Africa,2006,12,12,0
12084,zaf,South Africa,2007,48,48,1600
12085,zaf,South Africa,2008,115,50,3500
12086,zaf,South Africa,2009,32,32,0
12087,zaf,South Africa,2010,40,40,0
12088,zaf,South Africa,2011,46,46,3500
12089,zaf,South Africa,2012,13,13,0
12090,zaf,South Africa,2013,3,3,0
12091,zaf,South Africa,2014,33,33,0
12092,zaf,South Africa,2015,0,0,0
12093,zaf,South Africa,2016,24,24,0
12094,zaf,South Africa,2017,32,32,6000
12095,zaf,South Africa,2018,0,0,0
12096,zaf,South Africa,2019,102,102,0
12097,zaf,South Africa,2020,13,13,0
12098,zaf,South Africa,2021,58,58,0
12099,zaf,South Africa,2022,579,579,7033
12100,zaf,South Africa,2023,71,71,150
12101,zaf,South Africa,2024,91,91,90
12102,zaf,South Africa,2025,127,127,0
12103,kor,South Korea,1936,1104,1104,0
12104,kor,South Korea,1937,0,0,0
12105,kor,South Korea,1938,0,0,0
12106,kor,South Korea,1939,0,0,0
12107,kor,South Korea,1940,0,0,0
12108,kor,South Korea,1941,0,0,0
12109,kor,South Korea,1942,0,0,0
12110,kor,South Korea,1943,0,0,0
12111,kor,South Korea,1944,0,0,0
12112,kor,South Korea,1945,0,0,0
12113,kor,South Korea,1946,0,0,0
12114,kor,South Korea,1947,0,0,0
12115,kor,South Korea,1948,0,0,0
12116,kor,South Korea,1949,0,0,0
12117,kor,South Korea,1950,0,0,0
12118,kor,South Korea,1951,0,0,0
12119,kor,South Korea,1952,0,0,0
12120,kor,South Korea,1953,249,0,0
12121,kor,South Korea,1954,56,0,0
12122,kor,South Korea,1955,0,0,0
12123,kor,South Korea,1956,103,103,0
12124,kor,South Korea,1957,485,485,0
12125,kor,South Korea,1958,0,0,0
12126,kor,South Korea,1959,494,494,0
12127,kor,South Korea,1960,0,0,0
12128,kor,South Korea,1961,249,249,0
12129,kor,South Korea,1962,290,290,0
12130,kor,South Korea,1963,116,116,0
12131,kor,South Korea,1964,210,210,43000
12132,kor,South Korea,1965,323,323,23214
12133,kor,South Korea,1966,117,95,65630
12134,kor,South Korea,1967,0,0,0
12135,kor,South Korea,1968,18,18,0
12136,kor,South Korea,1969,630,493,0
12137,kor,South Korea,1970,67,67,0
12138,kor,South Korea,1971,267,109,0
12139,kor,South Korea,1972,797,747,326000
12140,kor,South Korea,1973,0,0,0
12141,kor,South Korea,1974,88,0,0
12142,kor,South Korea,1975,0,0,0
12143,kor,South Korea,1976,25,25,0
12144,kor,South Korea,1977,371,315,0
12145,kor,South Korea,1978,27,27,0
12146,kor,South Korea,1979,115,115,0
12147,kor,South Korea,1980,165,165,0
12148,kor,South Korea,1981,178,113,0
12149,kor,South Korea,1982,68,68,0
12150,kor,South Korea,1983,0,0,0
12151,kor,South Korea,1984,251,213,0
12152,kor,South Korea,1985,70,57,0
12153,kor,South Korea,1986,58,33,0
12154,kor,South Korea,1987,809,669,154000
12155,kor,South Korea,1988,65,25,0
12156,kor,South Korea,1989,140,109,0
12157,kor,South Korea,1990,214,194,0
12158,kor,South Korea,1991,308,126,1500
12159,kor,South Korea,1992,5,5,181
12160,kor,South Korea,1993,293,43,8496
12161,kor,South Korea,1994,115,28,422
12162,kor,South Korea,1995,667,73,2600
12163,kor,South Korea,1996,145,104,28500
12164,kor,South Korea,1997,29,15,115
12165,kor,South Korea,1998,530,503,123376
12166,kor,South Korea,1999,145,68,6314
12167,kor,South Korea,2000,61,55,4815
12168,kor,South Korea,2001,81,81,0
12169,kor,South Korea,2002,225,225,0
12170,kor,South Korea,2003,130,130,15000
12171,kor,South Korea,2004,24,24,3077
12172,kor,South Korea,2005,29,29,1840
12173,kor,South Korea,2006,46,46,0
12174,kor,South Korea,2007,23,23,600
12175,kor,South Korea,2008,10,10,0
12176,kor,South Korea,2009,0,0,0
12177,kor,South Korea,2010,12,12,0
12178,kor,South Korea,2011,121,121,2000
12179,kor,South Korea,2012,22,22,0
12180,kor,South Korea,2013,0,0,0
12181,kor,South Korea,2014,41,41,0
12182,kor,South Korea,2015,36,0,0
12183,kor,South Korea,2016,15,15,0
12184,kor,South Korea,2017,0,0,0
12185,kor,South Korea,2018,0,0,0
12186,kor,South Korea,2019,21,21,0
12187,kor,South Korea,2020,81,81,0
12188,kor,South Korea,2021,0,0,0
12189,kor,South Korea,2022,28,28,1080
12190,kor,South Korea,2023,61,61,0
12191,kor,South Korea,2024,27,27,0
12192,kor,South Korea,2025,62,62,0
12193,ssd,South Sudan,2008,17,17,0
12194,ssd,South Sudan,2009,0,0,0
12195,ssd,South Sudan,2010,0,0,0
12196,ssd,South Sudan,2011,0,0,0
12197,ssd,South Sudan,2012,47,47,0
12198,ssd,South Sudan,2013,99,99,0
12199,ssd,South Sudan,2014,149,0,0
12200,ssd,South Sudan,2015,47,0,0
12201,ssd,South Sudan,2016,83,0,0
12202,ssd,South Sudan,2017,0,0,0
12203,ssd,South Sudan,2018,0,0,0
12204,ssd,South Sudan,2019,60,53,0
12205,ssd,South Sudan,2020,0,0,0
12206,ssd,South Sudan,2021,7,7,0
12207,ssd,South Sudan,2022,0,0,0
12208,ssd,South Sudan,2023,1,0,0
12209,ssd,South Sudan,2024,1567,0,0
12210,ssd,South Sudan,2025,20,20,0
12211,esp,Spain,1912,500,0,0
12212,esp,Spain,1913,0,0,0
12213,esp,Spain,1914,0,0,0
12214,esp,Spain,1915,0,0,0
12215,esp,Spain,1916,0,0,0
12216,esp,Spain,1917,0,0,0
12217,esp,Spain,1918,0,0,0
12218,esp,Spain,1919,0,0,0
12219,esp,Spain,1920,0,0,0
12220,esp,Spain,1921,0,0,0
12221,esp,Spain,1922,0,0,0
12222,esp,Spain,1923,0,0,0
12223,esp,Spain,1924,0,0,0
12224,esp,Spain,1925,0,0,0
12225,esp,Spain,1926,0,0,0
12226,esp,Spain,1927,0,0,0
12227,esp,Spain,1928,0,0,0
12228,esp,Spain,1929,0,0,0
12229,esp,Spain,1930,0,0,0
12230,esp,Spain,1931,0,0,0
12231,esp,Spain,1932,0,0,0
12232,esp,Spain,1933,0,0,0
12233,esp,Spain,1934,0,0,0
12234,esp,Spain,1935,0,0,0
12235,esp,Spain,1936,0,0,0
12236,esp,Spain,1937,0,0,0
12237,esp,Spain,1938,0,0,0
12238,esp,Spain,1939,0,0,0
12239,esp,Spain,1940,0,0,0
12240,esp,Spain,1941,20,20,0
12241,esp,Spain,1942,0,0,0
12242,esp,Spain,1943,0,0,0
12243,esp,Spain,1944,500,0,0
12244,esp,Spain,1945,0,0,0
12245,esp,Spain,1946,0,0,0
12246,esp,Spain,1947,147,0,0
12247,esp,Spain,1948,0,0,0
12248,esp,Spain,1949,0,0,0
12249,esp,Spain,1950,0,0,0
12250,esp,Spain,1951,0,0,0
12251,esp,Spain,1952,0,0,0
12252,esp,Spain,1953,50,50,0
12253,esp,Spain,1954,0,0,0
12254,esp,Spain,1955,0,0,0
12255,esp,Spain,1956,11,11,0
12256,esp,Spain,1957,77,77,0
12257,esp,Spain,1958,0,0,0
12258,esp,Spain,1959,135,0,0
12259,esp,Spain,1960,0,0,0
12260,esp,Spain,1961,0,0,0
12261,esp,Spain,1962,445,445,0
12262,esp,Spain,1963,0,0,0
12263,esp,Spain,1964,0,0,0
12264,esp,Spain,1965,30,0,0
12265,esp,Spain,1966,0,0,0
12266,esp,Spain,1967,0,0,0
12267,esp,Spain,1968,0,0,0
12268,esp,Spain,1969,0,0,0
12269,esp,Spain,1970,52,0,0
12270,esp,Spain,1971,400,400,0
12271,esp,Spain,1972,84,0,0
12272,esp,Spain,1973,519,519,0
12273,esp,Spain,1974,4,0,0
12274,esp,Spain,1975,28,0,0
12275,esp,Spain,1976,1,0,0
12276,esp,Spain,1977,0,0,0
12277,esp,Spain,1978,252,2,0
12278,esp,Spain,1979,92,20,0
12279,esp,Spain,1980,197,0,0
12280,esp,Spain,1981,340,0,0
12281,esp,Spain,1982,117,77,0
12282,esp,Spain,1983,399,45,6000
12283,esp,Spain,1984,26,26,0
12284,esp,Spain,1985,222,40,0
12285,esp,Spain,1986,0,0,0
12286,esp,Spain,1987,66,5,0
12287,esp,Spain,1988,0,0,0
12288,esp,Spain,1989,45,45,0
12289,esp,Spain,1990,83,9,0
12290,esp,Spain,1991,17,0,0
12291,esp,Spain,1992,63,0,0
12292,esp,Spain,1993,40,0,0
12293,esp,Spain,1994,42,42,0
12294,esp,Spain,1995,44,30,0
12295,esp,Spain,1996,115,85,0
12296,esp,Spain,1997,72,26,0
12297,esp,Spain,1998,30,0,0
12298,esp,Spain,1999,35,6,0
12299,esp,Spain,2000,26,26,0
12300,esp,Spain,2001,12,10,0
12301,esp,Spain,2002,0,0,0
12302,esp,Spain,2003,15095,15095,0
12303,esp,Spain,2004,29,29,0
12304,esp,Spain,2005,20,20,0
12305,esp,Spain,2006,27,27,0
12306,esp,Spain,2007,6,6,0
12307,esp,Spain,2008,0,0,0
12308,esp,Spain,2009,20,20,0
12309,esp,Spain,2010,5,5,0
12310,esp,Spain,2011,11,11,15000
12311,esp,Spain,2012,15,15,0
12312,esp,Spain,2013,0,0,0
12313,esp,Spain,2014,3,3,0
12314,esp,Spain,2015,4,4,0
12315,esp,Spain,2016,5,5,0
12316,esp,Spain,2017,4,4,0
12317,esp,Spain,2018,24,24,0
12318,esp,Spain,2019,24,24,0
12319,esp,Spain,2020,17,17,0
12320,esp,Spain,2021,8,8,0
12321,esp,Spain,2022,11324,11324,0
12322,esp,Spain,2023,8356,8356,0
12323,esp,Spain,2024,6976,6976,0
12324,esp,Spain,2025,3901,3901,0
12325,lka,Sri Lanka,1957,200,200,0
12326,lka,Sri Lanka,1958,0,0,0
12327,lka,Sri Lanka,1959,0,0,0
12328,lka,Sri Lanka,1960,0,0,0
12329,lka,Sri Lanka,1961,0,0,0
12330,lka,Sri Lanka,1962,0,0,0
12331,lka,Sri Lanka,1963,0,0,0
12332,lka,Sri Lanka,1964,206,206,100000
12333,lka,Sri Lanka,1965,0,0,0
12334,lka,Sri Lanka,1966,23,23,100000
12335,lka,Sri Lanka,1967,26,24,0
12336,lka,Sri Lanka,1968,0,0,0
12337,lka,Sri Lanka,1969,62,62,0
12338,lka,Sri Lanka,1970,0,0,0
12339,lka,Sri Lanka,1971,0,0,0
12340,lka,Sri Lanka,1972,0,0,0
12341,lka,Sri Lanka,1973,0,0,0
12342,lka,Sri Lanka,1974,218,27,0
12343,lka,Sri Lanka,1975,0,0,0
12344,lka,Sri Lanka,1976,0,0,0
12345,lka,Sri Lanka,1977,27,27,0
12346,lka,Sri Lanka,1978,750,750,0
12347,lka,Sri Lanka,1979,0,0,0
12348,lka,Sri Lanka,1980,0,0,0
12349,lka,Sri Lanka,1981,7,7,0
12350,lka,Sri Lanka,1982,54,54,0
12351,lka,Sri Lanka,1983,3,3,250000
12352,lka,Sri Lanka,1984,51,51,390000
12353,lka,Sri Lanka,1985,0,0,0
12354,lka,Sri Lanka,1986,104,43,8000
12355,lka,Sri Lanka,1987,77,0,0
12356,lka,Sri Lanka,1988,0,0,0
12357,lka,Sri Lanka,1989,377,325,200000
12358,lka,Sri Lanka,1990,58,33,0
12359,lka,Sri Lanka,1991,47,27,197151
12360,lka,Sri Lanka,1992,15,15,261140
12361,lka,Sri Lanka,1993,133,73,40000
12362,lka,Sri Lanka,1994,0,0,728150
12363,lka,Sri Lanka,1995,123,3,120000
12364,lka,Sri Lanka,1996,20,0,10000
12365,lka,Sri Lanka,1997,211,10,0
12366,lka,Sri Lanka,1998,58,3,75000
12367,lka,Sri Lanka,1999,7,6,375000
12368,lka,Sri Lanka,2000,12,10,0
12369,lka,Sri Lanka,2001,0,0,160
12370,lka,Sri Lanka,2002,2,2,0
12371,lka,Sri Lanka,2003,235,235,0
12372,lka,Sri Lanka,2004,35493,35405,480000
12373,lka,Sri Lanka,2005,6,6,0
12374,lka,Sri Lanka,2006,25,25,0
12375,lka,Sri Lanka,2007,33,33,0
12376,lka,Sri Lanka,2008,57,57,0
12377,lka,Sri Lanka,2009,349,3,60000
12378,lka,Sri Lanka,2010,35,35,0
12379,lka,Sri Lanka,2011,254,87,1060273
12380,lka,Sri Lanka,2012,53,53,69000
12381,lka,Sri Lanka,2013,117,117,3861
12382,lka,Sri Lanka,2014,336,336,330
12383,lka,Sri Lanka,2015,10,10,0
12384,lka,Sri Lanka,2016,203,203,0
12385,lka,Sri Lanka,2017,649,329,0
12386,lka,Sri Lanka,2018,34,34,0
12387,lka,Sri Lanka,2019,58,30,0
12388,lka,Sri Lanka,2020,10,10,0
12389,lka,Sri Lanka,2021,35,35,0
12390,lka,Sri Lanka,2022,15,15,0
12391,lka,Sri Lanka,2023,9,9,0
12392,lka,Sri Lanka,2024,62,62,0
12393,lka,Sri Lanka,2025,854,854,0
12394,kna,St. Kitts and Nevis,1928,0,0,0
12395,kna,St. Kitts and Nevis,1929,0,0,0
12396,kna,St. Kitts and Nevis,1930,0,0,0
12397,kna,St. Kitts and Nevis,1931,0,0,0
12398,kna,St. Kitts and Nevis,1932,0,0,0
12399,kna,St. Kitts and Nevis,1933,0,0,0
12400,kna,St. Kitts and Nevis,1934,0,0,0
12401,kna,St. Kitts and Nevis,1935,0,0,0
12402,kna,St. Kitts and Nevis,1936,0,0,0
12403,kna,St. Kitts and Nevis,1937,0,0,0
12404,kna,St. Kitts and Nevis,1938,0,0,0
12405,kna,St. Kitts and Nevis,1939,0,0,0
12406,kna,St. Kitts and Nevis,1940,0,0,0
12407,kna,St. Kitts and Nevis,1941,0,0,0
12408,kna,St. Kitts and Nevis,1942,0,0,0
12409,kna,St. Kitts and Nevis,1943,0,0,0
12410,kna,St. Kitts and Nevis,1944,0,0,0
12411,kna,St. Kitts and Nevis,1945,0,0,0
12412,kna,St. Kitts and Nevis,1946,0,0,0
12413,kna,St. Kitts and Nevis,1947,0,0,0
12414,kna,St. Kitts and Nevis,1948,0,0,0
12415,kna,St. Kitts and Nevis,1949,0,0,0
12416,kna,St. Kitts and Nevis,1950,0,0,0
12417,kna,St. Kitts and Nevis,1951,0,0,0
12418,kna,St. Kitts and Nevis,1952,0,0,0
12419,kna,St. Kitts and Nevis,1953,0,0,0
12420,kna,St. Kitts and Nevis,1954,0,0,0
12421,kna,St. Kitts and Nevis,1955,0,0,0
12422,kna,St. Kitts and Nevis,1956,0,0,0
12423,kna,St. Kitts and Nevis,1957,0,0,0
12424,kna,St. Kitts and Nevis,1958,0,0,0
12425,kna,St. Kitts and Nevis,1959,0,0,0
12426,kna,St. Kitts and Nevis,1960,0,0,0
12427,kna,St. Kitts and Nevis,1961,0,0,0
12428,kna,St. Kitts and Nevis,1962,0,0,0
12429,kna,St. Kitts and Nevis,1963,0,0,0
12430,kna,St. Kitts and Nevis,1964,0,0,0
12431,kna,St. Kitts and Nevis,1965,0,0,0
12432,kna,St. Kitts and Nevis,1966,0,0,0
12433,kna,St. Kitts and Nevis,1967,0,0,0
12434,kna,St. Kitts and Nevis,1968,0,0,0
12435,kna,St. Kitts and Nevis,1969,0,0,0
12436,kna,St. Kitts and Nevis,1970,0,0,0
12437,kna,St. Kitts and Nevis,1971,0,0,0
12438,kna,St. Kitts and Nevis,1972,0,0,0
12439,kna,St. Kitts and Nevis,1973,0,0,0
12440,kna,St. Kitts and Nevis,1974,0,0,0
12441,kna,St. Kitts and Nevis,1975,0,0,0
12442,kna,St. Kitts and Nevis,1976,0,0,0
12443,kna,St. Kitts and Nevis,1977,0,0,0
12444,kna,St. Kitts and Nevis,1978,0,0,0
12445,kna,St. Kitts and Nevis,1979,0,0,0
12446,kna,St. Kitts and Nevis,1980,0,0,0
12447,kna,St. Kitts and Nevis,1981,0,0,0
12448,kna,St. Kitts and Nevis,1982,0,0,0
12449,kna,St. Kitts and Nevis,1983,0,0,0
12450,kna,St. Kitts and Nevis,1984,0,0,0
12451,kna,St. Kitts and Nevis,1985,0,0,0
12452,kna,St. Kitts and Nevis,1986,0,0,0
12453,kna,St. Kitts and Nevis,1987,0,0,0
12454,kna,St. Kitts and Nevis,1988,0,0,0
12455,kna,St. Kitts and Nevis,1989,1,1,1300
12456,kna,St. Kitts and Nevis,1990,0,0,0
12457,kna,St. Kitts and Nevis,1991,0,0,0
12458,kna,St. Kitts and Nevis,1992,0,0,0
12459,kna,St. Kitts and Nevis,1993,0,0,0
12460,kna,St. Kitts and Nevis,1994,0,0,0
12461,kna,St. Kitts and Nevis,1995,0,0,0
12462,kna,St. Kitts and Nevis,1996,0,0,0
12463,kna,St. Kitts and Nevis,1997,0,0,0
12464,kna,St. Kitts and Nevis,1998,5,5,0
12465,kna,St. Kitts and Nevis,1999,0,0,100
12466,kna,St. Kitts and Nevis,2000,0,0,0
12467,kna,St. Kitts and Nevis,2001,0,0,0
12468,kna,St. Kitts and Nevis,2002,0,0,0
12469,kna,St. Kitts and Nevis,2003,0,0,0
12470,kna,St. Kitts and Nevis,2004,0,0,0
12471,kna,St. Kitts and Nevis,2005,0,0,0
12472,kna,St. Kitts and Nevis,2006,0,0,0
12473,kna,St. Kitts and Nevis,2007,0,0,0
12474,kna,St. Kitts and Nevis,2008,0,0,0
12475,kna,St. Kitts and Nevis,2009,0,0,0
12476,kna,St. Kitts and Nevis,2010,0,0,0
12477,kna,St. Kitts and Nevis,2011,0,0,0
12478,kna,St. Kitts and Nevis,2012,0,0,0
12479,kna,St. Kitts and Nevis,2013,0,0,0
12480,kna,St. Kitts and Nevis,2014,0,0,0
12481,kna,St. Kitts and Nevis,2015,0,0,0
12482,kna,St. Kitts and Nevis,2016,0,0,0
12483,kna,St. Kitts and Nevis,2017,0,0,0
12484,kna,St. Kitts and Nevis,2018,0,0,0
12485,kna,St. Kitts and Nevis,2019,0,0,0
12486,kna,St. Kitts and Nevis,2020,0,0,0
12487,kna,St. Kitts and Nevis,2021,0,0,0
12488,kna,St. Kitts and Nevis,2022,0,0,0
12489,kna,St. Kitts and Nevis,2023,0,0,0
12490,kna,St. Kitts and Nevis,2024,0,0,0
12491,kna,St. Kitts and Nevis,2025,0,0,0
12492,lca,St. Lucia,1960,0,0,0
12493,lca,St. Lucia,1961,0,0,0
12494,lca,St. Lucia,1962,0,0,0
12495,lca,St. Lucia,1963,10,10,0
12496,lca,St. Lucia,1964,0,0,0
12497,lca,St. Lucia,1965,0,0,0
12498,lca,St. Lucia,1966,0,0,0
12499,lca,St. Lucia,1967,0,0,0
12500,lca,St. Lucia,1968,0,0,0
12501,lca,St. Lucia,1969,0,0,0
12502,lca,St. Lucia,1970,0,0,0
12503,lca,St. Lucia,1971,0,0,0
12504,lca,St. Lucia,1972,0,0,0
12505,lca,St. Lucia,1973,0,0,0
12506,lca,St. Lucia,1974,0,0,0
12507,lca,St. Lucia,1975,0,0,0
12508,lca,St. Lucia,1976,0,0,0
12509,lca,St. Lucia,1977,0,0,0
12510,lca,St. Lucia,1978,0,0,0
12511,lca,St. Lucia,1979,0,0,0
12512,lca,St. Lucia,1980,9,9,10000
12513,lca,St. Lucia,1981,0,0,0
12514,lca,St. Lucia,1982,0,0,0
12515,lca,St. Lucia,1983,0,0,0
12516,lca,St. Lucia,1984,0,0,0
12517,lca,St. Lucia,1985,0,0,0
12518,lca,St. Lucia,1986,0,0,0
12519,lca,St. Lucia,1987,0,0,0
12520,lca,St. Lucia,1988,0,0,0
12521,lca,St. Lucia,1989,0,0,0
12522,lca,St. Lucia,1990,0,0,0
12523,lca,St. Lucia,1991,0,0,0
12524,lca,St. Lucia,1992,0,0,0
12525,lca,St. Lucia,1993,0,0,0
12526,lca,St. Lucia,1994,4,4,150
12527,lca,St. Lucia,1995,0,0,0
12528,lca,St. Lucia,1996,0,0,0
12529,lca,St. Lucia,1997,0,0,0
12530,lca,St. Lucia,1998,0,0,0
12531,lca,St. Lucia,1999,0,0,200
12532,lca,St. Lucia,2000,0,0,0
12533,lca,St. Lucia,2001,0,0,0
12534,lca,St. Lucia,2002,0,0,0
12535,lca,St. Lucia,2003,0,0,0
12536,lca,St. Lucia,2004,0,0,0
12537,lca,St. Lucia,2005,0,0,0
12538,lca,St. Lucia,2006,0,0,0
12539,lca,St. Lucia,2007,1,1,0
12540,lca,St. Lucia,2008,0,0,0
12541,lca,St. Lucia,2009,0,0,0
12542,lca,St. Lucia,2010,14,14,0
12543,lca,St. Lucia,2011,0,0,0
12544,lca,St. Lucia,2012,0,0,0
12545,lca,St. Lucia,2013,6,6,0
12546,lca,St. Lucia,2014,0,0,0
12547,lca,St. Lucia,2015,0,0,0
12548,lca,St. Lucia,2016,0,0,0
12549,lca,St. Lucia,2017,0,0,0
12550,lca,St. Lucia,2018,0,0,0
12551,lca,St. Lucia,2019,0,0,0
12552,lca,St. Lucia,2020,3,0,0
12553,lca,St. Lucia,2021,1,1,0
12554,lca,St. Lucia,2022,0,0,0
12555,lca,St. Lucia,2023,0,0,0
12556,lca,St. Lucia,2024,0,0,0
12557,lca,St. Lucia,2025,0,0,0
12558,vct,St. Vincent and the Grenadines,1902,1565,1565,0
12559,vct,St. Vincent and the Grenadines,1903,0,0,0
12560,vct,St. Vincent and the Grenadines,1904,0,0,0
12561,vct,St. Vincent and the Grenadines,1905,0,0,0
12562,vct,St. Vincent and the Grenadines,1906,0,0,0
12563,vct,St. Vincent and the Grenadines,1907,0,0,0
12564,vct,St. Vincent and the Grenadines,1908,0,0,0
12565,vct,St. Vincent and the Grenadines,1909,0,0,0
12566,vct,St. Vincent and the Grenadines,1910,0,0,0
12567,vct,St. Vincent and the Grenadines,1911,0,0,0
12568,vct,St. Vincent and the Grenadines,1912,0,0,0
12569,vct,St. Vincent and the Grenadines,1913,0,0,0
12570,vct,St. Vincent and the Grenadines,1914,0,0,0
12571,vct,St. Vincent and the Grenadines,1915,0,0,0
12572,vct,St. Vincent and the Grenadines,1916,0,0,0
12573,vct,St. Vincent and the Grenadines,1917,0,0,0
12574,vct,St. Vincent and the Grenadines,1918,0,0,0
12575,vct,St. Vincent and the Grenadines,1919,0,0,0
12576,vct,St. Vincent and the Grenadines,1920,0,0,0
12577,vct,St. Vincent and the Grenadines,1921,0,0,0
12578,vct,St. Vincent and the Grenadines,1922,0,0,0
12579,vct,St. Vincent and the Grenadines,1923,0,0,0
12580,vct,St. Vincent and the Grenadines,1924,0,0,0
12581,vct,St. Vincent and the Grenadines,1925,0,0,0
12582,vct,St. Vincent and the Grenadines,1926,0,0,0
12583,vct,St. Vincent and the Grenadines,1927,0,0,0
12584,vct,St. Vincent and the Grenadines,1928,0,0,0
12585,vct,St. Vincent and the Grenadines,1929,0,0,0
12586,vct,St. Vincent and the Grenadines,1930,0,0,0
12587,vct,St. Vincent and the Grenadines,1931,0,0,0
12588,vct,St. Vincent and the Grenadines,1932,0,0,0
12589,vct,St. Vincent and the Grenadines,1933,0,0,0
12590,vct,St. Vincent and the Grenadines,1934,0,0,0
12591,vct,St. Vincent and the Grenadines,1935,0,0,0
12592,vct,St. Vincent and the Grenadines,1936,0,0,0
12593,vct,St. Vincent and the Grenadines,1937,0,0,0
12594,vct,St. Vincent and the Grenadines,1938,0,0,0
12595,vct,St. Vincent and the Grenadines,1939,0,0,0
12596,vct,St. Vincent and the Grenadines,1940,0,0,0
12597,vct,St. Vincent and the Grenadines,1941,0,0,0
12598,vct,St. Vincent and the Grenadines,1942,0,0,0
12599,vct,St. Vincent and the Grenadines,1943,0,0,0
12600,vct,St. Vincent and the Grenadines,1944,0,0,0
12601,vct,St. Vincent and the Grenadines,1945,0,0,0
12602,vct,St. Vincent and the Grenadines,1946,0,0,0
12603,vct,St. Vincent and the Grenadines,1947,0,0,0
12604,vct,St. Vincent and the Grenadines,1948,0,0,0
12605,vct,St. Vincent and the Grenadines,1949,0,0,0
12606,vct,St. Vincent and the Grenadines,1950,0,0,0
12607,vct,St. Vincent and the Grenadines,1951,0,0,0
12608,vct,St. Vincent and the Grenadines,1952,0,0,0
12609,vct,St. Vincent and the Grenadines,1953,0,0,0
12610,vct,St. Vincent and the Grenadines,1954,0,0,0
12611,vct,St. Vincent and the Grenadines,1955,122,122,0
12612,vct,St. Vincent and the Grenadines,1956,0,0,0
12613,vct,St. Vincent and the Grenadines,1957,0,0,0
12614,vct,St. Vincent and the Grenadines,1958,0,0,0
12615,vct,St. Vincent and the Grenadines,1959,0,0,0
12616,vct,St. Vincent and the Grenadines,1960,0,0,0
12617,vct,St. Vincent and the Grenadines,1961,0,0,0
12618,vct,St. Vincent and the Grenadines,1962,0,0,0
12619,vct,St. Vincent and the Grenadines,1963,0,0,0
12620,vct,St. Vincent and the Grenadines,1964,0,0,0
12621,vct,St. Vincent and the Grenadines,1965,0,0,0
12622,vct,St. Vincent and the Grenadines,1966,0,0,0
12623,vct,St. Vincent and the Grenadines,1967,2,2,0
12624,vct,St. Vincent and the Grenadines,1968,0,0,0
12625,vct,St. Vincent and the Grenadines,1969,0,0,0
12626,vct,St. Vincent and the Grenadines,1970,0,0,0
12627,vct,St. Vincent and the Grenadines,1971,0,0,0
12628,vct,St. Vincent and the Grenadines,1972,0,0,0
12629,vct,St. Vincent and the Grenadines,1973,0,0,0
12630,vct,St. Vincent and the Grenadines,1974,0,0,0
12631,vct,St. Vincent and the Grenadines,1975,0,0,0
12632,vct,St. Vincent and the Grenadines,1976,0,0,0
12633,vct,St. Vincent and the Grenadines,1977,0,0,0
12634,vct,St. Vincent and the Grenadines,1978,0,0,0
12635,vct,St. Vincent and the Grenadines,1979,2,2,0
12636,vct,St. Vincent and the Grenadines,1980,0,0,500
12637,vct,St. Vincent and the Grenadines,1981,0,0,0
12638,vct,St. Vincent and the Grenadines,1982,0,0,0
12639,vct,St. Vincent and the Grenadines,1983,0,0,0
12640,vct,St. Vincent and the Grenadines,1984,0,0,0
12641,vct,St. Vincent and the Grenadines,1985,0,0,0
12642,vct,St. Vincent and the Grenadines,1986,0,0,0
12643,vct,St. Vincent and the Grenadines,1987,0,0,200
12644,vct,St. Vincent and the Grenadines,1988,0,0,0
12645,vct,St. Vincent and the Grenadines,1989,0,0,0
12646,vct,St. Vincent and the Grenadines,1990,0,0,0
12647,vct,St. Vincent and the Grenadines,1991,0,0,0
12648,vct,St. Vincent and the Grenadines,1992,3,3,0
12649,vct,St. Vincent and the Grenadines,1993,0,0,0
12650,vct,St. Vincent and the Grenadines,1994,0,0,0
12651,vct,St. Vincent and the Grenadines,1995,0,0,0
12652,vct,St. Vincent and the Grenadines,1996,0,0,0
12653,vct,St. Vincent and the Grenadines,1997,0,0,0
12654,vct,St. Vincent and the Grenadines,1998,0,0,0
12655,vct,St. Vincent and the Grenadines,1999,0,0,0
12656,vct,St. Vincent and the Grenadines,2000,0,0,0
12657,vct,St. Vincent and the Grenadines,2001,0,0,0
12658,vct,St. Vincent and the Grenadines,2002,4,4,0
12659,vct,St. Vincent and the Grenadines,2003,0,0,0
12660,vct,St. Vincent and the Grenadines,2004,0,0,0
12661,vct,St. Vincent and the Grenadines,2005,0,0,0
12662,vct,St. Vincent and the Grenadines,2006,0,0,0
12663,vct,St. Vincent and the Grenadines,2007,0,0,0
12664,vct,St. Vincent and the Grenadines,2008,0,0,0
12665,vct,St. Vincent and the Grenadines,2009,0,0,0
12666,vct,St. Vincent and the Grenadines,2010,0,0,100
12667,vct,St. Vincent and the Grenadines,2011,0,0,0
12668,vct,St. Vincent and the Grenadines,2012,0,0,0
12669,vct,St. Vincent and the Grenadines,2013,12,12,500
12670,vct,St. Vincent and the Grenadines,2014,0,0,0
12671,vct,St. Vincent and the Grenadines,2015,0,0,0
12672,vct,St. Vincent and the Grenadines,2016,1,1,0
12673,vct,St. Vincent and the Grenadines,2017,0,0,0
12674,vct,St. Vincent and the Grenadines,2018,0,0,0
12675,vct,St. Vincent and the Grenadines,2019,0,0,0
12676,vct,St. Vincent and the Grenadines,2020,8,0,0
12677,vct,St. Vincent and the Grenadines,2021,0,0,0
12678,vct,St. Vincent and the Grenadines,2022,0,0,0
12679,vct,St. Vincent and the Grenadines,2023,0,0,0
12680,vct,St. Vincent and the Grenadines,2024,8,8,0
12681,vct,St. Vincent and the Grenadines,2025,0,0,0
12682,sdn,Sudan,1940,1500,0,0
12683,sdn,Sudan,1941,0,0,0
12684,sdn,Sudan,1942,0,0,0
12685,sdn,Sudan,1943,33,0,0
12686,sdn,Sudan,1944,0,0,0
12687,sdn,Sudan,1945,0,0,0
12688,sdn,Sudan,1946,0,0,0
12689,sdn,Sudan,1947,0,0,0
12690,sdn,Sudan,1948,0,0,0
12691,sdn,Sudan,1949,0,0,0
12692,sdn,Sudan,1950,0,0,0
12693,sdn,Sudan,1951,0,0,0
12694,sdn,Sudan,1952,0,0,0
12695,sdn,Sudan,1953,0,0,0
12696,sdn,Sudan,1954,0,0,0
12697,sdn,Sudan,1955,0,0,0
12698,sdn,Sudan,1956,0,0,0
12699,sdn,Sudan,1957,0,0,0
12700,sdn,Sudan,1958,0,0,0
12701,sdn,Sudan,1959,0,0,0
12702,sdn,Sudan,1960,0,0,0
12703,sdn,Sudan,1961,0,0,0
12704,sdn,Sudan,1962,0,0,0
12705,sdn,Sudan,1963,0,0,0
12706,sdn,Sudan,1964,0,0,0
12707,sdn,Sudan,1965,124,0,0
12708,sdn,Sudan,1966,0,0,0
12709,sdn,Sudan,1967,0,0,0
12710,sdn,Sudan,1968,0,0,0
12711,sdn,Sudan,1969,0,0,0
12712,sdn,Sudan,1970,0,0,0
12713,sdn,Sudan,1971,0,0,0
12714,sdn,Sudan,1972,0,0,0
12715,sdn,Sudan,1973,0,0,0
12716,sdn,Sudan,1974,0,0,0
12717,sdn,Sudan,1975,0,0,0
12718,sdn,Sudan,1976,150,0,0
12719,sdn,Sudan,1977,0,0,0
12720,sdn,Sudan,1978,34,34,0
12721,sdn,Sudan,1979,0,0,0
12722,sdn,Sudan,1980,0,0,0
12723,sdn,Sudan,1981,0,0,0
12724,sdn,Sudan,1982,0,0,0
12725,sdn,Sudan,1983,150000,150000,30000
12726,sdn,Sudan,1984,0,0,0
12727,sdn,Sudan,1985,0,0,0
12728,sdn,Sudan,1986,60,0,0
12729,sdn,Sudan,1987,155,0,0
12730,sdn,Sudan,1988,2887,96,1000000
12731,sdn,Sudan,1989,100,0,0
12732,sdn,Sudan,1990,190,0,0
12733,sdn,Sudan,1991,12,0,0
12734,sdn,Sudan,1992,0,0,0
12735,sdn,Sudan,1993,24,24,2000
12736,sdn,Sudan,1994,30,8,0
12737,sdn,Sudan,1995,30,0,0
12738,sdn,Sudan,1996,1038,152,55700
12739,sdn,Sudan,1997,70,8,0
12740,sdn,Sudan,1998,3381,150,100000
12741,sdn,Sudan,1999,444,38,46150
12742,sdn,Sudan,2000,186,0,0
12743,sdn,Sudan,2001,3,3,0
12744,sdn,Sudan,2002,82,33,0
12745,sdn,Sudan,2003,47,20,0
12746,sdn,Sudan,2004,98,0,0
12747,sdn,Sudan,2005,655,5,4780
12748,sdn,Sudan,2006,1169,27,6000
12749,sdn,Sudan,2007,734,150,200000
12750,sdn,Sudan,2008,15,0,0
12751,sdn,Sudan,2009,20,20,0
12752,sdn,Sudan,2010,36,36,10000
12753,sdn,Sudan,2011,20,20,0
12754,sdn,Sudan,2012,206,35,0
12755,sdn,Sudan,2013,76,76,0
12756,sdn,Sudan,2014,39,39,0
12757,sdn,Sudan,2015,36,36,0
12758,sdn,Sudan,2016,190,171,110000
12759,sdn,Sudan,2017,682,25,25600
12760,sdn,Sudan,2018,46,46,11300
12761,sdn,Sudan,2019,131,78,0
12762,sdn,Sudan,2020,193,155,0
12763,sdn,Sudan,2021,121,52,0
12764,sdn,Sudan,2022,146,146,0
12765,sdn,Sudan,2023,0,0,0
12766,sdn,Sudan,2024,1640,132,0
12767,sdn,Sudan,2025,432,432,0
12768,sur,Suriname,1969,0,0,0
12769,sur,Suriname,1970,0,0,0
12770,sur,Suriname,1971,0,0,0
12771,sur,Suriname,1972,0,0,0
12772,sur,Suriname,1973,0,0,0
12773,sur,Suriname,1974,0,0,0
12774,sur,Suriname,1975,0,0,0
12775,sur,Suriname,1976,0,0,0
12776,sur,Suriname,1977,0,0,0
12777,sur,Suriname,1978,0,0,0
12778,sur,Suriname,1979,0,0,0
12779,sur,Suriname,1980,0,0,0
12780,sur,Suriname,1981,0,0,0
12781,sur,Suriname,1982,0,0,0
12782,sur,Suriname,1983,0,0,0
12783,sur,Suriname,1984,0,0,0
12784,sur,Suriname,1985,0,0,0
12785,sur,Suriname,1986,0,0,0
12786,sur,Suriname,1987,0,0,0
12787,sur,Suriname,1988,0,0,0
12788,sur,Suriname,1989,169,0,0
12789,sur,Suriname,1990,0,0,0
12790,sur,Suriname,1991,0,0,0
12791,sur,Suriname,1992,0,0,0
12792,sur,Suriname,1993,0,0,0
12793,sur,Suriname,1994,0,0,0
12794,sur,Suriname,1995,0,0,0
12795,sur,Suriname,1996,0,0,0
12796,sur,Suriname,1997,0,0,0
12797,sur,Suriname,1998,0,0,0
12798,sur,Suriname,1999,0,0,0
12799,sur,Suriname,2000,0,0,0
12800,sur,Suriname,2001,0,0,0
12801,sur,Suriname,2002,0,0,0
12802,sur,Suriname,2003,0,0,0
12803,sur,Suriname,2004,0,0,0
12804,sur,Suriname,2005,0,0,0
12805,sur,Suriname,2006,3,3,0
12806,sur,Suriname,2007,0,0,0
12807,sur,Suriname,2008,2,2,0
12808,sur,Suriname,2009,0,0,0
12809,sur,Suriname,2010,0,0,0
12810,sur,Suriname,2011,0,0,0
12811,sur,Suriname,2012,0,0,0
12812,sur,Suriname,2013,0,0,0
12813,sur,Suriname,2014,0,0,0
12814,sur,Suriname,2015,0,0,0
12815,sur,Suriname,2016,0,0,0
12816,sur,Suriname,2017,0,0,0
12817,sur,Suriname,2018,0,0,0
12818,sur,Suriname,2019,0,0,0
12819,sur,Suriname,2020,0,0,0
12820,sur,Suriname,2021,0,0,0
12821,sur,Suriname,2022,0,0,0
12822,sur,Suriname,2023,0,0,0
12823,sur,Suriname,2024,0,0,0
12824,sur,Suriname,2025,0,0,0
12825,swe,Sweden,1943,13,0,0
12826,swe,Sweden,1944,10,0,0
12827,swe,Sweden,1945,0,0,0
12828,swe,Sweden,1946,0,0,0
12829,swe,Sweden,1947,0,0,0
12830,swe,Sweden,1948,0,0,0
12831,swe,Sweden,1949,0,0,0
12832,swe,Sweden,1950,0,0,0
12833,swe,Sweden,1951,0,0,0
12834,swe,Sweden,1952,0,0,0
12835,swe,Sweden,1953,0,0,0
12836,swe,Sweden,1954,0,0,0
12837,swe,Sweden,1955,0,0,0
12838,swe,Sweden,1956,0,0,0
12839,swe,Sweden,1957,0,0,0
12840,swe,Sweden,1958,0,0,0
12841,swe,Sweden,1959,0,0,0
12842,swe,Sweden,1960,0,0,0
12843,swe,Sweden,1961,0,0,0
12844,swe,Sweden,1962,0,0,0
12845,swe,Sweden,1963,0,0,0
12846,swe,Sweden,1964,0,0,0
12847,swe,Sweden,1965,0,0,0
12848,swe,Sweden,1966,0,0,0
12849,swe,Sweden,1967,0,0,0
12850,swe,Sweden,1968,0,0,0
12851,swe,Sweden,1969,0,0,0
12852,swe,Sweden,1970,0,0,0
12853,swe,Sweden,1971,0,0,0
12854,swe,Sweden,1972,0,0,0
12855,swe,Sweden,1973,0,0,0
12856,swe,Sweden,1974,0,0,0
12857,swe,Sweden,1975,0,0,0
12858,swe,Sweden,1976,0,0,0
12859,swe,Sweden,1977,13,13,0
12860,swe,Sweden,1978,0,0,0
12861,swe,Sweden,1979,0,0,0
12862,swe,Sweden,1980,0,0,0
12863,swe,Sweden,1981,0,0,0
12864,swe,Sweden,1982,0,0,0
12865,swe,Sweden,1983,0,0,0
12866,swe,Sweden,1984,0,0,0
12867,swe,Sweden,1985,11,11,0
12868,swe,Sweden,1986,0,0,0
12869,swe,Sweden,1987,7,0,0
12870,swe,Sweden,1988,0,0,0
12871,swe,Sweden,1989,16,0,0
12872,swe,Sweden,1990,0,0,0
12873,swe,Sweden,1991,0,0,0
12874,swe,Sweden,1992,13,0,0
12875,swe,Sweden,1993,0,0,0
12876,swe,Sweden,1994,0,0,0
12877,swe,Sweden,1995,0,0,0
12878,swe,Sweden,1996,0,0,0
12879,swe,Sweden,1997,0,0,0
12880,swe,Sweden,1998,63,0,0
12881,swe,Sweden,1999,3,3,0
12882,swe,Sweden,2000,0,0,0
12883,swe,Sweden,2001,0,0,0
12884,swe,Sweden,2002,1,1,0
12885,swe,Sweden,2003,0,0,0
12886,swe,Sweden,2004,0,0,0
12887,swe,Sweden,2005,9,9,0
12888,swe,Sweden,2006,0,0,0
12889,swe,Sweden,2007,0,0,0
12890,swe,Sweden,2008,0,0,0
12891,swe,Sweden,2009,0,0,0
12892,swe,Sweden,2010,0,0,0
12893,swe,Sweden,2011,0,0,0
12894,swe,Sweden,2012,0,0,0
12895,swe,Sweden,2013,7,7,0
12896,swe,Sweden,2014,0,0,0
12897,swe,Sweden,2015,0,0,0
12898,swe,Sweden,2016,0,0,0
12899,swe,Sweden,2017,0,0,0
12900,swe,Sweden,2018,0,0,0
12901,swe,Sweden,2019,0,0,0
12902,swe,Sweden,2020,1,1,0
12903,swe,Sweden,2021,0,0,0
12904,swe,Sweden,2022,40,40,0
12905,swe,Sweden,2023,13,13,0
12906,swe,Sweden,2024,30,30,0
12907,swe,Sweden,2025,82,82,0
12908,che,Switzerland,1935,13,0,0
12909,che,Switzerland,1936,0,0,0
12910,che,Switzerland,1937,0,0,0
12911,che,Switzerland,1938,13,0,0
12912,che,Switzerland,1939,0,0,0
12913,che,Switzerland,1940,0,0,0
12914,che,Switzerland,1941,0,0,0
12915,che,Switzerland,1942,0,0,0
12916,che,Switzerland,1943,0,0,0
12917,che,Switzerland,1944,0,0,0
12918,che,Switzerland,1945,0,0,0
12919,che,Switzerland,1946,0,0,0
12920,che,Switzerland,1947,0,0,0
12921,che,Switzerland,1948,0,0,0
12922,che,Switzerland,1949,0,0,0
12923,che,Switzerland,1950,0,0,0
12924,che,Switzerland,1951,92,92,0
12925,che,Switzerland,1952,0,0,0
12926,che,Switzerland,1953,0,0,0
12927,che,Switzerland,1954,0,0,0
12928,che,Switzerland,1955,0,0,0
12929,che,Switzerland,1956,0,0,0
12930,che,Switzerland,1957,0,0,0
12931,che,Switzerland,1958,0,0,0
12932,che,Switzerland,1959,0,0,0
12933,che,Switzerland,1960,0,0,0
12934,che,Switzerland,1961,0,0,0
12935,che,Switzerland,1962,0,0,0
12936,che,Switzerland,1963,0,0,0
12937,che,Switzerland,1964,0,0,0
12938,che,Switzerland,1965,90,90,0
12939,che,Switzerland,1966,0,0,0
12940,che,Switzerland,1967,0,0,0
12941,che,Switzerland,1968,20,20,0
12942,che,Switzerland,1969,0,0,0
12943,che,Switzerland,1970,30,30,0
12944,che,Switzerland,1971,28,0,0
12945,che,Switzerland,1972,13,0,0
12946,che,Switzerland,1973,0,0,0
12947,che,Switzerland,1974,0,0,0
12948,che,Switzerland,1975,13,13,0
12949,che,Switzerland,1976,0,0,0
12950,che,Switzerland,1977,0,0,0
12951,che,Switzerland,1978,0,0,0
12952,che,Switzerland,1979,0,0,0
12953,che,Switzerland,1980,0,0,0
12954,che,Switzerland,1981,0,0,0
12955,che,Switzerland,1982,0,0,0
12956,che,Switzerland,1983,0,0,0
12957,che,Switzerland,1984,6,0,0
12958,che,Switzerland,1985,13,0,0
12959,che,Switzerland,1986,0,0,0
12960,che,Switzerland,1987,1,1,0
12961,che,Switzerland,1988,0,0,0
12962,che,Switzerland,1989,0,0,0
12963,che,Switzerland,1990,51,5,0
12964,che,Switzerland,1991,0,0,0
12965,che,Switzerland,1992,0,0,0
12966,che,Switzerland,1993,2,2,0
12967,che,Switzerland,1994,0,0,0
12968,che,Switzerland,1995,0,0,0
12969,che,Switzerland,1996,0,0,0
12970,che,Switzerland,1997,0,0,0
12971,che,Switzerland,1998,0,0,0
12972,che,Switzerland,1999,66,45,0
12973,che,Switzerland,2000,16,16,0
12974,che,Switzerland,2001,0,0,0
12975,che,Switzerland,2002,2,2,0
12976,che,Switzerland,2003,1040,1040,0
12977,che,Switzerland,2004,0,0,0
12978,che,Switzerland,2005,6,6,0
12979,che,Switzerland,2006,1,1,0
12980,che,Switzerland,2007,1,1,0
12981,che,Switzerland,2008,0,0,0
12982,che,Switzerland,2009,0,0,0
12983,che,Switzerland,2010,0,0,0
12984,che,Switzerland,2011,0,0,0
12985,che,Switzerland,2012,11,11,0
12986,che,Switzerland,2013,0,0,0
12987,che,Switzerland,2014,2,2,0
12988,che,Switzerland,2015,0,0,0
12989,che,Switzerland,2016,0,0,0
12990,che,Switzerland,2017,8,8,0
12991,che,Switzerland,2018,0,0,0
12992,che,Switzerland,2019,5,5,0
12993,che,Switzerland,2020,1,1,0
12994,che,Switzerland,2021,17,17,0
12995,che,Switzerland,2022,302,302,0
12996,che,Switzerland,2023,298,298,0
12997,che,Switzerland,2024,369,369,0
12998,che,Switzerland,2025,281,281,0
12999,syr,Syria,1965,54,0,0
13000,syr,Syria,1966,0,0,0
13001,syr,Syria,1967,0,0,0
13002,syr,Syria,1968,0,0,0
13003,syr,Syria,1969,0,0,0
13004,syr,Syria,1970,0,0,0
13005,syr,Syria,1971,0,0,0
13006,syr,Syria,1972,0,0,0
13007,syr,Syria,1973,0,0,0
13008,syr,Syria,1974,0,0,75000
13009,syr,Syria,1975,0,0,0
13010,syr,Syria,1976,0,0,0
13011,syr,Syria,1977,88,0,0
13012,syr,Syria,1978,0,0,0
13013,syr,Syria,1979,0,0,0
13014,syr,Syria,1980,0,0,0
13015,syr,Syria,1981,0,0,0
13016,syr,Syria,1982,0,0,0
13017,syr,Syria,1983,0,0,0
13018,syr,Syria,1984,0,0,0
13019,syr,Syria,1985,0,0,0
13020,syr,Syria,1986,0,0,0
13021,syr,Syria,1987,0,0,0
13022,syr,Syria,1988,0,0,0
13023,syr,Syria,1989,0,0,0
13024,syr,Syria,1990,0,0,0
13025,syr,Syria,1991,0,0,0
13026,syr,Syria,1992,0,0,0
13027,syr,Syria,1993,0,0,0
13028,syr,Syria,1994,46,0,0
13029,syr,Syria,1995,0,0,0
13030,syr,Syria,1996,0,0,0
13031,syr,Syria,1997,0,0,0
13032,syr,Syria,1998,37,0,0
13033,syr,Syria,1999,62,0,0
13034,syr,Syria,2000,0,0,0
13035,syr,Syria,2001,27,27,0
13036,syr,Syria,2002,80,80,0
13037,syr,Syria,2003,0,0,0
13038,syr,Syria,2004,5,5,0
13039,syr,Syria,2005,0,0,0
13040,syr,Syria,2006,6,6,0
13041,syr,Syria,2007,0,0,0
13042,syr,Syria,2008,0,0,0
13043,syr,Syria,2009,0,0,0
13044,syr,Syria,2010,0,0,0
13045,syr,Syria,2011,0,0,0
13046,syr,Syria,2012,0,0,0
13047,syr,Syria,2013,0,0,0
13048,syr,Syria,2014,0,0,0
13049,syr,Syria,2015,13,13,0
13050,syr,Syria,2016,0,0,0
13051,syr,Syria,2017,0,0,0
13052,syr,Syria,2018,0,0,0
13053,syr,Syria,2019,2,2,0
13054,syr,Syria,2020,3,3,0
13055,syr,Syria,2021,1,1,0
13056,syr,Syria,2022,89,2,0
13057,syr,Syria,2023,5670,5670,0
13058,syr,Syria,2024,0,0,0
13059,syr,Syria,2025,2,2,0
13060,twn,Taiwan,1904,148,148,2181
13061,twn,Taiwan,1905,0,0,0
13062,twn,Taiwan,1906,1273,1273,25689
13063,twn,Taiwan,1907,0,0,0
13064,twn,Taiwan,1908,0,0,0
13065,twn,Taiwan,1909,9,9,366
13066,twn,Taiwan,1910,60,60,0
13067,twn,Taiwan,1911,1000,1000,0
13068,twn,Taiwan,1912,0,0,0
13069,twn,Taiwan,1913,0,0,0
13070,twn,Taiwan,1914,0,0,0
13071,twn,Taiwan,1915,0,0,0
13072,twn,Taiwan,1916,181,181,2133
13073,twn,Taiwan,1917,54,54,390
13074,twn,Taiwan,1918,0,0,0
13075,twn,Taiwan,1919,0,0,0
13076,twn,Taiwan,1920,0,0,0
13077,twn,Taiwan,1921,0,0,0
13078,twn,Taiwan,1922,5,5,417
13079,twn,Taiwan,1923,0,0,0
13080,twn,Taiwan,1924,1000,1000,0
13081,twn,Taiwan,1925,0,0,0
13082,twn,Taiwan,1926,0,0,0
13083,twn,Taiwan,1927,0,0,0
13084,twn,Taiwan,1928,0,0,0
13085,twn,Taiwan,1929,0,0,0
13086,twn,Taiwan,1930,4,4,1254
13087,twn,Taiwan,1931,0,0,0
13088,twn,Taiwan,1932,0,0,0
13089,twn,Taiwan,1933,0,0,0
13090,twn,Taiwan,1934,0,0,0
13091,twn,Taiwan,1935,6022,6022,239535
13092,twn,Taiwan,1936,10,10,75
13093,twn,Taiwan,1937,0,0,0
13094,twn,Taiwan,1938,0,0,0
13095,twn,Taiwan,1939,0,0,0
13096,twn,Taiwan,1940,0,0,0
13097,twn,Taiwan,1941,319,319,5304
13098,twn,Taiwan,1942,0,0,0
13099,twn,Taiwan,1943,0,0,0
13100,twn,Taiwan,1944,0,0,0
13101,twn,Taiwan,1945,0,0,0
13102,twn,Taiwan,1946,58,58,3500
13103,twn,Taiwan,1947,0,0,0
13104,twn,Taiwan,1948,0,0,0
13105,twn,Taiwan,1949,0,0,0
13106,twn,Taiwan,1950,0,0,0
13107,twn,Taiwan,1951,185,185,11910
13108,twn,Taiwan,1952,0,0,0
13109,twn,Taiwan,1953,67,67,0
13110,twn,Taiwan,1954,0,0,0
13111,twn,Taiwan,1955,0,0,0
13112,twn,Taiwan,1956,0,0,0
13113,twn,Taiwan,1957,0,0,0
13114,twn,Taiwan,1958,31,31,0
13115,twn,Taiwan,1959,1062,1062,0
13116,twn,Taiwan,1960,199,199,0
13117,twn,Taiwan,1961,106,106,0
13118,twn,Taiwan,1962,107,107,0
13119,twn,Taiwan,1963,15,15,0
13120,twn,Taiwan,1964,107,107,23000
13121,twn,Taiwan,1965,55,55,0
13122,twn,Taiwan,1966,36,36,0
13123,twn,Taiwan,1967,69,69,0
13124,twn,Taiwan,1968,0,0,0
13125,twn,Taiwan,1969,269,269,0
13126,twn,Taiwan,1970,0,0,0
13127,twn,Taiwan,1971,0,0,0
13128,twn,Taiwan,1972,0,0,0
13129,twn,Taiwan,1973,0,0,0
13130,twn,Taiwan,1974,0,0,0
13131,twn,Taiwan,1975,0,0,0
13132,twn,Taiwan,1976,0,0,0
13133,twn,Taiwan,1977,106,106,0
13134,twn,Taiwan,1978,0,0,0
13135,twn,Taiwan,1979,0,0,0
13136,twn,Taiwan,1980,0,0,0
13137,twn,Taiwan,1981,164,26,0
13138,twn,Taiwan,1982,0,0,0
13139,twn,Taiwan,1983,82,82,0
13140,twn,Taiwan,1984,234,31,0
13141,twn,Taiwan,1985,0,0,0
13142,twn,Taiwan,1986,131,92,0
13143,twn,Taiwan,1987,82,61,0
13144,twn,Taiwan,1988,0,0,0
13145,twn,Taiwan,1989,118,13,0
13146,twn,Taiwan,1990,155,5,0
13147,twn,Taiwan,1991,76,33,0
13148,twn,Taiwan,1992,31,8,0
13149,twn,Taiwan,1993,85,0,0
13150,twn,Taiwan,1994,45,45,0
13151,twn,Taiwan,1995,76,0,0
13152,twn,Taiwan,1996,153,65,0
13153,twn,Taiwan,1997,70,54,0
13154,twn,Taiwan,1998,287,16,0
13155,twn,Taiwan,1999,2265,2265,100000
13156,twn,Taiwan,2000,103,103,2000
13157,twn,Taiwan,2001,194,194,2000
13158,twn,Taiwan,2002,5,5,0
13159,twn,Taiwan,2003,3,3,0
13160,twn,Taiwan,2004,79,79,0
13161,twn,Taiwan,2005,33,33,0
13162,twn,Taiwan,2006,8,8,0
13163,twn,Taiwan,2007,18,18,1800
13164,twn,Taiwan,2008,54,54,0
13165,twn,Taiwan,2009,630,630,0
13166,twn,Taiwan,2010,34,34,0
13167,twn,Taiwan,2011,0,0,0
13168,twn,Taiwan,2012,20,20,0
13169,twn,Taiwan,2013,10,10,0
13170,twn,Taiwan,2014,0,0,0
13171,twn,Taiwan,2015,9,9,0
13172,twn,Taiwan,2016,212,212,0
13173,twn,Taiwan,2017,6,6,39
13174,twn,Taiwan,2018,91,91,0
13175,twn,Taiwan,2019,2,2,0
13176,twn,Taiwan,2020,1,1,0
13177,twn,Taiwan,2021,18,18,0
13178,twn,Taiwan,2022,1,1,0
13179,twn,Taiwan,2023,3,3,0
13180,twn,Taiwan,2024,38,38,333
13181,twn,Taiwan,2025,46,46,0
13182,tjk,Tajikistan,1911,90,90,0
13183,tjk,Tajikistan,1912,0,0,0
13184,tjk,Tajikistan,1913,0,0,0
13185,tjk,Tajikistan,1914,0,0,0
13186,tjk,Tajikistan,1915,0,0,0
13187,tjk,Tajikistan,1916,0,0,0
13188,tjk,Tajikistan,1917,0,0,0
13189,tjk,Tajikistan,1918,0,0,0
13190,tjk,Tajikistan,1919,0,0,0
13191,tjk,Tajikistan,1920,0,0,0
13192,tjk,Tajikistan,1921,0,0,0
13193,tjk,Tajikistan,1922,0,0,0
13194,tjk,Tajikistan,1923,0,0,0
13195,tjk,Tajikistan,1924,0,0,0
13196,tjk,Tajikistan,1925,0,0,0
13197,tjk,Tajikistan,1926,0,0,0
13198,tjk,Tajikistan,1927,0,0,0
13199,tjk,Tajikistan,1928,0,0,0
13200,tjk,Tajikistan,1929,0,0,0
13201,tjk,Tajikistan,1930,175,175,0
13202,tjk,Tajikistan,1931,0,0,0
13203,tjk,Tajikistan,1932,0,0,0
13204,tjk,Tajikistan,1933,0,0,0
13205,tjk,Tajikistan,1934,0,0,0
13206,tjk,Tajikistan,1935,0,0,0
13207,tjk,Tajikistan,1936,0,0,0
13208,tjk,Tajikistan,1937,0,0,0
13209,tjk,Tajikistan,1938,0,0,0
13210,tjk,Tajikistan,1939,0,0,0
13211,tjk,Tajikistan,1940,0,0,0
13212,tjk,Tajikistan,1941,0,0,0
13213,tjk,Tajikistan,1942,0,0,0
13214,tjk,Tajikistan,1943,0,0,0
13215,tjk,Tajikistan,1944,0,0,0
13216,tjk,Tajikistan,1945,0,0,0
13217,tjk,Tajikistan,1946,0,0,0
13218,tjk,Tajikistan,1947,0,0,0
13219,tjk,Tajikistan,1948,0,0,0
13220,tjk,Tajikistan,1949,0,0,0
13221,tjk,Tajikistan,1950,0,0,0
13222,tjk,Tajikistan,1951,0,0,0
13223,tjk,Tajikistan,1952,0,0,0
13224,tjk,Tajikistan,1953,0,0,0
13225,tjk,Tajikistan,1954,0,0,0
13226,tjk,Tajikistan,1955,0,0,0
13227,tjk,Tajikistan,1956,0,0,0
13228,tjk,Tajikistan,1957,0,0,0
13229,tjk,Tajikistan,1958,0,0,0
13230,tjk,Tajikistan,1959,0,0,0
13231,tjk,Tajikistan,1960,0,0,0
13232,tjk,Tajikistan,1961,0,0,0
13233,tjk,Tajikistan,1962,0,0,0
13234,tjk,Tajikistan,1963,0,0,0
13235,tjk,Tajikistan,1964,0,0,0
13236,tjk,Tajikistan,1965,0,0,0
13237,tjk,Tajikistan,1966,0,0,0
13238,tjk,Tajikistan,1967,0,0,0
13239,tjk,Tajikistan,1968,0,0,0
13240,tjk,Tajikistan,1969,0,0,0
13241,tjk,Tajikistan,1970,0,0,0
13242,tjk,Tajikistan,1971,0,0,0
13243,tjk,Tajikistan,1972,0,0,0
13244,tjk,Tajikistan,1973,0,0,0
13245,tjk,Tajikistan,1974,0,0,0
13246,tjk,Tajikistan,1975,0,0,0
13247,tjk,Tajikistan,1976,0,0,0
13248,tjk,Tajikistan,1977,0,0,0
13249,tjk,Tajikistan,1978,0,0,0
13250,tjk,Tajikistan,1979,0,0,0
13251,tjk,Tajikistan,1980,0,0,0
13252,tjk,Tajikistan,1981,0,0,0
13253,tjk,Tajikistan,1982,0,0,0
13254,tjk,Tajikistan,1983,0,0,0
13255,tjk,Tajikistan,1984,0,0,0
13256,tjk,Tajikistan,1985,0,0,0
13257,tjk,Tajikistan,1986,0,0,0
13258,tjk,Tajikistan,1987,0,0,0
13259,tjk,Tajikistan,1988,0,0,0
13260,tjk,Tajikistan,1989,0,0,0
13261,tjk,Tajikistan,1990,0,0,0
13262,tjk,Tajikistan,1991,0,0,0
13263,tjk,Tajikistan,1992,1601,1601,0
13264,tjk,Tajikistan,1993,117,5,60357
13265,tjk,Tajikistan,1994,0,0,1051
13266,tjk,Tajikistan,1995,0,0,0
13267,tjk,Tajikistan,1996,0,0,0
13268,tjk,Tajikistan,1997,208,40,0
13269,tjk,Tajikistan,1998,83,62,916
13270,tjk,Tajikistan,1999,30,27,4503
13271,tjk,Tajikistan,2000,0,0,0
13272,tjk,Tajikistan,2001,1,1,150
13273,tjk,Tajikistan,2002,35,35,3490
13274,tjk,Tajikistan,2003,7,7,780
13275,tjk,Tajikistan,2004,0,0,0
13276,tjk,Tajikistan,2005,24,24,735
13277,tjk,Tajikistan,2006,25,25,0
13278,tjk,Tajikistan,2007,49,49,125
13279,tjk,Tajikistan,2008,0,0,0
13280,tjk,Tajikistan,2009,21,21,0
13281,tjk,Tajikistan,2010,96,75,1134
13282,tjk,Tajikistan,2011,0,0,0
13283,tjk,Tajikistan,2012,3,3,0
13284,tjk,Tajikistan,2013,0,0,0
13285,tjk,Tajikistan,2014,20,20,425
13286,tjk,Tajikistan,2015,12,12,0
13287,tjk,Tajikistan,2016,4,4,0
13288,tjk,Tajikistan,2017,13,13,0
13289,tjk,Tajikistan,2018,6,6,0
13290,tjk,Tajikistan,2019,4,4,0
13291,tjk,Tajikistan,2020,2,2,0
13292,tjk,Tajikistan,2021,24,24,0
13293,tjk,Tajikistan,2022,0,0,0
13294,tjk,Tajikistan,2023,21,21,0
13295,tjk,Tajikistan,2024,3,3,0
13296,tjk,Tajikistan,2025,1,1,0
13297,tza,Tanzania,1964,4,4,3900
13298,tza,Tanzania,1965,0,0,0
13299,tza,Tanzania,1966,0,0,0
13300,tza,Tanzania,1967,0,0,0
13301,tza,Tanzania,1968,40,40,0
13302,tza,Tanzania,1969,0,0,0
13303,tza,Tanzania,1970,0,0,0
13304,tza,Tanzania,1971,0,0,0
13305,tza,Tanzania,1972,0,0,0
13306,tza,Tanzania,1973,0,0,0
13307,tza,Tanzania,1974,25,25,18000
13308,tza,Tanzania,1975,0,0,0
13309,tza,Tanzania,1976,0,0,0
13310,tza,Tanzania,1977,500,0,0
13311,tza,Tanzania,1978,0,0,0
13312,tza,Tanzania,1979,0,0,0
13313,tza,Tanzania,1980,12,0,0
13314,tza,Tanzania,1981,0,0,0
13315,tza,Tanzania,1982,0,0,0
13316,tza,Tanzania,1983,183,0,0
13317,tza,Tanzania,1984,33,0,0
13318,tza,Tanzania,1985,10,0,0
13319,tza,Tanzania,1986,0,0,6000
13320,tza,Tanzania,1987,90,0,0
13321,tza,Tanzania,1988,0,0,0
13322,tza,Tanzania,1989,30,10,0
13323,tza,Tanzania,1990,389,189,20868
13324,tza,Tanzania,1991,687,0,0
13325,tza,Tanzania,1992,2255,0,0
13326,tza,Tanzania,1993,54,54,280
13327,tza,Tanzania,1994,83,35,9500
13328,tza,Tanzania,1995,3,3,20000
13329,tza,Tanzania,1996,902,0,0
13330,tza,Tanzania,1997,2546,83,2104
13331,tza,Tanzania,1998,2617,61,0
13332,tza,Tanzania,1999,201,0,0
13333,tza,Tanzania,2000,74,37,1835
13334,tza,Tanzania,2001,43,18,1050
13335,tza,Tanzania,2002,20,11,2000
13336,tza,Tanzania,2003,0,0,0
13337,tza,Tanzania,2004,10,10,0
13338,tza,Tanzania,2005,9,3,0
13339,tza,Tanzania,2006,70,0,21500
13340,tza,Tanzania,2007,119,0,0
13341,tza,Tanzania,2008,73,73,1942
13342,tza,Tanzania,2009,50,38,0
13343,tza,Tanzania,2010,0,0,0
13344,tza,Tanzania,2011,37,37,6776
13345,tza,Tanzania,2012,10,10,0
13346,tza,Tanzania,2013,0,0,0
13347,tza,Tanzania,2014,31,31,0
13348,tza,Tanzania,2015,641,59,5000
13349,tza,Tanzania,2016,33,33,13933
13350,tza,Tanzania,2017,7,7,0
13351,tza,Tanzania,2018,15,15,0
13352,tza,Tanzania,2019,50,47,0
13353,tza,Tanzania,2020,43,43,17500
13354,tza,Tanzania,2021,1,1,0
13355,tza,Tanzania,2022,14,10,1500
13356,tza,Tanzania,2023,140,140,24
13357,tza,Tanzania,2024,191,191,0
13358,tza,Tanzania,2025,36,26,0
13359,tha,Thailand,1962,769,769,0
13360,tha,Thailand,1963,0,0,0
13361,tha,Thailand,1964,0,0,0
13362,tha,Thailand,1965,0,0,0
13363,tha,Thailand,1966,6,6,5000
13364,tha,Thailand,1967,0,0,0
13365,tha,Thailand,1968,0,0,0
13366,tha,Thailand,1969,0,0,0
13367,tha,Thailand,1970,0,0,0
13368,tha,Thailand,1971,0,0,0
13369,tha,Thailand,1972,0,0,0
13370,tha,Thailand,1973,0,0,0
13371,tha,Thailand,1974,0,0,0
13372,tha,Thailand,1975,239,239,0
13373,tha,Thailand,1976,0,0,0
13374,tha,Thailand,1977,100,0,0
13375,tha,Thailand,1978,146,146,0
13376,tha,Thailand,1979,100,0,0
13377,tha,Thailand,1980,95,57,0
13378,tha,Thailand,1981,55,55,0
13379,tha,Thailand,1982,7,0,0
13380,tha,Thailand,1983,80,50,0
13381,tha,Thailand,1984,17,17,0
13382,tha,Thailand,1985,18,18,0
13383,tha,Thailand,1986,42,42,0
13384,tha,Thailand,1987,256,24,0
13385,tha,Thailand,1988,840,664,0
13386,tha,Thailand,1989,592,458,45000
13387,tha,Thailand,1990,287,36,0
13388,tha,Thailand,1991,555,55,42507
13389,tha,Thailand,1992,160,6,27120
13390,tha,Thailand,1993,401,45,30388
13391,tha,Thailand,1994,353,130,65141
13392,tha,Thailand,1995,306,258,56984
13393,tha,Thailand,1996,112,100,0
13394,tha,Thailand,1997,373,212,0
13395,tha,Thailand,1998,101,0,0
13396,tha,Thailand,1999,57,22,200
13397,tha,Thailand,2000,198,109,0
13398,tha,Thailand,2001,189,189,4100
13399,tha,Thailand,2002,190,190,36104
13400,tha,Thailand,2003,16,9,0
13401,tha,Thailand,2004,8375,8375,50
13402,tha,Thailand,2005,86,86,0
13403,tha,Thailand,2006,280,280,0
13404,tha,Thailand,2007,53,53,0
13405,tha,Thailand,2008,39,39,1000
13406,tha,Thailand,2009,15,15,0
13407,tha,Thailand,2010,260,258,0
13408,tha,Thailand,2011,923,896,0
13409,tha,Thailand,2012,0,0,0
13410,tha,Thailand,2013,84,84,15254
13411,tha,Thailand,2014,93,93,2000
13412,tha,Thailand,2015,3,3,0
13413,tha,Thailand,2016,35,35,0
13414,tha,Thailand,2017,150,150,0
13415,tha,Thailand,2018,0,0,0
13416,tha,Thailand,2019,26,26,0
13417,tha,Thailand,2020,44,44,0
13418,tha,Thailand,2021,16,16,900
13419,tha,Thailand,2022,21,21,0
13420,tha,Thailand,2023,6,6,0
13421,tha,Thailand,2024,165,165,0
13422,tha,Thailand,2025,401,401,0
13423,tls,Timor-Leste,2001,1,1,0
13424,tls,Timor-Leste,2002,0,0,0
13425,tls,Timor-Leste,2003,3,3,0
13426,tls,Timor-Leste,2004,0,0,0
13427,tls,Timor-Leste,2005,22,0,0
13428,tls,Timor-Leste,2006,0,0,0
13429,tls,Timor-Leste,2007,1,1,0
13430,tls,Timor-Leste,2008,0,0,0
13431,tls,Timor-Leste,2009,0,0,0
13432,tls,Timor-Leste,2010,0,0,0
13433,tls,Timor-Leste,2011,0,0,0
13434,tls,Timor-Leste,2012,0,0,0
13435,tls,Timor-Leste,2013,0,0,0
13436,tls,Timor-Leste,2014,2,0,0
13437,tls,Timor-Leste,2015,0,0,2000
13438,tls,Timor-Leste,2016,0,0,0
13439,tls,Timor-Leste,2017,0,0,0
13440,tls,Timor-Leste,2018,0,0,0
13441,tls,Timor-Leste,2019,0,0,0
13442,tls,Timor-Leste,2020,3,3,0
13443,tls,Timor-Leste,2021,41,41,0
13444,tls,Timor-Leste,2022,20,0,0
13445,tls,Timor-Leste,2023,0,0,0
13446,tls,Timor-Leste,2024,0,0,0
13447,tls,Timor-Leste,2025,0,0,0
13448,tgo,Togo,1965,150,0,0
13449,tgo,Togo,1966,0,0,0
13450,tgo,Togo,1967,0,0,0
13451,tgo,Togo,1968,0,0,0
13452,tgo,Togo,1969,0,0,0
13453,tgo,Togo,1970,0,0,0
13454,tgo,Togo,1971,0,0,0
13455,tgo,Togo,1972,0,0,0
13456,tgo,Togo,1973,0,0,0
13457,tgo,Togo,1974,0,0,0
13458,tgo,Togo,1975,0,0,0
13459,tgo,Togo,1976,0,0,0
13460,tgo,Togo,1977,0,0,0
13461,tgo,Togo,1978,0,0,0
13462,tgo,Togo,1979,0,0,0
13463,tgo,Togo,1980,0,0,0
13464,tgo,Togo,1981,0,0,0
13465,tgo,Togo,1982,0,0,0
13466,tgo,Togo,1983,0,0,0
13467,tgo,Togo,1984,0,0,0
13468,tgo,Togo,1985,0,0,0
13469,tgo,Togo,1986,0,0,0
13470,tgo,Togo,1987,0,0,0
13471,tgo,Togo,1988,50,0,0
13472,tgo,Togo,1989,0,0,0
13473,tgo,Togo,1990,0,0,0
13474,tgo,Togo,1991,0,0,0
13475,tgo,Togo,1992,0,0,0
13476,tgo,Togo,1993,0,0,0
13477,tgo,Togo,1994,0,0,1500
13478,tgo,Togo,1995,3,3,75000
13479,tgo,Togo,1996,360,0,0
13480,tgo,Togo,1997,0,0,0
13481,tgo,Togo,1998,239,0,0
13482,tgo,Togo,1999,0,0,0
13483,tgo,Togo,2000,0,0,0
13484,tgo,Togo,2001,235,0,0
13485,tgo,Togo,2002,95,0,0
13486,tgo,Togo,2003,40,0,0
13487,tgo,Togo,2004,0,0,0
13488,tgo,Togo,2005,0,0,0
13489,tgo,Togo,2006,0,0,0
13490,tgo,Togo,2007,41,41,13374
13491,tgo,Togo,2008,12,6,0
13492,tgo,Togo,2009,0,0,0
13493,tgo,Togo,2010,82,22,0
13494,tgo,Togo,2011,0,0,0
13495,tgo,Togo,2012,0,0,0
13496,tgo,Togo,2013,7,0,0
13497,tgo,Togo,2014,0,0,0
13498,tgo,Togo,2015,24,0,0
13499,tgo,Togo,2016,0,0,0
13500,tgo,Togo,2017,0,0,0
13501,tgo,Togo,2018,0,0,0
13502,tgo,Togo,2019,0,0,0
13503,tgo,Togo,2020,11,11,0
13504,tgo,Togo,2021,0,0,0
13505,tgo,Togo,2022,0,0,0
13506,tgo,Togo,2023,0,0,0
13507,tgo,Togo,2024,0,0,0
13508,tgo,Togo,2025,0,0,0
13509,ton,Tonga,1946,0,0,0
13510,ton,Tonga,1947,0,0,0
13511,ton,Tonga,1948,0,0,0
13512,ton,Tonga,1949,0,0,0
13513,ton,Tonga,1950,0,0,0
13514,ton,Tonga,1951,0,0,0
13515,ton,Tonga,1952,0,0,0
13516,ton,Tonga,1953,0,0,0
13517,ton,Tonga,1954,0,0,0
13518,ton,Tonga,1955,0,0,0
13519,ton,Tonga,1956,0,0,0
13520,ton,Tonga,1957,0,0,0
13521,ton,Tonga,1958,0,0,0
13522,ton,Tonga,1959,0,0,0
13523,ton,Tonga,1960,0,0,0
13524,ton,Tonga,1961,2,2,0
13525,ton,Tonga,1962,0,0,0
13526,ton,Tonga,1963,0,0,0
13527,ton,Tonga,1964,0,0,0
13528,ton,Tonga,1965,0,0,0
13529,ton,Tonga,1966,0,0,0
13530,ton,Tonga,1967,0,0,0
13531,ton,Tonga,1968,0,0,0
13532,ton,Tonga,1969,0,0,0
13533,ton,Tonga,1970,0,0,0
13534,ton,Tonga,1971,0,0,0
13535,ton,Tonga,1972,0,0,0
13536,ton,Tonga,1973,3,3,200
13537,ton,Tonga,1974,0,0,0
13538,ton,Tonga,1975,0,0,0
13539,ton,Tonga,1976,0,0,0
13540,ton,Tonga,1977,1,1,500
13541,ton,Tonga,1978,0,0,0
13542,ton,Tonga,1979,0,0,0
13543,ton,Tonga,1980,0,0,0
13544,ton,Tonga,1981,0,0,0
13545,ton,Tonga,1982,7,7,46500
13546,ton,Tonga,1983,0,0,0
13547,ton,Tonga,1984,0,0,0
13548,ton,Tonga,1985,0,0,0
13549,ton,Tonga,1986,0,0,0
13550,ton,Tonga,1987,0,0,0
13551,ton,Tonga,1988,0,0,0
13552,ton,Tonga,1989,0,0,0
13553,ton,Tonga,1990,1,1,500
13554,ton,Tonga,1991,0,0,0
13555,ton,Tonga,1992,0,0,0
13556,ton,Tonga,1993,0,0,0
13557,ton,Tonga,1994,0,0,0
13558,ton,Tonga,1995,0,0,0
13559,ton,Tonga,1996,0,0,0
13560,ton,Tonga,1997,0,0,3000
13561,ton,Tonga,1998,0,0,0
13562,ton,Tonga,1999,0,0,0
13563,ton,Tonga,2000,0,0,0
13564,ton,Tonga,2001,0,0,0
13565,ton,Tonga,2002,0,0,0
13566,ton,Tonga,2003,0,0,0
13567,ton,Tonga,2004,0,0,0
13568,ton,Tonga,2005,0,0,0
13569,ton,Tonga,2006,0,0,0
13570,ton,Tonga,2007,0,0,0
13571,ton,Tonga,2008,0,0,0
13572,ton,Tonga,2009,9,9,0
13573,ton,Tonga,2010,0,0,0
13574,ton,Tonga,2011,3,3,0
13575,ton,Tonga,2012,0,0,0
13576,ton,Tonga,2013,0,0,0
13577,ton,Tonga,2014,1,1,0
13578,ton,Tonga,2015,0,0,0
13579,ton,Tonga,2016,0,0,0
13580,ton,Tonga,2017,0,0,0
13581,ton,Tonga,2018,0,0,0
13582,ton,Tonga,2019,0,0,0
13583,ton,Tonga,2020,0,0,0
13584,ton,Tonga,2021,0,0,0
13585,ton,Tonga,2022,4,4,0
13586,ton,Tonga,2023,0,0,0
13587,ton,Tonga,2024,0,0,0
13588,ton,Tonga,2025,0,0,0
13589,tto,Trinidad and Tobago,1933,13,13,0
13590,tto,Trinidad and Tobago,1934,0,0,0
13591,tto,Trinidad and Tobago,1935,0,0,0
13592,tto,Trinidad and Tobago,1936,0,0,0
13593,tto,Trinidad and Tobago,1937,0,0,0
13594,tto,Trinidad and Tobago,1938,0,0,0
13595,tto,Trinidad and Tobago,1939,0,0,0
13596,tto,Trinidad and Tobago,1940,0,0,0
13597,tto,Trinidad and Tobago,1941,0,0,0
13598,tto,Trinidad and Tobago,1942,0,0,0
13599,tto,Trinidad and Tobago,1943,0,0,0
13600,tto,Trinidad and Tobago,1944,0,0,0
13601,tto,Trinidad and Tobago,1945,0,0,0
13602,tto,Trinidad and Tobago,1946,0,0,0
13603,tto,Trinidad and Tobago,1947,0,0,0
13604,tto,Trinidad and Tobago,1948,0,0,0
13605,tto,Trinidad and Tobago,1949,0,0,0
13606,tto,Trinidad and Tobago,1950,0,0,0
13607,tto,Trinidad and Tobago,1951,0,0,0
13608,tto,Trinidad and Tobago,1952,0,0,0
13609,tto,Trinidad and Tobago,1953,0,0,0
13610,tto,Trinidad and Tobago,1954,0,0,0
13611,tto,Trinidad and Tobago,1955,0,0,0
13612,tto,Trinidad and Tobago,1956,0,0,0
13613,tto,Trinidad and Tobago,1957,0,0,0
13614,tto,Trinidad and Tobago,1958,0,0,0
13615,tto,Trinidad and Tobago,1959,0,0,0
13616,tto,Trinidad and Tobago,1960,0,0,0
13617,tto,Trinidad and Tobago,1961,0,0,0
13618,tto,Trinidad and Tobago,1962,0,0,0
13619,tto,Trinidad and Tobago,1963,24,24,0
13620,tto,Trinidad and Tobago,1964,0,0,0
13621,tto,Trinidad and Tobago,1965,0,0,0
13622,tto,Trinidad and Tobago,1966,0,0,0
13623,tto,Trinidad and Tobago,1967,0,0,0
13624,tto,Trinidad and Tobago,1968,0,0,0
13625,tto,Trinidad and Tobago,1969,0,0,0
13626,tto,Trinidad and Tobago,1970,0,0,0
13627,tto,Trinidad and Tobago,1971,0,0,0
13628,tto,Trinidad and Tobago,1972,0,0,0
13629,tto,Trinidad and Tobago,1973,0,0,0
13630,tto,Trinidad and Tobago,1974,2,2,0
13631,tto,Trinidad and Tobago,1975,0,0,0
13632,tto,Trinidad and Tobago,1976,0,0,0
13633,tto,Trinidad and Tobago,1977,0,0,0
13634,tto,Trinidad and Tobago,1978,0,0,0
13635,tto,Trinidad and Tobago,1979,26,0,0
13636,tto,Trinidad and Tobago,1980,0,0,0
13637,tto,Trinidad and Tobago,1981,0,0,0
13638,tto,Trinidad and Tobago,1982,0,0,0
13639,tto,Trinidad and Tobago,1983,0,0,0
13640,tto,Trinidad and Tobago,1984,0,0,0
13641,tto,Trinidad and Tobago,1985,0,0,0
13642,tto,Trinidad and Tobago,1986,0,0,0
13643,tto,Trinidad and Tobago,1987,0,0,0
13644,tto,Trinidad and Tobago,1988,6,0,0
13645,tto,Trinidad and Tobago,1989,0,0,0
13646,tto,Trinidad and Tobago,1990,0,0,0
13647,tto,Trinidad and Tobago,1991,0,0,0
13648,tto,Trinidad and Tobago,1992,0,0,0
13649,tto,Trinidad and Tobago,1993,5,5,10
13650,tto,Trinidad and Tobago,1994,0,0,0
13651,tto,Trinidad and Tobago,1995,0,0,0
13652,tto,Trinidad and Tobago,1996,0,0,0
13653,tto,Trinidad and Tobago,1997,0,0,215
13654,tto,Trinidad and Tobago,1998,0,0,0
13655,tto,Trinidad and Tobago,1999,0,0,0
13656,tto,Trinidad and Tobago,2000,0,0,0
13657,tto,Trinidad and Tobago,2001,2,2,0
13658,tto,Trinidad and Tobago,2002,0,0,0
13659,tto,Trinidad and Tobago,2003,0,0,0
13660,tto,Trinidad and Tobago,2004,3,3,0
13661,tto,Trinidad and Tobago,2005,0,0,0
13662,tto,Trinidad and Tobago,2006,0,0,0
13663,tto,Trinidad and Tobago,2007,0,0,0
13664,tto,Trinidad and Tobago,2008,0,0,0
13665,tto,Trinidad and Tobago,2009,0,0,0
13666,tto,Trinidad and Tobago,2010,0,0,0
13667,tto,Trinidad and Tobago,2011,0,0,0
13668,tto,Trinidad and Tobago,2012,0,0,0
13669,tto,Trinidad and Tobago,2013,0,0,0
13670,tto,Trinidad and Tobago,2014,0,0,0
13671,tto,Trinidad and Tobago,2015,0,0,0
13672,tto,Trinidad and Tobago,2016,0,0,0
13673,tto,Trinidad and Tobago,2017,0,0,0
13674,tto,Trinidad and Tobago,2018,0,0,0
13675,tto,Trinidad and Tobago,2019,0,0,0
13676,tto,Trinidad and Tobago,2020,0,0,0
13677,tto,Trinidad and Tobago,2021,0,0,0
13678,tto,Trinidad and Tobago,2022,0,0,0
13679,tto,Trinidad and Tobago,2023,0,0,0
13680,tto,Trinidad and Tobago,2024,0,0,0
13681,tto,Trinidad and Tobago,2025,0,0,0
13682,tun,Tunisia,1957,13,13,0
13683,tun,Tunisia,1958,0,0,0
13684,tun,Tunisia,1959,0,0,0
13685,tun,Tunisia,1960,0,0,0
13686,tun,Tunisia,1961,0,0,0
13687,tun,Tunisia,1962,40,40,0
13688,tun,Tunisia,1963,0,0,0
13689,tun,Tunisia,1964,49,49,0
13690,tun,Tunisia,1965,0,0,0
13691,tun,Tunisia,1966,0,0,0
13692,tun,Tunisia,1967,0,0,0
13693,tun,Tunisia,1968,0,0,0
13694,tun,Tunisia,1969,540,540,0
13695,tun,Tunisia,1970,0,0,0
13696,tun,Tunisia,1971,0,0,0
13697,tun,Tunisia,1972,0,0,0
13698,tun,Tunisia,1973,111,111,0
13699,tun,Tunisia,1974,0,0,0
13700,tun,Tunisia,1975,0,0,0
13701,tun,Tunisia,1976,0,0,0
13702,tun,Tunisia,1977,0,0,0
13703,tun,Tunisia,1978,3,0,0
13704,tun,Tunisia,1979,0,0,0
13705,tun,Tunisia,1980,0,0,0
13706,tun,Tunisia,1981,0,0,0
13707,tun,Tunisia,1982,117,117,0
13708,tun,Tunisia,1983,0,0,0
13709,tun,Tunisia,1984,0,0,0
13710,tun,Tunisia,1985,0,0,0
13711,tun,Tunisia,1986,23,23,2500
13712,tun,Tunisia,1987,0,0,0
13713,tun,Tunisia,1988,8,0,0
13714,tun,Tunisia,1989,0,0,0
13715,tun,Tunisia,1990,57,37,0
13716,tun,Tunisia,1991,0,0,0
13717,tun,Tunisia,1992,0,0,0
13718,tun,Tunisia,1993,0,0,0
13719,tun,Tunisia,1994,21,0,0
13720,tun,Tunisia,1995,0,0,0
13721,tun,Tunisia,1996,0,0,0
13722,tun,Tunisia,1997,0,0,0
13723,tun,Tunisia,1998,0,0,0
13724,tun,Tunisia,1999,0,0,0
13725,tun,Tunisia,2000,0,0,0
13726,tun,Tunisia,2001,0,0,0
13727,tun,Tunisia,2002,0,0,0
13728,tun,Tunisia,2003,8,8,0
13729,tun,Tunisia,2004,0,0,0
13730,tun,Tunisia,2005,0,0,0
13731,tun,Tunisia,2006,0,0,0
13732,tun,Tunisia,2007,16,16,0
13733,tun,Tunisia,2008,0,0,0
13734,tun,Tunisia,2009,17,17,0
13735,tun,Tunisia,2010,0,0,0
13736,tun,Tunisia,2011,0,0,0
13737,tun,Tunisia,2012,0,0,0
13738,tun,Tunisia,2013,0,0,0
13739,tun,Tunisia,2014,0,0,0
13740,tun,Tunisia,2015,0,0,0
13741,tun,Tunisia,2016,0,0,0
13742,tun,Tunisia,2017,0,0,0
13743,tun,Tunisia,2018,6,6,0
13744,tun,Tunisia,2019,0,0,0
13745,tun,Tunisia,2020,6,6,0
13746,tun,Tunisia,2021,3,3,0
13747,tun,Tunisia,2022,1,1,0
13748,tun,Tunisia,2023,0,0,0
13749,tun,Tunisia,2024,0,0,0
13750,tun,Tunisia,2025,0,0,0
13751,tur,Turkey,1900,140,140,0
13752,tur,Turkey,1901,0,0,0
13753,tur,Turkey,1902,0,0,0
13754,tur,Turkey,1903,6260,6260,0
13755,tur,Turkey,1904,0,0,0
13756,tur,Turkey,1905,0,0,0
13757,tur,Turkey,1906,0,0,0
13758,tur,Turkey,1907,0,0,0
13759,tur,Turkey,1908,0,0,0
13760,tur,Turkey,1909,0,0,0
13761,tur,Turkey,1910,0,0,0
13762,tur,Turkey,1911,0,0,0
13763,tur,Turkey,1912,923,923,16620
13764,tur,Turkey,1913,0,0,0
13765,tur,Turkey,1914,4000,4000,51000
13766,tur,Turkey,1915,0,0,0
13767,tur,Turkey,1916,0,0,0
13768,tur,Turkey,1917,0,0,0
13769,tur,Turkey,1918,0,0,0
13770,tur,Turkey,1919,0,0,0
13771,tur,Turkey,1920,0,0,0
13772,tur,Turkey,1921,0,0,0
13773,tur,Turkey,1922,200,0,0
13774,tur,Turkey,1923,0,0,0
13775,tur,Turkey,1924,110,110,1140
13776,tur,Turkey,1925,203,203,6129
13777,tur,Turkey,1926,0,0,0
13778,tur,Turkey,1927,0,0,0
13779,tur,Turkey,1928,50,50,0
13780,tur,Turkey,1929,0,0,0
13781,tur,Turkey,1930,0,0,0
13782,tur,Turkey,1931,0,0,0
13783,tur,Turkey,1932,0,0,0
13784,tur,Turkey,1933,0,0,0
13785,tur,Turkey,1934,120,120,0
13786,tur,Turkey,1935,540,540,0
13787,tur,Turkey,1936,0,0,0
13788,tur,Turkey,1937,0,0,0
13789,tur,Turkey,1938,149,149,0
13790,tur,Turkey,1939,33035,33035,0
13791,tur,Turkey,1940,53,53,0
13792,tur,Turkey,1941,445,445,0
13793,tur,Turkey,1942,3033,3033,0
13794,tur,Turkey,1943,5140,5140,0
13795,tur,Turkey,1944,4007,4007,0
13796,tur,Turkey,1945,600,600,0
13797,tur,Turkey,1946,852,852,0
13798,tur,Turkey,1947,0,0,0
13799,tur,Turkey,1948,332,332,0
13800,tur,Turkey,1949,320,320,0
13801,tur,Turkey,1950,20,20,0
13802,tur,Turkey,1951,54,54,0
13803,tur,Turkey,1952,217,217,0
13804,tur,Turkey,1953,1237,1237,0
13805,tur,Turkey,1954,2000,0,0
13806,tur,Turkey,1955,0,0,0
13807,tur,Turkey,1956,138,138,0
13808,tur,Turkey,1957,152,152,0
13809,tur,Turkey,1958,0,0,0
13810,tur,Turkey,1959,0,0,0
13811,tur,Turkey,1960,0,0,0
13812,tur,Turkey,1961,0,0,0
13813,tur,Turkey,1962,0,0,0
13814,tur,Turkey,1963,95,0,0
13815,tur,Turkey,1964,42,23,0
13816,tur,Turkey,1965,461,0,0
13817,tur,Turkey,1966,2430,2430,0
13818,tur,Turkey,1967,390,280,87000
13819,tur,Turkey,1968,269,171,10000
13820,tur,Turkey,1969,53,53,0
13821,tur,Turkey,1970,1086,1086,0
13822,tur,Turkey,1971,935,935,27465
13823,tur,Turkey,1972,30,30,0
13824,tur,Turkey,1973,0,0,0
13825,tur,Turkey,1974,33,33,0
13826,tur,Turkey,1975,2385,2385,0
13827,tur,Turkey,1976,3913,3913,60000
13828,tur,Turkey,1977,30,30,0
13829,tur,Turkey,1978,32,0,2500
13830,tur,Turkey,1979,136,0,1003
13831,tur,Turkey,1980,212,115,0
13832,tur,Turkey,1981,36,10,0
13833,tur,Turkey,1982,0,0,0
13834,tur,Turkey,1983,1486,1346,33000
13835,tur,Turkey,1984,6,6,0
13836,tur,Turkey,1985,59,13,0
13837,tur,Turkey,1986,63,15,250
13838,tur,Turkey,1987,41,30,0
13839,tur,Turkey,1988,105,77,685
13840,tur,Turkey,1989,29,0,0
13841,tur,Turkey,1990,188,69,0
13842,tur,Turkey,1991,167,43,0
13843,tur,Turkey,1992,1292,914,95000
13844,tur,Turkey,1993,266,135,0
13845,tur,Turkey,1994,244,30,0
13846,tur,Turkey,1995,293,231,48500
13847,tur,Turkey,1996,46,0,9000
13848,tur,Turkey,1997,111,0,0
13849,tur,Turkey,1998,330,239,128100
13850,tur,Turkey,1999,18021,17982,655000
13851,tur,Turkey,2000,16,16,350
13852,tur,Turkey,2001,50,50,0
13853,tur,Turkey,2002,86,86,30000
13854,tur,Turkey,2003,177,177,45000
13855,tur,Turkey,2004,79,79,50000
13856,tur,Turkey,2005,43,43,0
13857,tur,Turkey,2006,79,59,0
13858,tur,Turkey,2007,19,19,36
13859,tur,Turkey,2008,2,2,300
13860,tur,Turkey,2009,58,58,0
13861,tur,Turkey,2010,64,64,200
13862,tur,Turkey,2011,647,647,32075
13863,tur,Turkey,2012,13,13,0
13864,tur,Turkey,2013,0,0,0
13865,tur,Turkey,2014,0,0,0
13866,tur,Turkey,2015,8,8,1500
13867,tur,Turkey,2016,0,0,0
13868,tur,Turkey,2017,0,0,0
13869,tur,Turkey,2018,24,24,0
13870,tur,Turkey,2019,19,19,0
13871,tur,Turkey,2020,233,233,8000
13872,tur,Turkey,2021,82,82,0
13873,tur,Turkey,2022,5,5,0
13874,tur,Turkey,2023,53057,53057,90
13875,tur,Turkey,2024,10,10,69
13876,tur,Turkey,2025,30,30,1278
13877,tkm,Turkmenistan,1993,0,0,120
13878,tkm,Turkmenistan,1994,0,0,0
13879,tkm,Turkmenistan,1995,0,0,0
13880,tkm,Turkmenistan,1996,0,0,0
13881,tkm,Turkmenistan,1997,0,0,0
13882,tkm,Turkmenistan,1998,40,0,0
13883,tkm,Turkmenistan,1999,0,0,0
13884,tkm,Turkmenistan,2000,11,11,0
13885,tkm,Turkmenistan,2001,0,0,0
13886,tkm,Turkmenistan,2002,0,0,0
13887,tkm,Turkmenistan,2003,0,0,0
13888,tkm,Turkmenistan,2004,0,0,0
13889,tkm,Turkmenistan,2005,0,0,0
13890,tkm,Turkmenistan,2006,0,0,0
13891,tkm,Turkmenistan,2007,0,0,0
13892,tkm,Turkmenistan,2008,0,0,0
13893,tkm,Turkmenistan,2009,0,0,0
13894,tkm,Turkmenistan,2010,0,0,0
13895,tkm,Turkmenistan,2011,0,0,0
13896,tkm,Turkmenistan,2012,0,0,0
13897,tkm,Turkmenistan,2013,0,0,0
13898,tkm,Turkmenistan,2014,0,0,0
13899,tkm,Turkmenistan,2015,0,0,0
13900,tkm,Turkmenistan,2016,0,0,0
13901,tkm,Turkmenistan,2017,0,0,0
13902,tkm,Turkmenistan,2018,0,0,0
13903,tkm,Turkmenistan,2019,0,0,0
13904,tkm,Turkmenistan,2020,0,0,0
13905,tkm,Turkmenistan,2021,0,0,0
13906,tkm,Turkmenistan,2022,0,0,0
13907,tkm,Turkmenistan,2023,0,0,0
13908,tkm,Turkmenistan,2024,0,0,0
13909,tkm,Turkmenistan,2025,0,0,0
13910,tuv,Tuvalu,1972,6,6,0
13911,tuv,Tuvalu,1973,0,0,0
13912,tuv,Tuvalu,1974,0,0,0
13913,tuv,Tuvalu,1975,0,0,0
13914,tuv,Tuvalu,1976,0,0,0
13915,tuv,Tuvalu,1977,0,0,0
13916,tuv,Tuvalu,1978,0,0,0
13917,tuv,Tuvalu,1979,0,0,0
13918,tuv,Tuvalu,1980,0,0,0
13919,tuv,Tuvalu,1981,0,0,0
13920,tuv,Tuvalu,1982,0,0,0
13921,tuv,Tuvalu,1983,0,0,0
13922,tuv,Tuvalu,1984,0,0,0
13923,tuv,Tuvalu,1985,0,0,0
13924,tuv,Tuvalu,1986,0,0,0
13925,tuv,Tuvalu,1987,0,0,0
13926,tuv,Tuvalu,1988,0,0,0
13927,tuv,Tuvalu,1989,0,0,0
13928,tuv,Tuvalu,1990,0,0,400
13929,tuv,Tuvalu,1991,0,0,0
13930,tuv,Tuvalu,1992,0,0,0
13931,tuv,Tuvalu,1993,0,0,150
13932,tuv,Tuvalu,1994,0,0,0
13933,tuv,Tuvalu,1995,0,0,0
13934,tuv,Tuvalu,1996,0,0,0
13935,tuv,Tuvalu,1997,0,0,0
13936,tuv,Tuvalu,1998,0,0,0
13937,tuv,Tuvalu,1999,0,0,0
13938,tuv,Tuvalu,2000,0,0,0
13939,tuv,Tuvalu,2001,0,0,0
13940,tuv,Tuvalu,2002,0,0,0
13941,tuv,Tuvalu,2003,0,0,0
13942,tuv,Tuvalu,2004,0,0,0
13943,tuv,Tuvalu,2005,0,0,0
13944,tuv,Tuvalu,2006,0,0,0
13945,tuv,Tuvalu,2007,0,0,0
13946,tuv,Tuvalu,2008,0,0,0
13947,tuv,Tuvalu,2009,0,0,0
13948,tuv,Tuvalu,2010,0,0,0
13949,tuv,Tuvalu,2011,0,0,0
13950,tuv,Tuvalu,2012,0,0,0
13951,tuv,Tuvalu,2013,0,0,0
13952,tuv,Tuvalu,2014,0,0,0
13953,tuv,Tuvalu,2015,0,0,0
13954,tuv,Tuvalu,2016,0,0,0
13955,tuv,Tuvalu,2017,0,0,0
13956,tuv,Tuvalu,2018,0,0,0
13957,tuv,Tuvalu,2019,0,0,0
13958,tuv,Tuvalu,2020,0,0,0
13959,tuv,Tuvalu,2021,0,0,0
13960,tuv,Tuvalu,2022,0,0,0
13961,tuv,Tuvalu,2023,0,0,0
13962,tuv,Tuvalu,2024,0,0,0
13963,tuv,Tuvalu,2025,0,0,0
13964,uga,Uganda,1901,200000,0,0
13965,uga,Uganda,1902,0,0,0
13966,uga,Uganda,1903,0,0,0
13967,uga,Uganda,1904,0,0,0
13968,uga,Uganda,1905,0,0,0
13969,uga,Uganda,1906,0,0,0
13970,uga,Uganda,1907,0,0,0
13971,uga,Uganda,1908,0,0,0
13972,uga,Uganda,1909,0,0,0
13973,uga,Uganda,1910,0,0,0
13974,uga,Uganda,1911,0,0,0
13975,uga,Uganda,1912,0,0,0
13976,uga,Uganda,1913,0,0,0
13977,uga,Uganda,1914,0,0,0
13978,uga,Uganda,1915,0,0,0
13979,uga,Uganda,1916,0,0,0
13980,uga,Uganda,1917,0,0,0
13981,uga,Uganda,1918,0,0,0
13982,uga,Uganda,1919,0,0,0
13983,uga,Uganda,1920,0,0,0
13984,uga,Uganda,1921,0,0,0
13985,uga,Uganda,1922,0,0,0
13986,uga,Uganda,1923,0,0,0
13987,uga,Uganda,1924,0,0,0
13988,uga,Uganda,1925,0,0,0
13989,uga,Uganda,1926,0,0,0
13990,uga,Uganda,1927,0,0,0
13991,uga,Uganda,1928,0,0,0
13992,uga,Uganda,1929,0,0,0
13993,uga,Uganda,1930,0,0,0
13994,uga,Uganda,1931,0,0,0
13995,uga,Uganda,1932,0,0,0
13996,uga,Uganda,1933,0,0,0
13997,uga,Uganda,1934,0,0,0
13998,uga,Uganda,1935,2000,0,0
13999,uga,Uganda,1936,0,0,0
14000,uga,Uganda,1937,0,0,0
14001,uga,Uganda,1938,0,0,0
14002,uga,Uganda,1939,0,0,0
14003,uga,Uganda,1940,0,0,0
14004,uga,Uganda,1941,0,0,0
14005,uga,Uganda,1942,0,0,0
14006,uga,Uganda,1943,0,0,0
14007,uga,Uganda,1944,0,0,0
14008,uga,Uganda,1945,0,0,0
14009,uga,Uganda,1946,0,0,0
14010,uga,Uganda,1947,0,0,0
14011,uga,Uganda,1948,0,0,0
14012,uga,Uganda,1949,0,0,0
14013,uga,Uganda,1950,0,0,0
14014,uga,Uganda,1951,0,0,0
14015,uga,Uganda,1952,0,0,0
14016,uga,Uganda,1953,0,0,0
14017,uga,Uganda,1954,0,0,0
14018,uga,Uganda,1955,0,0,0
14019,uga,Uganda,1956,0,0,0
14020,uga,Uganda,1957,0,0,0
14021,uga,Uganda,1958,0,0,0
14022,uga,Uganda,1959,0,0,0
14023,uga,Uganda,1960,0,0,0
14024,uga,Uganda,1961,0,0,0
14025,uga,Uganda,1962,0,0,0
14026,uga,Uganda,1963,0,0,0
14027,uga,Uganda,1964,0,0,0
14028,uga,Uganda,1965,0,0,0
14029,uga,Uganda,1966,104,104,0
14030,uga,Uganda,1967,0,0,0
14031,uga,Uganda,1968,0,0,0
14032,uga,Uganda,1969,0,0,0
14033,uga,Uganda,1970,0,0,0
14034,uga,Uganda,1971,0,0,0
14035,uga,Uganda,1972,0,0,0
14036,uga,Uganda,1973,0,0,0
14037,uga,Uganda,1974,0,0,0
14038,uga,Uganda,1975,0,0,0
14039,uga,Uganda,1976,0,0,0
14040,uga,Uganda,1977,0,0,0
14041,uga,Uganda,1978,0,0,0
14042,uga,Uganda,1979,0,0,0
14043,uga,Uganda,1980,0,0,0
14044,uga,Uganda,1981,0,0,0
14045,uga,Uganda,1982,3,0,0
14046,uga,Uganda,1983,0,0,0
14047,uga,Uganda,1984,0,0,0
14048,uga,Uganda,1985,0,0,0
14049,uga,Uganda,1986,27,0,0
14050,uga,Uganda,1987,171,0,0
14051,uga,Uganda,1988,0,0,0
14052,uga,Uganda,1989,156,0,0
14053,uga,Uganda,1990,220,0,0
14054,uga,Uganda,1991,100,0,0
14055,uga,Uganda,1992,124,0,0
14056,uga,Uganda,1993,30,0,0
14057,uga,Uganda,1994,91,7,0
14058,uga,Uganda,1995,0,0,0
14059,uga,Uganda,1996,70,0,0
14060,uga,Uganda,1997,120,120,3500
14061,uga,Uganda,1998,30,0,2200
14062,uga,Uganda,1999,302,115,0
14063,uga,Uganda,2000,259,0,10000
14064,uga,Uganda,2001,26,12,300
14065,uga,Uganda,2002,96,96,200
14066,uga,Uganda,2003,60,25,1500
14067,uga,Uganda,2004,3,0,20000
14068,uga,Uganda,2005,21,0,0
14069,uga,Uganda,2006,206,3,0
14070,uga,Uganda,2007,165,33,282975
14071,uga,Uganda,2008,77,49,0
14072,uga,Uganda,2009,17,0,0
14073,uga,Uganda,2010,436,388,0
14074,uga,Uganda,2011,50,50,0
14075,uga,Uganda,2012,174,18,3368
14076,uga,Uganda,2013,41,13,0
14077,uga,Uganda,2014,0,0,0
14078,uga,Uganda,2015,0,0,0
14079,uga,Uganda,2016,19,19,1590
14080,uga,Uganda,2017,17,17,0
14081,uga,Uganda,2018,82,51,0
14082,uga,Uganda,2019,215,215,0
14083,uga,Uganda,2020,35,35,0
14084,uga,Uganda,2021,5,5,597
14085,uga,Uganda,2022,2596,2541,130
14086,uga,Uganda,2023,23,23,0
14087,uga,Uganda,2024,266,266,0
14088,uga,Uganda,2025,45,45,0
14089,ukr,Ukraine,1991,32,0,0
14090,ukr,Ukraine,1992,57,0,0
14091,ukr,Ukraine,1993,9,9,0
14092,ukr,Ukraine,1994,122,0,0
14093,ukr,Ukraine,1995,204,0,0
14094,ukr,Ukraine,1996,30,0,0
14095,ukr,Ukraine,1997,27,11,0
14096,ukr,Ukraine,1998,109,18,24340
14097,ukr,Ukraine,1999,49,0,0
14098,ukr,Ukraine,2000,10,10,0
14099,ukr,Ukraine,2001,9,9,0
14100,ukr,Ukraine,2002,0,0,0
14101,ukr,Ukraine,2003,0,0,0
14102,ukr,Ukraine,2004,0,0,0
14103,ukr,Ukraine,2005,0,0,0
14104,ukr,Ukraine,2006,803,803,0
14105,ukr,Ukraine,2007,0,0,1267
14106,ukr,Ukraine,2008,38,38,0
14107,ukr,Ukraine,2009,32,32,0
14108,ukr,Ukraine,2010,6,6,0
14109,ukr,Ukraine,2011,0,0,0
14110,ukr,Ukraine,2012,195,195,0
14111,ukr,Ukraine,2013,2,2,1995
14112,ukr,Ukraine,2014,0,0,0
14113,ukr,Ukraine,2015,0,0,0
14114,ukr,Ukraine,2016,40,40,0
14115,ukr,Ukraine,2017,37,37,0
14116,ukr,Ukraine,2018,0,0,0
14117,ukr,Ukraine,2019,0,0,0
14118,ukr,Ukraine,2020,19,19,0
14119,ukr,Ukraine,2021,1,1,0
14120,ukr,Ukraine,2022,0,0,0
14121,ukr,Ukraine,2023,12,12,0
14122,ukr,Ukraine,2024,0,0,0
14123,ukr,Ukraine,2025,9,9,0
14124,are,United Arab Emirates,2017,0,0,0
14125,are,United Arab Emirates,2018,0,0,0
14126,are,United Arab Emirates,2019,0,0,0
14127,are,United Arab Emirates,2020,0,0,0
14128,are,United Arab Emirates,2021,0,0,0
14129,are,United Arab Emirates,2022,0,0,0
14130,are,United Arab Emirates,2023,0,0,0
14131,are,United Arab Emirates,2024,4,4,0
14132,are,United Arab Emirates,2025,0,0,0
14133,gbr,United Kingdom,1906,24,0,0
14134,gbr,United Kingdom,1907,0,0,0
14135,gbr,United Kingdom,1908,0,0,0
14136,gbr,United Kingdom,1909,0,0,0
14137,gbr,United Kingdom,1910,0,0,0
14138,gbr,United Kingdom,1911,0,0,0
14139,gbr,United Kingdom,1912,1500,0,0
14140,gbr,United Kingdom,1913,439,0,0
14141,gbr,United Kingdom,1914,0,0,0
14142,gbr,United Kingdom,1915,227,0,0
14143,gbr,United Kingdom,1916,42,0,0
14144,gbr,United Kingdom,1917,0,0,0
14145,gbr,United Kingdom,1918,0,0,0
14146,gbr,United Kingdom,1919,0,0,0
14147,gbr,United Kingdom,1920,0,0,0
14148,gbr,United Kingdom,1921,44,0,0
14149,gbr,United Kingdom,1922,0,0,0
14150,gbr,United Kingdom,1923,0,0,0
14151,gbr,United Kingdom,1924,0,0,0
14152,gbr,United Kingdom,1925,0,0,0
14153,gbr,United Kingdom,1926,0,0,0
14154,gbr,United Kingdom,1927,0,0,0
14155,gbr,United Kingdom,1928,0,0,0
14156,gbr,United Kingdom,1929,0,0,0
14157,gbr,United Kingdom,1930,0,0,0
14158,gbr,United Kingdom,1931,0,0,0
14159,gbr,United Kingdom,1932,0,0,0
14160,gbr,United Kingdom,1933,73,0,0
14161,gbr,United Kingdom,1934,0,0,0
14162,gbr,United Kingdom,1935,11,0,0
14163,gbr,United Kingdom,1936,26,0,0
14164,gbr,United Kingdom,1937,0,0,0
14165,gbr,United Kingdom,1938,14,0,0
14166,gbr,United Kingdom,1939,10,0,0
14167,gbr,United Kingdom,1940,0,0,0
14168,gbr,United Kingdom,1941,54,0,0
14169,gbr,United Kingdom,1942,14,0,0
14170,gbr,United Kingdom,1943,0,0,0
14171,gbr,United Kingdom,1944,91,0,0
14172,gbr,United Kingdom,1945,0,0,0
14173,gbr,United Kingdom,1946,33,0,0
14174,gbr,United Kingdom,1947,32,0,0
14175,gbr,United Kingdom,1948,19,0,0
14176,gbr,United Kingdom,1949,0,0,0
14177,gbr,United Kingdom,1950,0,0,0
14178,gbr,United Kingdom,1951,24,0,0
14179,gbr,United Kingdom,1952,4156,4034,0
14180,gbr,United Kingdom,1953,0,0,0
14181,gbr,United Kingdom,1954,0,0,0
14182,gbr,United Kingdom,1955,140,0,0
14183,gbr,United Kingdom,1956,0,0,0
14184,gbr,United Kingdom,1957,90,0,0
14185,gbr,United Kingdom,1958,10,0,0
14186,gbr,United Kingdom,1959,0,0,0
14187,gbr,United Kingdom,1960,0,0,0
14188,gbr,United Kingdom,1961,0,0,0
14189,gbr,United Kingdom,1962,18,0,0
14190,gbr,United Kingdom,1963,0,0,0
14191,gbr,United Kingdom,1964,0,0,0
14192,gbr,United Kingdom,1965,0,0,0
14193,gbr,United Kingdom,1966,140,140,0
14194,gbr,United Kingdom,1967,50,0,0
14195,gbr,United Kingdom,1968,53,20,0
14196,gbr,United Kingdom,1969,0,0,0
14197,gbr,United Kingdom,1970,0,0,0
14198,gbr,United Kingdom,1971,95,0,0
14199,gbr,United Kingdom,1972,149,0,0
14200,gbr,United Kingdom,1973,58,0,0
14201,gbr,United Kingdom,1974,29,0,0
14202,gbr,United Kingdom,1975,76,0,0
14203,gbr,United Kingdom,1976,0,0,0
14204,gbr,United Kingdom,1977,6,6,0
14205,gbr,United Kingdom,1978,12,0,0
14206,gbr,United Kingdom,1979,0,0,0
14207,gbr,United Kingdom,1980,18,0,0
14208,gbr,United Kingdom,1981,12,12,0
14209,gbr,United Kingdom,1982,0,0,0
14210,gbr,United Kingdom,1983,5,5,0
14211,gbr,United Kingdom,1984,74,22,0
14212,gbr,United Kingdom,1985,248,0,0
14213,gbr,United Kingdom,1986,58,0,0
14214,gbr,United Kingdom,1987,63,20,0
14215,gbr,United Kingdom,1988,230,0,0
14216,gbr,United Kingdom,1989,215,13,0
14217,gbr,United Kingdom,1990,83,83,0
14218,gbr,United Kingdom,1991,61,48,1400
14219,gbr,United Kingdom,1992,11,0,0
14220,gbr,United Kingdom,1993,4,4,0
14221,gbr,United Kingdom,1994,100,7,0
14222,gbr,United Kingdom,1995,31,9,0
14223,gbr,United Kingdom,1996,5,5,1
14224,gbr,United Kingdom,1997,46,15,0
14225,gbr,United Kingdom,1998,40,40,0
14226,gbr,United Kingdom,1999,42,11,0
14227,gbr,United Kingdom,2000,19,19,0
14228,gbr,United Kingdom,2001,11,0,0
14229,gbr,United Kingdom,2002,15,15,0
14230,gbr,United Kingdom,2003,301,301,0
14231,gbr,United Kingdom,2004,0,0,0
14232,gbr,United Kingdom,2005,13,13,0
14233,gbr,United Kingdom,2006,0,0,0
14234,gbr,United Kingdom,2007,26,26,30000
14235,gbr,United Kingdom,2008,8,8,0
14236,gbr,United Kingdom,2009,8,8,0
14237,gbr,United Kingdom,2010,1,1,0
14238,gbr,United Kingdom,2011,1,1,0
14239,gbr,United Kingdom,2012,8,8,0
14240,gbr,United Kingdom,2013,773,773,0
14241,gbr,United Kingdom,2014,7,7,0
14242,gbr,United Kingdom,2015,3,3,0
14243,gbr,United Kingdom,2016,0,0,0
14244,gbr,United Kingdom,2017,0,0,0
14245,gbr,United Kingdom,2018,822,822,0
14246,gbr,United Kingdom,2019,167,167,0
14247,gbr,United Kingdom,2020,2560,2560,0
14248,gbr,United Kingdom,2021,1,1,0
14249,gbr,United Kingdom,2022,3475,3475,0
14250,gbr,United Kingdom,2023,1851,1851,0
14251,gbr,United Kingdom,2024,578,578,0
14252,gbr,United Kingdom,2025,1687,1687,0
14253,usa,United States,1900,6300,6000,0
14254,usa,United States,1901,0,0,0
14255,usa,United States,1902,115,0,0
14256,usa,United States,1903,950,348,0
14257,usa,United States,1904,1096,0,0
14258,usa,United States,1905,0,0,0
14259,usa,United States,1906,2186,998,84564
14260,usa,United States,1907,0,0,0
14261,usa,United States,1908,352,0,0
14262,usa,United States,1909,463,463,0
14263,usa,United States,1910,30,30,0
14264,usa,United States,1911,225,0,0
14265,usa,United States,1912,0,0,0
14266,usa,United States,1913,732,732,0
14267,usa,United States,1914,0,0,0
14268,usa,United States,1915,1343,531,0
14269,usa,United States,1916,30,0,0
14270,usa,United States,1917,0,0,0
14271,usa,United States,1918,1270,1034,0
14272,usa,United States,1919,500,500,0
14273,usa,United States,1920,224,224,0
14274,usa,United States,1921,0,0,0
14275,usa,United States,1922,34,0,0
14276,usa,United States,1923,0,0,0
14277,usa,United States,1924,0,0,0
14278,usa,United States,1925,779,765,0
14279,usa,United States,1926,268,268,0
14280,usa,United States,1927,333,333,0
14281,usa,United States,1928,2236,1836,0
14282,usa,United States,1929,14,0,0
14283,usa,United States,1930,333,0,0
14284,usa,United States,1931,0,0,0
14285,usa,United States,1932,372,372,0
14286,usa,United States,1933,166,156,0
14287,usa,United States,1934,137,0,0
14288,usa,United States,1935,418,408,0
14289,usa,United States,1936,1904,1848,0
14290,usa,United States,1937,180,137,0
14291,usa,United States,1938,841,800,0
14292,usa,United States,1939,13,0,0
14293,usa,United States,1940,311,59,0
14294,usa,United States,1941,134,0,0
14295,usa,United States,1942,592,0,0
14296,usa,United States,1943,176,0,0
14297,usa,United States,1944,750,511,0
14298,usa,United States,1945,196,196,0
14299,usa,United States,1946,456,198,0
14300,usa,United States,1947,869,308,0
14301,usa,United States,1948,97,97,0
14302,usa,United States,1949,95,95,0
14303,usa,United States,1950,415,305,0
14304,usa,United States,1951,205,110,0
14305,usa,United States,1952,293,293,270
14306,usa,United States,1953,489,468,0
14307,usa,United States,1954,326,223,0
14308,usa,United States,1955,546,546,0
14309,usa,United States,1956,325,243,0
14310,usa,United States,1957,541,469,0
14311,usa,United States,1958,232,139,0
14312,usa,United States,1959,99,99,0
14313,usa,United States,1960,111,111,0
14314,usa,United States,1961,162,146,0
14315,usa,United States,1962,158,158,0
14316,usa,United States,1963,442,379,0
14317,usa,United States,1964,450,423,0
14318,usa,United States,1965,577,577,0
14319,usa,United States,1966,552,552,0
14320,usa,United States,1967,275,275,0
14321,usa,United States,1968,159,159,0
14322,usa,United States,1969,830,830,0
14323,usa,United States,1970,134,37,0
14324,usa,United States,1971,248,223,0
14325,usa,United States,1972,1315,903,0
14326,usa,United States,1973,214,128,0
14327,usa,United States,1974,386,352,0
14328,usa,United States,1975,246,102,0
14329,usa,United States,1976,432,139,0
14330,usa,United States,1977,552,231,0
14331,usa,United States,1978,599,242,0
14332,usa,United States,1979,214,186,0
14333,usa,United States,1980,1482,1398,8900
14334,usa,United States,1981,86,60,0
14335,usa,United States,1982,667,514,15500
14336,usa,United States,1983,332,332,6000
14337,usa,United States,1984,545,545,5500
14338,usa,United States,1985,387,375,20000
14339,usa,United States,1986,200,62,0
14340,usa,United States,1987,535,239,0
14341,usa,United States,1988,85,27,0
14342,usa,United States,1989,603,259,25015
14343,usa,United States,1990,430,211,0
14344,usa,United States,1991,302,132,300
14345,usa,United States,1992,157,98,250540
14346,usa,United States,1993,714,442,300
14347,usa,United States,1994,546,275,21330
14348,usa,United States,1995,920,879,2000
14349,usa,United States,1996,764,360,0
14350,usa,United States,1997,345,252,400
14351,usa,United States,1998,366,366,6644
14352,usa,United States,1999,844,485,7209
14353,usa,United States,2000,162,162,6374
14354,usa,United States,2001,153,153,75898
14355,usa,United States,2002,450,236,3709
14356,usa,United States,2003,231,231,16101
14357,usa,United States,2004,219,219,1035
14358,usa,United States,2005,1973,1973,1542
14359,usa,United States,2006,338,338,567
14360,usa,United States,2007,352,352,1127
14361,usa,United States,2008,303,303,300
14362,usa,United States,2009,145,145,1326
14363,usa,United States,2010,138,138,0
14364,usa,United States,2011,803,803,32100
14365,usa,United States,2012,422,422,1305
14366,usa,United States,2013,212,212,8247
14367,usa,United States,2014,205,205,180
14368,usa,United States,2015,328,328,12756
14369,usa,United States,2016,269,269,8375
14370,usa,United States,2017,338,338,109120
14371,usa,United States,2018,290,290,3237
14372,usa,United States,2019,152,152,444
14373,usa,United States,2020,253,253,0
14374,usa,United States,2021,786,786,2514
14375,usa,United States,2022,508,508,663
14376,usa,United States,2023,540,540,1791
14377,usa,United States,2024,1464,1464,1944
14378,usa,United States,2025,463,463,996
14379,ury,Uruguay,1967,8,8,0
14380,ury,Uruguay,1968,0,0,0
14381,ury,Uruguay,1969,0,0,0
14382,ury,Uruguay,1970,0,0,0
14383,ury,Uruguay,1971,8,0,0
14384,ury,Uruguay,1972,0,0,0
14385,ury,Uruguay,1973,0,0,0
14386,ury,Uruguay,1974,0,0,0
14387,ury,Uruguay,1975,0,0,0
14388,ury,Uruguay,1976,0,0,0
14389,ury,Uruguay,1977,0,0,0
14390,ury,Uruguay,1978,0,0,0
14391,ury,Uruguay,1979,0,0,0
14392,ury,Uruguay,1980,0,0,0
14393,ury,Uruguay,1981,0,0,0
14394,ury,Uruguay,1982,0,0,0
14395,ury,Uruguay,1983,0,0,0
14396,ury,Uruguay,1984,0,0,0
14397,ury,Uruguay,1985,0,0,0
14398,ury,Uruguay,1986,0,0,2500
14399,ury,Uruguay,1987,0,0,0
14400,ury,Uruguay,1988,0,0,0
14401,ury,Uruguay,1989,0,0,0
14402,ury,Uruguay,1990,0,0,0
14403,ury,Uruguay,1991,0,0,0
14404,ury,Uruguay,1992,20,0,0
14405,ury,Uruguay,1993,0,0,0
14406,ury,Uruguay,1994,0,0,0
14407,ury,Uruguay,1995,0,0,0
14408,ury,Uruguay,1996,0,0,0
14409,ury,Uruguay,1997,75,1,500
14410,ury,Uruguay,1998,1,1,0
14411,ury,Uruguay,1999,14,1,1000
14412,ury,Uruguay,2000,7,7,100
14413,ury,Uruguay,2001,0,0,0
14414,ury,Uruguay,2002,2,2,2700
14415,ury,Uruguay,2003,0,0,0
14416,ury,Uruguay,2004,0,0,0
14417,ury,Uruguay,2005,7,7,0
14418,ury,Uruguay,2006,0,0,0
14419,ury,Uruguay,2007,2,2,10000
14420,ury,Uruguay,2008,0,0,0
14421,ury,Uruguay,2009,1,1,0
14422,ury,Uruguay,2010,4,4,0
14423,ury,Uruguay,2011,0,0,0
14424,ury,Uruguay,2012,0,0,0
14425,ury,Uruguay,2013,0,0,0
14426,ury,Uruguay,2014,0,0,0
14427,ury,Uruguay,2015,2,2,0
14428,ury,Uruguay,2016,8,8,0
14429,ury,Uruguay,2017,0,0,0
14430,ury,Uruguay,2018,0,0,0
14431,ury,Uruguay,2019,0,0,0
14432,ury,Uruguay,2020,0,0,0
14433,ury,Uruguay,2021,0,0,0
14434,ury,Uruguay,2022,0,0,0
14435,ury,Uruguay,2023,2,2,0
14436,ury,Uruguay,2024,0,0,0
14437,ury,Uruguay,2025,7,7,0
14438,uzb,Uzbekistan,1992,10,10,400
14439,uzb,Uzbekistan,1993,0,0,0
14440,uzb,Uzbekistan,1994,0,0,0
14441,uzb,Uzbekistan,1995,0,0,0
14442,uzb,Uzbekistan,1996,0,0,0
14443,uzb,Uzbekistan,1997,0,0,0
14444,uzb,Uzbekistan,1998,135,0,3500
14445,uzb,Uzbekistan,1999,36,24,60
14446,uzb,Uzbekistan,2000,0,0,0
14447,uzb,Uzbekistan,2001,0,0,0
14448,uzb,Uzbekistan,2002,0,0,0
14449,uzb,Uzbekistan,2003,0,0,0
14450,uzb,Uzbekistan,2004,0,0,0
14451,uzb,Uzbekistan,2005,0,0,0
14452,uzb,Uzbekistan,2006,0,0,0
14453,uzb,Uzbekistan,2007,0,0,0
14454,uzb,Uzbekistan,2008,0,0,0
14455,uzb,Uzbekistan,2009,0,0,0
14456,uzb,Uzbekistan,2010,0,0,0
14457,uzb,Uzbekistan,2011,13,13,0
14458,uzb,Uzbekistan,2012,0,0,0
14459,uzb,Uzbekistan,2013,0,0,0
14460,uzb,Uzbekistan,2014,0,0,0
14461,uzb,Uzbekistan,2015,0,0,0
14462,uzb,Uzbekistan,2016,0,0,0
14463,uzb,Uzbekistan,2017,0,0,0
14464,uzb,Uzbekistan,2018,0,0,0
14465,uzb,Uzbekistan,2019,0,0,0
14466,uzb,Uzbekistan,2020,4,4,0
14467,uzb,Uzbekistan,2021,8,8,0
14468,uzb,Uzbekistan,2022,5,5,0
14469,uzb,Uzbekistan,2023,0,0,0
14470,uzb,Uzbekistan,2024,0,0,0
14471,uzb,Uzbekistan,2025,0,0,0
14472,vut,Vanuatu,1940,0,0,0
14473,vut,Vanuatu,1941,0,0,0
14474,vut,Vanuatu,1942,0,0,0
14475,vut,Vanuatu,1943,0,0,0
14476,vut,Vanuatu,1944,0,0,0
14477,vut,Vanuatu,1945,0,0,0
14478,vut,Vanuatu,1946,0,0,0
14479,vut,Vanuatu,1947,0,0,0
14480,vut,Vanuatu,1948,0,0,0
14481,vut,Vanuatu,1949,0,0,0
14482,vut,Vanuatu,1950,0,0,0
14483,vut,Vanuatu,1951,100,100,0
14484,vut,Vanuatu,1952,0,0,0
14485,vut,Vanuatu,1953,0,0,0
14486,vut,Vanuatu,1954,0,0,0
14487,vut,Vanuatu,1955,0,0,0
14488,vut,Vanuatu,1956,0,0,0
14489,vut,Vanuatu,1957,0,0,0
14490,vut,Vanuatu,1958,0,0,0
14491,vut,Vanuatu,1959,0,0,0
14492,vut,Vanuatu,1960,0,0,0
14493,vut,Vanuatu,1961,0,0,0
14494,vut,Vanuatu,1962,0,0,0
14495,vut,Vanuatu,1963,0,0,0
14496,vut,Vanuatu,1964,0,0,0
14497,vut,Vanuatu,1965,0,0,0
14498,vut,Vanuatu,1966,0,0,0
14499,vut,Vanuatu,1967,0,0,0
14500,vut,Vanuatu,1968,0,0,0
14501,vut,Vanuatu,1969,0,0,0
14502,vut,Vanuatu,1970,0,0,0
14503,vut,Vanuatu,1971,0,0,0
14504,vut,Vanuatu,1972,4,4,0
14505,vut,Vanuatu,1973,0,0,0
14506,vut,Vanuatu,1974,0,0,0
14507,vut,Vanuatu,1975,0,0,0
14508,vut,Vanuatu,1976,0,0,0
14509,vut,Vanuatu,1977,0,0,0
14510,vut,Vanuatu,1978,0,0,0
14511,vut,Vanuatu,1979,0,0,0
14512,vut,Vanuatu,1980,0,0,0
14513,vut,Vanuatu,1981,0,0,0
14514,vut,Vanuatu,1982,0,0,0
14515,vut,Vanuatu,1983,0,0,0
14516,vut,Vanuatu,1984,0,0,0
14517,vut,Vanuatu,1985,9,9,0
14518,vut,Vanuatu,1986,0,0,0
14519,vut,Vanuatu,1987,48,48,0
14520,vut,Vanuatu,1988,1,1,6600
14521,vut,Vanuatu,1989,12,0,0
14522,vut,Vanuatu,1990,0,0,0
14523,vut,Vanuatu,1991,0,0,0
14524,vut,Vanuatu,1992,2,2,0
14525,vut,Vanuatu,1993,4,4,7000
14526,vut,Vanuatu,1994,0,0,0
14527,vut,Vanuatu,1995,0,0,0
14528,vut,Vanuatu,1996,0,0,0
14529,vut,Vanuatu,1997,0,0,0
14530,vut,Vanuatu,1998,0,0,0
14531,vut,Vanuatu,1999,44,44,2000
14532,vut,Vanuatu,2000,0,0,0
14533,vut,Vanuatu,2001,2,2,295
14534,vut,Vanuatu,2002,0,0,0
14535,vut,Vanuatu,2003,0,0,0
14536,vut,Vanuatu,2004,2,2,0
14537,vut,Vanuatu,2005,0,0,0
14538,vut,Vanuatu,2006,0,0,0
14539,vut,Vanuatu,2007,0,0,0
14540,vut,Vanuatu,2008,0,0,0
14541,vut,Vanuatu,2009,0,0,0
14542,vut,Vanuatu,2010,0,0,0
14543,vut,Vanuatu,2011,0,0,0
14544,vut,Vanuatu,2012,0,0,0
14545,vut,Vanuatu,2013,0,0,0
14546,vut,Vanuatu,2014,12,12,0
14547,vut,Vanuatu,2015,11,11,0
14548,vut,Vanuatu,2016,0,0,0
14549,vut,Vanuatu,2017,0,0,0
14550,vut,Vanuatu,2018,0,0,0
14551,vut,Vanuatu,2019,0,0,0
14552,vut,Vanuatu,2020,3,3,0
14553,vut,Vanuatu,2021,0,0,0
14554,vut,Vanuatu,2022,0,0,0
14555,vut,Vanuatu,2023,0,0,0
14556,vut,Vanuatu,2024,14,14,0
14557,vut,Vanuatu,2025,0,0,0
14558,ven,Venezuela,1939,500,0,0
14559,ven,Venezuela,1940,0,0,0
14560,ven,Venezuela,1941,0,0,0
14561,ven,Venezuela,1942,0,0,0
14562,ven,Venezuela,1943,0,0,0
14563,ven,Venezuela,1944,0,0,0
14564,ven,Venezuela,1945,0,0,0
14565,ven,Venezuela,1946,0,0,0
14566,ven,Venezuela,1947,0,0,0
14567,ven,Venezuela,1948,0,0,0
14568,ven,Venezuela,1949,0,0,0
14569,ven,Venezuela,1950,100,100,0
14570,ven,Venezuela,1951,0,0,0
14571,ven,Venezuela,1952,0,0,0
14572,ven,Venezuela,1953,0,0,0
14573,ven,Venezuela,1954,0,0,0
14574,ven,Venezuela,1955,0,0,0
14575,ven,Venezuela,1956,22,0,0
14576,ven,Venezuela,1957,0,0,0
14577,ven,Venezuela,1958,0,0,0
14578,ven,Venezuela,1959,0,0,0
14579,ven,Venezuela,1960,0,0,0
14580,ven,Venezuela,1961,0,0,0
14581,ven,Venezuela,1962,30,30,0
14582,ven,Venezuela,1963,0,0,0
14583,ven,Venezuela,1964,0,0,0
14584,ven,Venezuela,1965,0,0,0
14585,ven,Venezuela,1966,0,0,0
14586,ven,Venezuela,1967,240,240,0
14587,ven,Venezuela,1968,0,0,0
14588,ven,Venezuela,1969,155,0,0
14589,ven,Venezuela,1970,0,0,0
14590,ven,Venezuela,1971,1,0,0
14591,ven,Venezuela,1972,0,0,0
14592,ven,Venezuela,1973,0,0,0
14593,ven,Venezuela,1974,0,0,0
14594,ven,Venezuela,1975,0,0,0
14595,ven,Venezuela,1976,0,0,0
14596,ven,Venezuela,1977,0,0,0
14597,ven,Venezuela,1978,0,0,0
14598,ven,Venezuela,1979,0,0,0
14599,ven,Venezuela,1980,0,0,0
14600,ven,Venezuela,1981,165,20,0
14601,ven,Venezuela,1982,150,0,0
14602,ven,Venezuela,1983,0,0,0
14603,ven,Venezuela,1984,0,0,0
14604,ven,Venezuela,1985,38,38,0
14605,ven,Venezuela,1986,3,3,800
14606,ven,Venezuela,1987,226,136,1700
14607,ven,Venezuela,1988,77,77,0
14608,ven,Venezuela,1989,37,0,2000
14609,ven,Venezuela,1990,99,0,0
14610,ven,Venezuela,1991,160,0,0
14611,ven,Venezuela,1992,67,0,0
14612,ven,Venezuela,1993,171,100,5500
14613,ven,Venezuela,1994,74,44,500
14614,ven,Venezuela,1995,0,0,0
14615,ven,Venezuela,1996,30,0,16500
14616,ven,Venezuela,1997,99,83,21500
14617,ven,Venezuela,1998,29,0,0
14618,ven,Venezuela,1999,30043,30005,122888
14619,ven,Venezuela,2000,15,15,0
14620,ven,Venezuela,2001,0,0,0
14621,ven,Venezuela,2002,4,4,0
14622,ven,Venezuela,2003,1,1,200
14623,ven,Venezuela,2004,40,40,4080
14624,ven,Venezuela,2005,97,97,1650
14625,ven,Venezuela,2006,0,0,40
14626,ven,Venezuela,2007,0,0,0
14627,ven,Venezuela,2008,8,8,0
14628,ven,Venezuela,2009,0,0,0
14629,ven,Venezuela,2010,49,49,0
14630,ven,Venezuela,2011,17,17,2000
14631,ven,Venezuela,2012,0,0,0
14632,ven,Venezuela,2013,0,0,0
14633,ven,Venezuela,2014,0,0,0
14634,ven,Venezuela,2015,0,0,0
14635,ven,Venezuela,2016,0,0,0
14636,ven,Venezuela,2017,0,0,0
14637,ven,Venezuela,2018,2,2,0
14638,ven,Venezuela,2019,6,6,0
14639,ven,Venezuela,2020,3,3,0
14640,ven,Venezuela,2021,46,46,0
14641,ven,Venezuela,2022,142,142,951
14642,ven,Venezuela,2023,12,12,0
14643,ven,Venezuela,2024,9,9,0
14644,ven,Venezuela,2025,14,14,80
14645,vnm,Vietnam,1953,1000,1000,0
14646,vnm,Vietnam,1954,0,0,0
14647,vnm,Vietnam,1955,0,0,0
14648,vnm,Vietnam,1956,56,56,0
14649,vnm,Vietnam,1957,0,0,0
14650,vnm,Vietnam,1958,0,0,0
14651,vnm,Vietnam,1959,0,0,0
14652,vnm,Vietnam,1960,0,0,0
14653,vnm,Vietnam,1961,0,0,0
14654,vnm,Vietnam,1962,0,0,0
14655,vnm,Vietnam,1963,0,0,0
14656,vnm,Vietnam,1964,7998,7400,0
14657,vnm,Vietnam,1965,0,0,0
14658,vnm,Vietnam,1966,31,31,70361
14659,vnm,Vietnam,1967,3,0,0
14660,vnm,Vietnam,1968,0,0,0
14661,vnm,Vietnam,1969,0,0,0
14662,vnm,Vietnam,1970,237,237,0
14663,vnm,Vietnam,1971,112,112,0
14664,vnm,Vietnam,1972,0,0,0
14665,vnm,Vietnam,1973,100,100,0
14666,vnm,Vietnam,1974,0,0,0
14667,vnm,Vietnam,1975,172,0,0
14668,vnm,Vietnam,1976,0,0,0
14669,vnm,Vietnam,1977,0,0,0
14670,vnm,Vietnam,1978,74,74,79000
14671,vnm,Vietnam,1979,0,0,0
14672,vnm,Vietnam,1980,402,402,664500
14673,vnm,Vietnam,1981,177,0,0
14674,vnm,Vietnam,1982,70,70,0
14675,vnm,Vietnam,1983,734,734,601360
14676,vnm,Vietnam,1984,188,188,1000
14677,vnm,Vietnam,1985,891,891,225000
14678,vnm,Vietnam,1986,600,600,0
14679,vnm,Vietnam,1987,123,123,352000
14680,vnm,Vietnam,1988,207,157,0
14681,vnm,Vietnam,1989,1181,959,781000
14682,vnm,Vietnam,1990,384,184,2000
14683,vnm,Vietnam,1991,820,492,456505
14684,vnm,Vietnam,1992,345,287,48789
14685,vnm,Vietnam,1993,379,270,12185
14686,vnm,Vietnam,1994,361,361,1000
14687,vnm,Vietnam,1995,313,269,0
14688,vnm,Vietnam,1996,1086,1011,0
14689,vnm,Vietnam,1997,3779,3692,383045
14690,vnm,Vietnam,1998,722,413,44980
14691,vnm,Vietnam,1999,893,799,143555
14692,vnm,Vietnam,2000,592,592,11860
14693,vnm,Vietnam,2001,392,392,23100
14694,vnm,Vietnam,2002,147,147,0
14695,vnm,Vietnam,2003,146,131,23880
14696,vnm,Vietnam,2004,189,189,0
14697,vnm,Vietnam,2005,324,308,18205
14698,vnm,Vietnam,2006,579,579,352680
14699,vnm,Vietnam,2007,353,326,47525
14700,vnm,Vietnam,2008,411,411,12660
14701,vnm,Vietnam,2009,356,356,108635
14702,vnm,Vietnam,2010,221,221,1620
14703,vnm,Vietnam,2011,138,138,0
14704,vnm,Vietnam,2012,72,72,297045
14705,vnm,Vietnam,2013,215,215,2445
14706,vnm,Vietnam,2014,38,38,0
14707,vnm,Vietnam,2015,52,52,115
14708,vnm,Vietnam,2016,189,162,6775
14709,vnm,Vietnam,2017,284,284,1140
14710,vnm,Vietnam,2018,134,134,0
14711,vnm,Vietnam,2019,51,51,765
14712,vnm,Vietnam,2020,310,310,2925
14713,vnm,Vietnam,2021,35,35,1000
14714,vnm,Vietnam,2022,60,60,800
14715,vnm,Vietnam,2023,30,30,445
14716,vnm,Vietnam,2024,379,379,0
14717,vnm,Vietnam,2025,258,258,0
14718,yem,Yemen,1941,1200,1200,3500
14719,yem,Yemen,1942,0,0,0
14720,yem,Yemen,1943,0,0,0
14721,yem,Yemen,1944,0,0,0
14722,yem,Yemen,1945,0,0,0
14723,yem,Yemen,1946,0,0,0
14724,yem,Yemen,1947,0,0,0
14725,yem,Yemen,1948,0,0,0
14726,yem,Yemen,1949,0,0,0
14727,yem,Yemen,1950,0,0,0
14728,yem,Yemen,1951,0,0,0
14729,yem,Yemen,1952,0,0,0
14730,yem,Yemen,1953,0,0,0
14731,yem,Yemen,1954,0,0,0
14732,yem,Yemen,1955,0,0,0
14733,yem,Yemen,1956,0,0,0
14734,yem,Yemen,1957,0,0,0
14735,yem,Yemen,1958,0,0,0
14736,yem,Yemen,1959,0,0,0
14737,yem,Yemen,1960,0,0,0
14738,yem,Yemen,1961,0,0,0
14739,yem,Yemen,1962,0,0,0
14740,yem,Yemen,1963,0,0,0
14741,yem,Yemen,1964,0,0,0
14742,yem,Yemen,1965,0,0,0
14743,yem,Yemen,1966,0,0,0
14744,yem,Yemen,1967,0,0,0
14745,yem,Yemen,1968,0,0,0
14746,yem,Yemen,1969,0,0,20000
14747,yem,Yemen,1970,0,0,0
14748,yem,Yemen,1971,0,0,0
14749,yem,Yemen,1972,0,0,0
14750,yem,Yemen,1973,60,60,2250
14751,yem,Yemen,1974,,,500
14752,yem,Yemen,1975,,,0
14753,yem,Yemen,1976,0,0,0
14754,yem,Yemen,1977,,,0
14755,yem,Yemen,1978,0,0,0
14756,yem,Yemen,1979,0,0,0
14757,yem,Yemen,1980,0,0,0
14758,yem,Yemen,1981,0,0,0
14759,yem,Yemen,1982,,,50000
14760,yem,Yemen,1983,0,0,0
14761,yem,Yemen,1984,0,0,0
14762,yem,Yemen,1985,0,0,0
14763,yem,Yemen,1986,0,0,0
14764,yem,Yemen,1987,0,0,0
14765,yem,Yemen,1988,0,0,0
14766,yem,Yemen,1989,,,150000
14767,yem,Yemen,1990,0,0,0
14768,yem,Yemen,1991,10,10,70000
14769,yem,Yemen,1992,147,0,0
14770,yem,Yemen,1993,31,31,12500
14771,yem,Yemen,1994,0,0,0
14772,yem,Yemen,1995,131,0,0
14773,yem,Yemen,1996,383,345,114210
14774,yem,Yemen,1997,0,0,0
14775,yem,Yemen,1998,250,70,0
14776,yem,Yemen,1999,10,0,7500
14777,yem,Yemen,2000,32,0,0
14778,yem,Yemen,2001,63,63,0
14779,yem,Yemen,2002,53,53,440
14780,yem,Yemen,2003,15,15,0
14781,yem,Yemen,2004,0,0,0
14782,yem,Yemen,2005,87,87,500
14783,yem,Yemen,2006,30,30,2300
14784,yem,Yemen,2007,99,99,0
14785,yem,Yemen,2008,90,90,0
14786,yem,Yemen,2009,11,11,0
14787,yem,Yemen,2010,22,22,1000
14788,yem,Yemen,2011,0,0,0
14789,yem,Yemen,2012,0,0,0
14790,yem,Yemen,2013,40,40,0
14791,yem,Yemen,2014,0,0,0
14792,yem,Yemen,2015,29,26,0
14793,yem,Yemen,2016,51,40,0
14794,yem,Yemen,2017,85,50,0
14795,yem,Yemen,2018,49,49,0
14796,yem,Yemen,2019,958,26,0
14797,yem,Yemen,2020,202,202,0
14798,yem,Yemen,2021,46,46,0
14799,yem,Yemen,2022,90,90,0
14800,yem,Yemen,2023,255,255,0
14801,yem,Yemen,2024,1022,342,0
14802,yem,Yemen,2025,82,82,0
14803,zmb,Zambia,1970,89,0,0
14804,zmb,Zambia,1971,0,0,0
14805,zmb,Zambia,1972,0,0,0
14806,zmb,Zambia,1973,0,0,0
14807,zmb,Zambia,1974,0,0,0
14808,zmb,Zambia,1975,0,0,0
14809,zmb,Zambia,1976,0,0,0
14810,zmb,Zambia,1977,0,0,0
14811,zmb,Zambia,1978,11,11,0
14812,zmb,Zambia,1979,0,0,0
14813,zmb,Zambia,1980,0,0,0
14814,zmb,Zambia,1981,0,0,0
14815,zmb,Zambia,1982,51,0,0
14816,zmb,Zambia,1983,0,0,0
14817,zmb,Zambia,1984,0,0,0
14818,zmb,Zambia,1985,0,0,0
14819,zmb,Zambia,1986,0,0,0
14820,zmb,Zambia,1987,400,0,0
14821,zmb,Zambia,1988,0,0,0
14822,zmb,Zambia,1989,0,0,0
14823,zmb,Zambia,1990,114,0,0
14824,zmb,Zambia,1991,0,0,0
14825,zmb,Zambia,1992,0,0,0
14826,zmb,Zambia,1993,0,0,0
14827,zmb,Zambia,1994,0,0,0
14828,zmb,Zambia,1995,0,0,0
14829,zmb,Zambia,1996,0,0,0
14830,zmb,Zambia,1997,0,0,0
14831,zmb,Zambia,1998,0,0,0
14832,zmb,Zambia,1999,0,0,0
14833,zmb,Zambia,2000,163,0,0
14834,zmb,Zambia,2001,16,5,0
14835,zmb,Zambia,2002,0,0,0
14836,zmb,Zambia,2003,183,4,11000
14837,zmb,Zambia,2004,2,2,0
14838,zmb,Zambia,2005,21,0,0
14839,zmb,Zambia,2006,5,0,0
14840,zmb,Zambia,2007,19,14,0
14841,zmb,Zambia,2008,177,4,0
14842,zmb,Zambia,2009,118,31,0
14843,zmb,Zambia,2010,9,9,150
14844,zmb,Zambia,2011,0,0,0
14845,zmb,Zambia,2012,2,0,0
14846,zmb,Zambia,2013,0,0,0
14847,zmb,Zambia,2014,0,0,20000
14848,zmb,Zambia,2015,0,0,0
14849,zmb,Zambia,2016,0,0,0
14850,zmb,Zambia,2017,89,0,0
14851,zmb,Zambia,2018,0,0,0
14852,zmb,Zambia,2019,4,4,0
14853,zmb,Zambia,2020,3,3,0
14854,zmb,Zambia,2021,0,0,0
14855,zmb,Zambia,2022,3,3,0
14856,zmb,Zambia,2023,742,0,0
14857,zmb,Zambia,2024,9,0,0
14858,zmb,Zambia,2025,4,0,0
14859,zwe,Zimbabwe,2000,182,70,66000
14860,zwe,Zimbabwe,2001,13,13,0
14861,zwe,Zimbabwe,2002,4,0,0
14862,zwe,Zimbabwe,2003,50,10,0
14863,zwe,Zimbabwe,2004,0,0,0
14864,zwe,Zimbabwe,2005,87,0,0
14865,zwe,Zimbabwe,2006,0,0,0
14866,zwe,Zimbabwe,2007,94,27,0
14867,zwe,Zimbabwe,2008,4276,0,0
14868,zwe,Zimbabwe,2009,55,0,0
14869,zwe,Zimbabwe,2010,8,0,0
14870,zwe,Zimbabwe,2011,45,0,0
14871,zwe,Zimbabwe,2012,0,0,0
14872,zwe,Zimbabwe,2013,125,125,0
14873,zwe,Zimbabwe,2014,14,14,0
14874,zwe,Zimbabwe,2015,10,10,475
14875,zwe,Zimbabwe,2016,31,31,0
14876,zwe,Zimbabwe,2017,251,251,12895
14877,zwe,Zimbabwe,2018,81,0,0
14878,zwe,Zimbabwe,2019,654,654,0
14879,zwe,Zimbabwe,2020,0,0,0
14880,zwe,Zimbabwe,2021,3,3,0
14881,zwe,Zimbabwe,2022,750,0,0
14882,zwe,Zimbabwe,2023,721,2,0
14883,zwe,Zimbabwe,2024,13,0,0
14884,zwe,Zimbabwe,2025,0,0,0
