,geo,name,time,UNHCR refugees by country of residence,Asylum-seekers by country of residence,Other people in need of international protection,UNHCR total refugees by country of residence ,Internally displaced persons,UNHCR total displaced people  by country of residence,UNHCR refugees by country of origin,Asylum-seekers by country of origin,UNHCR total refugees by country of origin,UNHCR total displaced people by country of origin
0,afg,Afghanistan,1979,0,0,0,0,0,0,500000,0,500000,500000
1,afg,Afghanistan,1980,0,0,0,0,0,0,1734921,0,1734921,1734921
2,afg,Afghanistan,1981,0,0,0,0,0,0,3879984,0,3879984,3879984
3,afg,Afghanistan,1982,0,0,0,0,0,0,4488214,0,4488214,4488214
4,afg,Afghanistan,1983,0,0,0,0,0,0,4712735,0,4712735,4712735
5,afg,Afghanistan,1984,0,0,0,0,0,0,4417651,0,4417651,4417651
6,afg,Afghanistan,1985,0,0,0,0,0,0,4653193,0,4653193,4653193
7,afg,Afghanistan,1986,0,0,0,0,0,0,5094283,0,5094283,5094283
8,afg,Afghanistan,1987,0,0,0,0,0,0,5511740,0,5511740,5511740
9,afg,Afghanistan,1988,0,0,0,0,0,0,5622982,0,5622982,5622982
10,afg,Afghanistan,1989,0,0,0,0,0,0,5643989,0,5643989,5643989
11,afg,Afghanistan,1990,50,0,0,50,0,50,6339095,0,6339095,6339095
12,afg,Afghanistan,1991,38,0,0,38,0,38,6306301,0,6306301,6306301
13,afg,Afghanistan,1992,60025,0,0,60025,0,60025,4552153,0,4552153,4552153
14,afg,Afghanistan,1993,32131,0,0,32131,15000,47131,3374575,0,3374575,3389575
15,afg,Afghanistan,1994,19134,0,0,19134,332200,351334,2731166,0,2731166,3063366
16,afg,Afghanistan,1995,19605,0,0,19605,159600,179205,2679132,0,2679132,2838732
17,afg,Afghanistan,1996,18779,0,0,18779,273840,292619,2674234,0,2674234,2948074
18,afg,Afghanistan,1997,5,0,0,5,296795,296800,2676675,0,2676675,2973470
19,afg,Afghanistan,1998,0,0,0,0,315800,315800,2667118,0,2667118,2982918
20,afg,Afghanistan,1999,0,0,0,0,258625,258625,2601690,0,2601690,2860315
21,afg,Afghanistan,2000,0,0,0,0,758625,758625,3587327,40290,3627617,4386242
22,afg,Afghanistan,2001,10,0,0,10,1200000,1200010,3809763,30782,3840545,5040545
23,afg,Afghanistan,2002,0,18,0,18,665156,665174,2510294,26687,2536981,3202137
24,afg,Afghanistan,2003,24,71,0,95,184269,184364,2136039,26308,2162347,2346616
25,afg,Afghanistan,2004,31,28,0,59,159549,159608,2414460,16983,2431443,2590992
26,afg,Afghanistan,2005,31,12,0,43,142505,142548,2166139,14023,2180162,2322667
27,afg,Afghanistan,2006,34,5,0,39,129310,129349,2107510,14959,2122469,2251779
28,afg,Afghanistan,2007,43,0,0,43,153718,153761,3057655,16077,3073732,3227450
29,afg,Afghanistan,2008,37,10,0,47,230670,230717,2833116,23177,2856293,3086963
30,afg,Afghanistan,2009,36,14,0,50,297129,297179,2887114,30406,2917520,3214649
31,afg,Afghanistan,2010,6434,30,0,6464,351907,358371,3054699,37101,3091800,3443707
32,afg,Afghanistan,2011,3011,52,0,3063,447547,450610,2664423,39199,2703622,3151169
33,afg,Afghanistan,2012,16184,49,0,16233,486298,502531,2586132,62304,2648436,3134734
34,afg,Afghanistan,2013,16861,61,0,16922,631286,648208,2556483,75284,2631767,3263053
35,afg,Afghanistan,2014,300421,59,0,300480,805409,1105889,2596259,85407,2681666,3487075
36,afg,Afghanistan,2015,257553,78,0,257631,1174306,1431937,2666294,258862,2925156,4099462
37,afg,Afghanistan,2016,59770,123,0,59893,1797551,1857444,2501447,369072,2870519,4668070
38,afg,Afghanistan,2017,75927,215,0,76142,1837079,1913221,2624265,333986,2958251,4795330
39,afg,Afghanistan,2018,72228,281,0,72509,2106893,2179402,2681267,310107,2991374,5098267
40,afg,Afghanistan,2019,72227,247,0,72474,2553390,2625864,2727556,251047,2978603,5531993
41,afg,Afghanistan,2020,72278,167,0,72445,2886317,2958762,2594827,238791,2833618,5719935
42,afg,Afghanistan,2021,66949,251,0,67200,3457744,3524944,2712869,262860,2975729,6433473
43,afg,Afghanistan,2022,52159,218,0,52377,3254002,3306379,5661717,294493,5956210,9210212
44,afg,Afghanistan,2023,34826,250,0,35076,3222397,3257473,6403144,296033,6699177,9921574
45,afg,Afghanistan,2024,20866,370,0,21236,3199710,3220946,5766586,384732,6151318,9351028
46,afg,Afghanistan,2025,20869,382,0,21251,3199023,3220274,2671560,270007,3972525,7171548
47,ago,Angola,1960,0,0,0,0,0,0,150000,0,150000,150000
48,ago,Angola,1961,0,0,0,0,0,0,150000,0,150000,150000
49,ago,Angola,1962,0,0,0,0,0,0,170000,0,170000,170000
50,ago,Angola,1963,0,0,0,0,0,0,175000,0,175000,175000
51,ago,Angola,1964,0,0,0,0,0,0,200000,0,200000,200000
52,ago,Angola,1965,0,0,0,0,0,0,220000,0,220000,220000
53,ago,Angola,1966,0,0,0,0,0,0,303800,0,303800,303800
54,ago,Angola,1967,0,0,0,0,0,0,356200,0,356200,356200
55,ago,Angola,1968,0,0,0,0,0,0,381360,0,381360,381360
56,ago,Angola,1969,0,0,0,0,0,0,408190,0,408190,408190
57,ago,Angola,1970,0,0,0,0,0,0,414120,0,414120,414120
58,ago,Angola,1971,0,0,0,0,0,0,419690,0,419690,419690
59,ago,Angola,1972,0,0,0,0,0,0,421500,0,421500,421500
60,ago,Angola,1973,0,0,0,0,0,0,426550,0,426550,426550
61,ago,Angola,1974,0,0,0,0,0,0,497390,0,497390,497390
62,ago,Angola,1975,0,0,0,0,0,0,501830,0,501830,501830
63,ago,Angola,1976,10000,0,0,10000,0,10000,499190,0,499190,499190
64,ago,Angola,1977,235000,0,0,235000,0,235000,529830,0,529830,529830
65,ago,Angola,1978,141550,0,0,141550,0,141550,646110,0,646110,646110
66,ago,Angola,1979,66000,0,0,66000,0,66000,652980,0,652980,652980
67,ago,Angola,1980,75000,0,0,75000,0,75000,449030,0,449030,449030
68,ago,Angola,1981,91700,0,0,91700,0,91700,457060,0,457060,457060
69,ago,Angola,1982,96280,0,0,96280,0,96280,465890,0,465890,465890
70,ago,Angola,1983,96280,0,0,96280,0,96280,298110,0,298110,298110
71,ago,Angola,1984,92260,0,0,92260,0,92260,357821,0,357821,357821
72,ago,Angola,1985,91520,0,0,91520,0,91520,317392,0,317392,317392
73,ago,Angola,1986,92250,0,0,92250,0,92250,355412,0,355412,355412
74,ago,Angola,1987,91210,0,0,91210,0,91210,391733,0,391733,391733
75,ago,Angola,1988,90350,0,0,90350,0,90350,407566,0,407566,407566
76,ago,Angola,1989,12899,0,0,12899,0,12899,408692,0,408692,408692
77,ago,Angola,1990,11557,0,0,11557,0,11557,407760,0,407760,407760
78,ago,Angola,1991,11022,0,0,11022,0,11022,381638,0,381638,381638
79,ago,Angola,1992,11002,0,0,11002,0,11002,300494,0,300494,300494
80,ago,Angola,1993,10873,0,0,10873,88000,98873,323822,0,323822,411822
81,ago,Angola,1994,10684,0,0,10684,303800,314484,282570,0,282570,586370
82,ago,Angola,1995,10878,0,0,10878,0,10878,246653,0,246653,246653
83,ago,Angola,1996,9379,0,0,9379,0,9379,249686,0,249686,249686
84,ago,Angola,1997,9361,0,0,9361,0,9361,267687,0,267687,267687
85,ago,Angola,1998,10603,0,0,10603,0,10603,319420,0,319420,319420
86,ago,Angola,1999,13068,0,0,13068,0,13068,353472,0,353472,353472
87,ago,Angola,2000,12086,880,0,12966,257508,270474,433756,5489,439245,696753
88,ago,Angola,2001,12245,904,0,13149,202000,215149,470616,9848,480464,682464
89,ago,Angola,2002,12249,925,0,13174,188728,201902,435415,14272,449687,638415
90,ago,Angola,2003,13375,999,0,14374,0,14374,329573,11711,341284,341284
91,ago,Angola,2004,13963,920,0,14883,0,14883,228842,9540,238382,238382
92,ago,Angola,2005,13978,878,0,14856,0,14856,215811,8336,224147,224147
93,ago,Angola,2006,13086,1586,0,14672,0,14672,206482,1577,208059,208059
94,ago,Angola,2007,12064,2918,0,14982,0,14982,186137,788,186925,186925
95,ago,Angola,2008,12704,3179,0,15883,0,15883,171374,734,172108,172108
96,ago,Angola,2009,14722,4228,0,18950,0,18950,141006,696,141702,141702
97,ago,Angola,2010,15142,4228,0,19370,0,19370,134851,710,135561,135561
98,ago,Angola,2011,16212,3154,0,19366,0,19366,128657,773,129430,129430
99,ago,Angola,2012,23401,20321,0,43722,0,43722,19253,1158,20411,20411
100,ago,Angola,2013,23771,20031,0,43802,0,43802,10274,1442,11716,11716
101,ago,Angola,2014,15468,30200,0,45668,0,45668,9468,1718,11186,11186
102,ago,Angola,2015,15547,30131,0,45678,0,45678,11855,3251,15106,15106
103,ago,Angola,2016,15547,30131,0,45678,0,45678,8388,4767,13155,13155
104,ago,Angola,2017,41119,30131,0,71250,0,71250,8292,7819,16111,16111
105,ago,Angola,2018,39856,30128,0,69984,0,69984,8243,8904,17147,17147
106,ago,Angola,2019,25793,30178,0,55971,0,55971,8176,10772,18948,18948
107,ago,Angola,2020,25791,30278,0,56069,0,56069,8196,12402,20598,20598
108,ago,Angola,2021,26045,30279,0,56324,0,56324,11403,12692,24095,24095
109,ago,Angola,2022,25514,30268,0,55782,0,55782,12021,16523,28544,28544
110,ago,Angola,2023,25174,30268,0,55442,0,55442,11506,22824,34330,34330
111,ago,Angola,2024,25275,30267,0,55542,0,55542,12545,21440,33985,33985
112,ago,Angola,2025,25396,30261,0,55657,0,55657,13433,16983,30416,30416
113,alb,Albania,1964,0,0,0,0,0,0,100,0,100,100
114,alb,Albania,1965,0,0,0,0,0,0,4860,0,4860,4860
115,alb,Albania,1966,0,0,0,0,0,0,4860,0,4860,4860
116,alb,Albania,1967,0,0,0,0,0,0,4260,0,4260,4260
117,alb,Albania,1968,0,0,0,0,0,0,4120,0,4120,4120
118,alb,Albania,1969,0,0,0,0,0,0,4290,0,4290,4290
119,alb,Albania,1970,0,0,0,0,0,0,4310,0,4310,4310
120,alb,Albania,1971,0,0,0,0,0,0,390,0,390,390
121,alb,Albania,1972,0,0,0,0,0,0,2300,0,2300,2300
122,alb,Albania,1973,0,0,0,0,0,0,2090,0,2090,2090
123,alb,Albania,1974,0,0,0,0,0,0,380,0,380,380
124,alb,Albania,1975,0,0,0,0,0,0,380,0,380,380
125,alb,Albania,1976,0,0,0,0,0,0,0,0,0,0
126,alb,Albania,1977,0,0,0,0,0,0,2000,0,2000,2000
127,alb,Albania,1978,0,0,0,0,0,0,1980,0,1980,1980
128,alb,Albania,1979,0,0,0,0,0,0,1610,0,1610,1610
129,alb,Albania,1980,0,0,0,0,0,0,1681,0,1681,1681
130,alb,Albania,1981,0,0,0,0,0,0,1680,0,1680,1680
131,alb,Albania,1982,0,0,0,0,0,0,1645,0,1645,1645
132,alb,Albania,1983,0,0,0,0,0,0,1610,0,1610,1610
133,alb,Albania,1984,0,0,0,0,0,0,1576,0,1576,1576
134,alb,Albania,1985,0,0,0,0,0,0,1587,0,1587,1587
135,alb,Albania,1986,0,0,0,0,0,0,90,0,90,90
136,alb,Albania,1987,0,0,0,0,0,0,129,0,129,129
137,alb,Albania,1988,0,0,0,0,0,0,358,0,358,358
138,alb,Albania,1989,0,0,0,0,0,0,367,0,367,367
139,alb,Albania,1990,0,0,0,0,0,0,1822,0,1822,1822
140,alb,Albania,1991,0,0,0,0,0,0,3542,0,3542,3542
141,alb,Albania,1992,3000,0,0,3000,0,3000,4355,0,4355,4355
142,alb,Albania,1993,3000,0,0,3000,0,3000,4747,0,4747,4747
143,alb,Albania,1994,3000,0,0,3000,0,3000,5021,0,5021,5021
144,alb,Albania,1995,4721,0,0,4721,0,4721,5804,0,5804,5804
145,alb,Albania,1996,4927,0,0,4927,0,4927,5784,0,5784,5784
146,alb,Albania,1997,34,0,0,34,0,34,5381,0,5381,5381
147,alb,Albania,1998,22334,0,0,22334,0,22334,5353,0,5353,5353
148,alb,Albania,1999,3932,0,0,3932,0,3932,6286,0,6286,6286
149,alb,Albania,2000,521,5,0,526,0,526,6801,2817,9618,9618
150,alb,Albania,2001,291,71,0,362,0,362,7627,3974,11601,11601
151,alb,Albania,2002,18,46,0,64,0,64,10758,4986,15744,15744
152,alb,Albania,2003,24,86,0,110,0,110,10382,4526,14908,14908
153,alb,Albania,2004,49,30,0,79,0,79,10474,3319,13793,13793
154,alb,Albania,2005,53,32,0,85,0,85,12718,2572,15290,15290
155,alb,Albania,2006,56,27,0,83,0,83,14079,2279,16358,16358
156,alb,Albania,2007,68,16,0,84,0,84,15335,1645,16980,16980
157,alb,Albania,2008,57,20,0,77,0,77,15007,1814,16821,16821
158,alb,Albania,2009,69,19,0,88,0,88,15707,1586,17293,17293
159,alb,Albania,2010,75,20,0,95,0,95,14771,1350,16121,16121
160,alb,Albania,2011,79,26,0,105,0,105,13552,2193,15745,15745
161,alb,Albania,2012,84,28,0,112,0,112,12569,3722,16291,16291
162,alb,Albania,2013,96,228,0,324,0,324,10104,9771,19875,19875
163,alb,Albania,2014,111,482,0,593,0,593,10156,15098,25254,25254
164,alb,Albania,2015,109,830,0,939,0,939,10404,42155,52559,52559
165,alb,Albania,2016,141,2750,0,2891,0,2891,11060,23760,34820,34820
166,alb,Albania,2017,124,32,0,156,0,156,12168,18761,30929,30929
167,alb,Albania,2018,132,159,0,291,0,291,13512,21071,34583,34583
168,alb,Albania,2019,120,5,0,125,0,125,15027,19007,34034,34034
169,alb,Albania,2020,105,0,0,105,0,105,15523,17628,33151,33151
170,alb,Albania,2021,109,6,0,115,0,115,19847,22331,42178,42178
171,alb,Albania,2022,2676,5,0,2681,0,2681,20865,34406,55271,55271
172,alb,Albania,2023,5079,8,0,5087,0,5087,21919,17539,39458,39458
173,alb,Albania,2024,9381,0,0,9381,0,9381,21875,11498,33373,33373
174,alb,Albania,2025,4673,11,0,4684,0,4684,21447,7643,29090,29090
175,and,Andorra,2001,0,0,0,0,0,0,0,7,7,7
176,and,Andorra,2002,0,0,0,0,0,0,9,5,14,14
177,and,Andorra,2003,0,0,0,0,0,0,7,5,12,12
178,and,Andorra,2004,0,0,0,0,0,0,0,5,5,5
179,and,Andorra,2005,0,0,0,0,0,0,10,5,15,15
180,and,Andorra,2006,0,0,0,0,0,0,10,0,10,10
181,and,Andorra,2007,0,0,0,0,0,0,10,5,15,15
182,and,Andorra,2008,0,0,0,0,0,0,5,5,10,10
183,and,Andorra,2009,0,0,0,0,0,0,5,0,5,5
184,and,Andorra,2010,0,0,0,0,0,0,5,0,5,5
185,and,Andorra,2011,0,0,0,0,0,0,5,0,5,5
186,and,Andorra,2012,0,0,0,0,0,0,6,0,6,6
187,and,Andorra,2013,0,0,0,0,0,0,5,0,5,5
188,and,Andorra,2014,0,0,0,0,0,0,5,0,5,5
189,and,Andorra,2015,0,0,0,0,0,0,5,5,10,10
190,and,Andorra,2016,0,0,0,0,0,0,0,5,5,5
191,and,Andorra,2017,0,0,0,0,0,0,0,5,5,5
192,and,Andorra,2018,0,0,0,0,0,0,0,0,0,0
193,and,Andorra,2019,0,0,0,0,0,0,0,0,0,0
194,and,Andorra,2020,0,0,0,0,0,0,0,5,5,5
195,and,Andorra,2021,0,0,0,0,0,0,0,5,5,5
196,and,Andorra,2022,0,0,0,0,0,0,5,5,10,10
197,and,Andorra,2023,0,0,0,0,0,0,0,14,14,14
198,and,Andorra,2024,0,0,0,0,0,0,5,16,21,21
199,and,Andorra,2025,0,0,0,0,0,0,5,57,62,62
200,are,United Arab Emirates,1968,300,0,0,300,0,300,0,0,0,0
201,are,United Arab Emirates,1969,300,0,0,300,0,300,0,0,0,0
202,are,United Arab Emirates,1970,0,0,0,0,0,0,0,0,0,0
203,are,United Arab Emirates,1971,870,0,0,870,0,870,0,0,0,0
204,are,United Arab Emirates,1972,870,0,0,870,0,870,0,0,0,0
205,are,United Arab Emirates,1973,3200,0,0,3200,0,3200,0,0,0,0
206,are,United Arab Emirates,1974,1200,0,0,1200,0,1200,0,0,0,0
207,are,United Arab Emirates,1975,0,0,0,0,0,0,0,0,0,0
208,are,United Arab Emirates,1976,4000,0,0,4000,0,4000,0,0,0,0
209,are,United Arab Emirates,1977,390,0,0,390,0,390,0,0,0,0
210,are,United Arab Emirates,1978,390,0,0,390,0,390,0,0,0,0
211,are,United Arab Emirates,1979,590,0,0,590,0,590,0,0,0,0
212,are,United Arab Emirates,1980,2490,0,0,2490,0,2490,0,0,0,0
213,are,United Arab Emirates,1981,6090,0,0,6090,0,6090,0,0,0,0
214,are,United Arab Emirates,1982,3690,0,0,3690,0,3690,0,0,0,0
215,are,United Arab Emirates,1983,4090,0,0,4090,0,4090,0,0,0,0
216,are,United Arab Emirates,1984,5170,0,0,5170,0,5170,0,0,0,0
217,are,United Arab Emirates,1985,26350,0,0,26350,0,26350,0,0,0,0
218,are,United Arab Emirates,1986,0,0,0,0,0,0,0,0,0,0
219,are,United Arab Emirates,1987,0,0,0,0,0,0,0,0,0,0
220,are,United Arab Emirates,1988,0,0,0,0,0,0,0,0,0,0
221,are,United Arab Emirates,1989,70,0,0,70,0,70,0,0,0,0
222,are,United Arab Emirates,1990,0,0,0,0,0,0,0,0,0,0
223,are,United Arab Emirates,1991,0,0,0,0,0,0,0,0,0,0
224,are,United Arab Emirates,1992,0,0,0,0,0,0,0,0,0,0
225,are,United Arab Emirates,1993,434,0,0,434,0,434,0,0,0,0
226,are,United Arab Emirates,1994,380,0,0,380,0,380,0,0,0,0
227,are,United Arab Emirates,1995,409,0,0,409,0,409,0,0,0,0
228,are,United Arab Emirates,1996,464,0,0,464,0,464,0,0,0,0
229,are,United Arab Emirates,1997,519,0,0,519,0,519,0,0,0,0
230,are,United Arab Emirates,1998,532,0,0,532,0,532,5,0,5,5
231,are,United Arab Emirates,1999,501,0,0,501,0,501,5,0,5,5
232,are,United Arab Emirates,2000,560,329,0,889,0,889,17,8,25,25
233,are,United Arab Emirates,2001,554,355,0,909,0,909,18,29,47,47
234,are,United Arab Emirates,2002,165,272,0,437,0,437,29,36,65,65
235,are,United Arab Emirates,2003,160,61,0,221,0,221,16,22,38,38
236,are,United Arab Emirates,2004,106,52,0,158,0,158,69,5,74,74
237,are,United Arab Emirates,2005,104,77,0,181,0,181,31,15,46,46
238,are,United Arab Emirates,2006,176,31,0,207,0,207,260,10,270,270
239,are,United Arab Emirates,2007,161,66,0,227,0,227,305,10,315,315
240,are,United Arab Emirates,2008,204,67,0,271,0,271,255,8,263,263
241,are,United Arab Emirates,2009,280,76,0,356,0,356,411,22,433,433
242,are,United Arab Emirates,2010,538,88,0,626,0,626,418,24,442,442
243,are,United Arab Emirates,2011,675,41,0,716,0,716,484,6,490,490
244,are,United Arab Emirates,2012,628,91,0,719,0,719,580,13,593,593
245,are,United Arab Emirates,2013,602,74,0,676,0,676,84,41,125,125
246,are,United Arab Emirates,2014,419,212,0,631,0,631,84,68,152,152
247,are,United Arab Emirates,2015,663,422,0,1085,0,1085,91,103,194,194
248,are,United Arab Emirates,2016,888,605,0,1493,0,1493,103,160,263,263
249,are,United Arab Emirates,2017,884,1882,0,2766,0,2766,137,207,344,344
250,are,United Arab Emirates,2018,1167,6500,0,7667,0,7667,169,272,441,441
251,are,United Arab Emirates,2019,1242,7266,0,8508,0,8508,155,181,336,336
252,are,United Arab Emirates,2020,1315,7229,0,8544,0,8544,181,181,362,362
253,are,United Arab Emirates,2021,1355,7203,0,8558,0,8558,160,215,375,375
254,are,United Arab Emirates,2022,1399,7110,0,8509,0,8509,199,594,793,793
255,are,United Arab Emirates,2023,1416,7044,0,8460,0,8460,229,171,400,400
256,are,United Arab Emirates,2024,1377,6257,0,7634,0,7634,261,159,420,420
257,are,United Arab Emirates,2025,1377,6257,0,7634,0,7634,252,45,297,297
258,arg,Argentina,1969,32000,0,0,32000,0,32000,0,0,0,0
259,arg,Argentina,1970,35000,0,0,35000,0,35000,0,0,0,0
260,arg,Argentina,1971,34000,0,0,34000,0,34000,0,0,0,0
261,arg,Argentina,1972,33000,0,0,33000,0,33000,0,0,0,0
262,arg,Argentina,1973,37000,0,0,37000,0,37000,0,0,0,0
263,arg,Argentina,1974,47000,0,0,47000,0,47000,0,0,0,0
264,arg,Argentina,1975,46000,0,0,46000,0,46000,0,0,0,0
265,arg,Argentina,1976,41010,0,0,41010,0,41010,0,0,0,0
266,arg,Argentina,1977,35000,0,0,35000,0,35000,0,0,0,0
267,arg,Argentina,1978,26390,0,0,26390,0,26390,0,0,0,0
268,arg,Argentina,1979,27050,0,0,27050,0,27050,0,0,0,0
269,arg,Argentina,1980,26460,0,0,26460,0,26460,38,0,38,38
270,arg,Argentina,1981,26500,0,0,26500,0,26500,38,0,38,38
271,arg,Argentina,1982,11500,0,0,11500,0,11500,1019,0,1019,1019
272,arg,Argentina,1983,11500,0,0,11500,0,11500,42,0,42,42
273,arg,Argentina,1984,11500,0,0,11500,0,11500,42,0,42,42
274,arg,Argentina,1985,14000,0,0,14000,0,14000,51,0,51,51
275,arg,Argentina,1986,14000,0,0,14000,0,14000,52,0,52,52
276,arg,Argentina,1987,13580,0,0,13580,0,13580,47,0,47,47
277,arg,Argentina,1988,13578,0,0,13578,0,13578,46,0,46,46
278,arg,Argentina,1989,12634,0,0,12634,0,12634,103,0,103,103
279,arg,Argentina,1990,11735,0,0,11735,0,11735,332,0,332,332
280,arg,Argentina,1991,11529,0,0,11529,0,11529,196,0,196,196
281,arg,Argentina,1992,11515,0,0,11515,0,11515,111,0,111,111
282,arg,Argentina,1993,11623,0,0,11623,0,11623,97,0,97,97
283,arg,Argentina,1994,11903,0,0,11903,0,11903,467,0,467,467
284,arg,Argentina,1995,10314,0,0,10314,0,10314,330,0,330,330
285,arg,Argentina,1996,10430,0,0,10430,0,10430,218,0,218,218
286,arg,Argentina,1997,10522,0,0,10522,0,10522,157,0,157,157
287,arg,Argentina,1998,2259,0,0,2259,0,2259,140,0,140,140
288,arg,Argentina,1999,2335,0,0,2335,0,2335,585,0,585,585
289,arg,Argentina,2000,2383,1274,0,3657,0,3657,608,1559,2167,2167
290,arg,Argentina,2001,2384,1544,0,3928,0,3928,660,1450,2110,2110
291,arg,Argentina,2002,2428,1535,0,3963,0,3963,764,1331,2095,2095
292,arg,Argentina,2003,2631,1188,0,3819,0,3819,777,1125,1902,1902
293,arg,Argentina,2004,2898,973,0,3871,0,3871,789,500,1289,1289
294,arg,Argentina,2005,3051,804,0,3855,0,3855,850,285,1135,1135
295,arg,Argentina,2006,3132,854,0,3986,0,3986,888,176,1064,1064
296,arg,Argentina,2007,3247,1080,0,4327,0,4327,1164,117,1281,1281
297,arg,Argentina,2008,2824,710,0,3534,0,3534,1039,139,1178,1178
298,arg,Argentina,2009,3209,742,0,3951,0,3951,604,154,758,758
299,arg,Argentina,2010,3257,916,0,4173,0,4173,553,84,637,637
300,arg,Argentina,2011,3341,1196,0,4537,0,4537,506,54,560,560
301,arg,Argentina,2012,3468,1901,0,5369,0,5369,435,41,476,476
302,arg,Argentina,2013,3340,899,0,4239,0,4239,381,71,452,452
303,arg,Argentina,2014,3473,846,0,4319,0,4319,311,102,413,413
304,arg,Argentina,2015,3187,1062,0,4249,0,4249,186,160,346,346
305,arg,Argentina,2016,3267,3917,0,7184,0,7184,120,219,339,339
306,arg,Argentina,2017,3332,4111,0,7443,0,7443,121,352,473,473
307,arg,Argentina,2018,3442,6102,127152,136696,0,136696,112,489,601,601
308,arg,Argentina,2019,3857,7981,173343,185181,0,185181,99,932,1031,1031
309,arg,Argentina,2020,3965,9176,171659,184800,0,184800,99,1189,1288,1288
310,arg,Argentina,2021,4050,11026,164622,179698,0,179698,124,1774,1898,1898
311,arg,Argentina,2022,4094,11100,165174,180368,0,180368,194,2271,2465,2465
312,arg,Argentina,2023,4104,7129,215541,226774,0,226774,300,4388,4688,4688
313,arg,Argentina,2024,4409,4766,164616,173791,0,173791,464,6189,6653,6653
314,arg,Argentina,2025,4941,3941,174216,183098,0,183098,542,4621,5163,5163
315,arm,Armenia,1964,0,0,0,0,0,0,170,0,170,170
316,arm,Armenia,1965,0,0,0,0,0,0,0,0,0,0
317,arm,Armenia,1966,0,0,0,0,0,0,0,0,0,0
318,arm,Armenia,1967,0,0,0,0,0,0,0,0,0,0
319,arm,Armenia,1968,0,0,0,0,0,0,200,0,200,200
320,arm,Armenia,1969,0,0,0,0,0,0,200,0,200,200
321,arm,Armenia,1970,0,0,0,0,0,0,200,0,200,200
322,arm,Armenia,1971,0,0,0,0,0,0,4070,0,4070,4070
323,arm,Armenia,1972,0,0,0,0,0,0,3500,0,3500,3500
324,arm,Armenia,1973,0,0,0,0,0,0,0,0,0,0
325,arm,Armenia,1974,0,0,0,0,0,0,0,0,0,0
326,arm,Armenia,1975,0,0,0,0,0,0,0,0,0,0
327,arm,Armenia,1976,0,0,0,0,0,0,0,0,0,0
328,arm,Armenia,1977,0,0,0,0,0,0,440,0,440,440
329,arm,Armenia,1978,0,0,0,0,0,0,420,0,420,420
330,arm,Armenia,1979,0,0,0,0,0,0,700,0,700,700
331,arm,Armenia,1980,0,0,0,0,0,0,333,0,333,333
332,arm,Armenia,1981,0,0,0,0,0,0,333,0,333,333
333,arm,Armenia,1982,0,0,0,0,0,0,733,0,733,733
334,arm,Armenia,1983,0,0,0,0,0,0,333,0,333,333
335,arm,Armenia,1984,0,0,0,0,0,0,333,0,333,333
336,arm,Armenia,1985,0,0,0,0,0,0,333,0,333,333
337,arm,Armenia,1986,0,0,0,0,0,0,528,0,528,528
338,arm,Armenia,1987,0,0,0,0,0,0,208,0,208,208
339,arm,Armenia,1988,0,0,0,0,0,0,300,0,300,300
340,arm,Armenia,1989,0,0,0,0,0,0,0,0,0,0
341,arm,Armenia,1990,0,0,0,0,0,0,0,0,0,0
342,arm,Armenia,1991,0,0,0,0,0,0,0,0,0,0
343,arm,Armenia,1992,300000,0,0,300000,0,300000,195000,0,195000,195000
344,arm,Armenia,1993,334000,0,0,334000,77000,411000,200116,0,200116,277116
345,arm,Armenia,1994,304040,0,0,304040,72000,376040,201837,0,201837,273837
346,arm,Armenia,1995,218950,0,0,218950,72000,290950,201439,0,201439,273439
347,arm,Armenia,1996,218950,0,0,218950,72000,290950,203232,0,203232,275232
348,arm,Armenia,1997,219000,0,0,219000,72000,291000,203690,0,203690,275690
349,arm,Armenia,1998,310012,0,0,310012,0,310012,193147,0,193147,193147
350,arm,Armenia,1999,296215,0,0,296215,0,296215,193228,0,193228,193228
351,arm,Armenia,2000,280586,0,0,280586,0,280586,5787,5228,11015,11015
352,arm,Armenia,2001,264337,0,0,264337,0,264337,7206,6087,13293,13293
353,arm,Armenia,2002,247549,0,0,247549,0,247549,13244,5667,18911,18911
354,arm,Armenia,2003,239289,30,0,239319,0,239319,13158,4965,18123,18123
355,arm,Armenia,2004,235233,64,0,235297,0,235297,13409,4044,17453,17453
356,arm,Armenia,2005,219547,64,0,219611,0,219611,13965,4339,18304,18304
357,arm,Armenia,2006,113713,75,0,113788,0,113788,14913,5401,20314,20314
358,arm,Armenia,2007,4564,97,0,4661,0,4661,15435,3985,19420,19420
359,arm,Armenia,2008,3952,170,0,4122,0,4122,16333,3764,20097,20097
360,arm,Armenia,2009,3605,38,0,3643,0,3643,18004,4085,22089,22089
361,arm,Armenia,2010,3292,14,0,3306,0,3306,17553,2947,20500,20500
362,arm,Armenia,2011,2913,17,0,2930,0,2930,16491,2652,19143,19143
363,arm,Armenia,2012,2849,378,0,3227,0,3227,15937,2888,18825,18825
364,arm,Armenia,2013,13727,70,0,13797,0,13797,11995,5363,17358,17358
365,arm,Armenia,2014,17635,57,0,17692,0,17692,11839,6287,18126,18126
366,arm,Armenia,2015,19314,51,0,19365,0,19365,11211,8491,19702,19702
367,arm,Armenia,2016,17883,73,0,17956,0,17956,10707,13092,23799,23799
368,arm,Armenia,2017,17968,62,0,18030,0,18030,10786,14907,25693,25693
369,arm,Armenia,2018,17966,105,0,18071,0,18071,11040,13697,24737,24737
370,arm,Armenia,2019,17980,158,0,18138,0,18138,10962,11097,22059,22059
371,arm,Armenia,2020,107910,136,0,108046,0,108046,10334,8850,19184,19184
372,arm,Armenia,2021,34728,181,0,34909,0,34909,12255,9291,21546,21546
373,arm,Armenia,2022,34634,580,0,35214,0,35214,14868,13474,28342,28342
374,arm,Armenia,2023,150080,615,0,150695,0,150695,15072,18378,33450,33450
375,arm,Armenia,2024,144379,975,0,145354,0,145354,15933,20459,36392,36392
376,arm,Armenia,2025,123087,998,0,124085,0,124085,15578,14216,29794,29794
377,atg,Antigua and Barbuda,2000,0,0,0,0,0,0,0,6,6,6
378,atg,Antigua and Barbuda,2001,0,0,0,0,0,0,5,6,11,11
379,atg,Antigua and Barbuda,2002,0,0,0,0,0,0,5,41,46,46
380,atg,Antigua and Barbuda,2003,0,0,0,0,0,0,5,22,27,27
381,atg,Antigua and Barbuda,2004,0,0,0,0,0,0,13,13,26,26
382,atg,Antigua and Barbuda,2005,0,0,0,0,0,0,13,7,20,20
383,atg,Antigua and Barbuda,2006,0,0,0,0,0,0,18,8,26,26
384,atg,Antigua and Barbuda,2007,0,0,0,0,0,0,24,0,24,24
385,atg,Antigua and Barbuda,2008,0,0,0,0,0,0,25,25,50,50
386,atg,Antigua and Barbuda,2009,0,0,0,0,0,0,27,41,68,68
387,atg,Antigua and Barbuda,2010,0,0,0,0,0,0,28,32,60,60
388,atg,Antigua and Barbuda,2011,0,0,0,0,0,0,32,32,64,64
389,atg,Antigua and Barbuda,2012,0,0,0,0,0,0,45,35,80,80
390,atg,Antigua and Barbuda,2013,0,0,0,0,0,0,50,28,78,78
391,atg,Antigua and Barbuda,2014,0,0,0,0,0,0,53,15,68,68
392,atg,Antigua and Barbuda,2015,15,0,0,15,0,15,56,12,68,68
393,atg,Antigua and Barbuda,2016,5,0,0,5,0,5,82,30,112,112
394,atg,Antigua and Barbuda,2017,0,0,0,0,0,0,99,63,162,162
395,atg,Antigua and Barbuda,2018,0,0,0,0,0,0,107,47,154,154
396,atg,Antigua and Barbuda,2019,0,0,0,0,0,0,117,65,182,182
397,atg,Antigua and Barbuda,2020,0,0,0,0,0,0,108,51,159,159
398,atg,Antigua and Barbuda,2021,0,0,0,0,0,0,105,55,160,160
399,atg,Antigua and Barbuda,2022,0,0,0,0,0,0,58,58,116,116
400,atg,Antigua and Barbuda,2023,0,0,0,0,0,0,67,51,118,118
401,atg,Antigua and Barbuda,2024,0,5,0,5,0,5,91,80,171,171
402,atg,Antigua and Barbuda,2025,0,0,0,0,0,0,97,39,136,136
403,aus,Australia,1951,180000,0,0,180000,0,180000,0,0,0,0
404,aus,Australia,1952,0,0,0,0,0,0,0,0,0,0
405,aus,Australia,1953,0,0,0,0,0,0,0,0,0,0
406,aus,Australia,1954,0,0,0,0,0,0,0,0,0,0
407,aus,Australia,1955,0,0,0,0,0,0,0,0,0,0
408,aus,Australia,1956,0,0,0,0,0,0,0,0,0,0
409,aus,Australia,1957,0,0,0,0,0,0,0,0,0,0
410,aus,Australia,1958,0,0,0,0,0,0,0,0,0,0
411,aus,Australia,1959,0,0,0,0,0,0,0,0,0,0
412,aus,Australia,1960,0,0,0,0,0,0,0,0,0,0
413,aus,Australia,1961,0,0,0,0,0,0,0,0,0,0
414,aus,Australia,1962,0,0,0,0,0,0,0,0,0,0
415,aus,Australia,1963,0,0,0,0,0,0,0,0,0,0
416,aus,Australia,1964,0,0,0,0,0,0,0,0,0,0
417,aus,Australia,1965,40000,0,0,40000,0,40000,0,0,0,0
418,aus,Australia,1966,40000,0,0,40000,0,40000,0,0,0,0
419,aus,Australia,1967,44000,0,0,44000,0,44000,0,0,0,0
420,aus,Australia,1968,43000,0,0,43000,0,43000,0,0,0,0
421,aus,Australia,1969,42000,0,0,42000,0,42000,0,0,0,0
422,aus,Australia,1970,42000,0,0,42000,0,42000,0,0,0,0
423,aus,Australia,1971,0,0,0,0,0,0,0,0,0,0
424,aus,Australia,1972,0,0,0,0,0,0,0,0,0,0
425,aus,Australia,1973,0,0,0,0,0,0,0,0,0,0
426,aus,Australia,1974,0,0,0,0,0,0,0,0,0,0
427,aus,Australia,1975,0,0,0,0,0,0,0,0,0,0
428,aus,Australia,1976,0,0,0,0,0,0,0,0,0,0
429,aus,Australia,1977,0,0,0,0,0,0,0,0,0,0
430,aus,Australia,1978,304000,0,0,304000,0,304000,0,0,0,0
431,aus,Australia,1979,304000,0,0,304000,0,304000,0,0,0,0
432,aus,Australia,1980,304000,0,0,304000,0,304000,0,0,0,0
433,aus,Australia,1981,317000,0,0,317000,0,317000,0,0,0,0
434,aus,Australia,1982,317000,0,0,317000,0,317000,0,0,0,0
435,aus,Australia,1983,317000,0,0,317000,0,317000,0,0,0,0
436,aus,Australia,1984,89000,0,0,89000,0,89000,0,0,0,0
437,aus,Australia,1985,89000,0,0,89000,0,89000,0,0,0,0
438,aus,Australia,1986,85900,0,0,85900,0,85900,0,0,0,0
439,aus,Australia,1987,87600,0,0,87600,0,87600,0,0,0,0
440,aus,Australia,1988,90970,0,0,90970,0,90970,0,0,0,0
441,aus,Australia,1989,97915,0,0,97915,0,97915,0,0,0,0
442,aus,Australia,1990,97915,0,0,97915,0,97915,0,0,0,0
443,aus,Australia,1991,53117,0,0,53117,0,53117,0,0,0,0
444,aus,Australia,1992,52604,0,0,52604,0,52604,0,0,0,0
445,aus,Australia,1993,53505,0,0,53505,0,53505,0,0,0,0
446,aus,Australia,1994,57575,0,0,57575,0,57575,0,0,0,0
447,aus,Australia,1995,62145,0,0,62145,0,62145,0,0,0,0
448,aus,Australia,1996,67298,0,0,67298,0,67298,0,0,0,0
449,aus,Australia,1997,66056,0,0,66056,0,66056,0,0,0,0
450,aus,Australia,1998,69714,0,0,69714,0,69714,0,0,0,0
451,aus,Australia,1999,64879,0,0,64879,0,64879,0,0,0,0
452,aus,Australia,2000,60219,10877,0,71096,0,71096,0,5,5,5
453,aus,Australia,2001,57885,11558,0,69443,0,69443,0,10,10,10
454,aus,Australia,2002,59422,7271,0,66693,0,66693,9,14,23,23
455,aus,Australia,2003,56242,2978,0,59220,0,59220,12,5,17,17
456,aus,Australia,2004,63478,5017,0,68495,0,68495,11,7,18,18
457,aus,Australia,2005,64955,1756,0,66711,0,66711,41,0,41,41
458,aus,Australia,2006,68942,1366,0,70308,0,70308,29,5,34,34
459,aus,Australia,2007,22161,1459,0,23620,0,23620,57,0,57,57
460,aus,Australia,2008,20915,2140,0,23055,0,23055,37,9,46,46
461,aus,Australia,2009,22543,2306,0,24849,0,24849,23,9,32,32
462,aus,Australia,2010,21790,3714,0,25504,0,25504,38,10,48,48
463,aus,Australia,2011,23423,5210,0,28633,0,28633,38,5,43,43
464,aus,Australia,2012,30061,10991,0,41052,0,41052,47,5,52,52
465,aus,Australia,2013,34485,13509,0,47994,0,47994,27,5,32,32
466,aus,Australia,2014,35565,21462,0,57027,0,57027,27,0,27,27
467,aus,Australia,2015,36917,20752,0,57669,0,57669,21,0,21,21
468,aus,Australia,2016,42187,29633,0,71820,0,71820,15,10,25,25
469,aus,Australia,2017,48480,48029,0,96509,0,96509,10,10,20,20
470,aus,Australia,2018,56934,60645,0,117579,0,117579,10,17,27,27
471,aus,Australia,2019,58529,77362,0,135891,0,135891,20,50,70,70
472,aus,Australia,2020,57411,80801,0,138212,0,138212,20,12,32,32
473,aus,Australia,2021,55606,82810,0,138416,0,138416,16,21,37,37
474,aus,Australia,2022,54430,90549,0,144979,0,144979,36,25,61,61
475,aus,Australia,2023,34502,82625,0,117127,0,117127,29,68,97,97
476,aus,Australia,2024,29511,91278,0,120789,0,120789,31,83,114,114
477,aus,Australia,2025,33415,82925,0,116340,0,116340,41,31,72,72
478,aut,Austria,1951,282000,0,0,282000,0,282000,0,0,0,0
479,aut,Austria,1952,238200,0,0,238200,0,238200,0,0,0,0
480,aut,Austria,1953,215200,0,0,215200,0,215200,0,0,0,0
481,aut,Austria,1954,150000,0,0,150000,0,150000,0,0,0,0
482,aut,Austria,1955,110000,0,0,110000,0,110000,0,0,0,0
483,aut,Austria,1956,140000,0,0,140000,0,140000,0,0,0,0
484,aut,Austria,1957,68000,0,0,68000,0,68000,0,0,0,0
485,aut,Austria,1958,53000,0,0,53000,0,53000,0,0,0,0
486,aut,Austria,1959,44000,0,0,44000,0,44000,0,0,0,0
487,aut,Austria,1960,39000,0,0,39000,0,39000,0,0,0,0
488,aut,Austria,1961,34000,0,0,34000,0,34000,0,0,0,0
489,aut,Austria,1962,30000,0,0,30000,0,30000,0,0,0,0
490,aut,Austria,1963,27000,0,0,27000,0,27000,0,0,0,0
491,aut,Austria,1964,25000,0,0,25000,0,25000,0,0,0,0
492,aut,Austria,1965,25000,0,0,25000,0,25000,0,0,0,0
493,aut,Austria,1966,24500,0,0,24500,0,24500,0,0,0,0
494,aut,Austria,1967,24000,0,0,24000,0,24000,0,0,0,0
495,aut,Austria,1968,24000,0,0,24000,0,24000,0,0,0,0
496,aut,Austria,1969,25000,0,0,25000,0,25000,0,0,0,0
497,aut,Austria,1970,25300,0,0,25300,0,25300,0,0,0,0
498,aut,Austria,1971,25000,0,0,25000,0,25000,0,0,0,0
499,aut,Austria,1972,25000,0,0,25000,0,25000,0,0,0,0
500,aut,Austria,1973,25000,0,0,25000,0,25000,0,0,0,0
501,aut,Austria,1974,25000,0,0,25000,0,25000,0,0,0,0
502,aut,Austria,1975,20000,0,0,20000,0,20000,0,0,0,0
503,aut,Austria,1976,25000,0,0,25000,0,25000,0,0,0,0
504,aut,Austria,1977,20000,0,0,20000,0,20000,0,0,0,0
505,aut,Austria,1978,20000,0,0,20000,0,20000,0,0,0,0
506,aut,Austria,1979,25000,0,0,25000,0,25000,0,0,0,0
507,aut,Austria,1980,15525,0,0,15525,0,15525,0,0,0,0
508,aut,Austria,1981,17899,0,0,17899,0,17899,0,0,0,0
509,aut,Austria,1982,34963,0,0,34963,0,34963,0,0,0,0
510,aut,Austria,1983,37298,0,0,37298,0,37298,0,0,0,0
511,aut,Austria,1984,39099,0,0,39099,0,39099,0,0,0,0
512,aut,Austria,1985,40534,0,0,40534,0,40534,0,0,0,0
513,aut,Austria,1986,41176,0,0,41176,0,41176,0,0,0,0
514,aut,Austria,1987,41228,0,0,41228,0,41228,0,0,0,0
515,aut,Austria,1988,39830,0,0,39830,0,39830,0,0,0,0
516,aut,Austria,1989,39405,0,0,39405,0,39405,0,0,0,0
517,aut,Austria,1990,34938,0,0,34938,0,34938,0,0,0,0
518,aut,Austria,1991,34508,0,0,34508,0,34508,0,0,0,0
519,aut,Austria,1992,62355,0,0,62355,0,62355,0,0,0,0
520,aut,Austria,1993,57687,0,0,57687,0,57687,0,0,0,0
521,aut,Austria,1994,40703,0,0,40703,0,40703,60,0,60,60
522,aut,Austria,1995,34385,0,0,34385,0,34385,49,0,49,49
523,aut,Austria,1996,89116,0,0,89116,0,89116,53,0,53,53
524,aut,Austria,1997,84394,0,0,84394,0,84394,54,0,54,54
525,aut,Austria,1998,80294,0,0,80294,0,80294,63,0,63,63
526,aut,Austria,1999,82076,0,0,82076,0,82076,47,0,47,47
527,aut,Austria,2000,15493,9945,0,25438,0,25438,33,0,33,33
528,aut,Austria,2001,14375,15187,0,29562,0,29562,27,5,32,32
529,aut,Austria,2002,14122,29494,0,43616,0,43616,72,10,82,82
530,aut,Austria,2003,16097,33564,0,49661,0,49661,68,11,79,79
531,aut,Austria,2004,17777,38262,0,56039,0,56039,44,5,49,49
532,aut,Austria,2005,21212,40710,0,61922,0,61922,62,0,62,62
533,aut,Austria,2006,25475,42385,0,67860,0,67860,30,16,46,46
534,aut,Austria,2007,30767,38424,0,69191,0,69191,19,5,24,24
535,aut,Austria,2008,37546,36687,0,74233,0,74233,15,0,15,15
536,aut,Austria,2009,38895,32133,0,71028,0,71028,15,0,15,15
537,aut,Austria,2010,42613,25602,0,68215,0,68215,10,0,10,10
538,aut,Austria,2011,47055,24464,0,71519,0,71519,10,0,10,10
539,aut,Austria,2012,51707,22418,0,74125,0,74125,15,5,20,20
540,aut,Austria,2013,55575,22731,0,78306,0,78306,5,10,15,15
541,aut,Austria,2014,60724,22745,0,83469,0,83469,5,0,5,5
542,aut,Austria,2015,72198,80060,0,152258,0,152258,0,5,5,5
543,aut,Austria,2016,93242,76382,0,169624,0,169624,0,5,5,5
544,aut,Austria,2017,115252,56279,0,171531,0,171531,10,26,36,36
545,aut,Austria,2018,128779,37347,0,166126,0,166126,24,10,34,34
546,aut,Austria,2019,135951,26696,0,162647,0,162647,18,10,28,28
547,aut,Austria,2020,141816,20710,0,162526,0,162526,18,0,18,18
548,aut,Austria,2021,152514,27847,0,180361,0,180361,23,5,28,28
549,aut,Austria,2022,258613,53087,0,311700,0,311700,41,17,58,58
550,aut,Austria,2023,257811,38039,0,295850,0,295850,23,30,53,53
551,aut,Austria,2024,284828,28883,0,313711,0,313711,33,40,73,73
552,aut,Austria,2025,286651,22014,0,308665,0,308665,33,16,49,49
553,aze,Azerbaijan,1992,246000,0,0,246000,0,246000,300000,0,300000,300000
554,aze,Azerbaijan,1993,228840,0,0,228840,778000,1006840,328005,0,328005,1106005
555,aze,Azerbaijan,1994,231635,0,0,231635,663100,894735,299092,0,299092,962192
556,aze,Azerbaijan,1995,233682,0,0,233682,622100,855782,200519,0,200519,822619
557,aze,Azerbaijan,1996,233693,0,0,233693,549030,782723,236086,0,236086,785116
558,aze,Azerbaijan,1997,233716,0,0,233716,551077,784793,234949,0,234949,786026
559,aze,Azerbaijan,1998,221636,0,0,221636,576321,797957,329655,0,329655,905976
560,aze,Azerbaijan,1999,221642,0,0,221642,569550,791192,311131,0,311131,880681
561,aze,Azerbaijan,2000,280,3378,0,3658,572451,576109,284278,5282,289560,862011
562,aze,Azerbaijan,2001,363,6546,0,6909,572955,579864,268755,5740,274495,847450
563,aze,Azerbaijan,2002,453,8116,0,8569,577179,585748,260217,4986,265203,842382
564,aze,Azerbaijan,2003,324,8796,0,9120,575609,584729,253248,4633,257881,833490
565,aze,Azerbaijan,2004,8604,1228,0,9832,578545,588377,250584,3951,254535,833080
566,aze,Azerbaijan,2005,3004,101,0,3105,578545,581650,233678,4121,237799,816344
567,aze,Azerbaijan,2006,2619,83,0,2702,686586,689288,126068,3095,129163,815749
568,aze,Azerbaijan,2007,2351,69,0,2420,686586,689006,15922,1903,17825,704411
569,aze,Azerbaijan,2008,2060,40,0,2100,603251,605351,16321,1876,18197,621448
570,aze,Azerbaijan,2009,1643,47,0,1690,586013,587703,16945,2465,19410,605423
571,aze,Azerbaijan,2010,1894,15,0,1909,592860,594769,16756,2072,18828,611688
572,aze,Azerbaijan,2011,1727,42,0,1769,599192,600961,16168,2188,18356,617548
573,aze,Azerbaijan,2012,1467,137,0,1604,600336,601940,15541,2187,17728,618064
574,aze,Azerbaijan,2013,1377,268,0,1645,609029,610674,10808,3613,14421,623450
575,aze,Azerbaijan,2014,1298,398,0,1696,622892,624588,10508,4391,14899,637791
576,aze,Azerbaijan,2015,1279,215,0,1494,618220,619714,9707,5212,14919,633139
577,aze,Azerbaijan,2016,1193,255,0,1448,613129,614577,10118,8098,18216,631345
578,aze,Azerbaijan,2017,1120,124,0,1244,612785,614029,10893,9541,20434,633219
579,aze,Azerbaijan,2018,1130,209,0,1339,620423,621762,11246,9318,20564,640987
580,aze,Azerbaijan,2019,1109,181,0,1290,652326,653616,11626,8232,19858,672184
581,aze,Azerbaijan,2020,1572,48,0,1620,653921,655541,101468,6425,107893,761814
582,aze,Azerbaijan,2021,1676,34,0,1710,654839,656549,39478,5235,44713,699552
583,aze,Azerbaijan,2022,6414,152,0,6566,658793,665359,42116,5726,47842,706635
584,aze,Azerbaijan,2023,5771,168,0,5939,657749,663688,158098,6777,164875,822624
585,aze,Azerbaijan,2024,6431,267,0,6698,655212,661910,153154,7626,160780,815992
586,aze,Azerbaijan,2025,6389,199,0,6588,657155,663743,130983,6242,137225,794380
587,bdi,Burundi,1961,30000,0,0,30000,0,30000,0,0,0,0
588,bdi,Burundi,1962,30000,0,0,30000,0,30000,0,0,0,0
589,bdi,Burundi,1963,34000,0,0,34000,0,34000,0,0,0,0
590,bdi,Burundi,1964,78000,0,0,78000,0,78000,0,0,0,0
591,bdi,Burundi,1965,65000,0,0,65000,0,65000,3000,0,3000,3000
592,bdi,Burundi,1966,79000,0,0,79000,0,79000,250,0,250,250
593,bdi,Burundi,1967,79000,0,0,79000,0,79000,0,0,0,0
594,bdi,Burundi,1968,72200,0,0,72200,0,72200,0,0,0,0
595,bdi,Burundi,1969,46200,0,0,46200,0,46200,0,0,0,0
596,bdi,Burundi,1970,38800,0,0,38800,0,38800,0,0,0,0
597,bdi,Burundi,1971,32950,0,0,32950,0,32950,0,0,0,0
598,bdi,Burundi,1972,43390,0,0,43390,0,43390,129000,0,129000,129000
599,bdi,Burundi,1973,49000,0,0,49000,0,49000,131895,0,131895,131895
600,bdi,Burundi,1974,48500,0,0,48500,0,48500,120880,0,120880,120880
601,bdi,Burundi,1975,49500,0,0,49500,0,49500,141940,0,141940,141940
602,bdi,Burundi,1976,49500,0,0,49500,0,49500,152320,0,152320,152320
603,bdi,Burundi,1977,50000,0,0,50000,0,50000,153550,0,153550,153550
604,bdi,Burundi,1978,50340,0,0,50340,0,50340,148180,0,148180,148180
605,bdi,Burundi,1979,50490,0,0,50490,0,50490,151680,0,151680,151680
606,bdi,Burundi,1980,234560,0,0,234560,0,234560,169770,0,169770,169770
607,bdi,Burundi,1981,234590,0,0,234590,0,234590,182950,0,182950,182950
608,bdi,Burundi,1982,253170,0,0,253170,0,253170,176270,0,176270,176270
609,bdi,Burundi,1983,253820,0,0,253820,0,253820,176550,0,176550,176550
610,bdi,Burundi,1984,273810,0,0,273810,0,273810,182910,0,182910,182910
611,bdi,Burundi,1985,267440,0,0,267440,0,267440,199810,0,199810,199810
612,bdi,Burundi,1986,267500,0,0,267500,0,267500,210620,0,210620,210620
613,bdi,Burundi,1987,267500,0,0,267500,0,267500,186910,0,186910,186910
614,bdi,Burundi,1988,267500,0,0,267500,0,267500,190153,0,190153,190153
615,bdi,Burundi,1989,267455,0,0,267455,0,267455,191441,0,191441,191441
616,bdi,Burundi,1990,268403,0,0,268403,0,268403,191619,0,191619,191619
617,bdi,Burundi,1991,270136,0,0,270136,0,270136,223942,0,223942,223942
618,bdi,Burundi,1992,271745,0,0,271745,0,271745,184129,0,184129,184129
619,bdi,Burundi,1993,271883,0,0,271883,0,271883,871376,0,871376,871376
620,bdi,Burundi,1994,300302,0,0,300302,89900,390202,389698,0,389698,479598
621,bdi,Burundi,1995,173016,0,0,173016,216400,389416,350575,0,350575,566975
622,bdi,Burundi,1996,20734,0,0,20734,882900,903634,428680,0,428680,1311580
623,bdi,Burundi,1997,22027,0,0,22027,586083,608110,519116,0,519116,1105199
624,bdi,Burundi,1998,25092,0,0,25092,100000,125092,502555,0,502555,602555
625,bdi,Burundi,1999,22107,0,0,22107,50000,72107,527437,0,527437,577437
626,bdi,Burundi,2000,27133,6014,0,33147,56000,89147,568070,3626,571696,627696
627,bdi,Burundi,2001,27895,7990,0,35885,20000,55885,553987,3914,557901,577901
628,bdi,Burundi,2002,40532,8770,0,49302,100000,149302,574552,7436,581988,681988
629,bdi,Burundi,2003,40970,10565,0,51535,1970,53505,531626,8047,539673,541643
630,bdi,Burundi,2004,48807,10705,0,59512,855,60367,485753,7852,493605,494460
631,bdi,Burundi,2005,20679,19898,0,40577,11500,52077,438695,8260,446955,458455
632,bdi,Burundi,2006,13174,7139,0,20313,13850,34163,396533,5519,402052,415902
633,bdi,Burundi,2007,24482,7528,0,32010,0,32010,375720,7040,382760,382760
634,bdi,Burundi,2008,21092,5269,0,26361,100000,126361,281583,6629,288212,388212
635,bdi,Burundi,2009,24965,6337,0,31302,100000,131302,94221,4845,99066,199066
636,bdi,Burundi,2010,29364,12059,0,41423,157167,198590,84053,7494,91547,248714
637,bdi,Burundi,2011,35658,10054,0,45712,78796,124508,101282,9495,110777,189573
638,bdi,Burundi,2012,41811,6129,0,47940,78948,126888,73354,12957,86311,165259
639,bdi,Burundi,2013,45487,6046,0,51533,78948,130481,72636,14396,87032,165980
640,bdi,Burundi,2014,52931,3046,0,55977,78948,134925,72477,19357,91834,170782
641,bdi,Burundi,2015,53356,2930,0,56286,25000,81286,292750,26856,319606,344606
642,bdi,Burundi,2016,57462,3608,0,61070,141221,202291,408066,24395,432461,573682
643,bdi,Burundi,2017,62353,3551,0,65904,57258,123162,439320,60433,499753,557011
644,bdi,Burundi,2018,71501,5658,0,77159,31909,109068,387850,53360,441210,473119
645,bdi,Burundi,2019,78465,8995,0,87460,33256,120716,380900,53166,434066,467322
646,bdi,Burundi,2020,75461,4914,0,80375,21863,102238,372951,50227,423178,445041
647,bdi,Burundi,2021,81491,4297,0,85788,19176,104964,323635,52171,375806,394982
648,bdi,Burundi,2022,84636,3950,0,88586,8495,97081,320702,56399,377101,385596
649,bdi,Burundi,2023,85229,2270,0,87499,8177,95676,319857,61035,380892,389069
650,bdi,Burundi,2024,89075,2089,0,91164,6877,98041,322462,60731,383193,390070
651,bdi,Burundi,2025,110800,1466,0,112266,6815,119081,318291,64899,383190,390005
652,bel,Belgium,1951,55000,0,0,55000,0,55000,0,0,0,0
653,bel,Belgium,1952,53500,0,0,53500,0,53500,0,0,0,0
654,bel,Belgium,1953,53000,0,0,53000,0,53000,0,0,0,0
655,bel,Belgium,1954,53000,0,0,53000,0,53000,0,0,0,0
656,bel,Belgium,1955,53000,0,0,53000,0,53000,0,0,0,0
657,bel,Belgium,1956,65000,0,0,65000,0,65000,0,0,0,0
658,bel,Belgium,1957,69000,0,0,69000,0,69000,0,0,0,0
659,bel,Belgium,1958,63000,0,0,63000,0,63000,0,0,0,0
660,bel,Belgium,1959,58000,0,0,58000,0,58000,0,0,0,0
661,bel,Belgium,1960,55000,0,0,55000,0,55000,0,0,0,0
662,bel,Belgium,1961,53000,0,0,53000,0,53000,0,0,0,0
663,bel,Belgium,1962,51000,0,0,51000,0,51000,0,0,0,0
664,bel,Belgium,1963,50000,0,0,50000,0,50000,0,0,0,0
665,bel,Belgium,1964,47000,0,0,47000,0,47000,0,0,0,0
666,bel,Belgium,1965,47000,0,0,47000,0,47000,0,0,0,0
667,bel,Belgium,1966,40000,0,0,40000,0,40000,0,0,0,0
668,bel,Belgium,1967,34000,0,0,34000,0,34000,0,0,0,0
669,bel,Belgium,1968,33000,0,0,33000,0,33000,0,0,0,0
670,bel,Belgium,1969,30000,0,0,30000,0,30000,0,0,0,0
671,bel,Belgium,1970,31500,0,0,31500,0,31500,0,0,0,0
672,bel,Belgium,1971,29000,0,0,29000,0,29000,0,0,0,0
673,bel,Belgium,1972,29000,0,0,29000,0,29000,0,0,0,0
674,bel,Belgium,1973,20000,0,0,20000,0,20000,0,0,0,0
675,bel,Belgium,1974,11100,0,0,11100,0,11100,0,0,0,0
676,bel,Belgium,1975,16788,0,0,16788,0,16788,0,0,0,0
677,bel,Belgium,1976,17000,0,0,17000,0,17000,0,0,0,0
678,bel,Belgium,1977,17000,0,0,17000,0,17000,0,0,0,0
679,bel,Belgium,1978,17000,0,0,17000,0,17000,0,0,0,0
680,bel,Belgium,1979,32000,0,0,32000,0,32000,0,0,0,0
681,bel,Belgium,1980,33000,0,0,33000,0,33000,0,0,0,0
682,bel,Belgium,1981,35000,0,0,35000,0,35000,0,0,0,0
683,bel,Belgium,1982,21000,0,0,21000,0,21000,0,0,0,0
684,bel,Belgium,1983,35000,0,0,35000,0,35000,0,0,0,0
685,bel,Belgium,1984,36400,0,0,36400,0,36400,0,0,0,0
686,bel,Belgium,1985,36600,0,0,36600,0,36600,0,0,0,0
687,bel,Belgium,1986,35900,0,0,35900,0,35900,0,0,0,0
688,bel,Belgium,1987,22000,0,0,22000,0,22000,0,0,0,0
689,bel,Belgium,1988,23117,0,0,23117,0,23117,0,0,0,0
690,bel,Belgium,1989,25531,0,0,25531,0,25531,0,0,0,0
691,bel,Belgium,1990,25911,0,0,25911,0,25911,0,0,0,0
692,bel,Belgium,1991,24071,0,0,24071,0,24071,0,0,0,0
693,bel,Belgium,1992,24292,0,0,24292,0,24292,0,0,0,0
694,bel,Belgium,1993,24908,0,0,24908,0,24908,0,0,0,0
695,bel,Belgium,1994,19497,0,0,19497,0,19497,0,0,0,0
696,bel,Belgium,1995,31691,0,0,31691,0,31691,5,0,5,5
697,bel,Belgium,1996,36060,0,0,36060,0,36060,5,0,5,5
698,bel,Belgium,1997,36060,0,0,36060,0,36060,9,0,9,9
699,bel,Belgium,1998,15501,0,0,15501,0,15501,14,0,14,14
700,bel,Belgium,1999,16747,0,0,16747,0,16747,15,0,15,15
701,bel,Belgium,2000,18821,46240,0,65061,0,65061,20,20,40,40
702,bel,Belgium,2001,12252,664,0,12916,0,12916,11,18,29,29
703,bel,Belgium,2002,12560,20027,0,32587,0,32587,21,24,45,45
704,bel,Belgium,2003,12583,22582,0,35165,0,35165,40,11,51,51
705,bel,Belgium,2004,13522,22857,0,36379,0,36379,41,17,58,58
706,bel,Belgium,2005,15277,18895,0,34172,0,34172,95,20,115,115
707,bel,Belgium,2006,16811,15715,0,32526,0,32526,63,35,98,98
708,bel,Belgium,2007,17578,15247,0,32825,0,32825,53,10,63,63
709,bel,Belgium,2008,17025,14261,0,31286,0,31286,58,27,85,85
710,bel,Belgium,2009,15536,18233,0,33769,0,33769,66,24,90,90
711,bel,Belgium,2010,17891,18288,0,36179,0,36179,80,6,86,86
712,bel,Belgium,2011,22396,19006,0,41402,0,41402,88,0,88,88
713,bel,Belgium,2012,22023,15023,0,37046,0,37046,91,13,104,104
714,bel,Belgium,2013,25617,11479,0,37096,0,37096,76,31,107,107
715,bel,Belgium,2014,29170,9943,0,39113,0,39113,76,21,97,97
716,bel,Belgium,2015,35302,35996,0,71298,0,71298,66,37,103,103
717,bel,Belgium,2016,42158,24098,0,66256,0,66256,44,20,64,64
718,bel,Belgium,2017,42158,18760,0,60918,0,60918,52,37,89,89
719,bel,Belgium,2018,42158,19550,0,61708,0,61708,50,79,129,129
720,bel,Belgium,2019,61662,10862,0,72524,0,72524,34,105,139,139
721,bel,Belgium,2020,64973,29305,0,94278,0,94278,28,62,90,90
722,bel,Belgium,2021,74063,28955,0,103018,0,103018,29,89,118,118
723,bel,Belgium,2022,150713,41810,0,192523,0,192523,28,86,114,114
724,bel,Belgium,2023,167831,44600,0,212431,0,212431,53,149,202,202
725,bel,Belgium,2024,183551,53138,0,236689,0,236689,93,187,280,280
726,bel,Belgium,2025,186393,58725,0,245118,0,245118,113,69,182,182
727,ben,Benin,1969,1100,0,0,1100,0,1100,0,0,0,0
728,ben,Benin,1970,0,0,0,0,0,0,0,0,0,0
729,ben,Benin,1971,0,0,0,0,0,0,0,0,0,0
730,ben,Benin,1972,0,0,0,0,0,0,0,0,0,0
731,ben,Benin,1973,0,0,0,0,0,0,0,0,0,0
732,ben,Benin,1974,0,0,0,0,0,0,0,0,0,0
733,ben,Benin,1975,0,0,0,0,0,0,0,0,0,0
734,ben,Benin,1976,0,0,0,0,0,0,100,0,100,100
735,ben,Benin,1977,0,0,0,0,0,0,0,0,0,0
736,ben,Benin,1978,0,0,0,0,0,0,200,0,200,200
737,ben,Benin,1979,0,0,0,0,0,0,200,0,200,200
738,ben,Benin,1980,0,0,0,0,0,0,0,0,0,0
739,ben,Benin,1981,0,0,0,0,0,0,0,0,0,0
740,ben,Benin,1982,0,0,0,0,0,0,0,0,0,0
741,ben,Benin,1983,50,0,0,50,0,50,0,0,0,0
742,ben,Benin,1984,800,0,0,800,0,800,0,0,0,0
743,ben,Benin,1985,3700,0,0,3700,0,3700,0,0,0,0
744,ben,Benin,1986,3740,0,0,3740,0,3740,50,0,50,50
745,ben,Benin,1987,3050,0,0,3050,0,3050,50,0,50,50
746,ben,Benin,1988,1176,0,0,1176,0,1176,50,0,50,50
747,ben,Benin,1989,858,0,0,858,0,858,60,0,60,60
748,ben,Benin,1990,456,0,0,456,0,456,0,0,0,0
749,ben,Benin,1991,456,0,0,456,0,456,0,0,0,0
750,ben,Benin,1992,293,0,0,293,0,293,0,0,0,0
751,ben,Benin,1993,156239,0,0,156239,0,156239,62,0,62,62
752,ben,Benin,1994,70403,0,0,70403,0,70403,72,0,72,72
753,ben,Benin,1995,23843,0,0,23843,0,23843,50,0,50,50
754,ben,Benin,1996,5961,0,0,5961,0,5961,42,0,42,42
755,ben,Benin,1997,2914,0,0,2914,0,2914,41,0,41,41
756,ben,Benin,1998,2898,0,0,2898,0,2898,45,0,45,45
757,ben,Benin,1999,3652,0,0,3652,0,3652,44,0,44,44
758,ben,Benin,2000,4290,58,0,4348,0,4348,47,148,195,195
759,ben,Benin,2001,4794,208,0,5002,0,5002,52,182,234,234
760,ben,Benin,2002,5014,311,0,5325,0,5325,228,226,454,454
761,ben,Benin,2003,5032,804,0,5836,0,5836,274,247,521,521
762,ben,Benin,2004,4800,1040,0,5840,0,5840,299,211,510,510
763,ben,Benin,2005,30288,1682,0,31970,0,31970,402,272,674,674
764,ben,Benin,2006,10785,1338,0,12123,0,12123,207,154,361,361
765,ben,Benin,2007,7611,527,0,8138,0,8138,265,155,420,420
766,ben,Benin,2008,6927,197,0,7124,0,7124,315,179,494,494
767,ben,Benin,2009,7204,122,0,7326,0,7326,409,199,608,608
768,ben,Benin,2010,7136,93,0,7229,0,7229,438,225,663,663
769,ben,Benin,2011,7213,354,0,7567,0,7567,460,269,729,729
770,ben,Benin,2012,4960,133,0,5093,0,5093,451,428,879,879
771,ben,Benin,2013,190,106,0,296,0,296,294,501,795,795
772,ben,Benin,2014,414,68,0,482,0,482,330,684,1014,1014
773,ben,Benin,2015,526,176,0,702,0,702,400,1141,1541,1541
774,ben,Benin,2016,804,224,0,1028,0,1028,479,1145,1624,1624
775,ben,Benin,2017,1056,262,0,1318,0,1318,572,1131,1703,1703
776,ben,Benin,2018,1167,308,0,1475,0,1475,659,1078,1737,1737
777,ben,Benin,2019,1238,373,0,1611,0,1611,721,1214,1935,1935
778,ben,Benin,2020,1396,464,0,1860,0,1860,606,1350,1956,1956
779,ben,Benin,2021,1736,506,0,2242,0,2242,730,1382,2112,2112
780,ben,Benin,2022,1779,1460,0,3239,0,3239,811,1407,2218,2218
781,ben,Benin,2023,2825,10133,0,12958,8785,21743,905,2816,3721,12506
782,ben,Benin,2024,16232,6993,0,23225,8785,32010,1064,3725,4789,13574
783,ben,Benin,2025,16974,11947,0,28921,27294,56215,1279,3408,4687,31981
784,bfa,Burkina Faso,1983,70,0,0,70,0,70,0,0,0,0
785,bfa,Burkina Faso,1984,100,0,0,100,0,100,50,0,50,50
786,bfa,Burkina Faso,1985,90,0,0,90,0,90,90,0,90,90
787,bfa,Burkina Faso,1986,220,0,0,220,0,220,110,0,110,110
788,bfa,Burkina Faso,1987,270,0,0,270,0,270,50,0,50,50
789,bfa,Burkina Faso,1988,260,0,0,260,0,260,0,0,0,0
790,bfa,Burkina Faso,1989,360,0,0,360,0,360,0,0,0,0
791,bfa,Burkina Faso,1990,350,0,0,350,0,350,0,0,0,0
792,bfa,Burkina Faso,1991,320,0,0,320,0,320,6,0,6,6
793,bfa,Burkina Faso,1992,5670,0,0,5670,0,5670,61,0,61,61
794,bfa,Burkina Faso,1993,6597,0,0,6597,0,6597,61,0,61,61
795,bfa,Burkina Faso,1994,49990,0,0,49990,0,49990,69,0,69,69
796,bfa,Burkina Faso,1995,29777,0,0,29777,0,29777,60,0,60,60
797,bfa,Burkina Faso,1996,28381,0,0,28381,0,28381,64,0,64,64
798,bfa,Burkina Faso,1997,1799,0,0,1799,0,1799,112,0,112,112
799,bfa,Burkina Faso,1998,562,0,0,562,0,562,100,0,100,100
800,bfa,Burkina Faso,1999,672,0,0,672,0,672,101,0,101,101
801,bfa,Burkina Faso,2000,692,309,0,1001,0,1001,124,242,366,366
802,bfa,Burkina Faso,2001,457,250,0,707,0,707,90,242,332,332
803,bfa,Burkina Faso,2002,457,371,0,828,0,828,970,180,1150,1150
804,bfa,Burkina Faso,2003,466,491,0,957,0,957,852,150,1002,1002
805,bfa,Burkina Faso,2004,494,515,0,1009,0,1009,575,112,687,687
806,bfa,Burkina Faso,2005,513,774,0,1287,0,1287,602,199,801,801
807,bfa,Burkina Faso,2006,512,760,0,1272,0,1272,373,193,566,566
808,bfa,Burkina Faso,2007,535,601,0,1136,0,1136,557,254,811,811
809,bfa,Burkina Faso,2008,556,608,0,1164,0,1164,719,310,1029,1029
810,bfa,Burkina Faso,2009,543,512,0,1055,0,1055,983,377,1360,1360
811,bfa,Burkina Faso,2010,530,531,0,1061,0,1061,1141,499,1640,1640
812,bfa,Burkina Faso,2011,549,667,0,1216,0,1216,1262,337,1599,1599
813,bfa,Burkina Faso,2012,39304,684,0,39988,0,39988,1458,504,1962,1962
814,bfa,Burkina Faso,2013,29233,786,0,30019,0,30019,1578,937,2515,2515
815,bfa,Burkina Faso,2014,31894,201,0,32095,0,32095,1853,1566,3419,3419
816,bfa,Burkina Faso,2015,34017,141,0,34158,0,34158,2147,2691,4838,4838
817,bfa,Burkina Faso,2016,32551,126,0,32677,0,32677,2352,4195,6547,6547
818,bfa,Burkina Faso,2017,24152,43,0,24195,2350,26545,2694,5557,8251,10601
819,bfa,Burkina Faso,2018,25120,40,0,25160,47030,72190,11447,4949,16396,63426
820,bfa,Burkina Faso,2019,25869,29,0,25898,560033,585931,11733,4996,16729,576762
821,bfa,Burkina Faso,2020,20252,30,0,20282,1074993,1095275,15694,5110,20804,1095797
822,bfa,Burkina Faso,2021,25010,9413,0,34423,1579976,1614399,20209,5585,25794,1605770
823,bfa,Burkina Faso,2022,34375,551,0,34926,1882391,1917317,29914,35535,65449,1947840
824,bfa,Burkina Faso,2023,37735,1146,0,38881,2062534,2101415,54869,90419,145288,2207822
825,bfa,Burkina Faso,2024,39915,1493,0,41408,2062534,2103942,150081,130695,280776,2343310
826,bfa,Burkina Faso,2025,40996,1957,0,42953,2062534,2105487,351209,69817,421026,2483560
827,bgd,Bangladesh,1974,0,0,0,0,0,0,0,0,0,0
828,bgd,Bangladesh,1975,0,0,0,0,0,0,0,0,0,0
829,bgd,Bangladesh,1976,0,0,0,0,0,0,0,0,0,0
830,bgd,Bangladesh,1977,0,0,0,0,0,0,0,0,0,0
831,bgd,Bangladesh,1978,164000,0,0,164000,0,164000,0,0,0,0
832,bgd,Bangladesh,1979,0,0,0,0,0,0,0,0,0,0
833,bgd,Bangladesh,1980,0,0,0,0,0,0,0,0,0,0
834,bgd,Bangladesh,1981,0,0,0,0,0,0,0,0,0,0
835,bgd,Bangladesh,1982,0,0,0,0,0,0,0,0,0,0
836,bgd,Bangladesh,1983,0,0,0,0,0,0,0,0,0,0
837,bgd,Bangladesh,1984,0,0,0,0,0,0,0,0,0,0
838,bgd,Bangladesh,1985,0,0,0,0,0,0,0,0,0,0
839,bgd,Bangladesh,1986,0,0,0,0,0,0,0,0,0,0
840,bgd,Bangladesh,1987,0,0,0,0,0,0,0,0,0,0
841,bgd,Bangladesh,1988,0,0,0,0,0,0,5,0,5,5
842,bgd,Bangladesh,1989,0,0,0,0,0,0,5,0,5,5
843,bgd,Bangladesh,1990,145,0,0,145,0,145,477,0,477,477
844,bgd,Bangladesh,1991,40260,0,0,40260,0,40260,613,0,613,613
845,bgd,Bangladesh,1992,245154,0,0,245154,0,245154,53921,0,53921,53921
846,bgd,Bangladesh,1993,198950,0,0,198950,0,198950,57154,0,57154,57154
847,bgd,Bangladesh,1994,116227,0,0,116227,0,116227,56196,0,56196,56196
848,bgd,Bangladesh,1995,51117,0,0,51117,0,51117,56958,0,56958,56958
849,bgd,Bangladesh,1996,30690,0,0,30690,0,30690,57962,0,57962,57962
850,bgd,Bangladesh,1997,21603,0,0,21603,0,21603,44375,0,44375,44375
851,bgd,Bangladesh,1998,22275,0,0,22275,0,22275,4659,0,4659,4659
852,bgd,Bangladesh,1999,22209,0,0,22209,0,22209,4470,0,4470,4470
853,bgd,Bangladesh,2000,21623,0,0,21623,0,21623,5404,3322,8726,8726
854,bgd,Bangladesh,2001,22169,20,0,22189,0,22189,5544,3444,8988,8988
855,bgd,Bangladesh,2002,22024,21,0,22045,0,22045,5804,4827,10631,10631
856,bgd,Bangladesh,2003,19791,8,0,19799,0,19799,5563,8272,13835,13835
857,bgd,Bangladesh,2004,20450,9,0,20459,0,20459,5733,9339,15072,15072
858,bgd,Bangladesh,2005,21099,57,0,21156,0,21156,7303,10156,17459,17459
859,bgd,Bangladesh,2006,26308,78,0,26386,0,26386,7796,4009,11805,11805
860,bgd,Bangladesh,2007,27571,50,0,27621,0,27621,10235,7328,17563,17563
861,bgd,Bangladesh,2008,28384,0,0,28384,0,28384,10097,6713,16810,16810
862,bgd,Bangladesh,2009,228587,0,0,228587,0,228587,10428,1827,12255,12255
863,bgd,Bangladesh,2010,229256,0,0,229256,0,229256,10046,6492,16538,16538
864,bgd,Bangladesh,2011,229669,0,0,229669,0,229669,10047,5238,15285,15285
865,bgd,Bangladesh,2012,230696,0,0,230696,0,230696,10159,8162,18321,18321
866,bgd,Bangladesh,2013,231142,8,0,231150,0,231150,9720,22857,32577,32577
867,bgd,Bangladesh,2014,232468,14,0,232482,0,232482,10868,21604,32472,32472
868,bgd,Bangladesh,2015,231954,0,0,231954,0,231954,12154,30544,42698,42698
869,bgd,Bangladesh,2016,276203,0,0,276203,0,276203,13842,25929,39771,39771
870,bgd,Bangladesh,2017,932209,115,0,932324,0,932324,16780,68118,84898,84898
871,bgd,Bangladesh,2018,906640,39,0,906679,0,906679,21022,58843,79865,79865
872,bgd,Bangladesh,2019,854779,34,0,854813,0,854813,22766,62860,85626,85626
873,bgd,Bangladesh,2020,866534,18,0,866552,0,866552,18948,64636,83584,83584
874,bgd,Bangladesh,2021,918907,48,0,918955,0,918955,22672,65495,88167,88167
875,bgd,Bangladesh,2022,952384,24,0,952408,0,952408,23935,61298,85233,85233
876,bgd,Bangladesh,2023,971984,0,0,971984,0,971984,24126,75867,99993,99993
877,bgd,Bangladesh,2024,1005602,35,0,1005637,0,1005637,28473,108131,136604,136604
878,bgd,Bangladesh,2025,1178038,67,0,1178105,0,1178105,31862,92441,124303,124303
879,bgr,Bulgaria,1969,0,0,0,0,0,0,90,0,90,90
880,bgr,Bulgaria,1970,0,0,0,0,0,0,320,0,320,320
881,bgr,Bulgaria,1971,0,0,0,0,0,0,340,0,340,340
882,bgr,Bulgaria,1972,0,0,0,0,0,0,340,0,340,340
883,bgr,Bulgaria,1973,0,0,0,0,0,0,340,0,340,340
884,bgr,Bulgaria,1974,0,0,0,0,0,0,300,0,300,300
885,bgr,Bulgaria,1975,0,0,0,0,0,0,300,0,300,300
886,bgr,Bulgaria,1976,0,0,0,0,0,0,0,0,0,0
887,bgr,Bulgaria,1977,0,0,0,0,0,0,0,0,0,0
888,bgr,Bulgaria,1978,0,0,0,0,0,0,290,0,290,290
889,bgr,Bulgaria,1979,0,0,0,0,0,0,0,0,0,0
890,bgr,Bulgaria,1980,0,0,0,0,0,0,329,0,329,329
891,bgr,Bulgaria,1981,0,0,0,0,0,0,274,0,274,274
892,bgr,Bulgaria,1982,0,0,0,0,0,0,257,0,257,257
893,bgr,Bulgaria,1983,0,0,0,0,0,0,227,0,227,227
894,bgr,Bulgaria,1984,0,0,0,0,0,0,183,0,183,183
895,bgr,Bulgaria,1985,0,0,0,0,0,0,190,0,190,190
896,bgr,Bulgaria,1986,0,0,0,0,0,0,160,0,160,160
897,bgr,Bulgaria,1987,0,0,0,0,0,0,138,0,138,138
898,bgr,Bulgaria,1988,0,0,0,0,0,0,898,0,898,898
899,bgr,Bulgaria,1989,0,0,0,0,0,0,869,0,869,869
900,bgr,Bulgaria,1990,0,0,0,0,0,0,1922,0,1922,1922
901,bgr,Bulgaria,1991,0,0,0,0,0,0,2733,0,2733,2733
902,bgr,Bulgaria,1992,218,0,0,218,0,218,2980,0,2980,2980
903,bgr,Bulgaria,1993,443,0,0,443,0,443,3157,0,3157,3157
904,bgr,Bulgaria,1994,1054,0,0,1054,0,1054,4692,0,4692,4692
905,bgr,Bulgaria,1995,1318,0,0,1318,0,1318,4157,0,4157,4157
906,bgr,Bulgaria,1996,1431,0,0,1431,0,1431,3246,0,3246,3246
907,bgr,Bulgaria,1997,382,0,0,382,0,382,3049,0,3049,3049
908,bgr,Bulgaria,1998,241,0,0,241,0,241,3121,0,3121,3121
909,bgr,Bulgaria,1999,542,0,0,542,0,542,2652,0,2652,2652
910,bgr,Bulgaria,2000,1470,1304,0,2774,0,2774,2404,1303,3707,3707
911,bgr,Bulgaria,2001,2984,1534,0,4518,0,4518,2122,1507,3629,3629
912,bgr,Bulgaria,2002,3642,1118,0,4760,0,4760,2843,1745,4588,4588
913,bgr,Bulgaria,2003,4047,736,0,4783,0,4783,2565,1373,3938,3938
914,bgr,Bulgaria,2004,4676,899,0,5575,0,5575,2227,1222,3449,3449
915,bgr,Bulgaria,2005,4388,787,0,5175,0,5175,4250,1212,5462,5462
916,bgr,Bulgaria,2006,4479,839,0,5318,0,5318,3431,821,4252,4252
917,bgr,Bulgaria,2007,4808,1002,0,5810,0,5810,3306,407,3713,3713
918,bgr,Bulgaria,2008,5108,1060,0,6168,0,6168,3036,295,3331,3331
919,bgr,Bulgaria,2009,5375,1175,0,6550,0,6550,2743,434,3177,3177
920,bgr,Bulgaria,2010,5519,1392,0,6911,0,6911,2558,124,2682,2682
921,bgr,Bulgaria,2011,5676,1381,0,7057,0,7057,2322,183,2505,2505
922,bgr,Bulgaria,2012,2273,1270,0,3543,0,3543,2143,136,2279,2279
923,bgr,Bulgaria,2013,4305,4539,0,8844,0,8844,1875,177,2052,2052
924,bgr,Bulgaria,2014,11026,6735,0,17761,0,17761,1644,187,1831,1831
925,bgr,Bulgaria,2015,16543,9488,0,26031,0,26031,1264,207,1471,1471
926,bgr,Bulgaria,2016,17794,16030,0,33824,0,33824,799,258,1057,1057
927,bgr,Bulgaria,2017,19166,2712,0,21878,0,21878,716,316,1032,1032
928,bgr,Bulgaria,2018,19906,1560,0,21466,0,21466,620,367,987,987
929,bgr,Bulgaria,2019,20438,1054,0,21492,0,21492,566,344,910,910
930,bgr,Bulgaria,2020,21113,1938,0,23051,0,23051,510,350,860,860
931,bgr,Bulgaria,2021,22830,7547,0,30377,0,30377,455,340,795,795
932,bgr,Bulgaria,2022,176297,11165,0,187462,0,187462,790,356,1146,1146
933,bgr,Bulgaria,2023,97618,11941,0,109559,0,109559,393,389,782,782
934,bgr,Bulgaria,2024,108747,5981,0,114728,0,114728,498,426,924,924
935,bgr,Bulgaria,2025,105596,1317,0,106913,0,106913,533,290,823,823
936,bhr,Bahrain,1974,60,0,0,60,0,60,0,0,0,0
937,bhr,Bahrain,1975,0,0,0,0,0,0,0,0,0,0
938,bhr,Bahrain,1976,0,0,0,0,0,0,0,0,0,0
939,bhr,Bahrain,1977,0,0,0,0,0,0,0,0,0,0
940,bhr,Bahrain,1978,0,0,0,0,0,0,0,0,0,0
941,bhr,Bahrain,1979,0,0,0,0,0,0,0,0,0,0
942,bhr,Bahrain,1980,0,0,0,0,0,0,0,0,0,0
943,bhr,Bahrain,1981,0,0,0,0,0,0,0,0,0,0
944,bhr,Bahrain,1982,0,0,0,0,0,0,0,0,0,0
945,bhr,Bahrain,1983,0,0,0,0,0,0,0,0,0,0
946,bhr,Bahrain,1984,0,0,0,0,0,0,0,0,0,0
947,bhr,Bahrain,1985,800,0,0,800,0,800,0,0,0,0
948,bhr,Bahrain,1986,0,0,0,0,0,0,0,0,0,0
949,bhr,Bahrain,1987,2360,0,0,2360,0,2360,0,0,0,0
950,bhr,Bahrain,1988,50,0,0,50,0,50,0,0,0,0
951,bhr,Bahrain,1989,150,0,0,150,0,150,0,0,0,0
952,bhr,Bahrain,1990,1780,0,0,1780,0,1780,39,0,39,39
953,bhr,Bahrain,1991,0,0,0,0,0,0,52,0,52,52
954,bhr,Bahrain,1992,0,0,0,0,0,0,53,0,53,53
955,bhr,Bahrain,1993,0,0,0,0,0,0,59,0,59,59
956,bhr,Bahrain,1994,0,0,0,0,0,0,74,0,74,74
957,bhr,Bahrain,1995,0,0,0,0,0,0,70,0,70,70
958,bhr,Bahrain,1996,0,0,0,0,0,0,64,0,64,64
959,bhr,Bahrain,1997,0,0,0,0,0,0,82,0,82,82
960,bhr,Bahrain,1998,0,0,0,0,0,0,94,0,94,94
961,bhr,Bahrain,1999,0,0,0,0,0,0,124,0,124,124
962,bhr,Bahrain,2000,0,0,0,0,0,0,92,51,143,143
963,bhr,Bahrain,2001,0,0,0,0,0,0,46,5,51,51
964,bhr,Bahrain,2002,0,0,0,0,0,0,49,5,54,54
965,bhr,Bahrain,2003,0,0,0,0,0,0,50,5,55,55
966,bhr,Bahrain,2004,0,5,0,5,0,5,52,18,70,70
967,bhr,Bahrain,2005,0,14,0,14,0,14,40,22,62,62
968,bhr,Bahrain,2006,0,15,0,15,0,15,56,14,70,70
969,bhr,Bahrain,2007,0,33,0,33,0,33,65,16,81,81
970,bhr,Bahrain,2008,48,48,0,96,0,96,72,10,82,82
971,bhr,Bahrain,2009,139,13,0,152,0,152,72,0,72,72
972,bhr,Bahrain,2010,165,66,0,231,0,231,81,24,105,105
973,bhr,Bahrain,2011,199,156,0,355,0,355,213,72,285,285
974,bhr,Bahrain,2012,289,46,0,335,0,335,294,103,397,397
975,bhr,Bahrain,2013,294,52,0,346,0,346,274,89,363,363
976,bhr,Bahrain,2014,310,44,0,354,0,354,344,98,442,442
977,bhr,Bahrain,2015,246,113,0,359,0,359,422,81,503,503
978,bhr,Bahrain,2016,270,111,0,381,0,381,461,118,579,579
979,bhr,Bahrain,2017,255,111,0,366,0,366,497,172,669,669
980,bhr,Bahrain,2018,262,58,0,320,0,320,540,136,676,676
981,bhr,Bahrain,2019,251,58,0,309,0,309,557,156,713,713
982,bhr,Bahrain,2020,256,104,0,360,0,360,534,118,652,652
983,bhr,Bahrain,2021,256,190,0,446,0,446,416,137,553,553
984,bhr,Bahrain,2022,255,122,0,377,0,377,312,158,470,470
985,bhr,Bahrain,2023,254,122,0,376,0,376,304,207,511,511
986,bhr,Bahrain,2024,250,121,0,371,0,371,289,325,614,614
987,bhr,Bahrain,2025,240,122,0,362,0,362,267,130,397,397
988,bhs,Bahamas,1992,374,0,0,374,0,374,0,0,0,0
989,bhs,Bahamas,1993,59,0,0,59,0,59,0,0,0,0
990,bhs,Bahamas,1994,0,0,0,0,0,0,0,0,0,0
991,bhs,Bahamas,1995,8,0,0,8,0,8,0,0,0,0
992,bhs,Bahamas,1996,47,0,0,47,0,47,0,0,0,0
993,bhs,Bahamas,1997,58,0,0,58,0,58,0,0,0,0
994,bhs,Bahamas,1998,78,0,0,78,0,78,0,0,0,0
995,bhs,Bahamas,1999,98,0,0,98,0,98,0,0,0,0
996,bhs,Bahamas,2000,98,0,0,98,0,98,0,7,7,7
997,bhs,Bahamas,2001,0,0,0,0,0,0,0,26,26,26
998,bhs,Bahamas,2002,0,0,0,0,0,0,0,163,163,163
999,bhs,Bahamas,2003,0,0,0,0,0,0,0,18,18,18
1000,bhs,Bahamas,2004,0,0,0,0,0,0,0,19,19,19
1001,bhs,Bahamas,2005,0,0,0,0,0,0,0,18,18,18
1002,bhs,Bahamas,2006,0,0,0,0,0,0,12,22,34,34
1003,bhs,Bahamas,2007,0,0,0,0,0,0,14,23,37,37
1004,bhs,Bahamas,2008,0,0,0,0,0,0,11,26,37,37
1005,bhs,Bahamas,2009,0,0,0,0,0,0,12,32,44,44
1006,bhs,Bahamas,2010,27,8,0,35,0,35,17,28,45,45
1007,bhs,Bahamas,2011,27,13,0,40,0,40,184,35,219,219
1008,bhs,Bahamas,2012,36,13,0,49,0,49,195,32,227,227
1009,bhs,Bahamas,2013,14,13,0,27,0,27,208,27,235,235
1010,bhs,Bahamas,2014,12,19,0,31,0,31,216,40,256,256
1011,bhs,Bahamas,2015,7,20,0,27,0,27,216,80,296,296
1012,bhs,Bahamas,2016,9,17,0,26,0,26,298,119,417,417
1013,bhs,Bahamas,2017,8,15,0,23,0,23,378,235,613,613
1014,bhs,Bahamas,2018,14,24,0,38,0,38,421,391,812,812
1015,bhs,Bahamas,2019,10,13,0,23,0,23,501,528,1029,1029
1016,bhs,Bahamas,2020,15,13,0,28,0,28,534,695,1229,1229
1017,bhs,Bahamas,2021,10,13,0,23,0,23,736,658,1394,1394
1018,bhs,Bahamas,2022,10,31,0,41,0,41,781,1210,1991,1991
1019,bhs,Bahamas,2023,0,31,0,31,0,31,1067,1825,2892,2892
1020,bhs,Bahamas,2024,10,20,0,30,0,30,1449,2607,4056,4056
1021,bhs,Bahamas,2025,10,0,0,10,0,10,1598,760,2358,2358
1022,bih,Bosnia and Herzegovina,1992,0,0,0,0,0,0,437501,0,437501,437501
1023,bih,Bosnia and Herzegovina,1993,0,0,0,0,1290000,1290000,618428,0,618428,1908428
1024,bih,Bosnia and Herzegovina,1994,0,0,0,0,1282600,1282600,776090,0,776090,2058690
1025,bih,Bosnia and Herzegovina,1995,0,0,0,0,1097800,1097800,769753,0,769753,1867553
1026,bih,Bosnia and Herzegovina,1996,0,0,0,0,760146,760146,993868,0,993868,1754014
1027,bih,Bosnia and Herzegovina,1997,40000,0,0,40000,816000,856000,849240,0,849240,1665240
1028,bih,Bosnia and Herzegovina,1998,40000,0,0,40000,836430,876430,640077,0,640077,1476507
1029,bih,Bosnia and Herzegovina,1999,65645,0,0,65645,809545,875190,598193,0,598193,1407738
1030,bih,Bosnia and Herzegovina,2000,38150,73,0,38223,518252,556475,504980,4305,509285,1027537
1031,bih,Bosnia and Herzegovina,2001,32744,382,0,33126,438253,471379,447326,4182,451508,889761
1032,bih,Bosnia and Herzegovina,2002,28020,453,0,28473,367491,395964,406456,5928,412384,779875
1033,bih,Bosnia and Herzegovina,2003,22515,695,0,23210,327188,350398,300012,2192,302204,629392
1034,bih,Bosnia and Herzegovina,2004,22209,456,0,22665,309240,331905,228813,1184,229997,539237
1035,bih,Bosnia and Herzegovina,2005,10566,210,0,10776,182747,193523,109931,1816,111747,294494
1036,bih,Bosnia and Herzegovina,2006,10315,91,0,10406,135500,145906,199948,1685,201633,337133
1037,bih,Bosnia and Herzegovina,2007,7364,616,0,7980,130984,138964,78267,1109,79376,210360
1038,bih,Bosnia and Herzegovina,2008,7254,471,0,7725,124529,132254,74358,1162,75520,200049
1039,bih,Bosnia and Herzegovina,2009,7130,350,0,7480,113642,121122,70006,1147,71153,184795
1040,bih,Bosnia and Herzegovina,2010,7014,149,0,7163,113365,120528,62996,1342,64338,177703
1041,bih,Bosnia and Herzegovina,2011,6932,32,0,6964,113000,119964,58572,1949,60521,173521
1042,bih,Bosnia and Herzegovina,2012,6904,31,0,6935,103449,110384,51815,2791,54606,158055
1043,bih,Bosnia and Herzegovina,2013,6924,34,0,6958,84500,91458,26787,4140,30927,115427
1044,bih,Bosnia and Herzegovina,2014,6883,7,0,6890,84500,91390,21883,6566,28449,112949
1045,bih,Bosnia and Herzegovina,2015,6789,20,0,6809,98324,105133,18763,7015,25778,124102
1046,bih,Bosnia and Herzegovina,2016,5266,51,0,5317,98324,103641,18194,3108,21302,119626
1047,bih,Bosnia and Herzegovina,2017,5224,223,0,5447,98574,104021,17690,1886,19576,118150
1048,bih,Bosnia and Herzegovina,2018,5227,1003,0,6230,96830,103060,16956,1619,18575,115405
1049,bih,Bosnia and Herzegovina,2019,5241,725,0,5966,96421,102387,16556,1487,18043,114464
1050,bih,Bosnia and Herzegovina,2020,5232,256,0,5488,96305,101793,15578,1358,16936,113241
1051,bih,Bosnia and Herzegovina,2021,240,150,0,390,96305,96695,18189,1631,19820,116125
1052,bih,Bosnia and Herzegovina,2022,274,66,0,340,96305,96645,19466,1500,20966,117271
1053,bih,Bosnia and Herzegovina,2023,348,81,0,429,91223,91652,19318,1313,20631,111854
1054,bih,Bosnia and Herzegovina,2024,495,190,0,685,94796,95481,26821,961,27782,122578
1055,bih,Bosnia and Herzegovina,2025,586,164,0,750,94796,95546,24653,712,25365,120161
1056,blr,Belarus,1994,1824,0,0,1824,0,1824,37,0,37,37
1057,blr,Belarus,1995,28988,0,0,28988,0,28988,84,0,84,84
1058,blr,Belarus,1996,30525,0,0,30525,0,30525,499,0,499,499
1059,blr,Belarus,1997,50,0,0,50,0,50,300,0,300,300
1060,blr,Belarus,1998,75,0,0,75,0,75,292,0,292,292
1061,blr,Belarus,1999,261,0,0,261,0,261,1505,0,1505,1505
1062,blr,Belarus,2000,453,410,0,863,0,863,2515,766,3281,3281
1063,blr,Belarus,2001,581,354,0,935,0,935,3691,1131,4822,4822
1064,blr,Belarus,2002,612,333,0,945,0,945,6366,2073,8439,8439
1065,blr,Belarus,2003,631,318,0,949,0,949,7817,2099,9916,9916
1066,blr,Belarus,2004,719,65,0,784,0,784,8226,1403,9629,9629
1067,blr,Belarus,2005,718,50,0,768,0,768,8849,1425,10274,10274
1068,blr,Belarus,2006,683,24,0,707,0,707,9368,1698,11066,11066
1069,blr,Belarus,2007,643,10,0,653,0,653,4961,1202,6163,6163
1070,blr,Belarus,2008,602,54,0,656,0,656,5376,1082,6458,6458
1071,blr,Belarus,2009,578,84,0,662,0,662,5518,975,6493,6493
1072,blr,Belarus,2010,587,62,0,649,0,649,5735,737,6472,6472
1073,blr,Belarus,2011,594,46,0,640,0,640,5916,910,6826,6826
1074,blr,Belarus,2012,572,56,0,628,0,628,6181,1013,7194,7194
1075,blr,Belarus,2013,599,84,0,683,0,683,4387,870,5257,5257
1076,blr,Belarus,2014,919,254,0,1173,0,1173,4296,931,5227,5227
1077,blr,Belarus,2015,1805,273,0,2078,0,2078,4117,1472,5589,5589
1078,blr,Belarus,2016,1647,228,0,1875,0,1875,3831,1985,5816,5816
1079,blr,Belarus,2017,2155,273,0,2428,0,2428,3650,2862,6512,6512
1080,blr,Belarus,2018,2225,184,0,2409,0,2409,3526,3282,6808,6808
1081,blr,Belarus,2019,2725,131,0,2856,0,2856,3425,4012,7437,7437
1082,blr,Belarus,2020,2900,143,0,3043,0,3043,3139,4698,7837,7837
1083,blr,Belarus,2021,2729,114,0,2843,0,2843,4632,6799,11431,11431
1084,blr,Belarus,2022,19715,639,0,20354,0,20354,11598,8396,19994,19994
1085,blr,Belarus,2023,39981,405,0,40386,0,40386,15071,11837,26908,26908
1086,blr,Belarus,2024,43397,1224,0,44621,0,44621,17704,12787,30491,30491
1087,blr,Belarus,2025,40794,1470,0,42264,0,42264,19462,8119,27581,27581
1088,blz,Belize,1980,4000,0,0,4000,0,4000,0,0,0,0
1089,blz,Belize,1981,7000,0,0,7000,0,7000,0,0,0,0
1090,blz,Belize,1982,3120,0,0,3120,0,3120,0,0,0,0
1091,blz,Belize,1983,7000,0,0,7000,0,7000,0,0,0,0
1092,blz,Belize,1984,8180,0,0,8180,0,8180,0,0,0,0
1093,blz,Belize,1985,9000,0,0,9000,0,9000,0,0,0,0
1094,blz,Belize,1986,9000,0,0,9000,0,9000,0,0,0,0
1095,blz,Belize,1987,10000,0,0,10000,0,10000,0,0,0,0
1096,blz,Belize,1988,30100,0,0,30100,0,30100,0,0,0,0
1097,blz,Belize,1989,30150,0,0,30150,0,30150,0,0,0,0
1098,blz,Belize,1990,30657,0,0,30657,0,30657,0,0,0,0
1099,blz,Belize,1991,29969,0,0,29969,0,29969,0,0,0,0
1100,blz,Belize,1992,20351,0,0,20351,0,20351,0,0,0,0
1101,blz,Belize,1993,8912,0,0,8912,0,8912,0,0,0,0
1102,blz,Belize,1994,8857,0,0,8857,0,8857,8,0,8,8
1103,blz,Belize,1995,8750,0,0,8750,0,8750,8,0,8,8
1104,blz,Belize,1996,8534,0,0,8534,0,8534,5,0,5,5
1105,blz,Belize,1997,8387,0,0,8387,0,8387,0,0,0,0
1106,blz,Belize,1998,3483,0,0,3483,0,3483,0,0,0,0
1107,blz,Belize,1999,2891,0,0,2891,0,2891,11,0,11,11
1108,blz,Belize,2000,1248,32,0,1280,0,1280,12,14,26,26
1109,blz,Belize,2001,1128,20,0,1148,0,1148,0,30,30,30
1110,blz,Belize,2002,1048,8,0,1056,0,1056,0,33,33,33
1111,blz,Belize,2003,861,5,0,866,0,866,9,28,37,37
1112,blz,Belize,2004,732,26,0,758,0,758,6,23,29,29
1113,blz,Belize,2005,624,14,0,638,0,638,5,24,29,29
1114,blz,Belize,2006,488,0,0,488,0,488,13,14,27,27
1115,blz,Belize,2007,358,0,0,358,0,358,13,10,23,23
1116,blz,Belize,2008,277,10,0,287,0,287,18,17,35,35
1117,blz,Belize,2009,230,25,0,255,0,255,16,16,32,32
1118,blz,Belize,2010,134,31,0,165,0,165,21,10,31,31
1119,blz,Belize,2011,78,56,0,134,0,134,29,14,43,43
1120,blz,Belize,2012,27,75,0,102,0,102,35,5,40,40
1121,blz,Belize,2013,21,62,0,83,0,83,37,53,90,90
1122,blz,Belize,2014,10,114,0,124,0,124,42,83,125,125
1123,blz,Belize,2015,34,716,0,750,0,750,48,96,144,144
1124,blz,Belize,2016,0,2427,0,2427,0,2427,58,160,218,218
1125,blz,Belize,2017,0,3120,0,3120,0,3120,64,206,270,270
1126,blz,Belize,2018,29,3305,0,3334,0,3334,68,219,287,287
1127,blz,Belize,2019,29,2144,0,2173,0,2173,73,278,351,351
1128,blz,Belize,2020,29,2249,0,2278,0,2278,68,314,382,382
1129,blz,Belize,2021,86,2015,0,2101,0,2101,81,369,450,450
1130,blz,Belize,2022,145,1982,0,2127,0,2127,65,481,546,546
1131,blz,Belize,2023,214,1973,0,2187,0,2187,72,976,1048,1048
1132,blz,Belize,2024,286,2001,0,2287,0,2287,104,1400,1504,1504
1133,blz,Belize,2025,347,1836,0,2183,0,2183,108,1382,1490,1490
1134,bol,Bolivia,1970,0,0,0,0,0,0,1400,0,1400,1400
1135,bol,Bolivia,1971,0,0,0,0,0,0,2930,0,2930,2930
1136,bol,Bolivia,1972,700,0,0,700,0,700,1730,0,1730,1730
1137,bol,Bolivia,1973,700,0,0,700,0,700,0,0,0,0
1138,bol,Bolivia,1974,700,0,0,700,0,700,1650,0,1650,1650
1139,bol,Bolivia,1975,0,0,0,0,0,0,90,0,90,90
1140,bol,Bolivia,1976,0,0,0,0,0,0,60,0,60,60
1141,bol,Bolivia,1977,0,0,0,0,0,0,0,0,0,0
1142,bol,Bolivia,1978,500,0,0,500,0,500,0,0,0,0
1143,bol,Bolivia,1979,500,0,0,500,0,500,0,0,0,0
1144,bol,Bolivia,1980,500,0,0,500,0,500,170,0,170,170
1145,bol,Bolivia,1981,500,0,0,500,0,500,100,0,100,100
1146,bol,Bolivia,1982,0,0,0,0,0,0,270,0,270,270
1147,bol,Bolivia,1983,0,0,0,0,0,0,0,0,0,0
1148,bol,Bolivia,1984,0,0,0,0,0,0,0,0,0,0
1149,bol,Bolivia,1985,170,0,0,170,0,170,0,0,0,0
1150,bol,Bolivia,1986,120,0,0,120,0,120,0,0,0,0
1151,bol,Bolivia,1987,170,0,0,170,0,170,0,0,0,0
1152,bol,Bolivia,1988,220,0,0,220,0,220,0,0,0,0
1153,bol,Bolivia,1989,270,0,0,270,0,270,26,0,26,26
1154,bol,Bolivia,1990,200,0,0,200,0,200,729,0,729,729
1155,bol,Bolivia,1991,341,0,0,341,0,341,67,0,67,67
1156,bol,Bolivia,1992,491,0,0,491,0,491,28,0,28,28
1157,bol,Bolivia,1993,669,0,0,669,0,669,40,0,40,40
1158,bol,Bolivia,1994,734,0,0,734,0,734,177,0,177,177
1159,bol,Bolivia,1995,680,0,0,680,0,680,180,0,180,180
1160,bol,Bolivia,1996,697,0,0,697,0,697,177,0,177,177
1161,bol,Bolivia,1997,331,0,0,331,0,331,163,0,163,163
1162,bol,Bolivia,1998,345,0,0,345,0,345,187,0,187,187
1163,bol,Bolivia,1999,349,0,0,349,0,349,176,0,176,176
1164,bol,Bolivia,2000,352,0,0,352,0,352,177,121,298,298
1165,bol,Bolivia,2001,348,5,0,353,0,353,157,160,317,317
1166,bol,Bolivia,2002,352,20,0,372,0,372,215,492,707,707
1167,bol,Bolivia,2003,525,0,0,525,0,525,260,485,745,745
1168,bol,Bolivia,2004,524,18,0,542,0,542,280,380,660,660
1169,bol,Bolivia,2005,532,0,0,532,0,532,263,352,615,615
1170,bol,Bolivia,2006,562,16,0,578,0,578,371,424,795,795
1171,bol,Bolivia,2007,619,156,0,775,0,775,423,421,844,844
1172,bol,Bolivia,2008,649,84,0,733,0,733,455,153,608,608
1173,bol,Bolivia,2009,664,33,0,697,0,697,570,162,732,732
1174,bol,Bolivia,2010,680,43,0,723,0,723,589,134,723,723
1175,bol,Bolivia,2011,701,17,0,718,0,718,615,152,767,767
1176,bol,Bolivia,2012,717,8,0,725,0,725,616,162,778,778
1177,bol,Bolivia,2013,734,5,0,739,0,739,594,201,795,795
1178,bol,Bolivia,2014,751,16,0,767,0,767,594,262,856,856
1179,bol,Bolivia,2015,762,0,0,762,0,762,566,342,908,908
1180,bol,Bolivia,2016,776,0,0,776,0,776,530,411,941,941
1181,bol,Bolivia,2017,802,34,0,836,0,836,520,865,1385,1385
1182,bol,Bolivia,2018,802,34,0,836,0,836,502,1004,1506,1506
1183,bol,Bolivia,2019,863,242,5472,6577,0,6577,514,1238,1752,1752
1184,bol,Bolivia,2020,1116,157,9557,10830,0,10830,535,1370,1905,1905
1185,bol,Bolivia,2021,1116,27,11828,12971,0,12971,549,1830,2379,2379
1186,bol,Bolivia,2022,1116,61,13531,14708,0,14708,578,2324,2902,2902
1187,bol,Bolivia,2023,1117,76,16103,17296,0,17296,468,4467,4935,4935
1188,bol,Bolivia,2024,1117,46,18475,19638,0,19638,612,7080,7692,7692
1189,bol,Bolivia,2025,1147,0,8259,9406,0,9406,710,6747,7457,7457
1190,bra,Brazil,1969,40000,0,0,40000,0,40000,0,0,0,0
1191,bra,Brazil,1970,40000,0,0,40000,0,40000,0,0,0,0
1192,bra,Brazil,1971,38000,0,0,38000,0,38000,2000,0,2000,2000
1193,bra,Brazil,1972,37000,0,0,37000,0,37000,2000,0,2000,2000
1194,bra,Brazil,1973,35200,0,0,35200,0,35200,0,0,0,0
1195,bra,Brazil,1974,34000,0,0,34000,0,34000,0,0,0,0
1196,bra,Brazil,1975,32000,0,0,32000,0,32000,0,0,0,0
1197,bra,Brazil,1976,30000,0,0,30000,0,30000,0,0,0,0
1198,bra,Brazil,1977,36000,0,0,36000,0,36000,0,0,0,0
1199,bra,Brazil,1978,35000,0,0,35000,0,35000,0,0,0,0
1200,bra,Brazil,1979,25000,0,0,25000,0,25000,0,0,0,0
1201,bra,Brazil,1980,24000,0,0,24000,0,24000,5,0,5,5
1202,bra,Brazil,1981,24000,0,0,24000,0,24000,5,0,5,5
1203,bra,Brazil,1982,5400,0,0,5400,0,5400,5,0,5,5
1204,bra,Brazil,1983,5400,0,0,5400,0,5400,5,0,5,5
1205,bra,Brazil,1984,5300,0,0,5300,0,5300,5,0,5,5
1206,bra,Brazil,1985,5300,0,0,5300,0,5300,5,0,5,5
1207,bra,Brazil,1986,5300,0,0,5300,0,5300,5,0,5,5
1208,bra,Brazil,1987,5280,0,0,5280,0,5280,0,0,0,0
1209,bra,Brazil,1988,5332,0,0,5332,0,5332,0,0,0,0
1210,bra,Brazil,1989,5331,0,0,5331,0,5331,6,0,6,6
1211,bra,Brazil,1990,5335,0,0,5335,0,5335,15,0,15,15
1212,bra,Brazil,1991,5389,0,0,5389,0,5389,11,0,11,11
1213,bra,Brazil,1992,5439,0,0,5439,0,5439,11,0,11,11
1214,bra,Brazil,1993,6198,0,0,6198,0,6198,9,0,9,9
1215,bra,Brazil,1994,2223,0,0,2223,0,2223,41,0,41,41
1216,bra,Brazil,1995,2050,0,0,2050,0,2050,52,0,52,52
1217,bra,Brazil,1996,2212,0,0,2212,0,2212,84,0,84,84
1218,bra,Brazil,1997,2260,0,0,2260,0,2260,103,0,103,103
1219,bra,Brazil,1998,2345,0,0,2345,0,2345,134,0,134,134
1220,bra,Brazil,1999,2374,0,0,2374,0,2374,194,0,194,194
1221,bra,Brazil,2000,2718,528,0,3246,0,3246,220,649,869,869
1222,bra,Brazil,2001,2877,642,0,3519,0,3519,251,794,1045,1045
1223,bra,Brazil,2002,3176,549,0,3725,0,3725,438,1149,1587,1587
1224,bra,Brazil,2003,3190,551,0,3741,0,3741,377,1266,1643,1643
1225,bra,Brazil,2004,3333,424,0,3757,0,3757,401,1011,1412,1412
1226,bra,Brazil,2005,3446,176,0,3622,0,3622,370,590,960,960
1227,bra,Brazil,2006,3478,374,0,3852,0,3852,703,429,1132,1132
1228,bra,Brazil,2007,20764,404,0,21168,0,21168,1623,298,1921,1921
1229,bra,Brazil,2008,3831,496,0,4327,0,4327,1401,356,1757,1757
1230,bra,Brazil,2009,4218,162,0,4380,0,4380,973,361,1334,1334
1231,bra,Brazil,2010,4346,852,0,5198,0,5198,991,241,1232,1232
1232,bra,Brazil,2011,4466,4644,0,9110,0,9110,1040,197,1237,1237
1233,bra,Brazil,2012,4681,1425,0,6106,0,6106,1073,242,1315,1315
1234,bra,Brazil,2013,5185,4626,0,9811,0,9811,982,551,1533,1533
1235,bra,Brazil,2014,7478,11200,0,18678,0,18678,977,1190,2167,2167
1236,bra,Brazil,2015,8703,20798,0,29501,0,29501,893,2151,3044,3044
1237,bra,Brazil,2016,9674,35451,0,45125,0,45125,803,3760,4563,4563
1238,bra,Brazil,2017,10260,85739,0,95999,0,95999,851,6786,7637,7637
1239,bra,Brazil,2018,11304,152670,39771,203745,0,203745,1038,8570,9608,9608
1240,bra,Brazil,2019,32844,207294,123507,363645,0,363645,1399,12034,13433,13433
1241,bra,Brazil,2020,59092,202661,163754,425507,0,425507,1548,16857,18405,18405
1242,bra,Brazil,2021,61956,199233,175992,437181,0,437181,1954,26440,28394,28394
1243,bra,Brazil,2022,67522,206764,264040,538326,0,538326,2740,49183,51923,51923
1244,bra,Brazil,2023,235765,68101,363081,666947,0,666947,3798,72234,76032,76032
1245,bra,Brazil,2024,257079,74018,464395,795492,0,795492,5072,86150,91222,91222
1246,bra,Brazil,2025,278966,119651,549534,948151,0,948151,6306,66672,72978,72978
1247,brb,Barbados,1994,0,0,0,0,0,0,5,0,5,5
1248,brb,Barbados,1995,0,0,0,0,0,0,0,0,0,0
1249,brb,Barbados,1996,0,0,0,0,0,0,0,0,0,0
1250,brb,Barbados,1997,0,0,0,0,0,0,0,0,0,0
1251,brb,Barbados,1998,0,0,0,0,0,0,0,0,0,0
1252,brb,Barbados,1999,0,0,0,0,0,0,0,0,0,0
1253,brb,Barbados,2000,0,0,0,0,0,0,5,8,13,13
1254,brb,Barbados,2001,0,0,0,0,0,0,6,24,30,30
1255,brb,Barbados,2002,0,0,0,0,0,0,6,61,67,67
1256,brb,Barbados,2003,0,0,0,0,0,0,8,43,51,51
1257,brb,Barbados,2004,0,0,0,0,0,0,10,12,22,22
1258,brb,Barbados,2005,0,0,0,0,0,0,8,18,26,26
1259,brb,Barbados,2006,0,0,0,0,0,0,28,37,65,65
1260,brb,Barbados,2007,0,0,0,0,0,0,39,30,69,69
1261,brb,Barbados,2008,0,0,0,0,0,0,33,45,78,78
1262,brb,Barbados,2009,0,0,0,0,0,0,28,66,94,94
1263,brb,Barbados,2010,0,0,0,0,0,0,29,63,92,92
1264,brb,Barbados,2011,0,0,0,0,0,0,42,73,115,115
1265,brb,Barbados,2012,0,0,0,0,0,0,50,56,106,106
1266,brb,Barbados,2013,0,0,0,0,0,0,63,51,114,114
1267,brb,Barbados,2014,0,0,0,0,0,0,82,17,99,99
1268,brb,Barbados,2015,0,0,0,0,0,0,95,24,119,119
1269,brb,Barbados,2016,0,0,0,0,0,0,144,44,188,188
1270,brb,Barbados,2017,0,0,0,0,0,0,172,76,248,248
1271,brb,Barbados,2018,0,5,0,5,0,5,211,81,292,292
1272,brb,Barbados,2019,0,10,0,10,0,10,243,116,359,359
1273,brb,Barbados,2020,0,5,0,5,0,5,230,120,350,350
1274,brb,Barbados,2021,0,10,0,10,0,10,265,91,356,356
1275,brb,Barbados,2022,0,0,0,0,0,0,231,226,457,457
1276,brb,Barbados,2023,5,10,0,15,0,15,298,255,553,553
1277,brb,Barbados,2024,5,8,0,13,0,13,415,620,1035,1035
1278,brb,Barbados,2025,5,8,0,13,0,13,577,722,1299,1299
1279,brn,Brunei,1995,0,0,0,0,0,0,5,0,5,5
1280,brn,Brunei,1996,0,0,0,0,0,0,0,0,0,0
1281,brn,Brunei,1997,0,0,0,0,0,0,0,0,0,0
1282,brn,Brunei,1998,0,0,0,0,0,0,0,0,0,0
1283,brn,Brunei,1999,0,0,0,0,0,0,0,0,0,0
1284,brn,Brunei,2000,0,0,0,0,0,0,0,0,0,0
1285,brn,Brunei,2001,0,0,0,0,0,0,0,0,0,0
1286,brn,Brunei,2002,0,0,0,0,0,0,0,0,0,0
1287,brn,Brunei,2003,0,0,0,0,0,0,0,0,0,0
1288,brn,Brunei,2004,0,0,0,0,0,0,0,0,0,0
1289,brn,Brunei,2005,0,0,0,0,0,0,47,0,47,47
1290,brn,Brunei,2006,0,0,0,0,0,0,0,0,0,0
1291,brn,Brunei,2007,0,0,0,0,0,0,0,0,0,0
1292,brn,Brunei,2008,0,0,0,0,0,0,0,0,0,0
1293,brn,Brunei,2009,0,0,0,0,0,0,0,0,0,0
1294,brn,Brunei,2010,0,0,0,0,0,0,0,0,0,0
1295,brn,Brunei,2011,0,0,0,0,0,0,0,0,0,0
1296,brn,Brunei,2012,0,0,0,0,0,0,0,0,0,0
1297,brn,Brunei,2013,0,0,0,0,0,0,0,0,0,0
1298,brn,Brunei,2014,0,0,0,0,0,0,0,0,0,0
1299,brn,Brunei,2015,0,0,0,0,0,0,0,5,5,5
1300,brn,Brunei,2016,0,0,0,0,0,0,0,5,5,5
1301,brn,Brunei,2017,0,0,0,0,0,0,0,9,9,9
1302,brn,Brunei,2018,0,0,0,0,0,0,0,0,0,0
1303,brn,Brunei,2019,0,0,0,0,0,0,0,10,10,10
1304,brn,Brunei,2020,0,0,0,0,0,0,0,10,10,10
1305,brn,Brunei,2021,0,0,0,0,0,0,0,5,5,5
1306,brn,Brunei,2022,0,0,0,0,0,0,0,14,14,14
1307,brn,Brunei,2023,0,0,0,0,0,0,0,24,24,24
1308,brn,Brunei,2024,0,0,0,0,0,0,0,71,71,71
1309,brn,Brunei,2025,0,0,0,0,0,0,5,170,175,175
1310,btn,Bhutan,1966,3000,0,0,3000,0,3000,0,0,0,0
1311,btn,Bhutan,1967,0,0,0,0,0,0,0,0,0,0
1312,btn,Bhutan,1968,0,0,0,0,0,0,0,0,0,0
1313,btn,Bhutan,1969,0,0,0,0,0,0,0,0,0,0
1314,btn,Bhutan,1970,0,0,0,0,0,0,0,0,0,0
1315,btn,Bhutan,1971,0,0,0,0,0,0,0,0,0,0
1316,btn,Bhutan,1972,0,0,0,0,0,0,0,0,0,0
1317,btn,Bhutan,1973,0,0,0,0,0,0,0,0,0,0
1318,btn,Bhutan,1974,0,0,0,0,0,0,0,0,0,0
1319,btn,Bhutan,1975,0,0,0,0,0,0,0,0,0,0
1320,btn,Bhutan,1976,0,0,0,0,0,0,0,0,0,0
1321,btn,Bhutan,1977,0,0,0,0,0,0,0,0,0,0
1322,btn,Bhutan,1978,0,0,0,0,0,0,0,0,0,0
1323,btn,Bhutan,1979,0,0,0,0,0,0,0,0,0,0
1324,btn,Bhutan,1980,0,0,0,0,0,0,0,0,0,0
1325,btn,Bhutan,1981,0,0,0,0,0,0,0,0,0,0
1326,btn,Bhutan,1982,0,0,0,0,0,0,0,0,0,0
1327,btn,Bhutan,1983,0,0,0,0,0,0,0,0,0,0
1328,btn,Bhutan,1984,0,0,0,0,0,0,0,0,0,0
1329,btn,Bhutan,1985,0,0,0,0,0,0,0,0,0,0
1330,btn,Bhutan,1986,0,0,0,0,0,0,0,0,0,0
1331,btn,Bhutan,1987,0,0,0,0,0,0,0,0,0,0
1332,btn,Bhutan,1988,0,0,0,0,0,0,0,0,0,0
1333,btn,Bhutan,1989,0,0,0,0,0,0,0,0,0,0
1334,btn,Bhutan,1990,0,0,0,0,0,0,0,0,0,0
1335,btn,Bhutan,1991,0,0,0,0,0,0,9504,0,9504,9504
1336,btn,Bhutan,1992,0,0,0,0,0,0,75442,0,75442,75442
1337,btn,Bhutan,1993,0,0,0,0,0,0,85334,0,85334,85334
1338,btn,Bhutan,1994,0,0,0,0,0,0,103270,0,103270,103270
1339,btn,Bhutan,1995,0,0,0,0,0,0,104746,0,104746,104746
1340,btn,Bhutan,1996,0,0,0,0,0,0,106820,0,106820,106820
1341,btn,Bhutan,1997,0,0,0,0,0,0,108702,0,108702,108702
1342,btn,Bhutan,1998,0,0,0,0,0,0,105690,0,105690,105690
1343,btn,Bhutan,1999,0,0,0,0,0,0,107619,0,107619,107619
1344,btn,Bhutan,2000,0,0,0,0,0,0,108943,46,108989,108989
1345,btn,Bhutan,2001,0,0,0,0,0,0,110844,65,110909,110909
1346,btn,Bhutan,2002,0,0,0,0,0,0,112524,55,112579,112579
1347,btn,Bhutan,2003,0,0,0,0,0,0,103977,242,104219,104219
1348,btn,Bhutan,2004,0,0,0,0,0,0,105259,482,105741,105741
1349,btn,Bhutan,2005,0,0,0,0,0,0,106539,1105,107644,107644
1350,btn,Bhutan,2006,0,0,0,0,0,0,108069,1453,109522,109522
1351,btn,Bhutan,2007,0,0,0,0,0,0,110593,1637,112230,112230
1352,btn,Bhutan,2008,0,0,0,0,0,0,104960,1094,106054,106054
1353,btn,Bhutan,2009,0,0,0,0,0,0,89064,1013,90077,90077
1354,btn,Bhutan,2010,0,0,0,0,0,0,75062,1009,76071,76071
1355,btn,Bhutan,2011,0,0,0,0,0,0,57980,1014,58994,58994
1356,btn,Bhutan,2012,0,0,0,0,0,0,41582,99,41681,41681
1357,btn,Bhutan,2013,0,0,0,0,0,0,31556,157,31713,31713
1358,btn,Bhutan,2014,0,0,0,0,0,0,23633,190,23823,23823
1359,btn,Bhutan,2015,0,0,0,0,0,0,17709,223,17932,17932
1360,btn,Bhutan,2016,0,0,0,0,0,0,11757,277,12034,12034
1361,btn,Bhutan,2017,0,0,0,0,0,0,7954,400,8354,8354
1362,btn,Bhutan,2018,0,0,0,0,0,0,7100,390,7490,7490
1363,btn,Bhutan,2019,0,0,0,0,0,0,6839,413,7252,7252
1364,btn,Bhutan,2020,0,0,0,0,0,0,6741,411,7152,7152
1365,btn,Bhutan,2021,0,0,0,0,0,0,6702,487,7189,7189
1366,btn,Bhutan,2022,0,0,0,0,0,0,6688,465,7153,7153
1367,btn,Bhutan,2023,0,0,0,0,0,0,6676,468,7144,7144
1368,btn,Bhutan,2024,0,0,0,0,0,0,7433,523,7956,7956
1369,btn,Bhutan,2025,0,0,0,0,0,0,7257,77,7334,7334
1370,bwa,Botswana,1968,3980,0,0,3980,0,3980,0,0,0,0
1371,bwa,Botswana,1969,3600,0,0,3600,0,3600,0,0,0,0
1372,bwa,Botswana,1970,4360,0,0,4360,0,4360,0,0,0,0
1373,bwa,Botswana,1971,8890,0,0,8890,0,8890,0,0,0,0
1374,bwa,Botswana,1972,4500,0,0,4500,0,4500,0,0,0,0
1375,bwa,Botswana,1973,4500,0,0,4500,0,4500,0,0,0,0
1376,bwa,Botswana,1974,2480,0,0,2480,0,2480,0,0,0,0
1377,bwa,Botswana,1975,2400,0,0,2400,0,2400,0,0,0,0
1378,bwa,Botswana,1976,2840,0,0,2840,0,2840,0,0,0,0
1379,bwa,Botswana,1977,4810,0,0,4810,0,4810,0,0,0,0
1380,bwa,Botswana,1978,19000,0,0,19000,0,19000,0,0,0,0
1381,bwa,Botswana,1979,23290,0,0,23290,0,23290,0,0,0,0
1382,bwa,Botswana,1980,1300,0,0,1300,0,1300,0,0,0,0
1383,bwa,Botswana,1981,1290,0,0,1290,0,1290,0,0,0,0
1384,bwa,Botswana,1982,1300,0,0,1300,0,1300,0,0,0,0
1385,bwa,Botswana,1983,4600,0,0,4600,0,4600,0,0,0,0
1386,bwa,Botswana,1984,4970,0,0,4970,0,4970,0,0,0,0
1387,bwa,Botswana,1985,5680,0,0,5680,0,5680,0,0,0,0
1388,bwa,Botswana,1986,4830,0,0,4830,0,4830,0,0,0,0
1389,bwa,Botswana,1987,5300,0,0,5300,0,5300,0,0,0,0
1390,bwa,Botswana,1988,2325,0,0,2325,0,2325,0,0,0,0
1391,bwa,Botswana,1989,1261,0,0,1261,0,1261,5,0,5,5
1392,bwa,Botswana,1990,1178,0,0,1178,0,1178,5,0,5,5
1393,bwa,Botswana,1991,1054,0,0,1054,0,1054,5,0,5,5
1394,bwa,Botswana,1992,497,0,0,497,0,497,5,0,5,5
1395,bwa,Botswana,1993,517,0,0,517,0,517,5,0,5,5
1396,bwa,Botswana,1994,503,0,0,503,0,503,22,0,22,22
1397,bwa,Botswana,1995,266,0,0,266,0,266,27,0,27,27
1398,bwa,Botswana,1996,211,0,0,211,0,211,22,0,22,22
1399,bwa,Botswana,1997,280,0,0,280,0,280,16,0,16,16
1400,bwa,Botswana,1998,2133,0,0,2133,0,2133,16,0,16,16
1401,bwa,Botswana,1999,1291,0,0,1291,0,1291,10,0,10,10
1402,bwa,Botswana,2000,3549,65,0,3614,0,3614,5,0,5,5
1403,bwa,Botswana,2001,3577,716,0,4293,0,4293,0,5,5,5
1404,bwa,Botswana,2002,2798,974,0,3772,0,3772,5,10,15,15
1405,bwa,Botswana,2003,2831,1075,0,3906,0,3906,5,16,21,21
1406,bwa,Botswana,2004,2831,1030,0,3861,0,3861,5,7,12,12
1407,bwa,Botswana,2005,3101,52,0,3153,0,3153,0,8,8,8
1408,bwa,Botswana,2006,3154,0,0,3154,0,3154,10,27,37,37
1409,bwa,Botswana,2007,2462,5,0,2467,0,2467,16,53,69,69
1410,bwa,Botswana,2008,3020,181,0,3201,0,3201,29,148,177,177
1411,bwa,Botswana,2009,3023,202,0,3225,0,3225,32,195,227,227
1412,bwa,Botswana,2010,2983,251,0,3234,0,3234,56,185,241,241
1413,bwa,Botswana,2011,3312,244,0,3556,0,3556,88,168,256,256
1414,bwa,Botswana,2012,2784,212,0,2996,0,2996,125,126,251,251
1415,bwa,Botswana,2013,2771,173,0,2944,0,2944,165,101,266,266
1416,bwa,Botswana,2014,2642,195,0,2837,0,2837,234,69,303,303
1417,bwa,Botswana,2015,2127,133,0,2260,0,2260,306,73,379,379
1418,bwa,Botswana,2016,2090,78,0,2168,0,2168,265,127,392,392
1419,bwa,Botswana,2017,2116,65,0,2181,0,2181,279,95,374,374
1420,bwa,Botswana,2018,2044,268,0,2312,0,2312,289,89,378,378
1421,bwa,Botswana,2019,1113,150,0,1263,0,1263,228,139,367,367
1422,bwa,Botswana,2020,617,422,0,1039,0,1039,191,134,325,325
1423,bwa,Botswana,2021,688,58,0,746,0,746,122,213,335,335
1424,bwa,Botswana,2022,733,97,0,830,0,830,81,686,767,767
1425,bwa,Botswana,2023,761,97,0,858,0,858,150,1389,1539,1539
1426,bwa,Botswana,2024,816,7,0,823,0,823,249,1331,1580,1580
1427,bwa,Botswana,2025,847,21,0,868,0,868,384,789,1173,1173
1428,caf,Central African Republic,1964,3300,0,0,3300,0,3300,0,0,0,0
1429,caf,Central African Republic,1965,20560,0,0,20560,0,20560,0,0,0,0
1430,caf,Central African Republic,1966,43000,0,0,43000,0,43000,0,0,0,0
1431,caf,Central African Republic,1967,35000,0,0,35000,0,35000,0,0,0,0
1432,caf,Central African Republic,1968,23000,0,0,23000,0,23000,0,0,0,0
1433,caf,Central African Republic,1969,23000,0,0,23000,0,23000,0,0,0,0
1434,caf,Central African Republic,1970,27150,0,0,27150,0,27150,0,0,0,0
1435,caf,Central African Republic,1971,28000,0,0,28000,0,28000,0,0,0,0
1436,caf,Central African Republic,1972,21970,0,0,21970,0,21970,0,0,0,0
1437,caf,Central African Republic,1973,7000,0,0,7000,0,7000,0,0,0,0
1438,caf,Central African Republic,1974,5000,0,0,5000,0,5000,0,0,0,0
1439,caf,Central African Republic,1975,5000,0,0,5000,0,5000,0,0,0,0
1440,caf,Central African Republic,1976,0,0,0,0,0,0,0,0,0,0
1441,caf,Central African Republic,1977,0,0,0,0,0,0,0,0,0,0
1442,caf,Central African Republic,1978,0,0,0,0,0,0,0,0,0,0
1443,caf,Central African Republic,1979,1000,0,0,1000,0,1000,0,0,0,0
1444,caf,Central African Republic,1980,7000,0,0,7000,0,7000,0,0,0,0
1445,caf,Central African Republic,1981,4000,0,0,4000,0,4000,0,0,0,0
1446,caf,Central African Republic,1982,7450,0,0,7450,0,7450,15000,0,15000,15000
1447,caf,Central African Republic,1983,6790,0,0,6790,0,6790,0,0,0,0
1448,caf,Central African Republic,1984,42000,0,0,42000,0,42000,0,0,0,0
1449,caf,Central African Republic,1985,46330,0,0,46330,0,46330,0,0,0,0
1450,caf,Central African Republic,1986,12980,0,0,12980,0,12980,230,0,230,230
1451,caf,Central African Republic,1987,4250,0,0,4250,0,4250,160,0,160,160
1452,caf,Central African Republic,1988,3148,0,0,3148,0,3148,170,0,170,170
1453,caf,Central African Republic,1989,2493,0,0,2493,0,2493,310,0,310,310
1454,caf,Central African Republic,1990,4284,0,0,4284,0,4284,100,0,100,100
1455,caf,Central African Republic,1991,12223,0,0,12223,0,12223,320,0,320,320
1456,caf,Central African Republic,1992,19040,0,0,19040,0,19040,325,0,325,325
1457,caf,Central African Republic,1993,44129,0,0,44129,0,44129,309,0,309,309
1458,caf,Central African Republic,1994,47790,0,0,47790,0,47790,264,0,264,264
1459,caf,Central African Republic,1995,33856,0,0,33856,0,33856,241,0,241,241
1460,caf,Central African Republic,1996,36564,0,0,36564,0,36564,240,0,240,240
1461,caf,Central African Republic,1997,38490,0,0,38490,0,38490,139,0,139,139
1462,caf,Central African Republic,1998,43006,0,0,43006,0,43006,168,0,168,168
1463,caf,Central African Republic,1999,49310,0,0,49310,0,49310,190,0,190,190
1464,caf,Central African Republic,2000,55658,1735,0,57393,0,57393,135,54,189,189
1465,caf,Central African Republic,2001,49233,3667,0,52900,0,52900,28698,353,29051,29051
1466,caf,Central African Republic,2002,50720,5345,0,56065,0,56065,25368,657,26025,26025
1467,caf,Central African Republic,2003,44751,3419,0,48170,0,48170,35394,832,36226,36226
1468,caf,Central African Republic,2004,25019,2748,0,27767,0,27767,31056,1286,32342,32342
1469,caf,Central African Republic,2005,24564,1956,0,26520,0,26520,42875,1839,44714,44714
1470,caf,Central African Republic,2006,12351,1903,0,14254,147000,161254,71669,2108,73777,220777
1471,caf,Central African Republic,2007,7530,1970,0,9500,197000,206500,98092,1333,99425,296425
1472,caf,Central African Republic,2008,7423,1447,0,8870,197000,205870,125090,1213,126303,323303
1473,caf,Central African Republic,2009,27041,1213,0,28254,197000,225254,159542,852,160394,357394
1474,caf,Central African Republic,2010,21568,1213,0,22781,192529,215310,164902,1504,166406,358935
1475,caf,Central African Republic,2011,16737,2447,0,19184,105206,124390,162861,1793,164654,269860
1476,caf,Central African Republic,2012,14015,2603,0,16618,51679,68297,164567,1899,166466,218145
1477,caf,Central African Republic,2013,14323,2635,0,16958,894421,911379,252854,7459,260313,1154734
1478,caf,Central African Republic,2014,7692,408,0,8100,438538,446638,412028,14361,426389,864927
1479,caf,Central African Republic,2015,7332,332,0,7664,216392,224056,471093,10634,481727,698119
1480,caf,Central African Republic,2016,12117,310,0,12427,411785,424212,490879,10603,501482,913267
1481,caf,Central African Republic,2017,10033,571,0,10604,688700,699304,545513,12997,558510,1247210
1482,caf,Central African Republic,2018,6652,397,0,7049,640970,648019,590858,17278,608136,1249106
1483,caf,Central African Republic,2019,7170,309,0,7479,669906,677385,610152,15935,626087,1295993
1484,caf,Central African Republic,2020,9083,285,0,9368,681930,691298,642161,13458,655619,1337549
1485,caf,Central African Republic,2021,9305,765,0,10070,691791,701861,737658,14283,751941,1443732
1486,caf,Central African Republic,2022,11213,470,0,11683,515665,527348,748344,14291,762635,1278300
1487,caf,Central African Republic,2023,32913,32506,0,65419,511803,577222,759187,14775,773962,1285765
1488,caf,Central African Republic,2024,45108,8270,0,53378,469342,522720,693488,18082,711570,1180912
1489,caf,Central African Republic,2025,55307,8454,0,63761,427479,491240,674222,82600,756822,1184301
1490,can,Canada,1951,168511,0,0,168511,0,168511,0,0,0,0
1491,can,Canada,1952,154828,0,0,154828,0,154828,0,0,0,0
1492,can,Canada,1953,107004,0,0,107004,0,107004,0,0,0,0
1493,can,Canada,1954,75828,0,0,75828,0,75828,0,0,0,0
1494,can,Canada,1955,52551,0,0,52551,0,52551,0,0,0,0
1495,can,Canada,1956,17485,0,0,17485,0,17485,0,0,0,0
1496,can,Canada,1957,46334,0,0,46334,0,46334,0,0,0,0
1497,can,Canada,1958,46908,0,0,46908,0,46908,0,0,0,0
1498,can,Canada,1959,47934,0,0,47934,0,47934,0,0,0,0
1499,can,Canada,1960,48629,0,0,48629,0,48629,0,0,0,0
1500,can,Canada,1961,44492,0,0,44492,0,44492,0,0,0,0
1501,can,Canada,1962,12282,0,0,12282,0,12282,0,0,0,0
1502,can,Canada,1963,10946,0,0,10946,0,10946,0,0,0,0
1503,can,Canada,1964,10178,0,0,10178,0,10178,0,0,0,0
1504,can,Canada,1965,9980,0,0,9980,0,9980,0,0,0,0
1505,can,Canada,1966,10225,0,0,10225,0,10225,0,0,0,0
1506,can,Canada,1967,9991,0,0,9991,0,9991,0,0,0,0
1507,can,Canada,1968,17950,0,0,17950,0,17950,0,0,0,0
1508,can,Canada,1969,19275,0,0,19275,0,19275,0,0,0,0
1509,can,Canada,1970,18518,0,0,18518,0,18518,0,0,0,0
1510,can,Canada,1971,17196,0,0,17196,0,17196,0,0,0,0
1511,can,Canada,1972,20933,0,0,20933,0,20933,0,0,0,0
1512,can,Canada,1973,13358,0,0,13358,0,13358,0,0,0,0
1513,can,Canada,1974,11410,0,0,11410,0,11410,0,0,0,0
1514,can,Canada,1975,16349,0,0,16349,0,16349,0,0,0,0
1515,can,Canada,1976,27387,0,0,27387,0,27387,0,0,0,0
1516,can,Canada,1977,29537,0,0,29537,0,29537,0,0,0,0
1517,can,Canada,1978,31295,0,0,31295,0,31295,0,0,0,0
1518,can,Canada,1979,57913,0,0,57913,0,57913,0,0,0,0
1519,can,Canada,1980,92679,0,0,92679,0,92679,0,0,0,0
1520,can,Canada,1981,96415,0,0,96415,0,96415,0,0,0,0
1521,can,Canada,1982,107591,0,0,107591,0,107591,0,0,0,0
1522,can,Canada,1983,120947,0,0,120947,0,120947,0,0,0,0
1523,can,Canada,1984,112966,0,0,112966,0,112966,0,0,0,0
1524,can,Canada,1985,92194,0,0,92194,0,92194,0,0,0,0
1525,can,Canada,1986,98743,0,0,98743,0,98743,0,0,0,0
1526,can,Canada,1987,104843,0,0,104843,0,104843,0,0,0,0
1527,can,Canada,1988,116434,0,0,116434,0,116434,0,0,0,0
1528,can,Canada,1989,135752,0,0,135752,0,135752,0,0,0,0
1529,can,Canada,1990,154761,0,0,154761,0,154761,0,0,0,0
1530,can,Canada,1991,170916,0,0,170916,0,170916,5,0,5,5
1531,can,Canada,1992,183723,0,0,183723,0,183723,5,0,5,5
1532,can,Canada,1993,183241,0,0,183241,0,183241,5,0,5,5
1533,can,Canada,1994,186555,0,0,186555,0,186555,5,0,5,5
1534,can,Canada,1995,152110,0,0,152110,0,152110,5,0,5,5
1535,can,Canada,1996,138427,0,0,138427,0,138427,10,0,10,10
1536,can,Canada,1997,125176,0,0,125176,0,125176,12,0,12,12
1537,can,Canada,1998,119355,0,0,119355,0,119355,16,0,16,16
1538,can,Canada,1999,123303,0,0,123303,0,123303,19,0,19,19
1539,can,Canada,2000,126991,30170,0,157161,0,157161,25,7,32,32
1540,can,Canada,2001,129227,45795,0,175022,0,175022,5,9,14,14
1541,can,Canada,2002,129935,52755,0,182690,0,182690,52,20,72,72
1542,can,Canada,2003,133088,41570,0,174658,0,174658,61,22,83,83
1543,can,Canada,2004,141402,27276,0,168678,0,168678,57,18,75,75
1544,can,Canada,2005,147164,20533,0,167697,0,167697,120,35,155,155
1545,can,Canada,2006,151832,23575,0,175407,0,175407,94,44,138,138
1546,can,Canada,2007,175728,37509,0,213237,0,213237,530,59,589,589
1547,can,Canada,2008,173642,54187,0,227829,0,227829,100,55,155,155
1548,can,Canada,2009,169424,61167,0,230591,0,230591,97,9,106,106
1549,can,Canada,2010,165544,50998,0,216542,0,216542,86,5,91,91
1550,can,Canada,2011,164879,41835,0,206714,0,206714,108,0,108,108
1551,can,Canada,2012,163751,32647,0,196398,0,196398,121,5,126,126
1552,can,Canada,2013,160347,22145,0,182492,0,182492,94,23,117,117
1553,can,Canada,2014,149164,16699,0,165863,0,165863,89,55,144,144
1554,can,Canada,2015,135890,19631,0,155521,0,155521,73,334,407,407
1555,can,Canada,2016,97322,23946,0,121268,0,121268,76,54,130,130
1556,can,Canada,2017,104768,51859,0,156627,0,156627,75,78,153,153
1557,can,Canada,2018,114101,78766,0,192867,0,192867,81,79,160,160
1558,can,Canada,2019,101757,97017,0,198774,0,198774,71,88,159,159
1559,can,Canada,2020,109214,85352,0,194566,0,194566,65,108,173,173
1560,can,Canada,2021,130125,63144,0,193269,0,193269,60,126,186,186
1561,can,Canada,2022,140621,113066,0,253687,0,253687,186,218,404,404
1562,can,Canada,2023,169448,197961,0,367409,0,367409,223,311,534,534
1563,can,Canada,2024,269496,292055,0,561551,0,561551,309,351,660,660
1564,can,Canada,2025,416028,314475,0,730503,0,730503,360,215,575,575
1565,che,Switzerland,1951,10000,0,0,10000,0,10000,0,0,0,0
1566,che,Switzerland,1952,9800,0,0,9800,0,9800,0,0,0,0
1567,che,Switzerland,1953,9500,0,0,9500,0,9500,0,0,0,0
1568,che,Switzerland,1954,9400,0,0,9400,0,9400,0,0,0,0
1569,che,Switzerland,1955,9200,0,0,9200,0,9200,0,0,0,0
1570,che,Switzerland,1956,20700,0,0,20700,0,20700,0,0,0,0
1571,che,Switzerland,1957,20500,0,0,20500,0,20500,0,0,0,0
1572,che,Switzerland,1958,20000,0,0,20000,0,20000,0,0,0,0
1573,che,Switzerland,1959,20000,0,0,20000,0,20000,0,0,0,0
1574,che,Switzerland,1960,20000,0,0,20000,0,20000,0,0,0,0
1575,che,Switzerland,1961,20000,0,0,20000,0,20000,0,0,0,0
1576,che,Switzerland,1962,20000,0,0,20000,0,20000,0,0,0,0
1577,che,Switzerland,1963,20000,0,0,20000,0,20000,0,0,0,0
1578,che,Switzerland,1964,20000,0,0,20000,0,20000,0,0,0,0
1579,che,Switzerland,1965,20000,0,0,20000,0,20000,0,0,0,0
1580,che,Switzerland,1966,20500,0,0,20500,0,20500,0,0,0,0
1581,che,Switzerland,1967,21000,0,0,21000,0,21000,0,0,0,0
1582,che,Switzerland,1968,26000,0,0,26000,0,26000,0,0,0,0
1583,che,Switzerland,1969,30000,0,0,30000,0,30000,0,0,0,0
1584,che,Switzerland,1970,31000,0,0,31000,0,31000,0,0,0,0
1585,che,Switzerland,1971,30000,0,0,30000,0,30000,0,0,0,0
1586,che,Switzerland,1972,35000,0,0,35000,0,35000,0,0,0,0
1587,che,Switzerland,1973,35000,0,0,35000,0,35000,0,0,0,0
1588,che,Switzerland,1974,35000,0,0,35000,0,35000,0,0,0,0
1589,che,Switzerland,1975,35000,0,0,35000,0,35000,0,0,0,0
1590,che,Switzerland,1976,35000,0,0,35000,0,35000,0,0,0,0
1591,che,Switzerland,1977,30000,0,0,30000,0,30000,0,0,0,0
1592,che,Switzerland,1978,30000,0,0,30000,0,30000,0,0,0,0
1593,che,Switzerland,1979,30000,0,0,30000,0,30000,0,0,0,0
1594,che,Switzerland,1980,32000,0,0,32000,0,32000,0,0,0,0
1595,che,Switzerland,1981,40000,0,0,40000,0,40000,0,0,0,0
1596,che,Switzerland,1982,33404,0,0,33404,0,33404,0,0,0,0
1597,che,Switzerland,1983,32312,0,0,32312,0,32312,0,0,0,0
1598,che,Switzerland,1984,31201,0,0,31201,0,31201,0,0,0,0
1599,che,Switzerland,1985,30726,0,0,30726,0,30726,0,0,0,0
1600,che,Switzerland,1986,31343,0,0,31343,0,31343,0,0,0,0
1601,che,Switzerland,1987,31707,0,0,31707,0,31707,0,0,0,0
1602,che,Switzerland,1988,31949,0,0,31949,0,31949,0,0,0,0
1603,che,Switzerland,1989,36763,0,0,36763,0,36763,0,0,0,0
1604,che,Switzerland,1990,40943,0,0,40943,0,40943,0,0,0,0
1605,che,Switzerland,1991,45622,0,0,45622,0,45622,0,0,0,0
1606,che,Switzerland,1992,51930,0,0,51930,0,51930,0,0,0,0
1607,che,Switzerland,1993,56586,0,0,56586,0,56586,0,0,0,0
1608,che,Switzerland,1994,75295,0,0,75295,0,75295,8,0,8,8
1609,che,Switzerland,1995,82943,0,0,82943,0,82943,27,0,27,27
1610,che,Switzerland,1996,84413,0,0,84413,0,84413,32,0,32,32
1611,che,Switzerland,1997,83205,0,0,83205,0,83205,54,0,54,54
1612,che,Switzerland,1998,81875,0,0,81875,0,81875,76,0,76,76
1613,che,Switzerland,1999,82273,0,0,82273,0,82273,90,0,90,90
1614,che,Switzerland,2000,57624,27454,0,85078,0,85078,69,0,69,69
1615,che,Switzerland,2001,58471,25637,0,84108,0,84108,60,0,60,60
1616,che,Switzerland,2002,54081,28080,0,82161,0,82161,55,5,60,60
1617,che,Switzerland,2003,50126,24529,0,74655,0,74655,34,0,34,34
1618,che,Switzerland,2004,47654,18616,0,66270,0,66270,11,0,11,11
1619,che,Switzerland,2005,48010,14405,0,62415,0,62415,14,0,14,14
1620,che,Switzerland,2006,48508,12374,0,60882,0,60882,38,0,38,38
1621,che,Switzerland,2007,45642,10729,0,56371,0,56371,33,0,33,33
1622,che,Switzerland,2008,46131,17155,0,63286,0,63286,32,0,32,32
1623,che,Switzerland,2009,46204,17127,0,63331,0,63331,19,5,24,24
1624,che,Switzerland,2010,48813,12884,0,61697,0,61697,20,0,20,20
1625,che,Switzerland,2011,50401,16893,0,67294,0,67294,20,0,20,20
1626,che,Switzerland,2012,50733,21670,0,72403,0,72403,16,5,21,21
1627,che,Switzerland,2013,52448,22087,0,74535,0,74535,11,0,11,11
1628,che,Switzerland,2014,62596,20805,0,83401,0,83401,16,0,16,16
1629,che,Switzerland,2015,73326,32691,0,106017,0,106017,16,0,16,16
1630,che,Switzerland,2016,82668,30778,0,113446,0,113446,5,10,15,15
1631,che,Switzerland,2017,93030,23728,0,116758,0,116758,5,10,15,15
1632,che,Switzerland,2018,104011,14776,0,118787,0,118787,5,13,18,18
1633,che,Switzerland,2019,110162,11200,0,121362,0,121362,5,20,25,25
1634,che,Switzerland,2020,115798,6547,0,122345,0,122345,5,16,21,21
1635,che,Switzerland,2021,118829,7109,0,125938,0,125938,0,21,21,21
1636,che,Switzerland,2022,182474,14904,0,197378,0,197378,8,27,35,35
1637,che,Switzerland,2023,192507,18884,0,211391,0,211391,0,42,42,42
1638,che,Switzerland,2024,196167,17010,0,213177,0,213177,5,50,55,55
1639,che,Switzerland,2025,208287,17039,0,225326,0,225326,6,33,39,39
1640,chl,Chile,1969,6500,0,0,6500,0,6500,0,0,0,0
1641,chl,Chile,1970,6000,0,0,6000,0,6000,0,0,0,0
1642,chl,Chile,1971,7000,0,0,7000,0,7000,0,0,0,0
1643,chl,Chile,1972,7000,0,0,7000,0,7000,0,0,0,0
1644,chl,Chile,1973,9500,0,0,9500,0,9500,0,0,0,0
1645,chl,Chile,1974,3700,0,0,3700,0,3700,13550,0,13550,13550
1646,chl,Chile,1975,3300,0,0,3300,0,3300,15350,0,15350,15350
1647,chl,Chile,1976,4000,0,0,4000,0,4000,2670,0,2670,2670
1648,chl,Chile,1977,5200,0,0,5200,0,5200,3000,0,3000,3000
1649,chl,Chile,1978,3080,0,0,3080,0,3080,3130,0,3130,3130
1650,chl,Chile,1979,2000,0,0,2000,0,2000,3130,0,3130,3130
1651,chl,Chile,1980,1500,0,0,1500,0,1500,1505,0,1505,1505
1652,chl,Chile,1981,1500,0,0,1500,0,1500,1885,0,1885,1885
1653,chl,Chile,1982,2500,0,0,2500,0,2500,2483,0,2483,2483
1654,chl,Chile,1983,2500,0,0,2500,0,2500,1794,0,1794,1794
1655,chl,Chile,1984,2500,0,0,2500,0,2500,1552,0,1552,1552
1656,chl,Chile,1985,540,0,0,540,0,540,2181,0,2181,2181
1657,chl,Chile,1986,0,0,0,0,0,0,2434,0,2434,2434
1658,chl,Chile,1987,0,0,0,0,0,0,1906,0,1906,1906
1659,chl,Chile,1988,300,0,0,300,0,300,608,0,608,608
1660,chl,Chile,1989,300,0,0,300,0,300,1201,0,1201,1201
1661,chl,Chile,1990,58,0,0,58,0,58,14547,0,14547,14547
1662,chl,Chile,1991,72,0,0,72,0,72,14006,0,14006,14006
1663,chl,Chile,1992,142,0,0,142,0,142,14042,0,14042,14042
1664,chl,Chile,1993,237,0,0,237,0,237,15265,0,15265,15265
1665,chl,Chile,1994,216,0,0,216,0,216,15475,0,15475,15475
1666,chl,Chile,1995,280,0,0,280,0,280,14274,0,14274,14274
1667,chl,Chile,1996,307,0,0,307,0,307,12801,0,12801,12801
1668,chl,Chile,1997,270,0,0,270,0,270,9775,0,9775,9775
1669,chl,Chile,1998,306,0,0,306,0,306,7005,0,7005,7005
1670,chl,Chile,1999,326,0,0,326,0,326,1539,0,1539,1539
1671,chl,Chile,2000,366,63,0,429,0,429,858,159,1017,1017
1672,chl,Chile,2001,389,60,0,449,0,449,834,199,1033,1033
1673,chl,Chile,2002,414,12,0,426,0,426,1705,513,2218,2218
1674,chl,Chile,2003,472,48,0,520,0,520,1549,309,1858,1858
1675,chl,Chile,2004,566,75,0,641,0,641,1183,197,1380,1380
1676,chl,Chile,2005,807,101,0,908,0,908,929,81,1010,1010
1677,chl,Chile,2006,1135,334,0,1469,0,1469,798,83,881,881
1678,chl,Chile,2007,1375,507,0,1882,0,1882,964,127,1091,1091
1679,chl,Chile,2008,1607,875,0,2482,0,2482,988,128,1116,1116
1680,chl,Chile,2009,1539,498,0,2037,0,2037,1305,178,1483,1483
1681,chl,Chile,2010,1613,271,0,1884,0,1884,1163,170,1333,1333
1682,chl,Chile,2011,1669,356,0,2025,0,2025,1182,117,1299,1299
1683,chl,Chile,2012,1692,353,0,2045,0,2045,1145,63,1208,1208
1684,chl,Chile,2013,1738,416,0,2154,0,2154,588,66,654,654
1685,chl,Chile,2014,1764,571,0,2335,0,2335,571,98,669,669
1686,chl,Chile,2015,1840,1055,0,2895,0,2895,554,149,703,703
1687,chl,Chile,2016,1730,3218,0,4948,0,4948,495,200,695,695
1688,chl,Chile,2017,1861,8462,0,10323,0,10323,493,350,843,843
1689,chl,Chile,2018,2026,11993,285122,299141,0,299141,479,514,993,993
1690,chl,Chile,2019,2046,8521,452712,463279,0,463279,486,1251,1737,1737
1691,chl,Chile,2020,2053,8069,454547,464669,0,464669,659,2111,2770,2770
1692,chl,Chile,2021,2065,10159,500271,512495,0,512495,987,9058,10045,10045
1693,chl,Chile,2022,2133,11896,436845,450874,0,450874,1500,11879,13379,13379
1694,chl,Chile,2023,2338,12694,435728,450760,0,450760,1901,19228,21129,21129
1695,chl,Chile,2024,2443,13345,523727,539515,0,539515,4809,24434,29243,29243
1696,chl,Chile,2025,2631,9561,662504,674696,0,674696,5358,23057,28415,28415
1697,chn,China,1964,0,0,0,0,0,0,1200000,0,1200000,1200000
1698,chn,China,1965,0,0,0,0,0,0,1330000,0,1330000,1330000
1699,chn,China,1966,970,0,0,970,0,970,1326810,0,1326810,1326810
1700,chn,China,1967,0,0,0,0,0,0,74000,0,74000,74000
1701,chn,China,1968,0,0,0,0,0,0,70000,0,70000,70000
1702,chn,China,1969,0,0,0,0,0,0,65000,0,65000,65000
1703,chn,China,1970,0,0,0,0,0,0,66000,0,66000,66000
1704,chn,China,1971,0,0,0,0,0,0,70000,0,70000,70000
1705,chn,China,1972,0,0,0,0,0,0,75000,0,75000,75000
1706,chn,China,1973,0,0,0,0,0,0,0,0,0,0
1707,chn,China,1974,0,0,0,0,0,0,0,0,0,0
1708,chn,China,1975,0,0,0,0,0,0,0,0,0,0
1709,chn,China,1976,0,0,0,0,0,0,0,0,0,0
1710,chn,China,1977,0,0,0,0,0,0,0,0,0,0
1711,chn,China,1978,0,0,0,0,0,0,0,0,0,0
1712,chn,China,1979,250000,0,0,250000,0,250000,0,0,0,0
1713,chn,China,1980,263000,0,0,263000,0,263000,24,0,24,24
1714,chn,China,1981,265000,0,0,265000,0,265000,24,0,24,24
1715,chn,China,1982,272100,0,0,272100,0,272100,104,0,104,104
1716,chn,China,1983,276630,0,0,276630,0,276630,24,0,24,24
1717,chn,China,1984,279750,0,0,279750,0,279750,24,0,24,24
1718,chn,China,1985,279670,0,0,279670,0,279670,124,0,124,124
1719,chn,China,1986,281790,0,0,281790,0,281790,154,0,154,154
1720,chn,China,1987,280600,0,0,280600,0,280600,24,0,24,24
1721,chn,China,1988,284300,0,0,284300,0,284300,265,0,265,265
1722,chn,China,1989,284300,0,0,284300,0,284300,413,0,413,413
1723,chn,China,1990,287276,0,0,287276,0,287276,1426,0,1426,1426
1724,chn,China,1991,289061,0,0,289061,0,289061,2011,0,2011,2011
1725,chn,China,1992,288123,0,0,288123,0,288123,82576,0,82576,82576
1726,chn,China,1993,287424,0,0,287424,0,287424,111507,0,111507,111507
1727,chn,China,1994,287065,0,0,287065,0,287065,113908,0,113908,113908
1728,chn,China,1995,288310,0,0,288310,0,288310,104691,0,104691,104691
1729,chn,China,1996,290099,0,0,290099,0,290099,105806,0,105806,105806
1730,chn,China,1997,291506,0,0,291506,0,291506,106731,0,106731,106731
1731,chn,China,1998,292345,0,0,292345,0,292345,109396,0,109396,109396
1732,chn,China,1999,293297,0,0,293297,0,293297,111950,0,111950,111950
1733,chn,China,2000,294109,10,0,294119,0,294119,110967,17178,128145,128145
1734,chn,China,2001,295321,0,0,295321,0,295321,117403,19783,137186,137186
1735,chn,China,2002,297273,5,0,297278,0,297278,132099,25224,157323,157323
1736,chn,China,2003,299347,39,0,299386,0,299386,132390,21257,153647,153647
1737,chn,China,2004,299367,35,0,299402,0,299402,134708,19725,154433,154433
1738,chn,China,2005,301039,68,0,301107,0,301107,124086,19378,143464,143464
1739,chn,China,2006,301024,72,0,301096,0,301096,140584,17278,157862,157862
1740,chn,China,2007,301075,59,0,301134,0,301134,149087,15526,164613,164613
1741,chn,China,2008,300966,12,0,300978,0,300978,175169,19615,194784,194784
1742,chn,China,2009,300985,39,0,301024,0,301024,180546,18325,198871,198871
1743,chn,China,2010,300984,120,0,301104,0,301104,184601,7732,192333,192333
1744,chn,China,2011,301016,26,0,301042,0,301042,190369,11375,201744,201744
1745,chn,China,2012,301037,253,0,301290,0,301290,193449,15362,208811,208811
1746,chn,China,2013,301045,374,0,301419,0,301419,195121,24799,219920,219920
1747,chn,China,2014,301052,447,0,301499,0,301499,210793,47335,258128,258128
1748,chn,China,2015,301044,672,0,301716,0,301716,212911,57693,270604,270604
1749,chn,China,2016,317254,647,0,317901,0,317901,207768,72165,279933,279933
1750,chn,China,2017,321714,691,0,322405,0,322405,207716,89508,297224,297224
1751,chn,China,2018,321758,583,0,322341,0,322341,212039,94351,306390,306390
1752,chn,China,2019,303379,644,0,304023,0,304023,212863,104248,317111,317111
1753,chn,China,2020,303405,743,0,304148,0,304148,175361,108071,283432,283432
1754,chn,China,2021,303436,785,0,304221,0,304221,170222,118476,288698,288698
1755,chn,China,2022,320,785,0,1105,0,1105,161366,116338,277704,277704
1756,chn,China,2023,296,699,0,995,0,995,160565,137143,297708,297708
1757,chn,China,2024,261,553,0,814,0,814,153564,180960,334524,334524
1758,chn,China,2025,230,482,0,712,0,712,153962,99716,253678,253678
1759,civ,Cote d'Ivoire,1969,12000,0,0,12000,0,12000,0,0,0,0
1760,civ,Cote d'Ivoire,1970,0,0,0,0,0,0,0,0,0,0
1761,civ,Cote d'Ivoire,1971,300,0,0,300,0,300,0,0,0,0
1762,civ,Cote d'Ivoire,1972,0,0,0,0,0,0,0,0,0,0
1763,civ,Cote d'Ivoire,1973,0,0,0,0,0,0,0,0,0,0
1764,civ,Cote d'Ivoire,1974,0,0,0,0,0,0,0,0,0,0
1765,civ,Cote d'Ivoire,1975,300000,0,0,300000,0,300000,0,0,0,0
1766,civ,Cote d'Ivoire,1976,500070,0,0,500070,0,500070,0,0,0,0
1767,civ,Cote d'Ivoire,1977,0,0,0,0,0,0,0,0,0,0
1768,civ,Cote d'Ivoire,1978,0,0,0,0,0,0,0,0,0,0
1769,civ,Cote d'Ivoire,1979,0,0,0,0,0,0,0,0,0,0
1770,civ,Cote d'Ivoire,1980,0,0,0,0,0,0,0,0,0,0
1771,civ,Cote d'Ivoire,1981,0,0,0,0,0,0,0,0,0,0
1772,civ,Cote d'Ivoire,1982,0,0,0,0,0,0,0,0,0,0
1773,civ,Cote d'Ivoire,1983,450,0,0,450,0,450,0,0,0,0
1774,civ,Cote d'Ivoire,1984,650,0,0,650,0,650,0,0,0,0
1775,civ,Cote d'Ivoire,1985,810,0,0,810,0,810,0,0,0,0
1776,civ,Cote d'Ivoire,1986,880,0,0,880,0,880,0,0,0,0
1777,civ,Cote d'Ivoire,1987,800,0,0,800,0,800,0,0,0,0
1778,civ,Cote d'Ivoire,1988,800,0,0,800,0,800,0,0,0,0
1779,civ,Cote d'Ivoire,1989,480,0,0,480,0,480,0,0,0,0
1780,civ,Cote d'Ivoire,1990,272281,0,0,272281,0,272281,0,0,0,0
1781,civ,Cote d'Ivoire,1991,230290,0,0,230290,0,230290,15,0,15,15
1782,civ,Cote d'Ivoire,1992,174076,0,0,174076,0,174076,37,0,37,37
1783,civ,Cote d'Ivoire,1993,251578,0,0,251578,0,251578,41,0,41,41
1784,civ,Cote d'Ivoire,1994,360106,0,0,360106,0,360106,102,0,102,102
1785,civ,Cote d'Ivoire,1995,297908,0,0,297908,0,297908,203,0,203,203
1786,civ,Cote d'Ivoire,1996,327696,0,0,327696,0,327696,272,0,272,272
1787,civ,Cote d'Ivoire,1997,208509,0,0,208509,0,208509,355,0,355,355
1788,civ,Cote d'Ivoire,1998,151187,0,0,151187,0,151187,531,0,531,531
1789,civ,Cote d'Ivoire,1999,138433,0,0,138433,0,138433,561,0,561,561
1790,civ,Cote d'Ivoire,2000,120694,2239,0,122933,0,122933,771,678,1449,1449
1791,civ,Cote d'Ivoire,2001,126239,2321,0,128560,0,128560,856,785,1641,1641
1792,civ,Cote d'Ivoire,2002,44751,1139,0,45890,100000,145890,23731,1688,25419,125419
1793,civ,Cote d'Ivoire,2003,75967,1318,0,77285,38039,115324,33625,3294,36919,74958
1794,civ,Cote d'Ivoire,2004,72084,2102,0,74186,38039,112225,23649,4742,28391,66430
1795,civ,Cote d'Ivoire,2005,41624,2436,0,44060,38039,82099,18333,6348,24681,62720
1796,civ,Cote d'Ivoire,2006,27279,2301,0,29580,709228,738808,26304,6377,32681,741909
1797,civ,Cote d'Ivoire,2007,24640,1770,0,26410,709048,735458,22222,7416,29638,738686
1798,civ,Cote d'Ivoire,2008,24802,293,0,25095,683956,709051,22218,6459,28677,712633
1799,civ,Cote d'Ivoire,2009,24598,217,0,24815,519140,543955,23148,5262,28410,547550
1800,civ,Cote d'Ivoire,2010,26213,246,0,26459,514515,540974,41747,6014,47761,562276
1801,civ,Cote d'Ivoire,2011,24212,659,0,24871,126668,151539,154818,18197,173015,299683
1802,civ,Cote d'Ivoire,2012,3972,508,0,4480,45000,49480,100709,11192,111901,156901
1803,civ,Cote d'Ivoire,2013,2970,596,0,3566,24000,27566,85650,10985,96635,120635
1804,civ,Cote d'Ivoire,2014,1918,660,0,2578,24000,26578,71956,13404,85360,109360
1805,civ,Cote d'Ivoire,2015,1972,644,0,2616,308272,310888,71107,13752,84859,393131
1806,civ,Cote d'Ivoire,2016,1397,276,0,1673,0,1673,46811,18628,65439,65439
1807,civ,Cote d'Ivoire,2017,1559,368,0,1927,0,1927,40009,26535,66544,66544
1808,civ,Cote d'Ivoire,2018,1808,198,0,2006,0,2006,38316,22855,61171,61171
1809,civ,Cote d'Ivoire,2019,2020,151,0,2171,0,2171,39351,19881,59232,59232
1810,civ,Cote d'Ivoire,2020,2086,224,0,2310,5394,7704,37525,34216,71741,77135
1811,civ,Cote d'Ivoire,2021,4349,129,0,4478,0,4478,39940,32608,72548,72548
1812,civ,Cote d'Ivoire,2022,2251,3561,0,5812,0,5812,25148,22037,47185,47185
1813,civ,Cote d'Ivoire,2023,2370,37460,0,39830,0,39830,25994,25948,51942,51942
1814,civ,Cote d'Ivoire,2024,2377,66799,0,69176,0,69176,29442,26785,56227,56227
1815,civ,Cote d'Ivoire,2025,74630,8177,0,82807,0,82807,32506,24238,56744,56744
1816,cmr,Cameroon,1970,8000,0,0,8000,0,8000,0,0,0,0
1817,cmr,Cameroon,1971,0,0,0,0,0,0,0,0,0,0
1818,cmr,Cameroon,1972,0,0,0,0,0,0,0,0,0,0
1819,cmr,Cameroon,1973,0,0,0,0,0,0,0,0,0,0
1820,cmr,Cameroon,1974,0,0,0,0,0,0,0,0,0,0
1821,cmr,Cameroon,1975,30000,0,0,30000,0,30000,0,0,0,0
1822,cmr,Cameroon,1976,30000,0,0,30000,0,30000,0,0,0,0
1823,cmr,Cameroon,1977,30000,0,0,30000,0,30000,0,0,0,0
1824,cmr,Cameroon,1978,30000,0,0,30000,0,30000,0,0,0,0
1825,cmr,Cameroon,1979,19990,0,0,19990,0,19990,0,0,0,0
1826,cmr,Cameroon,1980,128000,0,0,128000,0,128000,0,0,0,0
1827,cmr,Cameroon,1981,172710,0,0,172710,0,172710,0,0,0,0
1828,cmr,Cameroon,1982,36820,0,0,36820,0,36820,0,0,0,0
1829,cmr,Cameroon,1983,4190,0,0,4190,0,4190,0,0,0,0
1830,cmr,Cameroon,1984,13690,0,0,13690,0,13690,0,0,0,0
1831,cmr,Cameroon,1985,35150,0,0,35150,0,35150,0,0,0,0
1832,cmr,Cameroon,1986,53600,0,0,53600,0,53600,0,0,0,0
1833,cmr,Cameroon,1987,59190,0,0,59190,0,59190,0,0,0,0
1834,cmr,Cameroon,1988,51160,0,0,51160,0,51160,0,0,0,0
1835,cmr,Cameroon,1989,48630,0,0,48630,0,48630,60,0,60,60
1836,cmr,Cameroon,1990,49876,0,0,49876,0,49876,100,0,100,100
1837,cmr,Cameroon,1991,45237,0,0,45237,0,45237,0,0,0,0
1838,cmr,Cameroon,1992,42233,0,0,42233,0,42233,84,0,84,84
1839,cmr,Cameroon,1993,44013,0,0,44013,0,44013,170,0,170,170
1840,cmr,Cameroon,1994,44036,0,0,44036,0,44036,236,0,236,236
1841,cmr,Cameroon,1995,45781,0,0,45781,0,45781,2018,0,2018,2018
1842,cmr,Cameroon,1996,46407,0,0,46407,0,46407,2111,0,2111,2111
1843,cmr,Cameroon,1997,47057,0,0,47057,0,47057,2250,0,2250,2250
1844,cmr,Cameroon,1998,47826,0,0,47826,0,47826,1349,0,1349,1349
1845,cmr,Cameroon,1999,49227,0,0,49227,0,49227,1651,0,1651,1651
1846,cmr,Cameroon,2000,43680,1633,0,45313,0,45313,2067,1494,3561,3561
1847,cmr,Cameroon,2001,41186,2577,0,43763,0,43763,2729,2160,4889,4889
1848,cmr,Cameroon,2002,58288,5308,0,63596,0,63596,5228,2841,8069,8069
1849,cmr,Cameroon,2003,58583,5675,0,64258,0,64258,6215,3342,9557,9557
1850,cmr,Cameroon,2004,58861,6123,0,64984,0,64984,7631,3722,11353,11353
1851,cmr,Cameroon,2005,52042,6766,0,58808,0,58808,9096,4856,13952,13952
1852,cmr,Cameroon,2006,35083,4160,0,39243,0,39243,10373,3382,13755,13755
1853,cmr,Cameroon,2007,60137,2149,0,62286,0,62286,11499,2973,14472,14472
1854,cmr,Cameroon,2008,81033,2221,0,83254,0,83254,13852,2911,16763,16763
1855,cmr,Cameroon,2009,99950,1313,0,101263,0,101263,14752,2239,16991,16991
1856,cmr,Cameroon,2010,104269,2378,0,106647,0,106647,14952,2077,17029,17029
1857,cmr,Cameroon,2011,100368,3289,0,103657,0,103657,15149,2480,17629,17629
1858,cmr,Cameroon,2012,98961,3122,0,102083,0,102083,13360,3380,16740,16740
1859,cmr,Cameroon,2013,114744,8324,0,123068,0,123068,11410,4215,15625,15625
1860,cmr,Cameroon,2014,264122,11736,0,275858,0,275858,10739,5013,15752,15752
1861,cmr,Cameroon,2015,342970,5356,0,348326,92657,440983,10565,7357,17922,110579
1862,cmr,Cameroon,2016,375413,3237,0,378650,198889,577539,10344,10943,21287,220176
1863,cmr,Cameroon,2017,337382,5765,0,343147,221695,564842,11032,24607,35639,257334
1864,cmr,Cameroon,2018,380327,8092,0,388419,668494,1056913,45118,18638,63756,732250
1865,cmr,Cameroon,2019,406259,9930,0,416189,950263,1366452,66241,21865,88106,1038369
1866,cmr,Cameroon,2020,436396,6809,0,443205,1032942,1476147,78481,23013,101494,1134436
1867,cmr,Cameroon,2021,457269,8018,0,465287,933138,1398425,125477,22151,147628,1080766
1868,cmr,Cameroon,2022,473887,9247,0,483134,989079,1472213,147352,21927,169279,1158358
1869,cmr,Cameroon,2023,485285,10288,0,495573,1075252,1570825,110715,50840,161555,1236807
1870,cmr,Cameroon,2024,427706,16034,0,443740,1036775,1480515,109879,59627,169506,1206281
1871,cmr,Cameroon,2025,408613,18553,0,427166,1004257,1431423,140366,37991,178357,1182614
1872,cod,"Congo, Dem. Rep.",1960,150000,0,0,150000,0,150000,0,0,0,0
1873,cod,"Congo, Dem. Rep.",1961,203000,0,0,203000,0,203000,0,0,0,0
1874,cod,"Congo, Dem. Rep.",1962,223000,0,0,223000,0,223000,0,0,0,0
1875,cod,"Congo, Dem. Rep.",1963,237000,0,0,237000,0,237000,0,0,0,0
1876,cod,"Congo, Dem. Rep.",1964,236000,0,0,236000,0,236000,58700,0,58700,58700
1877,cod,"Congo, Dem. Rep.",1965,265000,0,0,265000,0,265000,47000,0,47000,47000
1878,cod,"Congo, Dem. Rep.",1966,357100,0,0,357100,0,357100,74800,0,74800,74800
1879,cod,"Congo, Dem. Rep.",1967,434100,0,0,434100,0,434100,78190,0,78190,78190
1880,cod,"Congo, Dem. Rep.",1968,475400,0,0,475400,0,475400,67330,0,67330,67330
1881,cod,"Congo, Dem. Rep.",1969,496300,0,0,496300,0,496300,54530,0,54530,54530
1882,cod,"Congo, Dem. Rep.",1970,489000,0,0,489000,0,489000,51650,0,51650,51650
1883,cod,"Congo, Dem. Rep.",1971,474250,0,0,474250,0,474250,43470,0,43470,43470
1884,cod,"Congo, Dem. Rep.",1972,495250,0,0,495250,0,495250,43920,0,43920,43920
1885,cod,"Congo, Dem. Rep.",1973,460050,0,0,460050,0,460050,43380,0,43380,43380
1886,cod,"Congo, Dem. Rep.",1974,503250,0,0,503250,0,503250,39820,0,39820,39820
1887,cod,"Congo, Dem. Rep.",1975,510000,0,0,510000,0,510000,39410,0,39410,39410
1888,cod,"Congo, Dem. Rep.",1976,515000,0,0,515000,0,515000,44070,0,44070,44070
1889,cod,"Congo, Dem. Rep.",1977,530300,0,0,530300,0,530300,264940,0,264940,264940
1890,cod,"Congo, Dem. Rep.",1978,653000,0,0,653000,0,653000,151560,0,151560,151560
1891,cod,"Congo, Dem. Rep.",1979,710480,0,0,710480,0,710480,70450,0,70450,70450
1892,cod,"Congo, Dem. Rep.",1980,611110,0,0,611110,0,611110,116750,0,116750,116750
1893,cod,"Congo, Dem. Rep.",1981,576740,0,0,576740,0,576740,118970,0,118970,118970
1894,cod,"Congo, Dem. Rep.",1982,497600,0,0,497600,0,497600,92455,0,92455,92455
1895,cod,"Congo, Dem. Rep.",1983,303500,0,0,303500,0,303500,101571,0,101571,101571
1896,cod,"Congo, Dem. Rep.",1984,337330,0,0,337330,0,337330,94512,0,94512,94512
1897,cod,"Congo, Dem. Rep.",1985,283000,0,0,283000,0,283000,86418,0,86418,86418
1898,cod,"Congo, Dem. Rep.",1986,301230,0,0,301230,0,301230,96619,0,96619,96619
1899,cod,"Congo, Dem. Rep.",1987,320000,0,0,320000,0,320000,69428,0,69428,69428
1900,cod,"Congo, Dem. Rep.",1988,340675,0,0,340675,0,340675,103537,0,103537,103537
1901,cod,"Congo, Dem. Rep.",1989,340689,0,0,340689,0,340689,100786,0,100786,100786
1902,cod,"Congo, Dem. Rep.",1990,416435,0,0,416435,0,416435,67423,0,67423,67423
1903,cod,"Congo, Dem. Rep.",1991,482959,0,0,482959,0,482959,65816,0,65816,65816
1904,cod,"Congo, Dem. Rep.",1992,391127,0,0,391127,0,391127,81269,0,81269,81269
1905,cod,"Congo, Dem. Rep.",1993,572070,0,0,572070,0,572070,74817,0,74817,74817
1906,cod,"Congo, Dem. Rep.",1994,1724365,0,0,1724365,0,1724365,73279,0,73279,73279
1907,cod,"Congo, Dem. Rep.",1995,1433760,0,0,1433760,0,1433760,89742,0,89742,89742
1908,cod,"Congo, Dem. Rep.",1996,675972,0,0,675972,0,675972,158794,0,158794,158794
1909,cod,"Congo, Dem. Rep.",1997,297536,0,0,297536,0,297536,173994,0,173994,173994
1910,cod,"Congo, Dem. Rep.",1998,240214,0,0,240214,0,240214,158828,0,158828,158828
1911,cod,"Congo, Dem. Rep.",1999,285270,0,0,285270,0,285270,255942,0,255942,255942
1912,cod,"Congo, Dem. Rep.",2000,332509,143,0,332652,3000,335652,371705,19844,391549,394549
1913,cod,"Congo, Dem. Rep.",2001,362014,299,0,362313,3458,365771,392142,28257,420399,423857
1914,cod,"Congo, Dem. Rep.",2002,332978,391,0,333369,9000,342369,421355,44078,465433,474433
1915,cod,"Congo, Dem. Rep.",2003,234033,441,0,234474,0,234474,453465,51942,505407,505407
1916,cod,"Congo, Dem. Rep.",2004,199323,348,0,199671,0,199671,462186,50911,513097,513097
1917,cod,"Congo, Dem. Rep.",2005,204341,139,0,204480,0,204480,430919,55950,486869,486869
1918,cod,"Congo, Dem. Rep.",2006,208371,93,0,208464,1075297,1283761,401908,29211,431119,1506416
1919,cod,"Congo, Dem. Rep.",2007,177390,96,0,177486,1317879,1495365,370372,36291,406663,1724542
1920,cod,"Congo, Dem. Rep.",2008,155162,5,0,155167,1460102,1615269,367991,36277,404268,1864370
1921,cod,"Congo, Dem. Rep.",2009,185809,637,0,186446,2052677,2239123,455852,31104,486956,2539633
1922,cod,"Congo, Dem. Rep.",2010,166333,920,0,167253,1721382,1888635,476691,43082,519773,2241155
1923,cod,"Congo, Dem. Rep.",2011,152748,1131,0,153879,1709278,1863157,491470,52315,543785,2253063
1924,cod,"Congo, Dem. Rep.",2012,65106,1821,0,66927,2669069,2735996,509275,58670,567945,3237014
1925,cod,"Congo, Dem. Rep.",2013,113357,1453,0,114810,2963799,3078609,499551,65353,564904,3528703
1926,cod,"Congo, Dem. Rep.",2014,119752,1182,0,120934,2756585,2877519,516765,67339,584104,3340689
1927,cod,"Congo, Dem. Rep.",2015,383095,978,0,384073,1555112,1939185,541487,76029,617516,2172628
1928,cod,"Congo, Dem. Rep.",2016,451957,1324,0,453281,2232900,2686181,537474,82709,620183,2853083
1929,cod,"Congo, Dem. Rep.",2017,537089,807,0,537896,4351376,4889272,620805,136152,756957,5108333
1930,cod,"Congo, Dem. Rep.",2018,529065,5770,0,534835,4516866,5051701,720302,133422,853724,5370590
1931,cod,"Congo, Dem. Rep.",2019,523733,3192,0,526925,5014253,5541178,802974,145502,948476,5962729
1932,cod,"Congo, Dem. Rep.",2020,490243,1480,0,491723,5198131,5689854,840392,145372,985764,6183895
1933,cod,"Congo, Dem. Rep.",2021,524148,2218,0,526366,5407840,5934206,908401,148099,1056500,6464340
1934,cod,"Congo, Dem. Rep.",2022,520544,2147,0,522691,5541021,6063712,932680,135099,1067779,6608800
1935,cod,"Congo, Dem. Rep.",2023,523392,3106,0,526498,6251790,6778288,978209,149805,1128014,7379804
1936,cod,"Congo, Dem. Rep.",2024,517404,1041,0,518445,6905511,7423956,1060086,165456,1225542,8131053
1937,cod,"Congo, Dem. Rep.",2025,503732,100112,0,603844,5669479,6273323,1176489,168421,1344910,7014389
1938,cog,"Congo, Rep.",1965,0,0,0,0,0,0,0,0,0,0
1939,cog,"Congo, Rep.",1966,0,0,0,0,0,0,0,0,0,0
1940,cog,"Congo, Rep.",1967,0,0,0,0,0,0,930,0,930,930
1941,cog,"Congo, Rep.",1968,0,0,0,0,0,0,330,0,330,330
1942,cog,"Congo, Rep.",1969,500,0,0,500,0,500,0,0,0,0
1943,cog,"Congo, Rep.",1970,500,0,0,500,0,500,0,0,0,0
1944,cog,"Congo, Rep.",1971,0,0,0,0,0,0,0,0,0,0
1945,cog,"Congo, Rep.",1972,0,0,0,0,0,0,0,0,0,0
1946,cog,"Congo, Rep.",1973,0,0,0,0,0,0,0,0,0,0
1947,cog,"Congo, Rep.",1974,10000,0,0,10000,0,10000,0,0,0,0
1948,cog,"Congo, Rep.",1975,5000,0,0,5000,0,5000,110,0,110,110
1949,cog,"Congo, Rep.",1976,0,0,0,0,0,0,0,0,0,0
1950,cog,"Congo, Rep.",1977,0,0,0,0,0,0,0,0,0,0
1951,cog,"Congo, Rep.",1978,150,0,0,150,0,150,0,0,0,0
1952,cog,"Congo, Rep.",1979,0,0,0,0,0,0,0,0,0,0
1953,cog,"Congo, Rep.",1980,0,0,0,0,0,0,6,0,6,6
1954,cog,"Congo, Rep.",1981,0,0,0,0,0,0,6,0,6,6
1955,cog,"Congo, Rep.",1982,0,0,0,0,0,0,6,0,6,6
1956,cog,"Congo, Rep.",1983,1000,0,0,1000,0,1000,6,0,6,6
1957,cog,"Congo, Rep.",1984,1000,0,0,1000,0,1000,6,0,6,6
1958,cog,"Congo, Rep.",1985,1200,0,0,1200,0,1200,6,0,6,6
1959,cog,"Congo, Rep.",1986,1580,0,0,1580,0,1580,6,0,6,6
1960,cog,"Congo, Rep.",1987,2120,0,0,2120,0,2120,0,0,0,0
1961,cog,"Congo, Rep.",1988,2160,0,0,2160,0,2160,0,0,0,0
1962,cog,"Congo, Rep.",1989,3401,0,0,3401,0,3401,0,0,0,0
1963,cog,"Congo, Rep.",1990,2990,0,0,2990,0,2990,0,0,0,0
1964,cog,"Congo, Rep.",1991,3395,0,0,3395,0,3395,5,0,5,5
1965,cog,"Congo, Rep.",1992,3385,0,0,3385,0,3385,7,0,7,7
1966,cog,"Congo, Rep.",1993,13646,0,0,13646,0,13646,7,0,7,7
1967,cog,"Congo, Rep.",1994,15522,0,0,15522,0,15522,33,0,33,33
1968,cog,"Congo, Rep.",1995,19404,0,0,19404,0,19404,172,0,172,172
1969,cog,"Congo, Rep.",1996,20451,0,0,20451,0,20451,214,0,214,214
1970,cog,"Congo, Rep.",1997,20700,0,0,20700,0,20700,21143,0,21143,21143
1971,cog,"Congo, Rep.",1998,27176,0,0,27176,0,27176,17141,0,17141,17141
1972,cog,"Congo, Rep.",1999,39870,0,0,39870,0,39870,27297,0,27297,27297
1973,cog,"Congo, Rep.",2000,123190,875,0,124065,0,124065,27570,4142,31712,31712
1974,cog,"Congo, Rep.",2001,119146,2436,0,121582,0,121582,24237,4258,28495,28495
1975,cog,"Congo, Rep.",2002,109201,2754,0,111955,0,111955,27994,7017,35011,35011
1976,cog,"Congo, Rep.",2003,91362,3222,0,94584,0,94584,28950,6952,35902,35902
1977,cog,"Congo, Rep.",2004,68536,3230,0,71766,0,71766,28140,7141,35281,35281
1978,cog,"Congo, Rep.",2005,66075,3482,0,69557,0,69557,24428,8168,32596,32596
1979,cog,"Congo, Rep.",2006,55788,4287,0,60075,3492,63567,20599,4864,25463,28955
1980,cog,"Congo, Rep.",2007,38472,4791,0,43263,0,43263,19726,6072,25798,25798
1981,cog,"Congo, Rep.",2008,24771,3250,0,28021,0,28021,19922,5044,24966,24966
1982,cog,"Congo, Rep.",2009,111403,4915,0,116318,0,116318,20546,3199,23745,23745
1983,cog,"Congo, Rep.",2010,133099,5518,0,138617,0,138617,20682,2999,23681,23681
1984,cog,"Congo, Rep.",2011,141224,3008,0,144232,0,144232,12836,1944,14780,14780
1985,cog,"Congo, Rep.",2012,98446,3315,0,101761,0,101761,12113,2489,14602,14602
1986,cog,"Congo, Rep.",2013,51033,2644,0,53677,0,53677,11744,3273,15017,15017
1987,cog,"Congo, Rep.",2014,54842,3192,0,58034,0,58034,14498,3410,17908,17908
1988,cog,"Congo, Rep.",2015,44952,4340,0,49292,0,49292,14772,4071,18843,18843
1989,cog,"Congo, Rep.",2016,46454,6672,0,53126,15303,68429,13291,4346,17637,32940
1990,cog,"Congo, Rep.",2017,48509,7092,0,55601,107828,163429,13295,13068,26363,134191
1991,cog,"Congo, Rep.",2018,37491,9176,0,46667,138000,184667,13354,11762,25116,163116
1992,cog,"Congo, Rep.",2019,25668,14417,0,40085,134430,174515,12743,11227,23970,158400
1993,cog,"Congo, Rep.",2020,27097,13622,0,40719,134430,175149,12590,12836,25426,159856
1994,cog,"Congo, Rep.",2021,40765,13670,0,54435,134430,188865,14253,12795,27048,161478
1995,cog,"Congo, Rep.",2022,41557,18356,0,59913,26875,86788,13331,9580,22911,49786
1996,cog,"Congo, Rep.",2023,60637,6585,0,67222,0,67222,13820,10363,24183,24183
1997,cog,"Congo, Rep.",2024,62052,7714,0,69766,0,69766,14110,12278,26388,26388
1998,cog,"Congo, Rep.",2025,62500,8109,0,70609,0,70609,13134,9431,22565,22565
1999,col,Colombia,1970,1500,0,0,1500,0,1500,0,0,0,0
2000,col,Colombia,1971,1400,0,0,1400,0,1400,0,0,0,0
2001,col,Colombia,1972,1350,0,0,1350,0,1350,0,0,0,0
2002,col,Colombia,1973,1450,0,0,1450,0,1450,0,0,0,0
2003,col,Colombia,1974,1200,0,0,1200,0,1200,0,0,0,0
2004,col,Colombia,1975,0,0,0,0,0,0,0,0,0,0
2005,col,Colombia,1976,0,0,0,0,0,0,0,0,0,0
2006,col,Colombia,1977,1800,0,0,1800,0,1800,0,0,0,0
2007,col,Colombia,1978,1500,0,0,1500,0,1500,0,0,0,0
2008,col,Colombia,1979,2000,0,0,2000,0,2000,0,0,0,0
2009,col,Colombia,1980,2000,0,0,2000,0,2000,0,0,0,0
2010,col,Colombia,1981,1800,0,0,1800,0,1800,50,0,50,50
2011,col,Colombia,1982,150,0,0,150,0,150,100,0,100,100
2012,col,Colombia,1983,210,0,0,210,0,210,0,0,0,0
2013,col,Colombia,1984,330,0,0,330,0,330,0,0,0,0
2014,col,Colombia,1985,400,0,0,400,0,400,60,0,60,60
2015,col,Colombia,1986,240,0,0,240,0,240,50,0,50,50
2016,col,Colombia,1987,680,0,0,680,0,680,50,0,50,50
2017,col,Colombia,1988,720,0,0,720,0,720,35,0,35,35
2018,col,Colombia,1989,700,0,0,700,0,700,65,0,65,65
2019,col,Colombia,1990,460,0,0,460,0,460,493,0,493,493
2020,col,Colombia,1991,450,0,0,450,0,450,738,0,738,738
2021,col,Colombia,1992,478,0,0,478,0,478,841,0,841,841
2022,col,Colombia,1993,296,0,0,296,0,296,1040,0,1040,1040
2023,col,Colombia,1994,312,0,0,312,0,312,1361,0,1361,1361
2024,col,Colombia,1995,220,0,0,220,0,220,1902,0,1902,1902
2025,col,Colombia,1996,222,0,0,222,0,222,2168,0,2168,2168
2026,col,Colombia,1997,223,0,0,223,0,223,2376,0,2376,2376
2027,col,Colombia,1998,226,0,0,226,0,226,3536,0,3536,3536
2028,col,Colombia,1999,232,0,0,232,0,232,4412,0,4412,4412
2029,col,Colombia,2000,244,12,0,256,525000,525256,9278,5003,14281,539281
2030,col,Colombia,2001,213,18,0,231,720000,720231,17937,15467,33404,753404
2031,col,Colombia,2002,208,7,0,215,950000,950215,30624,21920,52544,1002544
2032,col,Colombia,2003,189,15,0,204,1244072,1244276,37992,22938,60930,1305002
2033,col,Colombia,2004,146,28,0,174,2000000,2000174,47380,21525,68905,2068905
2034,col,Colombia,2005,152,35,0,187,2000000,2000187,60447,19744,80191,2080191
2035,col,Colombia,2006,137,72,0,209,3000000,3000209,72793,21914,94707,3094707
2036,col,Colombia,2007,164,83,0,247,3000000,3000247,551741,43097,594838,3594838
2037,col,Colombia,2008,165,71,0,236,3000000,3000236,373532,52620,426152,3426152
2038,col,Colombia,2009,184,118,0,302,3303979,3304281,389753,64335,454088,3758067
2039,col,Colombia,2010,198,165,0,363,3672054,3672417,395579,60336,455915,4127969
2040,col,Colombia,2011,208,115,0,323,3888309,3888632,395950,42586,438536,4326845
2041,col,Colombia,2012,204,70,0,274,3943509,3943783,394112,18635,412747,4356256
2042,col,Colombia,2013,207,58,0,265,5368138,5368403,396711,15638,412349,5780487
2043,col,Colombia,2014,198,154,0,352,6044151,6044503,360291,4713,365004,6409155
2044,col,Colombia,2015,212,105,0,317,6939067,6939384,340116,6879,346995,7286062
2045,col,Colombia,2016,241,368,0,609,7410816,7411425,311059,12581,323640,7734456
2046,col,Colombia,2017,260,525,0,785,7677609,7678394,191635,32478,224113,7901722
2047,col,Colombia,2018,294,2851,1171552,1174697,7816473,8991170,138583,45674,184257,8000730
2048,col,Colombia,2019,634,9094,1771237,1780965,7976412,9757377,189254,75548,264802,8241214
2049,col,Colombia,2020,957,19933,1729537,1750427,8252788,10003215,189866,70917,260783,8513571
2050,col,Colombia,2021,1504,28920,1842390,1872814,6766002,8638816,115792,80705,196497,6962499
2051,col,Colombia,2022,1607,22675,2453862,2478144,6834492,9312636,109012,144210,253222,7087714
2052,col,Colombia,2023,1382,23842,2851160,2876384,6918373,9794757,115513,301824,417337,7335710
2053,col,Colombia,2024,1306,29305,2779604,2810215,7031498,9841713,77775,397872,475647,7507145
2054,col,Colombia,2025,1464,17421,2810778,2829663,7157716,9987379,79669,303273,382942,7540658
2055,com,Comoros,1989,0,0,0,0,0,0,5,0,5,5
2056,com,Comoros,1990,0,0,0,0,0,0,5,0,5,5
2057,com,Comoros,1991,0,0,0,0,0,0,0,0,0,0
2058,com,Comoros,1992,0,0,0,0,0,0,0,0,0,0
2059,com,Comoros,1993,0,0,0,0,0,0,0,0,0,0
2060,com,Comoros,1994,0,0,0,0,0,0,5,0,5,5
2061,com,Comoros,1995,0,0,0,0,0,0,10,0,10,10
2062,com,Comoros,1996,0,0,0,0,0,0,10,0,10,10
2063,com,Comoros,1997,0,0,0,0,0,0,5,0,5,5
2064,com,Comoros,1998,0,0,0,0,0,0,27,0,27,27
2065,com,Comoros,1999,9,0,0,9,0,9,27,0,27,27
2066,com,Comoros,2000,13,0,0,13,0,13,25,96,121,121
2067,com,Comoros,2001,12,0,0,12,0,12,25,82,107,107
2068,com,Comoros,2002,0,0,0,0,0,0,40,36,76,76
2069,com,Comoros,2003,0,0,0,0,0,0,62,45,107,107
2070,com,Comoros,2004,0,0,0,0,0,0,52,517,569,569
2071,com,Comoros,2005,0,0,0,0,0,0,64,509,573,573
2072,com,Comoros,2006,0,0,0,0,0,0,73,5,78,78
2073,com,Comoros,2007,0,0,0,0,0,0,93,41,134,134
2074,com,Comoros,2008,0,0,0,0,0,0,376,36,412,412
2075,com,Comoros,2009,0,0,0,0,0,0,268,5,273,273
2076,com,Comoros,2010,0,0,0,0,0,0,365,5,370,370
2077,com,Comoros,2011,0,0,0,0,0,0,420,28,448,448
2078,com,Comoros,2012,0,0,0,0,0,0,449,54,503,503
2079,com,Comoros,2013,0,0,0,0,0,0,509,318,827,827
2080,com,Comoros,2014,0,0,0,0,0,0,580,348,928,928
2081,com,Comoros,2015,0,0,0,0,0,0,550,226,776,776
2082,com,Comoros,2016,0,0,0,0,0,0,572,226,798,798
2083,com,Comoros,2017,0,0,0,0,0,0,600,322,922,922
2084,com,Comoros,2018,0,0,0,0,0,0,624,500,1124,1124
2085,com,Comoros,2019,0,0,0,0,0,0,658,1459,2117,2117
2086,com,Comoros,2020,0,0,0,0,0,0,748,2688,3436,3436
2087,com,Comoros,2021,27,0,0,27,0,27,1670,1833,3503,3503
2088,com,Comoros,2022,12,5,0,17,0,17,1900,792,2692,2692
2089,com,Comoros,2023,10,0,0,10,0,10,2194,921,3115,3115
2090,com,Comoros,2024,5,13,0,18,0,18,2322,468,2790,2790
2091,com,Comoros,2025,5,14,0,19,0,19,2338,401,2739,2739
2092,cpv,Cape Verde,1966,0,0,0,0,0,0,300,0,300,300
2093,cpv,Cape Verde,1967,0,0,0,0,0,0,300,0,300,300
2094,cpv,Cape Verde,1968,0,0,0,0,0,0,430,0,430,430
2095,cpv,Cape Verde,1969,0,0,0,0,0,0,400,0,400,400
2096,cpv,Cape Verde,1970,0,0,0,0,0,0,400,0,400,400
2097,cpv,Cape Verde,1971,0,0,0,0,0,0,0,0,0,0
2098,cpv,Cape Verde,1972,0,0,0,0,0,0,0,0,0,0
2099,cpv,Cape Verde,1973,0,0,0,0,0,0,0,0,0,0
2100,cpv,Cape Verde,1974,0,0,0,0,0,0,0,0,0,0
2101,cpv,Cape Verde,1975,0,0,0,0,0,0,0,0,0,0
2102,cpv,Cape Verde,1976,0,0,0,0,0,0,0,0,0,0
2103,cpv,Cape Verde,1977,0,0,0,0,0,0,0,0,0,0
2104,cpv,Cape Verde,1978,0,0,0,0,0,0,0,0,0,0
2105,cpv,Cape Verde,1979,0,0,0,0,0,0,0,0,0,0
2106,cpv,Cape Verde,1980,0,0,0,0,0,0,0,0,0,0
2107,cpv,Cape Verde,1981,0,0,0,0,0,0,0,0,0,0
2108,cpv,Cape Verde,1982,0,0,0,0,0,0,0,0,0,0
2109,cpv,Cape Verde,1983,0,0,0,0,0,0,0,0,0,0
2110,cpv,Cape Verde,1984,0,0,0,0,0,0,0,0,0,0
2111,cpv,Cape Verde,1985,0,0,0,0,0,0,0,0,0,0
2112,cpv,Cape Verde,1986,0,0,0,0,0,0,0,0,0,0
2113,cpv,Cape Verde,1987,0,0,0,0,0,0,0,0,0,0
2114,cpv,Cape Verde,1988,0,0,0,0,0,0,0,0,0,0
2115,cpv,Cape Verde,1989,0,0,0,0,0,0,0,0,0,0
2116,cpv,Cape Verde,1990,0,0,0,0,0,0,0,0,0,0
2117,cpv,Cape Verde,1991,5,0,0,5,0,5,0,0,0,0
2118,cpv,Cape Verde,1992,0,0,0,0,0,0,0,0,0,0
2119,cpv,Cape Verde,1993,0,0,0,0,0,0,0,0,0,0
2120,cpv,Cape Verde,1994,0,0,0,0,0,0,0,0,0,0
2121,cpv,Cape Verde,1995,0,0,0,0,0,0,0,0,0,0
2122,cpv,Cape Verde,1996,0,0,0,0,0,0,0,0,0,0
2123,cpv,Cape Verde,1997,0,0,0,0,0,0,0,0,0,0
2124,cpv,Cape Verde,1998,0,0,0,0,0,0,0,0,0,0
2125,cpv,Cape Verde,1999,0,0,0,0,0,0,0,0,0,0
2126,cpv,Cape Verde,2000,0,0,0,0,0,0,0,13,13,13
2127,cpv,Cape Verde,2001,0,0,0,0,0,0,5,19,24,24
2128,cpv,Cape Verde,2002,0,0,0,0,0,0,5,11,16,16
2129,cpv,Cape Verde,2003,0,0,0,0,0,0,7,11,18,18
2130,cpv,Cape Verde,2004,0,0,0,0,0,0,5,11,16,16
2131,cpv,Cape Verde,2005,0,0,0,0,0,0,0,14,14,14
2132,cpv,Cape Verde,2006,0,0,0,0,0,0,34,10,44,44
2133,cpv,Cape Verde,2007,0,0,0,0,0,0,28,5,33,33
2134,cpv,Cape Verde,2008,0,0,0,0,0,0,27,0,27,27
2135,cpv,Cape Verde,2009,0,0,0,0,0,0,22,0,22,22
2136,cpv,Cape Verde,2010,0,0,0,0,0,0,22,0,22,22
2137,cpv,Cape Verde,2011,0,0,0,0,0,0,22,5,27,27
2138,cpv,Cape Verde,2012,0,0,0,0,0,0,22,10,32,32
2139,cpv,Cape Verde,2013,0,0,0,0,0,0,22,17,39,39
2140,cpv,Cape Verde,2014,0,0,0,0,0,0,27,46,73,73
2141,cpv,Cape Verde,2015,0,0,0,0,0,0,27,95,122,122
2142,cpv,Cape Verde,2016,0,0,0,0,0,0,10,98,108,108
2143,cpv,Cape Verde,2017,0,0,0,0,0,0,5,181,186,186
2144,cpv,Cape Verde,2018,0,0,0,0,0,0,10,206,216,216
2145,cpv,Cape Verde,2019,0,0,0,0,0,0,10,250,260,260
2146,cpv,Cape Verde,2020,0,0,0,0,0,0,5,258,263,263
2147,cpv,Cape Verde,2021,0,0,0,0,0,0,10,273,283,283
2148,cpv,Cape Verde,2022,0,0,0,0,0,0,20,256,276,276
2149,cpv,Cape Verde,2023,0,0,0,0,0,0,19,247,266,266
2150,cpv,Cape Verde,2024,0,0,0,0,0,0,14,272,286,286
2151,cpv,Cape Verde,2025,0,0,0,0,0,0,15,79,94,94
2152,cri,Costa Rica,1972,700,0,0,700,0,700,0,0,0,0
2153,cri,Costa Rica,1973,0,0,0,0,0,0,0,0,0,0
2154,cri,Costa Rica,1974,200,0,0,200,0,200,0,0,0,0
2155,cri,Costa Rica,1975,0,0,0,0,0,0,0,0,0,0
2156,cri,Costa Rica,1976,0,0,0,0,0,0,0,0,0,0
2157,cri,Costa Rica,1977,3500,0,0,3500,0,3500,0,0,0,0
2158,cri,Costa Rica,1978,133000,0,0,133000,0,133000,0,0,0,0
2159,cri,Costa Rica,1979,18610,0,0,18610,0,18610,0,0,0,0
2160,cri,Costa Rica,1980,10060,0,0,10060,0,10060,0,0,0,0
2161,cri,Costa Rica,1981,15000,0,0,15000,0,15000,0,0,0,0
2162,cri,Costa Rica,1982,16360,0,0,16360,0,16360,0,0,0,0
2163,cri,Costa Rica,1983,16910,0,0,16910,0,16910,0,0,0,0
2164,cri,Costa Rica,1984,16910,0,0,16910,0,16910,0,0,0,0
2165,cri,Costa Rica,1985,24000,0,0,24000,0,24000,0,0,0,0
2166,cri,Costa Rica,1986,31200,0,0,31200,0,31200,0,0,0,0
2167,cri,Costa Rica,1987,31600,0,0,31600,0,31600,0,0,0,0
2168,cri,Costa Rica,1988,278800,0,0,278800,0,278800,0,0,0,0
2169,cri,Costa Rica,1989,278800,0,0,278800,0,278800,0,0,0,0
2170,cri,Costa Rica,1990,276210,0,0,276210,0,276210,0,0,0,0
2171,cri,Costa Rica,1991,117492,0,0,117492,0,117492,0,0,0,0
2172,cri,Costa Rica,1992,114392,0,0,114392,0,114392,5,0,5,5
2173,cri,Costa Rica,1993,24834,0,0,24834,0,24834,5,0,5,5
2174,cri,Costa Rica,1994,24630,0,0,24630,0,24630,222,0,222,222
2175,cri,Costa Rica,1995,24226,0,0,24226,0,24226,209,0,209,209
2176,cri,Costa Rica,1996,23176,0,0,23176,0,23176,136,0,136,136
2177,cri,Costa Rica,1997,23114,0,0,23114,0,23114,86,0,86,86
2178,cri,Costa Rica,1998,22986,0,0,22986,0,22986,50,0,50,50
2179,cri,Costa Rica,1999,22903,0,0,22903,0,22903,73,0,73,73
2180,cri,Costa Rica,2000,5519,1089,0,6608,0,6608,55,226,281,281
2181,cri,Costa Rica,2001,8104,2588,0,10692,0,10692,86,671,757,757
2182,cri,Costa Rica,2002,12433,85,0,12518,0,12518,97,1730,1827,1827
2183,cri,Costa Rica,2003,13508,79,0,13587,0,13587,91,1468,1559,1559
2184,cri,Costa Rica,2004,10413,223,0,10636,0,10636,136,351,487,487
2185,cri,Costa Rica,2005,11253,223,0,11476,0,11476,176,133,309,309
2186,cri,Costa Rica,2006,11515,332,0,11847,0,11847,283,74,357,357
2187,cri,Costa Rica,2007,17176,503,0,17679,0,17679,361,61,422,422
2188,cri,Costa Rica,2008,18119,441,0,18560,0,18560,354,65,419,419
2189,cri,Costa Rica,2009,19101,575,0,19676,0,19676,344,76,420,420
2190,cri,Costa Rica,2010,19486,377,0,19863,0,19863,352,74,426,426
2191,cri,Costa Rica,2011,20044,451,0,20495,0,20495,332,39,371,371
2192,cri,Costa Rica,2012,20435,624,0,21059,0,21059,325,23,348,348
2193,cri,Costa Rica,2013,20554,593,0,21147,0,21147,463,460,923,923
2194,cri,Costa Rica,2014,20726,1751,0,22477,0,22477,414,125,539,539
2195,cri,Costa Rica,2015,3603,3259,0,6862,0,6862,374,213,587,587
2196,cri,Costa Rica,2016,4162,3626,0,7788,0,7788,202,312,514,514
2197,cri,Costa Rica,2017,4479,7428,0,11907,0,11907,195,486,681,681
2198,cri,Costa Rica,2018,4531,32595,0,37126,0,37126,207,548,755,755
2199,cri,Costa Rica,2019,6204,87154,20828,114186,0,114186,206,739,945,945
2200,cri,Costa Rica,2020,9593,89744,22401,121738,0,121738,208,800,1008,1008
2201,cri,Costa Rica,2021,10224,152507,21766,184497,0,184497,235,989,1224,1224
2202,cri,Costa Rica,2022,14088,239640,16598,270326,0,270326,275,1279,1554,1554
2203,cri,Costa Rica,2023,23422,193718,18448,235588,0,235588,207,1684,1891,1891
2204,cri,Costa Rica,2024,31632,217889,13283,262804,0,262804,316,2381,2697,2697
2205,cri,Costa Rica,2025,36395,178212,19120,233727,0,233727,367,1820,2187,2187
2206,cub,Cuba,1969,0,0,0,0,0,0,14500,0,14500,14500
2207,cub,Cuba,1970,0,0,0,0,0,0,16700,0,16700,16700
2208,cub,Cuba,1971,0,0,0,0,0,0,54500,0,54500,54500
2209,cub,Cuba,1972,0,0,0,0,0,0,17070,0,17070,17070
2210,cub,Cuba,1973,0,0,0,0,0,0,0,0,0,0
2211,cub,Cuba,1974,1300,0,0,1300,0,1300,1600,0,1600,1600
2212,cub,Cuba,1975,0,0,0,0,0,0,0,0,0,0
2213,cub,Cuba,1976,0,0,0,0,0,0,0,0,0,0
2214,cub,Cuba,1977,2600,0,0,2600,0,2600,0,0,0,0
2215,cub,Cuba,1978,4000,0,0,4000,0,4000,0,0,0,0
2216,cub,Cuba,1979,3060,0,0,3060,0,3060,3560,0,3560,3560
2217,cub,Cuba,1980,2970,0,0,2970,0,2970,1695,0,1695,1695
2218,cub,Cuba,1981,2000,0,0,2000,0,2000,2705,0,2705,2705
2219,cub,Cuba,1982,2000,0,0,2000,0,2000,655,0,655,655
2220,cub,Cuba,1983,2000,0,0,2000,0,2000,925,0,925,925
2221,cub,Cuba,1984,2000,0,0,2000,0,2000,1356,0,1356,1356
2222,cub,Cuba,1985,2000,0,0,2000,0,2000,1876,0,1876,1876
2223,cub,Cuba,1986,2000,0,0,2000,0,2000,686,0,686,686
2224,cub,Cuba,1987,2000,0,0,2000,0,2000,836,0,836,836
2225,cub,Cuba,1988,2000,0,0,2000,0,2000,3874,0,3874,3874
2226,cub,Cuba,1989,3990,0,0,3990,0,3990,7680,0,7680,7680
2227,cub,Cuba,1990,3988,0,0,3988,0,3988,13520,0,13520,13520
2228,cub,Cuba,1991,0,0,0,0,0,0,17614,0,17614,17614
2229,cub,Cuba,1992,5092,0,0,5092,0,5092,21273,0,21273,21273
2230,cub,Cuba,1993,3611,0,0,3611,0,3611,22409,0,22409,22409
2231,cub,Cuba,1994,1993,0,0,1993,0,1993,23320,0,23320,23320
2232,cub,Cuba,1995,1831,0,0,1831,0,1831,24857,0,24857,24857
2233,cub,Cuba,1996,1700,0,0,1700,0,1700,25462,0,25462,25462
2234,cub,Cuba,1997,1274,0,0,1274,0,1274,24911,0,24911,24911
2235,cub,Cuba,1998,1065,0,0,1065,0,1065,23559,0,23559,23559
2236,cub,Cuba,1999,956,0,0,956,0,956,23322,0,23322,23322
2237,cub,Cuba,2000,951,12,0,963,0,963,20077,3464,23541,23541
2238,cub,Cuba,2001,1033,12,0,1045,0,1045,18950,3526,22476,22476
2239,cub,Cuba,2002,1001,0,0,1001,0,1001,18035,2678,20713,20713
2240,cub,Cuba,2003,833,5,0,838,0,838,16084,2214,18298,18298
2241,cub,Cuba,2004,791,0,0,791,0,791,15671,1985,17656,17656
2242,cub,Cuba,2005,697,26,0,723,0,723,19003,1671,20674,20674
2243,cub,Cuba,2006,656,20,0,676,0,676,33580,1321,34901,34901
2244,cub,Cuba,2007,617,9,0,626,0,626,7496,1065,8561,8561
2245,cub,Cuba,2008,523,6,0,529,0,529,7928,867,8795,8795
2246,cub,Cuba,2009,445,0,0,445,0,445,7537,2213,9750,9750
2247,cub,Cuba,2010,406,11,0,417,0,417,7460,4380,11840,11840
2248,cub,Cuba,2011,381,0,0,381,0,381,7845,908,8753,8753
2249,cub,Cuba,2012,366,5,0,371,0,371,7722,823,8545,8545
2250,cub,Cuba,2013,377,0,0,377,0,377,7453,1120,8573,8573
2251,cub,Cuba,2014,276,6,0,282,0,282,7497,1815,9312,9312
2252,cub,Cuba,2015,300,23,0,323,0,323,6827,2353,9180,9180
2253,cub,Cuba,2016,312,28,0,340,0,340,5940,5025,10965,10965
2254,cub,Cuba,2017,343,15,0,358,0,358,5331,13258,18589,18589
2255,cub,Cuba,2018,287,24,0,311,0,311,5488,26597,32085,32085
2256,cub,Cuba,2019,233,32,0,265,0,265,6625,55944,62569,62569
2257,cub,Cuba,2020,222,10,0,232,0,232,8912,62234,71146,71146
2258,cub,Cuba,2021,199,14,0,213,0,213,11534,71590,83124,83124
2259,cub,Cuba,2022,174,8,0,182,0,182,14676,240994,255670,255670
2260,cub,Cuba,2023,136,25,0,161,0,161,18560,329692,348252,348252
2261,cub,Cuba,2024,130,41,0,171,0,171,23865,344138,368003,368003
2262,cub,Cuba,2025,115,40,0,155,0,155,29395,288050,317445,317445
2263,cyp,Cyprus,1968,200,0,0,200,0,200,0,0,0,0
2264,cyp,Cyprus,1969,200,0,0,200,0,200,0,0,0,0
2265,cyp,Cyprus,1970,200,0,0,200,0,200,0,0,0,0
2266,cyp,Cyprus,1971,200,0,0,200,0,200,0,0,0,0
2267,cyp,Cyprus,1972,200,0,0,200,0,200,0,0,0,0
2268,cyp,Cyprus,1973,0,0,0,0,0,0,0,0,0,0
2269,cyp,Cyprus,1974,0,0,0,0,0,0,0,0,0,0
2270,cyp,Cyprus,1975,0,0,0,0,0,0,0,0,0,0
2271,cyp,Cyprus,1976,0,0,0,0,0,0,0,0,0,0
2272,cyp,Cyprus,1977,700,0,0,700,0,700,700,0,700,700
2273,cyp,Cyprus,1978,0,0,0,0,0,0,0,0,0,0
2274,cyp,Cyprus,1979,0,0,0,0,0,0,0,0,0,0
2275,cyp,Cyprus,1980,0,0,0,0,0,0,0,0,0,0
2276,cyp,Cyprus,1981,0,0,0,0,0,0,0,0,0,0
2277,cyp,Cyprus,1982,0,0,0,0,0,0,0,0,0,0
2278,cyp,Cyprus,1983,0,0,0,0,0,0,0,0,0,0
2279,cyp,Cyprus,1984,0,0,0,0,0,0,0,0,0,0
2280,cyp,Cyprus,1985,0,0,0,0,0,0,0,0,0,0
2281,cyp,Cyprus,1986,0,0,0,0,0,0,0,0,0,0
2282,cyp,Cyprus,1987,0,0,0,0,0,0,0,0,0,0
2283,cyp,Cyprus,1988,60,0,0,60,0,60,11,0,11,11
2284,cyp,Cyprus,1989,0,0,0,0,0,0,11,0,11,11
2285,cyp,Cyprus,1990,31,0,0,31,0,31,11,0,11,11
2286,cyp,Cyprus,1991,61,0,0,61,0,61,0,0,0,0
2287,cyp,Cyprus,1992,80,0,0,80,0,80,0,0,0,0
2288,cyp,Cyprus,1993,81,0,0,81,265000,265081,0,0,0,265000
2289,cyp,Cyprus,1994,67,0,0,67,265000,265067,6,0,6,265006
2290,cyp,Cyprus,1995,53,0,0,53,265000,265053,9,0,9,265009
2291,cyp,Cyprus,1996,45,0,0,45,265000,265045,9,0,9,265009
2292,cyp,Cyprus,1997,38,0,0,38,265000,265038,7,0,7,265007
2293,cyp,Cyprus,1998,77,0,0,77,265000,265077,10,0,10,265010
2294,cyp,Cyprus,1999,112,0,0,112,0,112,17,0,17,17
2295,cyp,Cyprus,2000,73,488,0,561,0,561,12,10,22,22
2296,cyp,Cyprus,2001,84,1855,0,1939,0,1939,5,8,13,13
2297,cyp,Cyprus,2002,171,2026,0,2197,0,2197,5,15,20,20
2298,cyp,Cyprus,2003,339,5065,0,5404,0,5404,5,5,10,10
2299,cyp,Cyprus,2004,525,9995,0,10520,0,10520,0,0,0,0
2300,cyp,Cyprus,2005,700,13054,0,13754,0,13754,5,0,5,5
2301,cyp,Cyprus,2006,926,12491,0,13417,0,13417,5,0,5,5
2302,cyp,Cyprus,2007,1194,11879,0,13073,0,13073,10,0,10,10
2303,cyp,Cyprus,2008,1458,8003,0,9461,0,9461,10,0,10,10
2304,cyp,Cyprus,2009,2888,5003,0,7891,0,7891,10,0,10,10
2305,cyp,Cyprus,2010,3397,5385,0,8782,0,8782,10,0,10,10
2306,cyp,Cyprus,2011,3498,3042,0,6540,0,6540,10,0,10,10
2307,cyp,Cyprus,2012,3627,2624,0,6251,0,6251,10,0,10,10
2308,cyp,Cyprus,2013,3879,2629,0,6508,0,6508,10,0,10,10
2309,cyp,Cyprus,2014,5120,2436,0,7556,0,7556,10,0,10,10
2310,cyp,Cyprus,2015,7062,2210,0,9272,0,9272,0,5,5,5
2311,cyp,Cyprus,2016,8478,3049,0,11527,0,11527,0,5,5,5
2312,cyp,Cyprus,2017,9790,5216,0,15006,0,15006,0,20,20,20
2313,cyp,Cyprus,2018,11002,10267,0,21269,0,21269,7,20,27,27
2314,cyp,Cyprus,2019,12311,18799,0,31110,0,31110,0,35,35,35
2315,cyp,Cyprus,2020,13997,20483,0,34480,0,34480,0,19,19,19
2316,cyp,Cyprus,2021,16277,25336,0,41613,0,41613,5,15,20,20
2317,cyp,Cyprus,2022,29280,36497,0,65777,0,65777,0,31,31,31
2318,cyp,Cyprus,2023,39044,31664,0,70708,0,70708,5,38,43,43
2319,cyp,Cyprus,2024,45750,27553,0,73303,0,73303,10,52,62,62
2320,cyp,Cyprus,2025,48207,23162,0,71369,0,71369,15,10,25,25
2321,cze,Czech Republic,1970,0,0,0,0,0,0,70,0,70,70
2322,cze,Czech Republic,1971,0,0,0,0,0,0,70,0,70,70
2323,cze,Czech Republic,1972,0,0,0,0,0,0,70,0,70,70
2324,cze,Czech Republic,1973,0,0,0,0,0,0,60,0,60,60
2325,cze,Czech Republic,1974,0,0,0,0,0,0,50,0,50,50
2326,cze,Czech Republic,1975,0,0,0,0,0,0,50,0,50,50
2327,cze,Czech Republic,1976,0,0,0,0,0,0,0,0,0,0
2328,cze,Czech Republic,1977,0,0,0,0,0,0,0,0,0,0
2329,cze,Czech Republic,1978,0,0,0,0,0,0,0,0,0,0
2330,cze,Czech Republic,1979,0,0,0,0,0,0,0,0,0,0
2331,cze,Czech Republic,1980,0,0,0,0,0,0,393,0,393,393
2332,cze,Czech Republic,1981,0,0,0,0,0,0,389,0,389,389
2333,cze,Czech Republic,1982,0,0,0,0,0,0,494,0,494,494
2334,cze,Czech Republic,1983,0,0,0,0,0,0,421,0,421,421
2335,cze,Czech Republic,1984,0,0,0,0,0,0,456,0,456,456
2336,cze,Czech Republic,1985,0,0,0,0,0,0,981,0,981,981
2337,cze,Czech Republic,1986,0,0,0,0,0,0,411,0,411,411
2338,cze,Czech Republic,1987,0,0,0,0,0,0,385,0,385,385
2339,cze,Czech Republic,1988,0,0,0,0,0,0,5649,0,5649,5649
2340,cze,Czech Republic,1989,0,0,0,0,0,0,5790,0,5790,5790
2341,cze,Czech Republic,1990,0,0,0,0,0,0,6123,0,6123,6123
2342,cze,Czech Republic,1991,691,0,0,691,0,691,4491,0,4491,4491
2343,cze,Czech Republic,1992,9399,0,0,9399,0,9399,3327,0,3327,3327
2344,cze,Czech Republic,1993,188,0,0,188,0,188,5017,0,5017,5017
2345,cze,Czech Republic,1994,1186,0,0,1186,0,1186,4650,0,4650,4650
2346,cze,Czech Republic,1995,2655,0,0,2655,0,2655,2040,0,2040,2040
2347,cze,Czech Republic,1996,2266,0,0,2266,0,2266,977,0,977,977
2348,cze,Czech Republic,1997,1731,0,0,1731,0,1731,695,0,695,695
2349,cze,Czech Republic,1998,1805,0,0,1805,0,1805,1929,0,1929,1929
2350,cze,Czech Republic,1999,1232,0,0,1232,0,1232,1243,0,1243,1243
2351,cze,Czech Republic,2000,1186,5015,0,6201,0,6201,809,176,985,985
2352,cze,Czech Republic,2001,1217,11586,0,12803,0,12803,1177,211,1388,1388
2353,cze,Czech Republic,2002,1296,7645,0,8941,0,8941,6985,184,7169,7169
2354,cze,Czech Republic,2003,1516,3737,0,5253,0,5253,6699,344,7043,7043
2355,cze,Czech Republic,2004,1624,1113,0,2737,0,2737,4528,167,4695,4695
2356,cze,Czech Republic,2005,1803,923,0,2726,0,2726,3589,203,3792,3792
2357,cze,Czech Republic,2006,1886,2874,0,4760,0,4760,2136,181,2317,2317
2358,cze,Czech Republic,2007,2015,2180,0,4195,0,4195,1379,133,1512,1512
2359,cze,Czech Republic,2008,2095,1422,0,3517,0,3517,1354,783,2137,2137
2360,cze,Czech Republic,2009,2299,1235,0,3534,0,3534,1060,2100,3160,3160
2361,cze,Czech Republic,2010,2424,1031,0,3455,0,3455,811,1152,1963,1963
2362,cze,Czech Republic,2011,2424,909,0,3333,0,3333,758,656,1414,1414
2363,cze,Czech Republic,2012,2780,566,0,3346,0,3346,620,194,814,814
2364,cze,Czech Republic,2013,2966,292,0,3258,0,3258,984,111,1095,1095
2365,cze,Czech Republic,2014,3129,459,0,3588,0,3588,1321,97,1418,1418
2366,cze,Czech Republic,2015,3640,654,0,4294,0,4294,1280,119,1399,1399
2367,cze,Czech Republic,2016,3640,769,0,4409,0,4409,1266,233,1499,1499
2368,cze,Czech Republic,2017,3640,799,0,4439,0,4439,1272,307,1579,1579
2369,cze,Czech Republic,2018,2186,1910,0,4096,0,4096,1236,224,1460,1460
2370,cze,Czech Republic,2019,2054,1632,0,3686,0,3686,1166,181,1347,1347
2371,cze,Czech Republic,2020,1919,1537,0,3456,0,3456,1112,158,1270,1270
2372,cze,Czech Republic,2021,1909,1073,0,2982,0,2982,758,161,919,919
2373,cze,Czech Republic,2022,435212,986,0,436198,0,436198,604,228,832,832
2374,cze,Czech Republic,2023,377120,1239,0,378359,0,378359,637,176,813,813
2375,cze,Czech Republic,2024,391133,1065,0,392198,0,392198,1057,167,1224,1224
2376,cze,Czech Republic,2025,395559,993,0,396552,0,396552,794,158,952,952
2377,deu,Germany,1951,265000,0,0,265000,0,265000,0,0,0,0
2378,deu,Germany,1952,240000,0,0,240000,0,240000,0,0,0,0
2379,deu,Germany,1953,228000,0,0,228000,0,228000,0,0,0,0
2380,deu,Germany,1954,225000,0,0,225000,0,225000,0,0,0,0
2381,deu,Germany,1955,219000,0,0,219000,0,219000,0,0,0,0
2382,deu,Germany,1956,221000,0,0,221000,0,221000,0,0,0,0
2383,deu,Germany,1957,217000,0,0,217000,0,217000,0,0,0,0
2384,deu,Germany,1958,212000,0,0,212000,0,212000,0,0,0,0
2385,deu,Germany,1959,205000,0,0,205000,0,205000,0,0,0,0
2386,deu,Germany,1960,197000,0,0,197000,0,197000,0,0,0,0
2387,deu,Germany,1961,190000,0,0,190000,0,190000,0,0,0,0
2388,deu,Germany,1962,185000,0,0,185000,0,185000,0,0,0,0
2389,deu,Germany,1963,182000,0,0,182000,0,182000,0,0,0,0
2390,deu,Germany,1964,180000,0,0,180000,0,180000,0,0,0,0
2391,deu,Germany,1965,180000,0,0,180000,0,180000,0,0,0,0
2392,deu,Germany,1966,140000,0,0,140000,0,140000,0,0,0,0
2393,deu,Germany,1967,112000,0,0,112000,0,112000,0,0,0,0
2394,deu,Germany,1968,110000,0,0,110000,0,110000,0,0,0,0
2395,deu,Germany,1969,113000,0,0,113000,0,113000,0,0,0,0
2396,deu,Germany,1970,115000,0,0,115000,0,115000,0,0,0,0
2397,deu,Germany,1971,125000,0,0,125000,0,125000,0,0,0,0
2398,deu,Germany,1972,125000,0,0,125000,0,125000,0,0,0,0
2399,deu,Germany,1973,125000,0,0,125000,0,125000,0,0,0,0
2400,deu,Germany,1974,123000,0,0,123000,0,123000,0,0,0,0
2401,deu,Germany,1975,122000,0,0,122000,0,122000,0,0,0,0
2402,deu,Germany,1976,122000,0,0,122000,0,122000,0,0,0,0
2403,deu,Germany,1977,120000,0,0,120000,0,120000,0,0,0,0
2404,deu,Germany,1978,83500,0,0,83500,0,83500,0,0,0,0
2405,deu,Germany,1979,87000,0,0,87000,0,87000,0,0,0,0
2406,deu,Germany,1980,94000,0,0,94000,0,94000,0,0,0,0
2407,deu,Germany,1981,100000,0,0,100000,0,100000,0,0,0,0
2408,deu,Germany,1982,100000,0,0,100000,0,100000,0,0,0,0
2409,deu,Germany,1983,115000,0,0,115000,0,115000,0,0,0,0
2410,deu,Germany,1984,126600,0,0,126600,0,126600,0,0,0,0
2411,deu,Germany,1985,475000,0,0,475000,0,475000,0,0,0,0
2412,deu,Germany,1986,547900,0,0,547900,0,547900,0,0,0,0
2413,deu,Germany,1987,596200,0,0,596200,0,596200,0,0,0,0
2414,deu,Germany,1988,610200,0,0,610200,0,610200,0,0,0,0
2415,deu,Germany,1989,628500,0,0,628500,0,628500,0,0,0,0
2416,deu,Germany,1990,816000,0,0,816000,0,816000,0,0,0,0
2417,deu,Germany,1991,821500,0,0,821500,0,821500,5,0,5,5
2418,deu,Germany,1992,1236000,0,0,1236000,0,1236000,5,0,5,5
2419,deu,Germany,1993,1418000,0,0,1418000,0,1418000,8,0,8,8
2420,deu,Germany,1994,1354600,0,0,1354600,0,1354600,449,0,449,449
2421,deu,Germany,1995,1267900,0,0,1267900,0,1267900,384,0,384,384
2422,deu,Germany,1996,1266000,0,0,1266000,0,1266000,421,0,421,421
2423,deu,Germany,1997,1049000,0,0,1049000,0,1049000,443,0,443,443
2424,deu,Germany,1998,949200,0,0,949200,0,949200,689,0,689,689
2425,deu,Germany,1999,975500,0,0,975500,0,975500,1297,0,1297,1297
2426,deu,Germany,2000,906000,70234,0,976234,0,976234,1182,57,1239,1239
2427,deu,Germany,2001,903000,85493,0,988493,0,988493,1028,52,1080,1080
2428,deu,Germany,2002,980001,163975,0,1143976,0,1143976,924,73,997,997
2429,deu,Germany,2003,960393,128042,0,1088435,0,1088435,719,61,780,780
2430,deu,Germany,2004,876614,86124,0,962738,0,962738,74,61,135,135
2431,deu,Germany,2005,699996,71598,0,771594,0,771594,75,65,140,140
2432,deu,Germany,2006,605329,52785,0,658114,0,658114,114,80,194,194
2433,deu,Germany,2007,578866,34014,0,612880,0,612880,126,67,193,193
2434,deu,Germany,2008,582719,33263,0,615982,0,615982,162,100,262,262
2435,deu,Germany,2009,593787,38875,0,632662,0,632662,167,81,248,248
2436,deu,Germany,2010,594250,51930,0,646180,0,646180,159,30,189,189
2437,deu,Germany,2011,571672,62654,0,634326,0,634326,169,29,198,198
2438,deu,Germany,2012,589735,85507,0,675242,0,675242,174,21,195,195
2439,deu,Germany,2013,187545,135515,0,323060,0,323060,164,73,237,237
2440,deu,Germany,2014,216956,226147,0,443103,0,443103,170,77,247,247
2441,deu,Germany,2015,316098,420570,0,736668,0,736668,153,86,239,239
2442,deu,Germany,2016,669468,587306,0,1256774,0,1256774,67,128,195,195
2443,deu,Germany,2017,970357,429265,0,1399622,0,1399622,66,179,245,245
2444,deu,Germany,2018,1063835,369239,0,1433074,0,1433074,61,176,237,237
2445,deu,Germany,2019,1146682,309231,0,1455913,0,1455913,69,201,270,270
2446,deu,Germany,2020,1210596,243157,0,1453753,0,1453753,71,166,237,237
2447,deu,Germany,2021,1255694,253867,0,1509561,0,1509561,59,248,307,307
2448,deu,Germany,2022,2075445,261019,0,2336464,0,2336464,162,539,701,701
2449,deu,Germany,2023,2593007,361493,0,2954500,0,2954500,209,762,971,971
2450,deu,Germany,2024,2749266,348903,0,3098169,0,3098169,348,853,1201,1201
2451,deu,Germany,2025,2655191,297503,0,2952694,0,2952694,327,626,953,953
2452,dji,Djibouti,1977,8000,0,0,8000,0,8000,0,0,0,0
2453,dji,Djibouti,1978,20000,0,0,20000,0,20000,0,0,0,0
2454,dji,Djibouti,1979,28800,0,0,28800,0,28800,0,0,0,0
2455,dji,Djibouti,1980,45310,0,0,45310,0,45310,0,0,0,0
2456,dji,Djibouti,1981,31800,0,0,31800,0,31800,0,0,0,0
2457,dji,Djibouti,1982,34200,0,0,34200,0,34200,0,0,0,0
2458,dji,Djibouti,1983,29170,0,0,29170,0,29170,0,0,0,0
2459,dji,Djibouti,1984,16770,0,0,16770,0,16770,0,0,0,0
2460,dji,Djibouti,1985,17280,0,0,17280,0,17280,0,0,0,0
2461,dji,Djibouti,1986,16720,0,0,16720,0,16720,0,0,0,0
2462,dji,Djibouti,1987,13140,0,0,13140,0,13140,0,0,0,0
2463,dji,Djibouti,1988,1272,0,0,1272,0,1272,0,0,0,0
2464,dji,Djibouti,1989,31409,0,0,31409,0,31409,0,0,0,0
2465,dji,Djibouti,1990,77606,0,0,77606,0,77606,5,0,5,5
2466,dji,Djibouti,1991,96144,0,0,96144,0,96144,10,0,10,10
2467,dji,Djibouti,1992,28000,0,0,28000,0,28000,10,0,10,10
2468,dji,Djibouti,1993,34065,0,0,34065,0,34065,36,0,36,36
2469,dji,Djibouti,1994,33410,0,0,33410,0,33410,18065,0,18065,18065
2470,dji,Djibouti,1995,27310,0,0,27310,0,27310,18092,0,18092,18092
2471,dji,Djibouti,1996,25080,0,0,25080,0,25080,18096,0,18096,18096
2472,dji,Djibouti,1997,23589,0,0,23589,0,23589,8143,0,8143,8143
2473,dji,Djibouti,1998,23577,0,0,23577,0,23577,3222,0,3222,3222
2474,dji,Djibouti,1999,23266,0,0,23266,0,23266,1879,0,1879,1879
2475,dji,Djibouti,2000,23238,407,0,23645,0,23645,1911,142,2053,2053
2476,dji,Djibouti,2001,23172,464,0,23636,0,23636,451,181,632,632
2477,dji,Djibouti,2002,21702,455,0,22157,0,22157,470,112,582,582
2478,dji,Djibouti,2003,27034,1651,0,28685,0,28685,520,70,590,590
2479,dji,Djibouti,2004,18033,0,0,18033,0,18033,492,36,528,528
2480,dji,Djibouti,2005,10455,17,0,10472,0,10472,498,215,713,713
2481,dji,Djibouti,2006,9257,14,0,9271,0,9271,479,106,585,585
2482,dji,Djibouti,2007,6653,484,0,7137,0,7137,645,27,672,672
2483,dji,Djibouti,2008,9228,426,0,9654,0,9654,638,55,693,693
2484,dji,Djibouti,2009,12106,912,0,13018,0,13018,613,159,772,772
2485,dji,Djibouti,2010,15102,727,0,15829,0,15829,556,226,782,782
2486,dji,Djibouti,2011,20336,1904,0,22240,0,22240,595,275,870,870
2487,dji,Djibouti,2012,19136,3093,0,22229,0,22229,626,299,925,925
2488,dji,Djibouti,2013,20010,3792,0,23802,0,23802,747,391,1138,1138
2489,dji,Djibouti,2014,20525,3832,0,24357,0,24357,870,414,1284,1284
2490,dji,Djibouti,2015,19369,2639,0,22008,0,22008,1059,542,1601,1601
2491,dji,Djibouti,2016,17683,8058,0,25741,0,25741,1437,831,2268,2268
2492,dji,Djibouti,2017,17553,9357,0,26910,0,26910,1761,1286,3047,3047
2493,dji,Djibouti,2018,18293,10479,0,28772,0,28772,2124,1100,3224,3224
2494,dji,Djibouti,2019,19639,11153,0,30792,0,30792,2351,834,3185,3185
2495,dji,Djibouti,2020,21193,10811,0,32004,0,32004,2419,883,3302,3302
2496,dji,Djibouti,2021,23232,11463,0,34695,0,34695,2607,994,3601,3601
2497,dji,Djibouti,2022,20383,9174,0,29557,0,29557,1706,1187,2893,2893
2498,dji,Djibouti,2023,23063,8442,0,31505,0,31505,1840,1574,3414,3414
2499,dji,Djibouti,2024,23987,8649,0,32636,0,32636,2055,1973,4028,4028
2500,dji,Djibouti,2025,24899,10141,0,35040,0,35040,2223,1419,3642,3642
2501,dma,Dominica,2000,0,0,0,0,0,0,0,16,16,16
2502,dma,Dominica,2001,0,0,0,0,0,0,5,23,28,28
2503,dma,Dominica,2002,0,0,0,0,0,0,6,47,53,53
2504,dma,Dominica,2003,0,0,0,0,0,0,17,24,41,41
2505,dma,Dominica,2004,0,0,0,0,0,0,24,17,41,41
2506,dma,Dominica,2005,0,0,0,0,0,0,30,46,76,76
2507,dma,Dominica,2006,0,0,0,0,0,0,49,17,66,66
2508,dma,Dominica,2007,0,0,0,0,0,0,58,8,66,66
2509,dma,Dominica,2008,0,0,0,0,0,0,56,19,75,75
2510,dma,Dominica,2009,0,0,0,0,0,0,51,18,69,69
2511,dma,Dominica,2010,0,0,0,0,0,0,51,16,67,67
2512,dma,Dominica,2011,0,0,0,0,0,0,49,11,60,60
2513,dma,Dominica,2012,0,0,0,0,0,0,52,12,64,64
2514,dma,Dominica,2013,0,0,0,0,0,0,41,20,61,61
2515,dma,Dominica,2014,0,0,0,0,0,0,35,13,48,48
2516,dma,Dominica,2015,0,0,0,0,0,0,35,89,124,124
2517,dma,Dominica,2016,0,0,0,0,0,0,20,126,146,146
2518,dma,Dominica,2017,0,0,0,0,0,0,26,63,89,89
2519,dma,Dominica,2018,0,0,0,0,0,0,36,56,92,92
2520,dma,Dominica,2019,0,0,0,0,0,0,50,82,132,132
2521,dma,Dominica,2020,0,0,0,0,0,0,55,74,129,129
2522,dma,Dominica,2021,0,0,0,0,0,0,54,124,178,178
2523,dma,Dominica,2022,0,0,0,0,0,0,57,162,219,219
2524,dma,Dominica,2023,0,0,0,0,0,0,73,344,417,417
2525,dma,Dominica,2024,0,5,0,5,0,5,88,547,635,635
2526,dma,Dominica,2025,0,5,0,5,0,5,97,642,739,739
2527,dnk,Denmark,1951,2000,0,0,2000,0,2000,0,0,0,0
2528,dnk,Denmark,1952,1800,0,0,1800,0,1800,0,0,0,0
2529,dnk,Denmark,1953,1600,0,0,1600,0,1600,0,0,0,0
2530,dnk,Denmark,1954,1400,0,0,1400,0,1400,0,0,0,0
2531,dnk,Denmark,1955,1300,0,0,1300,0,1300,0,0,0,0
2532,dnk,Denmark,1956,2500,0,0,2500,0,2500,0,0,0,0
2533,dnk,Denmark,1957,2500,0,0,2500,0,2500,0,0,0,0
2534,dnk,Denmark,1958,2500,0,0,2500,0,2500,0,0,0,0
2535,dnk,Denmark,1959,2400,0,0,2400,0,2400,0,0,0,0
2536,dnk,Denmark,1960,2300,0,0,2300,0,2300,0,0,0,0
2537,dnk,Denmark,1961,2200,0,0,2200,0,2200,0,0,0,0
2538,dnk,Denmark,1962,2200,0,0,2200,0,2200,0,0,0,0
2539,dnk,Denmark,1963,2200,0,0,2200,0,2200,0,0,0,0
2540,dnk,Denmark,1964,0,0,0,0,0,0,0,0,0,0
2541,dnk,Denmark,1965,0,0,0,0,0,0,0,0,0,0
2542,dnk,Denmark,1966,0,0,0,0,0,0,0,0,0,0
2543,dnk,Denmark,1967,0,0,0,0,0,0,0,0,0,0
2544,dnk,Denmark,1968,0,0,0,0,0,0,0,0,0,0
2545,dnk,Denmark,1969,0,0,0,0,0,0,0,0,0,0
2546,dnk,Denmark,1970,2000,0,0,2000,0,2000,0,0,0,0
2547,dnk,Denmark,1971,4400,0,0,4400,0,4400,0,0,0,0
2548,dnk,Denmark,1972,3687,0,0,3687,0,3687,0,0,0,0
2549,dnk,Denmark,1973,3687,0,0,3687,0,3687,0,0,0,0
2550,dnk,Denmark,1974,2900,0,0,2900,0,2900,0,0,0,0
2551,dnk,Denmark,1975,2125,0,0,2125,0,2125,0,0,0,0
2552,dnk,Denmark,1976,2100,0,0,2100,0,2100,0,0,0,0
2553,dnk,Denmark,1977,1764,0,0,1764,0,1764,0,0,0,0
2554,dnk,Denmark,1978,1800,0,0,1800,0,1800,0,0,0,0
2555,dnk,Denmark,1979,1800,0,0,1800,0,1800,0,0,0,0
2556,dnk,Denmark,1980,1800,0,0,1800,0,1800,0,0,0,0
2557,dnk,Denmark,1981,1800,0,0,1800,0,1800,0,0,0,0
2558,dnk,Denmark,1982,1800,0,0,1800,0,1800,0,0,0,0
2559,dnk,Denmark,1983,3600,0,0,3600,0,3600,0,0,0,0
2560,dnk,Denmark,1984,8500,0,0,8500,0,8500,0,0,0,0
2561,dnk,Denmark,1985,8500,0,0,8500,0,8500,0,0,0,0
2562,dnk,Denmark,1986,23000,0,0,23000,0,23000,0,0,0,0
2563,dnk,Denmark,1987,30000,0,0,30000,0,30000,0,0,0,0
2564,dnk,Denmark,1988,27310,0,0,27310,0,27310,0,0,0,0
2565,dnk,Denmark,1989,30726,0,0,30726,0,30726,0,0,0,0
2566,dnk,Denmark,1990,32887,0,0,32887,0,32887,0,0,0,0
2567,dnk,Denmark,1991,36100,0,0,36100,0,36100,0,0,0,0
2568,dnk,Denmark,1992,39124,0,0,39124,0,39124,0,0,0,0
2569,dnk,Denmark,1993,44570,0,0,44570,0,44570,0,0,0,0
2570,dnk,Denmark,1994,49564,0,0,49564,0,49564,11,0,11,11
2571,dnk,Denmark,1995,64850,0,0,64850,0,64850,18,0,18,18
2572,dnk,Denmark,1996,66371,0,0,66371,0,66371,34,0,34,34
2573,dnk,Denmark,1997,68106,0,0,68106,0,68106,33,0,33,33
2574,dnk,Denmark,1998,68996,0,0,68996,0,68996,28,0,28,28
2575,dnk,Denmark,1999,68982,0,0,68982,0,68982,25,0,25,25
2576,dnk,Denmark,2000,71017,6126,0,77143,0,77143,26,5,31,31
2577,dnk,Denmark,2001,73284,5569,0,78853,0,78853,5,0,5,5
2578,dnk,Denmark,2002,73600,4597,0,78197,0,78197,6,6,12,12
2579,dnk,Denmark,2003,69855,2015,0,71870,0,71870,10,5,15,15
2580,dnk,Denmark,2004,65305,820,0,66125,0,66125,10,5,15,15
2581,dnk,Denmark,2005,44362,500,0,44862,0,44862,10,5,15,15
2582,dnk,Denmark,2006,36650,436,0,37086,0,37086,10,5,15,15
2583,dnk,Denmark,2007,26779,537,0,27316,0,27316,15,0,15,15
2584,dnk,Denmark,2008,23385,485,0,23870,0,23870,10,6,16,16
2585,dnk,Denmark,2009,20340,1146,0,21486,0,21486,10,0,10,10
2586,dnk,Denmark,2010,17907,3334,0,21241,0,21241,6,0,6,6
2587,dnk,Denmark,2011,13386,1415,0,14801,0,14801,6,0,6,6
2588,dnk,Denmark,2012,11797,1539,0,13336,0,13336,6,0,6,6
2589,dnk,Denmark,2013,13153,1605,0,14758,0,14758,6,5,11,11
2590,dnk,Denmark,2014,17767,4268,0,22035,0,22035,11,10,21,21
2591,dnk,Denmark,2015,27312,2931,0,30243,0,30243,11,15,26,26
2592,dnk,Denmark,2016,33501,7001,0,40502,0,40502,0,5,5,5
2593,dnk,Denmark,2017,35668,4229,0,39897,0,39897,0,21,21,21
2594,dnk,Denmark,2018,36623,2675,0,39298,0,39298,0,35,35,35
2595,dnk,Denmark,2019,37533,1422,0,38955,0,38955,5,37,42,42
2596,dnk,Denmark,2020,36643,1331,0,37974,0,37974,5,17,22,22
2597,dnk,Denmark,2021,36023,1519,0,37542,0,37542,8,25,33,33
2598,dnk,Denmark,2022,67772,2776,0,70548,0,70548,0,35,35,35
2599,dnk,Denmark,2023,68912,2356,0,71268,0,71268,0,16,16,16
2600,dnk,Denmark,2024,98204,2628,0,100832,0,100832,16,30,46,46
2601,dnk,Denmark,2025,95007,2738,0,97745,0,97745,21,50,71,71
2602,dom,Dominican Republic,1970,1000,0,0,1000,0,1000,0,0,0,0
2603,dom,Dominican Republic,1971,1000,0,0,1000,0,1000,0,0,0,0
2604,dom,Dominican Republic,1972,1100,0,0,1100,0,1100,0,0,0,0
2605,dom,Dominican Republic,1973,0,0,0,0,0,0,0,0,0,0
2606,dom,Dominican Republic,1974,1000,0,0,1000,0,1000,0,0,0,0
2607,dom,Dominican Republic,1975,0,0,0,0,0,0,0,0,0,0
2608,dom,Dominican Republic,1976,0,0,0,0,0,0,0,0,0,0
2609,dom,Dominican Republic,1977,500,0,0,500,0,500,0,0,0,0
2610,dom,Dominican Republic,1978,300,0,0,300,0,300,50,0,50,50
2611,dom,Dominican Republic,1979,3300,0,0,3300,0,3300,0,0,0,0
2612,dom,Dominican Republic,1980,3800,0,0,3800,0,3800,0,0,0,0
2613,dom,Dominican Republic,1981,5000,0,0,5000,0,5000,0,0,0,0
2614,dom,Dominican Republic,1982,5000,0,0,5000,0,5000,0,0,0,0
2615,dom,Dominican Republic,1983,5000,0,0,5000,0,5000,0,0,0,0
2616,dom,Dominican Republic,1984,5130,0,0,5130,0,5130,0,0,0,0
2617,dom,Dominican Republic,1985,6000,0,0,6000,0,6000,0,0,0,0
2618,dom,Dominican Republic,1986,4980,0,0,4980,0,4980,0,0,0,0
2619,dom,Dominican Republic,1987,5000,0,0,5000,0,5000,0,0,0,0
2620,dom,Dominican Republic,1988,4686,0,0,4686,0,4686,0,0,0,0
2621,dom,Dominican Republic,1989,3320,0,0,3320,0,3320,0,0,0,0
2622,dom,Dominican Republic,1990,1966,0,0,1966,0,1966,0,0,0,0
2623,dom,Dominican Republic,1991,1571,0,0,1571,0,1571,0,0,0,0
2624,dom,Dominican Republic,1992,510,0,0,510,0,510,0,0,0,0
2625,dom,Dominican Republic,1993,1330,0,0,1330,0,1330,0,0,0,0
2626,dom,Dominican Republic,1994,1252,0,0,1252,0,1252,30,0,30,30
2627,dom,Dominican Republic,1995,982,0,0,982,0,982,30,0,30,30
2628,dom,Dominican Republic,1996,637,0,0,637,0,637,29,0,29,29
2629,dom,Dominican Republic,1997,638,0,0,638,0,638,50,0,50,50
2630,dom,Dominican Republic,1998,614,0,0,614,0,614,42,0,42,42
2631,dom,Dominican Republic,1999,621,0,0,621,0,621,45,0,45,45
2632,dom,Dominican Republic,2000,506,24,0,530,0,530,48,50,98,98
2633,dom,Dominican Republic,2001,0,0,0,0,0,0,45,124,169,169
2634,dom,Dominican Republic,2002,0,0,0,0,0,0,82,145,227,227
2635,dom,Dominican Republic,2003,0,0,0,0,0,0,89,123,212,212
2636,dom,Dominican Republic,2004,0,0,0,0,0,0,93,146,239,239
2637,dom,Dominican Republic,2005,0,0,0,0,0,0,62,77,139,139
2638,dom,Dominican Republic,2006,0,0,0,0,0,0,141,123,264,264
2639,dom,Dominican Republic,2007,0,0,0,0,0,0,352,131,483,483
2640,dom,Dominican Republic,2008,0,0,0,0,0,0,313,267,580,580
2641,dom,Dominican Republic,2009,0,0,0,0,0,0,222,401,623,623
2642,dom,Dominican Republic,2010,600,1756,0,2356,0,2356,238,386,624,624
2643,dom,Dominican Republic,2011,595,1783,0,2378,0,2378,239,347,586,586
2644,dom,Dominican Republic,2012,757,764,0,1521,0,1521,280,355,635,635
2645,dom,Dominican Republic,2013,721,822,0,1543,0,1543,298,840,1138,1138
2646,dom,Dominican Republic,2014,608,743,0,1351,0,1351,348,1139,1487,1487
2647,dom,Dominican Republic,2015,615,750,0,1365,0,1365,382,1709,2091,2091
2648,dom,Dominican Republic,2016,593,787,0,1380,0,1380,359,2354,2713,2713
2649,dom,Dominican Republic,2017,594,850,0,1444,0,1444,427,3159,3586,3586
2650,dom,Dominican Republic,2018,164,327,26428,26919,0,26919,472,3406,3878,3878
2651,dom,Dominican Republic,2019,164,561,33816,34541,0,34541,546,4038,4584,4584
2652,dom,Dominican Republic,2020,162,625,114050,114837,0,114837,550,4244,4794,4794
2653,dom,Dominican Republic,2021,162,642,116000,116804,0,116804,635,4642,5277,5277
2654,dom,Dominican Republic,2022,546,2175,113722,116443,0,116443,719,6996,7715,7715
2655,dom,Dominican Republic,2023,778,4185,121841,126804,0,126804,886,10791,11677,11677
2656,dom,Dominican Republic,2024,18,986,125343,126347,0,126347,1080,15821,16901,16901
2657,dom,Dominican Republic,2025,20,1029,99484,100533,0,100533,1240,20783,22023,22023
2658,dza,Algeria,1970,500,0,0,500,0,500,0,0,0,0
2659,dza,Algeria,1971,0,0,0,0,0,0,0,0,0,0
2660,dza,Algeria,1972,0,0,0,0,0,0,0,0,0,0
2661,dza,Algeria,1973,0,0,0,0,0,0,0,0,0,0
2662,dza,Algeria,1974,0,0,0,0,0,0,0,0,0,0
2663,dza,Algeria,1975,21000,0,0,21000,0,21000,0,0,0,0
2664,dza,Algeria,1976,39580,0,0,39580,0,39580,0,0,0,0
2665,dza,Algeria,1977,52000,0,0,52000,0,52000,0,0,0,0
2666,dza,Algeria,1978,52000,0,0,52000,0,52000,0,0,0,0
2667,dza,Algeria,1979,52000,0,0,52000,0,52000,0,0,0,0
2668,dza,Algeria,1980,52000,0,0,52000,0,52000,0,0,0,0
2669,dza,Algeria,1981,167000,0,0,167000,0,167000,5,0,5,5
2670,dza,Algeria,1982,167000,0,0,167000,0,167000,5,0,5,5
2671,dza,Algeria,1983,167000,0,0,167000,0,167000,5,0,5,5
2672,dza,Algeria,1984,167000,0,0,167000,0,167000,5,0,5,5
2673,dza,Algeria,1985,174160,0,0,174160,0,174160,5,0,5,5
2674,dza,Algeria,1986,167220,0,0,167220,0,167220,0,0,0,0
2675,dza,Algeria,1987,167000,0,0,167000,0,167000,0,0,0,0
2676,dza,Algeria,1988,170000,0,0,170000,0,170000,5,0,5,5
2677,dza,Algeria,1989,169103,0,0,169103,0,169103,5,0,5,5
2678,dza,Algeria,1990,169110,0,0,169110,0,169110,18,0,18,18
2679,dza,Algeria,1991,169124,0,0,169124,0,169124,55,0,55,55
2680,dza,Algeria,1992,219314,0,0,219314,0,219314,69,0,69,69
2681,dza,Algeria,1993,219067,0,0,219067,0,219067,84,0,84,84
2682,dza,Algeria,1994,219073,0,0,219073,0,219073,20744,0,20744,20744
2683,dza,Algeria,1995,192489,0,0,192489,0,192489,1522,0,1522,1522
2684,dza,Algeria,1996,190267,0,0,190267,0,190267,2245,0,2245,2245
2685,dza,Algeria,1997,170736,0,0,170736,0,170736,3409,0,3409,3409
2686,dza,Algeria,1998,165226,0,0,165226,0,165226,5717,0,5717,5717
2687,dza,Algeria,1999,165249,0,0,165249,0,165249,7140,0,7140,7140
2688,dza,Algeria,2000,169654,309,0,169963,0,169963,8015,2320,10335,10335
2689,dza,Algeria,2001,169417,110,0,169527,0,169527,8399,2746,11145,11145
2690,dza,Algeria,2002,169233,0,0,169233,0,169233,12088,2374,14462,14462
2691,dza,Algeria,2003,169032,0,0,169032,0,169032,11651,1910,13561,13561
2692,dza,Algeria,2004,169053,0,0,169053,0,169053,10650,1335,11985,11985
2693,dza,Algeria,2005,94104,299,0,94403,0,94403,12024,1381,13405,13405
2694,dza,Algeria,2006,94181,935,0,95116,0,95116,8338,1531,9869,9869
2695,dza,Algeria,2007,94137,1587,0,95724,0,95724,10599,1340,11939,11939
2696,dza,Algeria,2008,94094,899,0,94993,0,94993,9044,1522,10566,10566
2697,dza,Algeria,2009,94136,157,0,94293,0,94293,8168,1537,9705,9705
2698,dza,Algeria,2010,94141,300,0,94441,0,94441,6665,1714,8379,8379
2699,dza,Algeria,2011,94145,805,0,94950,0,94950,6093,2183,8276,8276
2700,dza,Algeria,2012,94130,1722,0,95852,0,95852,5657,2463,8120,8120
2701,dza,Algeria,2013,94142,1795,0,95937,0,95937,3643,4286,7929,7929
2702,dza,Algeria,2014,94119,4864,0,98983,0,98983,3509,5127,8636,8636
2703,dza,Algeria,2015,94176,6573,0,100749,0,100749,3470,7622,11092,11092
2704,dza,Algeria,2016,94220,5700,0,99920,0,99920,3705,7177,10882,10882
2705,dza,Algeria,2017,94248,6353,0,100601,0,100601,4021,6432,10453,10453
2706,dza,Algeria,2018,94341,8910,0,103251,0,103251,4181,7447,11628,11628
2707,dza,Algeria,2019,98599,1647,0,100246,0,100246,4514,7703,12217,12217
2708,dza,Algeria,2020,97651,2124,0,99775,0,99775,4571,7779,12350,12350
2709,dza,Algeria,2021,97890,2130,0,100020,0,100020,6003,6871,12874,12874
2710,dza,Algeria,2022,99107,3646,0,102753,0,102753,7734,8923,16657,16657
2711,dza,Algeria,2023,98590,3601,0,102191,0,102191,7629,11330,18959,18959
2712,dza,Algeria,2024,183368,4838,0,188206,0,188206,8800,13598,22398,22398
2713,dza,Algeria,2025,180575,3690,0,184265,0,184265,9174,12949,22123,22123
2714,ecu,Ecuador,1972,200,0,0,200,0,200,0,0,0,0
2715,ecu,Ecuador,1973,0,0,0,0,0,0,0,0,0,0
2716,ecu,Ecuador,1974,200,0,0,200,0,200,0,0,0,0
2717,ecu,Ecuador,1975,0,0,0,0,0,0,0,0,0,0
2718,ecu,Ecuador,1976,0,0,0,0,0,0,0,0,0,0
2719,ecu,Ecuador,1977,200,0,0,200,0,200,0,0,0,0
2720,ecu,Ecuador,1978,0,0,0,0,0,0,0,0,0,0
2721,ecu,Ecuador,1979,600,0,0,600,0,600,0,0,0,0
2722,ecu,Ecuador,1980,700,0,0,700,0,700,0,0,0,0
2723,ecu,Ecuador,1981,640,0,0,640,0,640,0,0,0,0
2724,ecu,Ecuador,1982,680,0,0,680,0,680,0,0,0,0
2725,ecu,Ecuador,1983,770,0,0,770,0,770,0,0,0,0
2726,ecu,Ecuador,1984,870,0,0,870,0,870,0,0,0,0
2727,ecu,Ecuador,1985,890,0,0,890,0,890,0,0,0,0
2728,ecu,Ecuador,1986,800,0,0,800,0,800,0,0,0,0
2729,ecu,Ecuador,1987,710,0,0,710,0,710,0,0,0,0
2730,ecu,Ecuador,1988,755,0,0,755,0,755,0,0,0,0
2731,ecu,Ecuador,1989,757,0,0,757,0,757,0,0,0,0
2732,ecu,Ecuador,1990,510,0,0,510,0,510,5,0,5,5
2733,ecu,Ecuador,1991,280,0,0,280,0,280,27,0,27,27
2734,ecu,Ecuador,1992,204,0,0,204,0,204,38,0,38,38
2735,ecu,Ecuador,1993,232,0,0,232,0,232,48,0,48,48
2736,ecu,Ecuador,1994,238,0,0,238,0,238,174,0,174,174
2737,ecu,Ecuador,1995,204,0,0,204,0,204,203,0,203,203
2738,ecu,Ecuador,1996,213,0,0,213,0,213,216,0,216,216
2739,ecu,Ecuador,1997,218,0,0,218,0,218,215,0,215,215
2740,ecu,Ecuador,1998,244,0,0,244,0,244,507,0,507,507
2741,ecu,Ecuador,1999,309,0,0,309,0,309,492,0,492,492
2742,ecu,Ecuador,2000,1598,147,0,1745,0,1745,669,270,939,939
2743,ecu,Ecuador,2001,1680,2494,0,4174,0,4174,649,435,1084,1084
2744,ecu,Ecuador,2002,3225,2638,0,5863,0,5863,815,834,1649,1649
2745,ecu,Ecuador,2003,6367,2554,0,8921,0,8921,720,689,1409,1409
2746,ecu,Ecuador,2004,8425,1643,0,10068,0,10068,718,492,1210,1210
2747,ecu,Ecuador,2005,10046,2474,0,12520,0,12520,772,274,1046,1046
2748,ecu,Ecuador,2006,11767,5516,0,17283,0,17283,878,264,1142,1142
2749,ecu,Ecuador,2007,264868,27395,0,292263,0,292263,1329,278,1607,1607
2750,ecu,Ecuador,2008,101368,33900,0,135268,0,135268,1063,244,1307,1307
2751,ecu,Ecuador,2009,116532,50593,0,167125,0,167125,1029,279,1308,1308
2752,ecu,Ecuador,2010,121222,49874,0,171096,0,171096,859,201,1060,1060
2753,ecu,Ecuador,2011,123407,21534,0,144941,0,144941,912,254,1166,1166
2754,ecu,Ecuador,2012,123793,14553,0,138346,0,138346,848,519,1367,1367
2755,ecu,Ecuador,2013,123177,11564,0,134741,0,134741,711,2340,3051,3051
2756,ecu,Ecuador,2014,122129,11583,0,133712,0,133712,807,6966,7773,7773
2757,ecu,Ecuador,2015,121511,11583,0,133094,0,133094,1006,10415,11421,11421
2758,ecu,Ecuador,2016,102848,24542,0,127390,0,127390,1041,13682,14723,14723
2759,ecu,Ecuador,2017,92405,11895,0,104300,0,104300,1251,17341,18592,18592
2760,ecu,Ecuador,2018,101550,17044,256265,374859,0,374859,1424,17727,19151,19151
2761,ecu,Ecuador,2019,104560,25002,374045,503607,0,503607,1644,19340,20984,20984
2762,ecu,Ecuador,2020,104582,26001,401777,532360,0,532360,1689,22090,23779,23779
2763,ecu,Ecuador,2021,56603,7137,503882,567622,0,567622,1825,27286,29111,29111
2764,ecu,Ecuador,2022,60125,9754,495304,565183,0,565183,3205,40358,43563,43563
2765,ecu,Ecuador,2023,62899,7700,469441,540040,0,540040,4244,66416,70660,70660
2766,ecu,Ecuador,2024,23218,7023,439097,469338,0,469338,5015,105087,110102,110102
2767,ecu,Ecuador,2025,26428,8571,432888,467887,0,467887,5723,122060,127783,127783
2768,egy,Egypt,1964,470,0,0,470,0,470,0,0,0,0
2769,egy,Egypt,1965,5000,0,0,5000,0,5000,0,0,0,0
2770,egy,Egypt,1966,0,0,0,0,0,0,0,0,0,0
2771,egy,Egypt,1967,0,0,0,0,0,0,0,0,0,0
2772,egy,Egypt,1968,0,0,0,0,0,0,0,0,0,0
2773,egy,Egypt,1969,4800,0,0,4800,0,4800,0,0,0,0
2774,egy,Egypt,1970,5000,0,0,5000,0,5000,0,0,0,0
2775,egy,Egypt,1971,5020,0,0,5020,0,5020,0,0,0,0
2776,egy,Egypt,1972,7370,0,0,7370,0,7370,0,0,0,0
2777,egy,Egypt,1973,2600,0,0,2600,0,2600,0,0,0,0
2778,egy,Egypt,1974,4000,0,0,4000,0,4000,0,0,0,0
2779,egy,Egypt,1975,4000,0,0,4000,0,4000,0,0,0,0
2780,egy,Egypt,1976,4000,0,0,4000,0,4000,0,0,0,0
2781,egy,Egypt,1977,4510,0,0,4510,0,4510,0,0,0,0
2782,egy,Egypt,1978,5000,0,0,5000,0,5000,50,0,50,50
2783,egy,Egypt,1979,4850,0,0,4850,0,4850,0,0,0,0
2784,egy,Egypt,1980,1440,0,0,1440,0,1440,0,0,0,0
2785,egy,Egypt,1981,1580,0,0,1580,0,1580,5,0,5,5
2786,egy,Egypt,1982,5500,0,0,5500,0,5500,5,0,5,5
2787,egy,Egypt,1983,35000,0,0,35000,0,35000,6,0,6,6
2788,egy,Egypt,1984,5500,0,0,5500,0,5500,6,0,6,6
2789,egy,Egypt,1985,1090,0,0,1090,0,1090,7,0,7,7
2790,egy,Egypt,1986,1080,0,0,1080,0,1080,8,0,8,8
2791,egy,Egypt,1987,1150,0,0,1150,0,1150,8,0,8,8
2792,egy,Egypt,1988,1620,0,0,1620,0,1620,14,0,14,14
2793,egy,Egypt,1989,1740,0,0,1740,0,1740,13,0,13,13
2794,egy,Egypt,1990,1991,0,0,1991,0,1991,50,0,50,50
2795,egy,Egypt,1991,2245,0,0,2245,0,2245,98,0,98,98
2796,egy,Egypt,1992,5509,0,0,5509,0,5509,210,0,210,210
2797,egy,Egypt,1993,6709,0,0,6709,0,6709,257,0,257,257
2798,egy,Egypt,1994,7218,0,0,7218,0,7218,501,0,501,501
2799,egy,Egypt,1995,5401,0,0,5401,0,5401,870,0,870,870
2800,egy,Egypt,1996,6026,0,0,6026,0,6026,1198,0,1198,1198
2801,egy,Egypt,1997,6486,0,0,6486,0,6486,1720,0,1720,1720
2802,egy,Egypt,1998,6276,0,0,6276,0,6276,2606,0,2606,2606
2803,egy,Egypt,1999,6553,0,0,6553,0,6553,3486,0,3486,3486
2804,egy,Egypt,2000,6840,11164,0,18004,0,18004,3954,1151,5105,5105
2805,egy,Egypt,2001,7223,15644,0,22867,0,22867,4677,1442,6119,6119
2806,egy,Egypt,2002,80488,12085,0,92573,0,92573,6442,1825,8267,8267
2807,egy,Egypt,2003,88745,5390,0,94135,0,94135,5734,2019,7753,7753
2808,egy,Egypt,2004,90335,8741,0,99076,0,99076,5361,2242,7603,7603
2809,egy,Egypt,2005,88934,11003,0,99937,0,99937,6288,2327,8615,8615
2810,egy,Egypt,2006,88014,16355,0,104369,0,104369,7608,1675,9283,9283
2811,egy,Egypt,2007,97550,14865,0,112415,0,112415,6789,1614,8403,8403
2812,egy,Egypt,2008,97851,14653,0,112504,0,112504,6777,1803,8580,8580
2813,egy,Egypt,2009,94392,13425,0,107817,0,107817,6983,1626,8609,8609
2814,egy,Egypt,2010,95044,14283,0,109327,0,109327,6903,1571,8474,8474
2815,egy,Egypt,2011,95078,18915,0,113993,0,113993,7922,2613,10535,10535
2816,egy,Egypt,2012,109923,16938,0,126861,0,126861,10014,4118,14132,14132
2817,egy,Egypt,2013,230070,23150,0,253220,0,253220,12804,9478,22282,22282
2818,egy,Egypt,2014,236085,25603,0,261688,0,261688,15899,10816,26715,26715
2819,egy,Egypt,2015,212492,38135,0,250627,0,250627,17929,12142,30071,30071
2820,egy,Egypt,2016,213515,49844,0,263359,0,263359,19792,13026,32818,32818
2821,egy,Egypt,2017,232647,56557,0,289204,0,289204,22106,14588,36694,36694
2822,egy,Egypt,2018,246746,68168,0,314914,0,314914,24850,16760,41610,41610
2823,egy,Egypt,2019,258391,66309,0,324700,0,324700,27416,16627,44043,44043
2824,egy,Egypt,2020,272826,56446,0,329272,0,329272,26553,16313,42866,42866
2825,egy,Egypt,2021,280686,60392,0,341078,0,341078,27498,21016,48514,48514
2826,egy,Egypt,2022,294632,63881,0,358513,0,358513,24390,27834,52224,52224
2827,egy,Egypt,2023,240507,232244,0,472751,0,472751,23160,46356,69516,69516
2828,egy,Egypt,2024,238014,638948,0,876962,0,876962,23736,55917,79653,79653
2829,egy,Egypt,2025,220033,878268,0,1098301,0,1098301,23763,46292,70055,70055
2830,eri,Eritrea,1979,0,0,0,0,0,0,400,0,400,400
2831,eri,Eritrea,1980,0,0,0,0,0,0,542,0,542,542
2832,eri,Eritrea,1981,0,0,0,0,0,0,1542,0,1542,1542
2833,eri,Eritrea,1982,0,0,0,0,0,0,1585,0,1585,1585
2834,eri,Eritrea,1983,0,0,0,0,0,0,1385,0,1385,1385
2835,eri,Eritrea,1984,0,0,0,0,0,0,1385,0,1385,1385
2836,eri,Eritrea,1985,0,0,0,0,0,0,1385,0,1385,1385
2837,eri,Eritrea,1986,0,0,0,0,0,0,177,0,177,177
2838,eri,Eritrea,1987,0,0,0,0,0,0,167,0,167,167
2839,eri,Eritrea,1988,0,0,0,0,0,0,133,0,133,133
2840,eri,Eritrea,1989,0,0,0,0,0,0,43,0,43,43
2841,eri,Eritrea,1990,0,0,0,0,0,0,43,0,43,43
2842,eri,Eritrea,1991,0,0,0,0,0,0,500633,0,500633,500633
2843,eri,Eritrea,1992,0,0,0,0,0,0,503200,0,503200,503200
2844,eri,Eritrea,1993,5,0,0,5,0,5,427208,0,427208,427208
2845,eri,Eritrea,1994,704,0,0,704,0,704,422432,0,422432,422432
2846,eri,Eritrea,1995,1081,0,0,1081,0,1081,286711,0,286711,286711
2847,eri,Eritrea,1996,2105,0,0,2105,0,2105,332222,0,332222,332222
2848,eri,Eritrea,1997,2606,0,0,2606,0,2606,319076,0,319076,319076
2849,eri,Eritrea,1998,2501,0,0,2501,0,2501,346779,0,346779,346779
2850,eri,Eritrea,1999,2972,0,0,2972,0,2972,347134,0,347134,347134
2851,eri,Eritrea,2000,1984,0,0,1984,1100000,1101984,376847,2559,379406,1479406
2852,eri,Eritrea,2001,2272,0,0,2272,0,2272,333222,2849,336071,336071
2853,eri,Eritrea,2002,3619,5,0,3624,0,3624,318167,25826,343993,343993
2854,eri,Eritrea,2003,3890,200,0,4090,0,4090,124111,2828,126939,126939
2855,eri,Eritrea,2004,4242,449,0,4691,0,4691,131108,2811,133919,133919
2856,eri,Eritrea,2005,4418,1589,0,6007,0,6007,144062,4016,148078,148078
2857,eri,Eritrea,2006,4621,2001,0,6622,0,6622,193738,5023,198761,198761
2858,eri,Eritrea,2007,5042,2016,0,7058,0,7058,208747,12177,220924,220924
2859,eri,Eritrea,2008,4862,128,0,4990,0,4990,186392,14603,200995,200995
2860,eri,Eritrea,2009,4751,135,0,4886,0,4886,209164,14379,223543,223543
2861,eri,Eritrea,2010,4809,135,0,4944,0,4944,222457,13569,236026,236026
2862,eri,Eritrea,2011,4719,7,0,4726,0,4726,251941,14598,266539,266539
2863,eri,Eritrea,2012,3600,17,0,3617,0,3617,285356,20544,305900,305900
2864,eri,Eritrea,2013,3166,5,0,3171,0,3171,308210,28924,337134,337134
2865,eri,Eritrea,2014,2898,0,0,2898,0,2898,363081,53650,416731,416731
2866,eri,Eritrea,2015,2549,0,0,2549,0,2549,407428,62088,469516,469516
2867,eri,Eritrea,2016,2342,8,0,2350,0,2350,457247,67694,524941,524941
2868,eri,Eritrea,2017,2392,0,0,2392,0,2392,486209,78308,564517,564517
2869,eri,Eritrea,2018,2252,0,0,2252,0,2252,507260,78584,585844,585844
2870,eri,Eritrea,2019,199,0,0,199,0,199,504300,72164,576464,576464
2871,eri,Eritrea,2020,201,0,0,201,0,201,524738,72942,597680,597680
2872,eri,Eritrea,2021,121,0,0,121,0,121,511911,77188,589099,589099
2873,eri,Eritrea,2022,119,0,0,119,0,119,512674,79010,591684,591684
2874,eri,Eritrea,2023,119,0,0,119,0,119,559853,104892,664745,664745
2875,eri,Eritrea,2024,119,0,0,119,0,119,551296,111762,663058,663058
2876,eri,Eritrea,2025,119,0,0,119,0,119,554891,118444,673335,673335
2877,esh,Western Sahara,1975,0,0,0,0,0,0,20000,0,20000,20000
2878,esh,Western Sahara,1976,0,0,0,0,0,0,35000,0,35000,35000
2879,esh,Western Sahara,1977,0,0,0,0,0,0,50000,0,50000,50000
2880,esh,Western Sahara,1978,0,0,0,0,0,0,50000,0,50000,50000
2881,esh,Western Sahara,1979,0,0,0,0,0,0,50000,0,50000,50000
2882,esh,Western Sahara,1980,0,0,0,0,0,0,50000,0,50000,50000
2883,esh,Western Sahara,1981,0,0,0,0,0,0,165000,0,165000,165000
2884,esh,Western Sahara,1982,0,0,0,0,0,0,165000,0,165000,165000
2885,esh,Western Sahara,1983,0,0,0,0,0,0,165000,0,165000,165000
2886,esh,Western Sahara,1984,0,0,0,0,0,0,165000,0,165000,165000
2887,esh,Western Sahara,1985,0,0,0,0,0,0,165000,0,165000,165000
2888,esh,Western Sahara,1986,0,0,0,0,0,0,165000,0,165000,165000
2889,esh,Western Sahara,1987,0,0,0,0,0,0,165000,0,165000,165000
2890,esh,Western Sahara,1988,0,0,0,0,0,0,165000,0,165000,165000
2891,esh,Western Sahara,1989,0,0,0,0,0,0,167190,0,167190,167190
2892,esh,Western Sahara,1990,0,0,0,0,0,0,165000,0,165000,165000
2893,esh,Western Sahara,1991,0,0,0,0,0,0,165000,0,165000,165000
2894,esh,Western Sahara,1992,0,0,0,0,0,0,165000,0,165000,165000
2895,esh,Western Sahara,1993,0,0,0,0,0,0,165000,0,165000,165000
2896,esh,Western Sahara,1994,0,0,0,0,0,0,166493,0,166493,166493
2897,esh,Western Sahara,1995,0,0,0,0,0,0,165000,0,165000,165000
2898,esh,Western Sahara,1996,0,0,0,0,0,0,166328,0,166328,166328
2899,esh,Western Sahara,1997,0,0,0,0,0,0,166099,0,166099,166099
2900,esh,Western Sahara,1998,0,0,0,0,0,0,165968,0,165968,165968
2901,esh,Western Sahara,1999,0,0,0,0,0,0,165868,0,165868,165868
2902,esh,Western Sahara,2000,0,0,0,0,0,0,165808,0,165808,165808
2903,esh,Western Sahara,2001,0,0,0,0,0,0,165908,5,165913,165913
2904,esh,Western Sahara,2002,0,0,0,0,0,0,165884,5,165889,165889
2905,esh,Western Sahara,2003,0,0,0,0,0,0,165729,19,165748,165748
2906,esh,Western Sahara,2004,0,0,0,0,0,0,165728,13,165741,165741
2907,esh,Western Sahara,2005,0,0,0,0,0,0,90650,20,90670,90670
2908,esh,Western Sahara,2006,0,0,0,0,0,0,90611,24,90635,90635
2909,esh,Western Sahara,2007,0,0,0,0,0,0,116594,23,116617,116617
2910,esh,Western Sahara,2008,0,0,0,0,0,0,116528,28,116556,116556
2911,esh,Western Sahara,2009,0,0,0,0,0,0,116469,20,116489,116489
2912,esh,Western Sahara,2010,0,0,0,0,0,0,116411,24,116435,116435
2913,esh,Western Sahara,2011,0,0,0,0,0,0,116414,5,116419,116419
2914,esh,Western Sahara,2012,0,0,0,0,0,0,116451,128,116579,116579
2915,esh,Western Sahara,2013,0,0,0,0,0,0,116500,404,116904,116904
2916,esh,Western Sahara,2014,0,0,0,0,0,0,116478,1176,117654,117654
2917,esh,Western Sahara,2015,0,0,0,0,0,0,116542,1438,117980,117980
2918,esh,Western Sahara,2016,0,0,0,0,0,0,116648,1993,118641,118641
2919,esh,Western Sahara,2017,0,0,0,0,0,0,116762,1843,118605,118605
2920,esh,Western Sahara,2018,0,0,0,0,0,0,116790,1803,118593,118593
2921,esh,Western Sahara,2019,0,0,0,0,0,0,116908,955,117863,117863
2922,esh,Western Sahara,2020,0,0,0,0,0,0,116925,1038,117963,117963
2923,esh,Western Sahara,2021,0,0,0,0,0,0,117041,689,117730,117730
2924,esh,Western Sahara,2022,0,0,0,0,0,0,91026,750,91776,91776
2925,esh,Western Sahara,2023,0,0,0,0,0,0,90974,827,91801,91801
2926,esh,Western Sahara,2024,0,0,0,0,0,0,174578,867,175445,175445
2927,esh,Western Sahara,2025,0,0,0,0,0,0,174607,943,175550,175550
2928,esp,Spain,1951,2000,0,0,2000,0,2000,0,0,0,0
2929,esp,Spain,1952,0,0,0,0,0,0,0,0,0,0
2930,esp,Spain,1953,0,0,0,0,0,0,0,0,0,0
2931,esp,Spain,1954,2000,0,0,2000,0,2000,0,0,0,0
2932,esp,Spain,1955,0,0,0,0,0,0,0,0,0,0
2933,esp,Spain,1956,0,0,0,0,0,0,0,0,0,0
2934,esp,Spain,1957,0,0,0,0,0,0,0,0,0,0
2935,esp,Spain,1958,0,0,0,0,0,0,0,0,0,0
2936,esp,Spain,1959,0,0,0,0,0,0,0,0,0,0
2937,esp,Spain,1960,0,0,0,0,0,0,0,0,0,0
2938,esp,Spain,1961,2000,0,0,2000,0,2000,0,0,0,0
2939,esp,Spain,1962,2000,0,0,2000,0,2000,0,0,0,0
2940,esp,Spain,1963,2000,0,0,2000,0,2000,0,0,0,0
2941,esp,Spain,1964,14000,0,0,14000,0,14000,0,0,0,0
2942,esp,Spain,1965,14000,0,0,14000,0,14000,0,0,0,0
2943,esp,Spain,1966,17000,0,0,17000,0,17000,0,0,0,0
2944,esp,Spain,1967,20000,0,0,20000,0,20000,0,0,0,0
2945,esp,Spain,1968,20000,0,0,20000,0,20000,0,0,0,0
2946,esp,Spain,1969,23000,0,0,23000,0,23000,0,0,0,0
2947,esp,Spain,1970,29500,0,0,29500,0,29500,680,0,680,680
2948,esp,Spain,1971,38000,0,0,38000,0,38000,670,0,670,670
2949,esp,Spain,1972,40000,0,0,40000,0,40000,650,0,650,650
2950,esp,Spain,1973,26000,0,0,26000,0,26000,390,0,390,390
2951,esp,Spain,1974,18000,0,0,18000,0,18000,210,0,210,210
2952,esp,Spain,1975,16000,0,0,16000,0,16000,140,0,140,140
2953,esp,Spain,1976,16500,0,0,16500,0,16500,510,0,510,510
2954,esp,Spain,1977,15000,0,0,15000,0,15000,0,0,0,0
2955,esp,Spain,1978,15000,0,0,15000,0,15000,0,0,0,0
2956,esp,Spain,1979,26000,0,0,26000,0,26000,0,0,0,0
2957,esp,Spain,1980,21500,0,0,21500,0,21500,5,0,5,5
2958,esp,Spain,1981,21500,0,0,21500,0,21500,5,0,5,5
2959,esp,Spain,1982,23500,0,0,23500,0,23500,50,0,50,50
2960,esp,Spain,1983,23700,0,0,23700,0,23700,600,0,600,600
2961,esp,Spain,1984,9900,0,0,9900,0,9900,60,0,60,60
2962,esp,Spain,1985,9300,0,0,9300,0,9300,60,0,60,60
2963,esp,Spain,1986,10200,0,0,10200,0,10200,0,0,0,0
2964,esp,Spain,1987,9200,0,0,9200,0,9200,60,0,60,60
2965,esp,Spain,1988,8691,0,0,8691,0,8691,0,0,0,0
2966,esp,Spain,1989,8676,0,0,8676,0,8676,0,0,0,0
2967,esp,Spain,1990,8303,0,0,8303,0,8303,0,0,0,0
2968,esp,Spain,1991,4005,0,0,4005,0,4005,0,0,0,0
2969,esp,Spain,1992,4040,0,0,4040,0,4040,0,0,0,0
2970,esp,Spain,1993,4990,0,0,4990,0,4990,0,0,0,0
2971,esp,Spain,1994,5351,0,0,5351,0,5351,42,0,42,42
2972,esp,Spain,1995,5840,0,0,5840,0,5840,36,0,36,36
2973,esp,Spain,1996,5672,0,0,5672,0,5672,217,0,217,217
2974,esp,Spain,1997,5512,0,0,5512,0,5512,214,0,214,214
2975,esp,Spain,1998,5918,0,0,5918,0,5918,57,0,57,57
2976,esp,Spain,1999,6708,0,0,6708,0,6708,49,0,49,49
2977,esp,Spain,2000,6982,0,0,6982,0,6982,75,21,96,96
2978,esp,Spain,2001,6804,0,0,6804,0,6804,45,18,63,63
2979,esp,Spain,2002,6783,0,0,6783,0,6783,58,25,83,83
2980,esp,Spain,2003,5912,0,0,5912,0,5912,51,40,91,91
2981,esp,Spain,2004,5690,0,0,5690,0,5690,53,28,81,81
2982,esp,Spain,2005,5369,0,0,5369,0,5369,49,20,69,69
2983,esp,Spain,2006,5269,0,0,5269,0,5269,2442,14,2456,2456
2984,esp,Spain,2007,5143,0,0,5143,0,5143,37,11,48,48
2985,esp,Spain,2008,4649,0,0,4649,0,4649,26,17,43,43
2986,esp,Spain,2009,3960,3280,0,7240,0,7240,34,51,85,85
2987,esp,Spain,2010,3814,2688,0,6502,0,6502,41,70,111,111
2988,esp,Spain,2011,4220,2670,0,6890,0,6890,42,85,127,127
2989,esp,Spain,2012,4502,2790,0,7292,0,7292,55,81,136,136
2990,esp,Spain,2013,4641,4329,0,8970,0,8970,56,68,124,124
2991,esp,Spain,2014,5797,7508,0,13305,0,13305,60,68,128,128
2992,esp,Spain,2015,6447,11023,0,17470,0,17470,60,85,145,145
2993,esp,Spain,2016,12983,20360,0,33343,0,33343,34,120,154,154
2994,esp,Spain,2017,17541,34866,0,52407,0,52407,39,197,236,236
2995,esp,Spain,2018,20437,78685,0,99122,0,99122,46,238,284,284
2996,esp,Spain,2019,57751,133030,0,190781,0,190781,51,276,327,327
2997,esp,Spain,2020,103624,103385,0,207009,0,207009,52,294,346,346
2998,esp,Spain,2021,122539,103850,0,226389,0,226389,55,423,478,478
2999,esp,Spain,2022,314490,134580,0,449070,0,449070,62,452,514,514
3000,esp,Spain,2023,385701,204270,0,589971,0,589971,56,1322,1378,1378
3001,esp,Spain,2024,429333,263965,0,693298,0,693298,174,1979,2153,2153
3002,esp,Spain,2025,511079,248715,0,759794,0,759794,186,713,899,899
3003,est,Estonia,1992,0,0,0,0,0,0,59,0,59,59
3004,est,Estonia,1993,0,0,0,0,0,0,95,0,95,95
3005,est,Estonia,1994,0,0,0,0,0,0,296,0,296,296
3006,est,Estonia,1995,0,0,0,0,0,0,350,0,350,350
3007,est,Estonia,1996,0,0,0,0,0,0,1309,0,1309,1309
3008,est,Estonia,1997,0,0,0,0,0,0,1265,0,1265,1265
3009,est,Estonia,1998,0,0,0,0,0,0,792,0,792,792
3010,est,Estonia,1999,0,0,0,0,0,0,634,0,634,634
3011,est,Estonia,2000,0,10,0,10,0,10,460,74,534,534
3012,est,Estonia,2001,6,20,0,26,0,26,483,98,581,581
3013,est,Estonia,2002,6,5,0,11,0,11,1058,157,1215,1215
3014,est,Estonia,2003,6,0,0,6,0,6,1021,177,1198,1198
3015,est,Estonia,2004,6,10,0,16,0,16,849,143,992,992
3016,est,Estonia,2005,0,0,0,0,0,0,738,132,870,870
3017,est,Estonia,2006,0,5,0,5,0,5,622,123,745,745
3018,est,Estonia,2007,6,5,0,11,0,11,258,55,313,313
3019,est,Estonia,2008,16,5,0,21,0,21,248,33,281,281
3020,est,Estonia,2009,16,19,0,35,0,35,249,34,283,283
3021,est,Estonia,2010,31,5,0,36,0,36,242,15,257,257
3022,est,Estonia,2011,34,5,0,39,0,39,225,34,259,259
3023,est,Estonia,2012,48,0,0,48,0,48,455,28,483,483
3024,est,Estonia,2013,52,15,0,67,0,67,349,22,371,371
3025,est,Estonia,2014,82,84,0,166,0,166,340,31,371,371
3026,est,Estonia,2015,158,73,0,231,0,231,315,39,354,354
3027,est,Estonia,2016,312,43,0,355,0,355,303,42,345,345
3028,est,Estonia,2017,405,36,0,441,0,441,288,42,330,330
3029,est,Estonia,2018,319,30,0,349,0,349,281,37,318,318
3030,est,Estonia,2019,331,33,0,364,0,364,274,55,329,329
3031,est,Estonia,2020,277,5,0,282,0,282,277,43,320,320
3032,est,Estonia,2021,321,15,0,336,0,336,271,48,319,319
3033,est,Estonia,2022,40806,631,0,41437,0,41437,45,61,106,106
3034,est,Estonia,2023,42005,346,0,42351,0,42351,60,58,118,118
3035,est,Estonia,2024,42267,172,0,42439,0,42439,126,62,188,188
3036,est,Estonia,2025,41299,321,0,41620,0,41620,86,52,138,138
3037,eth,Ethiopia,1967,0,0,0,0,0,0,28600,0,28600,28600
3038,eth,Ethiopia,1968,20000,0,0,20000,0,20000,31000,0,31000,31000
3039,eth,Ethiopia,1969,20000,0,0,20000,0,20000,31000,0,31000,31000
3040,eth,Ethiopia,1970,21000,0,0,21000,0,21000,54350,0,54350,54350
3041,eth,Ethiopia,1971,22730,0,0,22730,0,22730,55200,0,55200,55200
3042,eth,Ethiopia,1972,16200,0,0,16200,0,16200,44640,0,44640,44640
3043,eth,Ethiopia,1973,5400,0,0,5400,0,5400,46300,0,46300,46300
3044,eth,Ethiopia,1974,5910,0,0,5910,0,5910,49200,0,49200,49200
3045,eth,Ethiopia,1975,11150,0,0,11150,0,11150,91410,0,91410,91410
3046,eth,Ethiopia,1976,10690,0,0,10690,0,10690,105700,0,105700,105700
3047,eth,Ethiopia,1977,10940,0,0,10940,0,10940,655350,0,655350,655350
3048,eth,Ethiopia,1978,10930,0,0,10930,0,10930,887670,0,887670,887670
3049,eth,Ethiopia,1979,10930,0,0,10930,0,10930,1623870,0,1623870,1623870
3050,eth,Ethiopia,1980,10930,0,0,10930,0,10930,2567998,0,2567998,2567998
3051,eth,Ethiopia,1981,5450,0,0,5450,0,5450,1363266,0,1363266,1363266
3052,eth,Ethiopia,1982,5550,0,0,5550,0,5550,1334915,0,1334915,1334915
3053,eth,Ethiopia,1983,31370,0,0,31370,0,31370,1351917,0,1351917,1351917
3054,eth,Ethiopia,1984,180480,0,0,180480,0,180480,1546134,0,1546134,1546134
3055,eth,Ethiopia,1985,180400,0,0,180400,0,180400,1749309,0,1749309,1749309
3056,eth,Ethiopia,1986,132400,0,0,132400,0,132400,1534548,0,1534548,1534548
3057,eth,Ethiopia,1987,310500,0,0,310500,0,310500,1487663,0,1487663,1487663
3058,eth,Ethiopia,1988,679532,0,0,679532,0,679532,1513307,0,1513307,1513307
3059,eth,Ethiopia,1989,710166,0,0,710166,0,710166,1474919,0,1474919,1474919
3060,eth,Ethiopia,1990,773764,0,0,773764,0,773764,1345928,0,1345928,1345928
3061,eth,Ethiopia,1991,529620,0,0,529620,0,529620,251243,0,251243,251243
3062,eth,Ethiopia,1992,431824,0,0,431824,0,431824,313131,0,313131,313131
3063,eth,Ethiopia,1993,272632,0,0,272632,0,272632,251828,0,251828,251828
3064,eth,Ethiopia,1994,348074,0,0,348074,0,348074,226429,0,226429,226429
3065,eth,Ethiopia,1995,393479,0,0,393479,0,393479,100986,0,100986,100986
3066,eth,Ethiopia,1996,390528,0,0,390528,0,390528,96264,0,96264,96264
3067,eth,Ethiopia,1997,323064,0,0,323064,0,323064,84386,0,84386,84386
3068,eth,Ethiopia,1998,262158,0,0,262158,0,262158,70663,0,70663,70663
3069,eth,Ethiopia,1999,257683,0,0,257683,0,257683,71040,0,71040,71040
3070,eth,Ethiopia,2000,197960,33,0,197993,0,197993,66396,14551,80947,80947
3071,eth,Ethiopia,2001,152554,0,0,152554,0,152554,58980,12305,71285,71285
3072,eth,Ethiopia,2002,132939,12,0,132951,0,132951,61235,8956,70191,70191
3073,eth,Ethiopia,2003,130274,5,0,130279,0,130279,62674,10805,73479,73479
3074,eth,Ethiopia,2004,115979,42,0,116021,0,116021,63153,13098,76251,76251
3075,eth,Ethiopia,2005,100813,208,0,101021,0,101021,65447,16216,81663,81663
3076,eth,Ethiopia,2006,96975,312,0,97287,0,97287,74007,16670,90677,90677
3077,eth,Ethiopia,2007,85179,178,0,85357,0,85357,59845,29469,89314,89314
3078,eth,Ethiopia,2008,83573,1656,0,85229,0,85229,63863,31506,95369,95369
3079,eth,Ethiopia,2009,121880,2441,0,124321,0,124321,62877,48733,111610,111610
3080,eth,Ethiopia,2010,154288,1014,0,155302,0,155302,68838,48883,117721,117721
3081,eth,Ethiopia,2011,288839,1340,0,290179,0,290179,70601,38827,109428,109428
3082,eth,Ethiopia,2012,376388,837,0,377225,0,377225,74964,41902,116866,116866
3083,eth,Ethiopia,2013,433933,930,0,434863,0,434863,77109,49315,126424,126424
3084,eth,Ethiopia,2014,659520,4120,0,663640,0,663640,86857,61368,148225,148225
3085,eth,Ethiopia,2015,736081,2126,0,738207,0,738207,85839,76680,162519,162519
3086,eth,Ethiopia,2016,791631,1948,0,793579,0,793579,83958,78854,162812,162812
3087,eth,Ethiopia,2017,889412,2593,0,892005,1078429,1970434,87448,133659,221107,1299536
3088,eth,Ethiopia,2018,903226,2136,0,905362,2615800,3521162,92232,133254,225486,2841286
3089,eth,Ethiopia,2019,733123,1677,0,734800,1733628,2468428,93467,135267,228734,1962362
3090,eth,Ethiopia,2020,800454,1901,0,802355,2733628,3535983,151426,125072,276498,3010126
3091,eth,Ethiopia,2021,821283,2251,0,823534,3646267,4469801,149130,139211,288341,3934608
3092,eth,Ethiopia,2022,879598,2214,0,881812,2730000,3611812,149603,121362,270965,3000965
3093,eth,Ethiopia,2023,979846,63747,0,1043593,2561497,3605090,158344,139424,297768,2859265
3094,eth,Ethiopia,2024,1008826,63055,0,1071881,2272533,3344414,164423,158142,322565,2595098
3095,eth,Ethiopia,2025,1010466,112987,0,1123453,2378000,3501453,164215,148616,312831,2690831
3096,fin,Finland,1984,500,0,0,500,0,500,0,0,0,0
3097,fin,Finland,1985,500,0,0,500,0,500,0,0,0,0
3098,fin,Finland,1986,500,0,0,500,0,500,0,0,0,0
3099,fin,Finland,1987,800,0,0,800,0,800,0,0,0,0
3100,fin,Finland,1988,1065,0,0,1065,0,1065,0,0,0,0
3101,fin,Finland,1989,2000,0,0,2000,0,2000,0,0,0,0
3102,fin,Finland,1990,2348,0,0,2348,0,2348,0,0,0,0
3103,fin,Finland,1991,4561,0,0,4561,0,4561,0,0,0,0
3104,fin,Finland,1992,5950,0,0,5950,0,5950,0,0,0,0
3105,fin,Finland,1993,8511,0,0,8511,0,8511,0,0,0,0
3106,fin,Finland,1994,9511,0,0,9511,0,9511,0,0,0,0
3107,fin,Finland,1995,10191,0,0,10191,0,10191,0,0,0,0
3108,fin,Finland,1996,11382,0,0,11382,0,11382,0,0,0,0
3109,fin,Finland,1997,12017,0,0,12017,0,12017,0,0,0,0
3110,fin,Finland,1998,12288,0,0,12288,0,12288,5,0,5,5
3111,fin,Finland,1999,12866,0,0,12866,0,12866,5,0,5,5
3112,fin,Finland,2000,13271,1300,0,14571,0,14571,5,5,10,10
3113,fin,Finland,2001,12726,0,0,12726,0,12726,0,5,5,5
3114,fin,Finland,2002,12485,0,0,12485,0,12485,8,5,13,13
3115,fin,Finland,2003,10835,0,0,10835,0,10835,6,5,11,11
3116,fin,Finland,2004,11309,0,0,11309,0,11309,0,5,5,5
3117,fin,Finland,2005,11801,0,0,11801,0,11801,5,5,10,10
3118,fin,Finland,2006,11827,1112,0,12939,0,12939,10,0,10,10
3119,fin,Finland,2007,6201,712,0,6913,0,6913,5,0,5,5
3120,fin,Finland,2008,6621,2736,0,9357,0,9357,0,0,0,0
3121,fin,Finland,2009,7448,3763,0,11211,0,11211,6,0,6,6
3122,fin,Finland,2010,8721,2075,0,10796,0,10796,6,0,6,6
3123,fin,Finland,2011,9170,2262,0,11432,0,11432,6,5,11,11
3124,fin,Finland,2012,9910,1867,0,11777,0,11777,5,6,11,11
3125,fin,Finland,2013,11242,1504,0,12746,0,12746,5,5,10,10
3126,fin,Finland,2014,11783,1734,0,13517,0,13517,5,0,5,5
3127,fin,Finland,2015,12692,24340,0,37032,0,37032,10,0,10,10
3128,fin,Finland,2016,18402,5559,0,23961,0,23961,5,5,10,10
3129,fin,Finland,2017,20793,3101,0,23894,0,23894,5,10,15,15
3130,fin,Finland,2018,22287,3264,0,25551,0,25551,5,5,10,10
3131,fin,Finland,2019,23458,8308,0,31766,0,31766,0,10,10,10
3132,fin,Finland,2020,23428,6316,0,29744,0,29744,0,0,0,0
3133,fin,Finland,2021,24078,2408,0,26486,0,26486,5,0,5,5
3134,fin,Finland,2022,69553,6046,0,75599,0,75599,0,15,15,15
3135,fin,Finland,2023,89869,7410,0,97279,0,97279,0,46,46,46
3136,fin,Finland,2024,93182,4386,0,97568,0,97568,5,43,48,48
3137,fin,Finland,2025,102544,1879,0,104423,0,104423,5,15,20,20
3138,fji,Fiji,1992,0,0,0,0,0,0,19,0,19,19
3139,fji,Fiji,1993,0,0,0,0,0,0,89,0,89,89
3140,fji,Fiji,1994,0,0,0,0,0,0,156,0,156,156
3141,fji,Fiji,1995,9,0,0,9,0,9,222,0,222,222
3142,fji,Fiji,1996,7,0,0,7,0,7,305,0,305,305
3143,fji,Fiji,1997,0,0,0,0,0,0,326,0,326,326
3144,fji,Fiji,1998,0,0,0,0,0,0,301,0,301,301
3145,fji,Fiji,1999,0,0,0,0,0,0,328,0,328,328
3146,fji,Fiji,2000,0,0,0,0,0,0,401,1661,2062,2062
3147,fji,Fiji,2001,0,0,0,0,0,0,731,1918,2649,2649
3148,fji,Fiji,2002,0,0,0,0,0,0,1071,1502,2573,2573
3149,fji,Fiji,2003,0,0,0,0,0,0,1088,1018,2106,2106
3150,fji,Fiji,2004,0,0,0,0,0,0,1280,520,1800,1800
3151,fji,Fiji,2005,0,0,0,0,0,0,1376,370,1746,1746
3152,fji,Fiji,2006,0,0,0,0,0,0,1681,253,1934,1934
3153,fji,Fiji,2007,0,0,0,0,0,0,1824,193,2017,2017
3154,fji,Fiji,2008,0,5,0,5,0,5,1862,200,2062,2062
3155,fji,Fiji,2009,0,5,0,5,0,5,1888,360,2248,2248
3156,fji,Fiji,2010,0,5,0,5,0,5,1849,298,2147,2147
3157,fji,Fiji,2011,5,0,0,5,0,5,1576,256,1832,1832
3158,fji,Fiji,2012,0,7,0,7,0,7,1314,269,1583,1583
3159,fji,Fiji,2013,0,7,0,7,0,7,1109,463,1572,1572
3160,fji,Fiji,2014,7,11,0,18,0,18,927,769,1696,1696
3161,fji,Fiji,2015,7,6,0,13,0,13,887,429,1316,1316
3162,fji,Fiji,2016,7,0,0,7,0,7,791,510,1301,1301
3163,fji,Fiji,2017,7,10,0,17,0,17,734,678,1412,1412
3164,fji,Fiji,2018,0,17,0,17,0,17,675,1297,1972,1972
3165,fji,Fiji,2019,12,10,0,22,0,22,591,2343,2934,2934
3166,fji,Fiji,2020,14,5,0,19,0,19,516,2683,3199,3199
3167,fji,Fiji,2021,18,0,0,18,0,18,414,2997,3411,3411
3168,fji,Fiji,2022,5,13,0,18,0,18,336,3317,3653,3653
3169,fji,Fiji,2023,15,0,0,15,0,15,207,3017,3224,3224
3170,fji,Fiji,2024,15,10,0,25,0,25,248,3168,3416,3416
3171,fji,Fiji,2025,15,31,0,46,0,46,343,2058,2401,2401
3172,fra,France,1951,290000,0,0,290000,0,290000,0,0,0,0
3173,fra,France,1952,280000,0,0,280000,0,280000,0,0,0,0
3174,fra,France,1953,270000,0,0,270000,0,270000,0,0,0,0
3175,fra,France,1954,263000,0,0,263000,0,263000,0,0,0,0
3176,fra,France,1955,345415,0,0,345415,0,345415,0,0,0,0
3177,fra,France,1956,363290,0,0,363290,0,363290,0,0,0,0
3178,fra,France,1957,389480,0,0,389480,0,389480,0,0,0,0
3179,fra,France,1958,381152,0,0,381152,0,381152,0,0,0,0
3180,fra,France,1959,387201,0,0,387201,0,387201,0,0,0,0
3181,fra,France,1960,245935,0,0,245935,0,245935,0,0,0,0
3182,fra,France,1961,253375,0,0,253375,0,253375,0,0,0,0
3183,fra,France,1962,259740,0,0,259740,0,259740,0,0,0,0
3184,fra,France,1963,174057,0,0,174057,0,174057,0,0,0,0
3185,fra,France,1964,175861,0,0,175861,0,175861,0,0,0,0
3186,fra,France,1965,177665,0,0,177665,0,177665,0,0,0,0
3187,fra,France,1966,179468,0,0,179468,0,179468,0,0,0,0
3188,fra,France,1967,177200,0,0,177200,0,177200,0,0,0,0
3189,fra,France,1968,176736,0,0,176736,0,176736,0,0,0,0
3190,fra,France,1969,175242,0,0,175242,0,175242,0,0,0,0
3191,fra,France,1970,158543,0,0,158543,0,158543,0,0,0,0
3192,fra,France,1971,141844,0,0,141844,0,141844,0,0,0,0
3193,fra,France,1972,98900,0,0,98900,0,98900,0,0,0,0
3194,fra,France,1973,101830,0,0,101830,0,101830,0,0,0,0
3195,fra,France,1974,105538,0,0,105538,0,105538,0,0,0,0
3196,fra,France,1975,109882,0,0,109882,0,109882,0,0,0,0
3197,fra,France,1976,114634,0,0,114634,0,114634,0,0,0,0
3198,fra,France,1977,119413,0,0,119413,0,119413,0,0,0,0
3199,fra,France,1978,126229,0,0,126229,0,126229,0,0,0,0
3200,fra,France,1979,119489,0,0,119489,0,119489,0,0,0,0
3201,fra,France,1980,121958,0,0,121958,0,121958,0,0,0,0
3202,fra,France,1981,125597,0,0,125597,0,125597,0,0,0,0
3203,fra,France,1982,152223,0,0,152223,0,152223,0,0,0,0
3204,fra,France,1983,164113,0,0,164113,0,164113,0,0,0,0
3205,fra,France,1984,169863,0,0,169863,0,169863,0,0,0,0
3206,fra,France,1985,174213,0,0,174213,0,174213,0,0,0,0
3207,fra,France,1986,180258,0,0,180258,0,180258,0,0,0,0
3208,fra,France,1987,179306,0,0,179306,0,179306,0,0,0,0
3209,fra,France,1988,183946,0,0,183946,0,183946,0,0,0,0
3210,fra,France,1989,180258,0,0,180258,0,180258,0,0,0,0
3211,fra,France,1990,193000,0,0,193000,0,193000,0,0,0,0
3212,fra,France,1991,174756,0,0,174756,0,174756,0,0,0,0
3213,fra,France,1992,156512,0,0,156512,0,156512,0,0,0,0
3214,fra,France,1993,166269,0,0,166269,0,166269,0,0,0,0
3215,fra,France,1994,195288,0,0,195288,0,195288,20,0,20,20
3216,fra,France,1995,155240,0,0,155240,0,155240,14,0,14,14
3217,fra,France,1996,151331,0,0,151331,0,151331,46,0,46,46
3218,fra,France,1997,146558,0,0,146558,0,146558,60,0,60,60
3219,fra,France,1998,140213,0,0,140213,0,140213,62,0,62,62
3220,fra,France,1999,129722,0,0,129722,0,129722,60,0,60,60
3221,fra,France,2000,132508,0,0,132508,0,132508,74,45,119,119
3222,fra,France,2001,131601,34551,0,166152,0,166152,41,59,100,100
3223,fra,France,2002,132182,34588,0,166770,0,166770,92,73,165,165
3224,fra,France,2003,130838,22900,0,153738,0,153738,110,66,176,176
3225,fra,France,2004,139852,59346,0,199198,0,199198,112,55,167,167
3226,fra,France,2005,137316,41279,0,178595,0,178595,286,54,340,340
3227,fra,France,2006,145996,37009,0,183005,0,183005,79,35,114,114
3228,fra,France,2007,151789,32275,0,184064,0,184064,99,48,147,147
3229,fra,France,2008,171206,31496,0,202702,0,202702,97,55,152,152
3230,fra,France,2009,196364,40517,0,236881,0,236881,80,69,149,149
3231,fra,France,2010,200687,48576,0,249263,0,249263,90,33,123,123
3232,fra,France,2011,210207,49240,0,259447,0,259447,92,51,143,143
3233,fra,France,2012,217865,49885,0,267750,0,267750,94,38,132,132
3234,fra,France,2013,232487,51691,0,284178,0,284178,92,42,134,134
3235,fra,France,2014,252248,55826,0,308074,0,308074,84,40,124,124
3236,fra,France,2015,273117,63043,0,336160,0,336160,90,77,167,167
3237,fra,France,2016,304527,62764,0,367291,0,367291,50,116,166,166
3238,fra,France,2017,337158,63115,0,400273,0,400273,54,140,194,194
3239,fra,France,2018,368345,89055,0,457400,0,457400,59,219,278,278
3240,fra,France,2019,407915,102140,0,510055,0,510055,50,268,318,318
3241,fra,France,2020,436055,118137,0,554192,0,554192,49,175,224,224
3242,fra,France,2021,499914,75708,0,575622,0,575622,38,280,318,318
3243,fra,France,2022,612934,75047,0,687981,0,687981,65,405,470,470
3244,fra,France,2023,664366,79642,0,744008,0,744008,50,475,525,525
3245,fra,France,2024,721771,88554,0,810325,0,810325,139,608,747,747
3246,fra,France,2025,788419,85227,0,873646,0,873646,166,455,621,621
3247,fsm,"Micronesia, Fed. Sts.",2002,0,0,0,0,0,0,0,5,5,5
3248,fsm,"Micronesia, Fed. Sts.",2003,0,0,0,0,0,0,0,5,5,5
3249,fsm,"Micronesia, Fed. Sts.",2004,0,0,0,0,0,0,0,5,5,5
3250,fsm,"Micronesia, Fed. Sts.",2005,0,0,0,0,0,0,0,0,0,0
3251,fsm,"Micronesia, Fed. Sts.",2006,0,0,0,0,0,0,0,0,0,0
3252,fsm,"Micronesia, Fed. Sts.",2007,0,0,0,0,0,0,0,0,0,0
3253,fsm,"Micronesia, Fed. Sts.",2008,0,0,0,0,0,0,0,0,0,0
3254,fsm,"Micronesia, Fed. Sts.",2009,0,0,0,0,0,0,0,0,0,0
3255,fsm,"Micronesia, Fed. Sts.",2010,0,0,0,0,0,0,0,0,0,0
3256,fsm,"Micronesia, Fed. Sts.",2011,0,0,0,0,0,0,0,0,0,0
3257,fsm,"Micronesia, Fed. Sts.",2012,0,0,0,0,0,0,0,0,0,0
3258,fsm,"Micronesia, Fed. Sts.",2013,0,0,0,0,0,0,0,0,0,0
3259,fsm,"Micronesia, Fed. Sts.",2014,0,0,0,0,0,0,0,0,0,0
3260,fsm,"Micronesia, Fed. Sts.",2015,5,10,0,15,0,15,0,6,6,6
3261,fsm,"Micronesia, Fed. Sts.",2016,5,0,0,5,0,5,0,0,0,0
3262,fsm,"Micronesia, Fed. Sts.",2017,0,0,0,0,0,0,0,0,0,0
3263,fsm,"Micronesia, Fed. Sts.",2018,0,0,0,0,0,0,0,0,0,0
3264,fsm,"Micronesia, Fed. Sts.",2019,0,0,0,0,0,0,0,0,0,0
3265,fsm,"Micronesia, Fed. Sts.",2020,0,0,0,0,0,0,0,0,0,0
3266,fsm,"Micronesia, Fed. Sts.",2021,0,0,0,0,0,0,0,0,0,0
3267,fsm,"Micronesia, Fed. Sts.",2022,0,0,0,0,0,0,0,5,5,5
3268,fsm,"Micronesia, Fed. Sts.",2023,0,0,0,0,0,0,0,0,0,0
3269,fsm,"Micronesia, Fed. Sts.",2024,0,0,0,0,0,0,0,5,5,5
3270,fsm,"Micronesia, Fed. Sts.",2025,0,0,0,0,0,0,0,5,5,5
3271,gab,Gabon,1969,4500,0,0,4500,0,4500,0,0,0,0
3272,gab,Gabon,1970,0,0,0,0,0,0,0,0,0,0
3273,gab,Gabon,1971,0,0,0,0,0,0,0,0,0,0
3274,gab,Gabon,1972,0,0,0,0,0,0,0,0,0,0
3275,gab,Gabon,1973,0,0,0,0,0,0,0,0,0,0
3276,gab,Gabon,1974,0,0,0,0,0,0,0,0,0,0
3277,gab,Gabon,1975,60000,0,0,60000,0,60000,0,0,0,0
3278,gab,Gabon,1976,60000,0,0,60000,0,60000,0,0,0,0
3279,gab,Gabon,1977,90000,0,0,90000,0,90000,0,0,0,0
3280,gab,Gabon,1978,60200,0,0,60200,0,60200,0,0,0,0
3281,gab,Gabon,1979,30200,0,0,30200,0,30200,0,0,0,0
3282,gab,Gabon,1980,20000,0,0,20000,0,20000,0,0,0,0
3283,gab,Gabon,1981,400,0,0,400,0,400,0,0,0,0
3284,gab,Gabon,1982,640,0,0,640,0,640,0,0,0,0
3285,gab,Gabon,1983,0,0,0,0,0,0,0,0,0,0
3286,gab,Gabon,1984,0,0,0,0,0,0,0,0,0,0
3287,gab,Gabon,1985,0,0,0,0,0,0,0,0,0,0
3288,gab,Gabon,1986,100,0,0,100,0,100,0,0,0,0
3289,gab,Gabon,1987,0,0,0,0,0,0,0,0,0,0
3290,gab,Gabon,1988,0,0,0,0,0,0,0,0,0,0
3291,gab,Gabon,1989,0,0,0,0,0,0,0,0,0,0
3292,gab,Gabon,1990,417,0,0,417,0,417,0,0,0,0
3293,gab,Gabon,1991,220,0,0,220,0,220,0,0,0,0
3294,gab,Gabon,1992,272,0,0,272,0,272,17,0,17,17
3295,gab,Gabon,1993,0,0,0,0,0,0,17,0,17,17
3296,gab,Gabon,1994,597,0,0,597,0,597,22,0,22,22
3297,gab,Gabon,1995,790,0,0,790,0,790,27,0,27,27
3298,gab,Gabon,1996,797,0,0,797,0,797,22,0,22,22
3299,gab,Gabon,1997,864,0,0,864,0,864,17,0,17,17
3300,gab,Gabon,1998,1127,0,0,1127,0,1127,27,0,27,27
3301,gab,Gabon,1999,15069,0,0,15069,0,15069,27,0,27,27
3302,gab,Gabon,2000,17978,3037,0,21015,0,21015,27,13,40,40
3303,gab,Gabon,2001,15576,3629,0,19205,0,19205,24,45,69,69
3304,gab,Gabon,2002,13468,5664,0,19132,0,19132,34,52,86,86
3305,gab,Gabon,2003,13999,5122,0,19121,0,19121,37,34,71,71
3306,gab,Gabon,2004,13780,4837,0,18617,0,18617,50,26,76,76
3307,gab,Gabon,2005,8541,4844,0,13385,0,13385,78,55,133,133
3308,gab,Gabon,2006,8421,4127,0,12548,0,12548,96,40,136,136
3309,gab,Gabon,2007,8822,4258,0,13080,0,13080,116,21,137,137
3310,gab,Gabon,2008,8998,4296,0,13294,0,13294,132,23,155,155
3311,gab,Gabon,2009,8843,4277,0,13120,0,13120,145,33,178,178
3312,gab,Gabon,2010,9014,4121,0,13135,0,13135,167,37,204,204
3313,gab,Gabon,2011,1769,2357,0,4126,0,4126,180,35,215,215
3314,gab,Gabon,2012,1661,2368,0,4029,0,4029,189,56,245,245
3315,gab,Gabon,2013,1592,2428,0,4020,0,4020,180,104,284,284
3316,gab,Gabon,2014,1007,1884,0,2891,0,2891,179,116,295,295
3317,gab,Gabon,2015,934,1942,0,2876,0,2876,174,224,398,398
3318,gab,Gabon,2016,926,1911,0,2837,0,2837,167,431,598,598
3319,gab,Gabon,2017,845,5,0,850,0,850,216,696,912,912
3320,gab,Gabon,2018,686,82,0,768,0,768,342,739,1081,1081
3321,gab,Gabon,2019,454,76,0,530,0,530,440,893,1333,1333
3322,gab,Gabon,2020,467,80,0,547,0,547,454,1115,1569,1569
3323,gab,Gabon,2021,272,53,0,325,0,325,620,902,1522,1522
3324,gab,Gabon,2022,205,75,0,280,0,280,772,717,1489,1489
3325,gab,Gabon,2023,204,86,0,290,0,290,866,834,1700,1700
3326,gab,Gabon,2024,179,82,0,261,0,261,948,909,1857,1857
3327,gab,Gabon,2025,166,86,0,252,0,252,984,402,1386,1386
3328,gbr,United Kingdom,1951,208000,0,0,208000,0,208000,0,0,0,0
3329,gbr,United Kingdom,1952,200000,0,0,200000,0,200000,0,0,0,0
3330,gbr,United Kingdom,1953,192000,0,0,192000,0,192000,0,0,0,0
3331,gbr,United Kingdom,1954,182000,0,0,182000,0,182000,0,0,0,0
3332,gbr,United Kingdom,1955,175000,0,0,175000,0,175000,0,0,0,0
3333,gbr,United Kingdom,1956,182000,0,0,182000,0,182000,0,0,0,0
3334,gbr,United Kingdom,1957,179000,0,0,179000,0,179000,0,0,0,0
3335,gbr,United Kingdom,1958,175000,0,0,175000,0,175000,0,0,0,0
3336,gbr,United Kingdom,1959,170000,0,0,170000,0,170000,0,0,0,0
3337,gbr,United Kingdom,1960,167000,0,0,167000,0,167000,0,0,0,0
3338,gbr,United Kingdom,1961,164000,0,0,164000,0,164000,0,0,0,0
3339,gbr,United Kingdom,1962,160000,0,0,160000,0,160000,0,0,0,0
3340,gbr,United Kingdom,1963,157000,0,0,157000,0,157000,0,0,0,0
3341,gbr,United Kingdom,1964,160000,0,0,160000,0,160000,0,0,0,0
3342,gbr,United Kingdom,1965,170000,0,0,170000,0,170000,0,0,0,0
3343,gbr,United Kingdom,1966,167000,0,0,167000,0,167000,0,0,0,0
3344,gbr,United Kingdom,1967,164000,0,0,164000,0,164000,0,0,0,0
3345,gbr,United Kingdom,1968,161000,0,0,161000,0,161000,0,0,0,0
3346,gbr,United Kingdom,1969,162000,0,0,162000,0,162000,0,0,0,0
3347,gbr,United Kingdom,1970,162000,0,0,162000,0,162000,0,0,0,0
3348,gbr,United Kingdom,1971,150000,0,0,150000,0,150000,0,0,0,0
3349,gbr,United Kingdom,1972,150000,0,0,150000,0,150000,0,0,0,0
3350,gbr,United Kingdom,1973,150000,0,0,150000,0,150000,0,0,0,0
3351,gbr,United Kingdom,1974,155500,0,0,155500,0,155500,0,0,0,0
3352,gbr,United Kingdom,1975,153000,0,0,153000,0,153000,0,0,0,0
3353,gbr,United Kingdom,1976,153000,0,0,153000,0,153000,0,0,0,0
3354,gbr,United Kingdom,1977,148000,0,0,148000,0,148000,0,0,0,0
3355,gbr,United Kingdom,1978,150000,0,0,150000,0,150000,0,0,0,0
3356,gbr,United Kingdom,1979,146000,0,0,146000,0,146000,0,0,0,0
3357,gbr,United Kingdom,1980,148000,0,0,148000,0,148000,0,0,0,0
3358,gbr,United Kingdom,1981,146000,0,0,146000,0,146000,0,0,0,0
3359,gbr,United Kingdom,1982,143000,0,0,143000,0,143000,0,0,0,0
3360,gbr,United Kingdom,1983,140000,0,0,140000,0,140000,0,0,0,0
3361,gbr,United Kingdom,1984,135000,0,0,135000,0,135000,0,0,0,0
3362,gbr,United Kingdom,1985,135000,0,0,135000,0,135000,0,0,0,0
3363,gbr,United Kingdom,1986,100000,0,0,100000,0,100000,0,0,0,0
3364,gbr,United Kingdom,1987,100000,0,0,100000,0,100000,0,0,0,0
3365,gbr,United Kingdom,1988,39755,0,0,39755,0,39755,0,0,0,0
3366,gbr,United Kingdom,1989,46014,0,0,46014,0,46014,0,0,0,0
3367,gbr,United Kingdom,1990,43625,0,0,43625,0,43625,0,0,0,0
3368,gbr,United Kingdom,1991,43368,0,0,43368,0,43368,0,0,0,0
3369,gbr,United Kingdom,1992,64717,0,0,64717,0,64717,0,0,0,0
3370,gbr,United Kingdom,1993,80230,0,0,80230,0,80230,0,0,0,0
3371,gbr,United Kingdom,1994,85159,0,0,85159,0,85159,106,0,106,106
3372,gbr,United Kingdom,1995,90908,0,0,90908,0,90908,75,0,75,75
3373,gbr,United Kingdom,1996,98577,0,0,98577,0,98577,69,0,69,69
3374,gbr,United Kingdom,1997,107933,0,0,107933,0,107933,75,0,75,75
3375,gbr,United Kingdom,1998,121715,0,0,121715,0,121715,88,0,88,88
3376,gbr,United Kingdom,1999,148921,0,0,148921,0,148921,102,0,102,102
3377,gbr,United Kingdom,2000,186247,88600,0,274847,0,274847,109,69,178,178
3378,gbr,United Kingdom,2001,233389,38800,0,272189,0,272189,104,77,181,181
3379,gbr,United Kingdom,2002,260687,41300,0,301987,0,301987,158,74,232,232
3380,gbr,United Kingdom,2003,276482,23900,0,300382,0,300382,146,64,210,210
3381,gbr,United Kingdom,2004,298826,9700,0,308526,0,308526,141,46,187,187
3382,gbr,United Kingdom,2005,303163,12500,0,315663,0,315663,134,57,191,191
3383,gbr,United Kingdom,2006,301537,12400,0,313937,0,313937,170,43,213,213
3384,gbr,United Kingdom,2007,299701,10800,0,310501,0,310501,198,36,234,234
3385,gbr,United Kingdom,2008,292081,13600,0,305681,0,305681,182,24,206,206
3386,gbr,United Kingdom,2009,269355,12406,0,281761,0,281761,155,44,199,199
3387,gbr,United Kingdom,2010,238133,14880,0,253013,0,253013,152,43,195,195
3388,gbr,United Kingdom,2011,193494,16861,0,210355,0,210355,150,40,190,190
3389,gbr,United Kingdom,2012,149790,18896,0,168686,0,168686,150,45,195,195
3390,gbr,United Kingdom,2013,126036,25100,0,151136,0,151136,140,66,206,206
3391,gbr,United Kingdom,2014,117226,36354,0,153580,0,153580,137,77,214,214
3392,gbr,United Kingdom,2015,123051,45853,0,168904,0,168904,128,109,237,237
3393,gbr,United Kingdom,2016,118973,43496,0,162469,0,162469,78,100,178,178
3394,gbr,United Kingdom,2017,121821,40354,0,162175,0,162175,85,158,243,243
3395,gbr,United Kingdom,2018,126708,45234,0,171942,0,171942,84,184,268,268
3396,gbr,United Kingdom,2019,133083,61947,0,195030,0,195030,69,227,296,296
3397,gbr,United Kingdom,2020,132304,77245,0,209549,0,209549,62,200,262,262
3398,gbr,United Kingdom,2021,137078,104897,0,241975,0,241975,81,277,358,358
3399,gbr,United Kingdom,2022,328989,167289,0,496278,0,496278,217,406,623,623
3400,gbr,United Kingdom,2023,448620,138156,0,586776,0,586776,210,390,600,600
3401,gbr,United Kingdom,2024,515677,124783,0,640460,0,640460,417,701,1118,1118
3402,gbr,United Kingdom,2025,581072,144747,0,725819,0,725819,517,496,1013,1013
3403,geo,Georgia,1993,0,0,0,0,260000,260000,6010,0,6010,266010
3404,geo,Georgia,1994,0,0,0,0,280000,280000,5114,0,5114,285114
3405,geo,Georgia,1995,100,0,0,100,272400,272500,305,0,305,272705
3406,geo,Georgia,1996,95,0,0,95,272359,272454,48485,0,48485,320844
3407,geo,Georgia,1997,161,0,0,161,273386,273547,47159,0,47159,320545
3408,geo,Georgia,1998,19,0,0,19,277006,277025,35665,0,35665,312671
3409,geo,Georgia,1999,5181,0,0,5181,278533,283714,29873,0,29873,308406
3410,geo,Georgia,2000,7621,0,0,7621,272101,279722,21818,1469,23287,295388
3411,geo,Georgia,2001,7902,0,0,7902,264221,272123,17490,2525,20015,284236
3412,geo,Georgia,2002,4194,0,0,4194,261583,265777,16970,2762,19732,281315
3413,geo,Georgia,2003,3864,0,0,3864,260215,264079,12488,2988,15476,275691
3414,geo,Georgia,2004,2559,9,0,2568,237069,239637,6620,2783,9403,246472
3415,geo,Georgia,2005,2500,5,0,2505,234249,236754,7289,3005,10294,244543
3416,geo,Georgia,2006,1377,5,0,1382,245980,247362,6337,4375,10712,256692
3417,geo,Georgia,2007,1051,5,0,1056,273193,274249,11805,4061,15866,289059
3418,geo,Georgia,2008,1001,14,0,1015,329870,330885,12597,5089,17686,347556
3419,geo,Georgia,2009,872,21,0,893,352640,353533,15015,4759,19774,372414
3420,geo,Georgia,2010,638,42,0,680,359716,360396,10636,7185,17821,377537
3421,geo,Georgia,2011,461,36,0,497,273997,274494,10115,2957,13072,287069
3422,geo,Georgia,2012,468,451,0,919,279778,280697,9266,4575,13841,293619
3423,geo,Georgia,2013,847,325,0,1172,257611,258783,6787,11558,18345,275956
3424,geo,Georgia,2014,858,1240,0,2098,262704,264802,6687,7803,14490,277194
3425,geo,Georgia,2015,1973,720,0,2693,268416,271109,6505,9245,15750,284166
3426,geo,Georgia,2016,2122,305,0,2427,273765,276192,6405,14147,20552,294317
3427,geo,Georgia,2017,2089,530,0,2619,278103,280722,6535,16466,23001,301104
3428,geo,Georgia,2018,1987,677,0,2664,282382,285046,6983,21006,27989,310371
3429,geo,Georgia,2019,1355,1111,0,2466,286216,288682,7519,19734,27253,313469
3430,geo,Georgia,2020,1780,1282,0,3062,288538,291600,7346,15408,22754,311292
3431,geo,Georgia,2021,1818,1229,0,3047,290156,293203,9754,16648,26402,316558
3432,geo,Georgia,2022,27839,1030,0,28869,292856,321725,13389,29166,42555,335411
3433,geo,Georgia,2023,26019,1051,0,27070,295831,322901,14695,38556,53251,349082
3434,geo,Georgia,2024,31027,764,0,31791,299172,330963,16554,35010,51564,350736
3435,geo,Georgia,2025,26522,288,0,26810,300439,327249,17302,28902,46204,346643
3436,gha,Ghana,1961,0,0,0,0,0,0,5000,0,5000,5000
3437,gha,Ghana,1962,0,0,0,0,0,0,5000,0,5000,5000
3438,gha,Ghana,1963,0,0,0,0,0,0,5000,0,5000,5000
3439,gha,Ghana,1964,0,0,0,0,0,0,5000,0,5000,5000
3440,gha,Ghana,1965,0,0,0,0,0,0,5000,0,5000,5000
3441,gha,Ghana,1966,0,0,0,0,0,0,0,0,0,0
3442,gha,Ghana,1967,0,0,0,0,0,0,0,0,0,0
3443,gha,Ghana,1968,0,0,0,0,0,0,0,0,0,0
3444,gha,Ghana,1969,20000,0,0,20000,0,20000,0,0,0,0
3445,gha,Ghana,1970,0,0,0,0,0,0,0,0,0,0
3446,gha,Ghana,1971,70,0,0,70,0,70,0,0,0,0
3447,gha,Ghana,1972,0,0,0,0,0,0,0,0,0,0
3448,gha,Ghana,1973,0,0,0,0,0,0,0,0,0,0
3449,gha,Ghana,1974,0,0,0,0,0,0,0,0,0,0
3450,gha,Ghana,1975,130,0,0,130,0,130,0,0,0,0
3451,gha,Ghana,1976,180,0,0,180,0,180,0,0,0,0
3452,gha,Ghana,1977,170,0,0,170,0,170,0,0,0,0
3453,gha,Ghana,1978,70,0,0,70,0,70,0,0,0,0
3454,gha,Ghana,1979,300,0,0,300,0,300,0,0,0,0
3455,gha,Ghana,1980,0,0,0,0,0,0,0,0,0,0
3456,gha,Ghana,1981,0,0,0,0,0,0,0,0,0,0
3457,gha,Ghana,1982,100,0,0,100,0,100,310,0,310,310
3458,gha,Ghana,1983,90,0,0,90,0,90,1958,0,1958,1958
3459,gha,Ghana,1984,90,0,0,90,0,90,2202,0,2202,2202
3460,gha,Ghana,1985,120,0,0,120,0,120,3195,0,3195,3195
3461,gha,Ghana,1986,160,0,0,160,0,160,2699,0,2699,2699
3462,gha,Ghana,1987,150,0,0,150,0,150,3916,0,3916,3916
3463,gha,Ghana,1988,140,0,0,140,0,140,4769,0,4769,4769
3464,gha,Ghana,1989,80,0,0,80,0,80,4716,0,4716,4716
3465,gha,Ghana,1990,8123,0,0,8123,0,8123,4690,0,4690,4690
3466,gha,Ghana,1991,8128,0,0,8128,0,8128,4702,0,4702,4702
3467,gha,Ghana,1992,12114,0,0,12114,0,12114,4776,0,4776,4776
3468,gha,Ghana,1993,150095,0,0,150095,0,150095,4471,0,4471,4471
3469,gha,Ghana,1994,113665,0,0,113665,174400,288065,14284,0,14284,188684
3470,gha,Ghana,1995,83201,0,0,83201,0,83201,13594,0,13594,13594
3471,gha,Ghana,1996,35613,0,0,35613,0,35613,15100,0,15100,15100
3472,gha,Ghana,1997,22853,0,0,22853,0,22853,14772,0,14772,14772
3473,gha,Ghana,1998,14558,0,0,14558,0,14558,13625,0,13625,13625
3474,gha,Ghana,1999,13256,0,0,13256,0,13256,13288,0,13288,13288
3475,gha,Ghana,2000,12714,440,0,13154,0,13154,14760,989,15749,15749
3476,gha,Ghana,2001,11787,2389,0,14176,0,14176,14547,1095,15642,15642
3477,gha,Ghana,2002,33506,8758,0,42264,0,42264,15675,1149,16824,16824
3478,gha,Ghana,2003,43948,4082,0,48030,0,48030,15866,1662,17528,17528
3479,gha,Ghana,2004,42049,6013,0,48062,0,48062,14759,1650,16409,16409
3480,gha,Ghana,2005,53534,5501,0,59035,0,59035,18421,2327,20748,20748
3481,gha,Ghana,2006,44938,5591,0,50529,0,50529,9949,1132,11081,11081
3482,gha,Ghana,2007,34955,447,0,35402,0,35402,5042,1636,6678,6678
3483,gha,Ghana,2008,18201,495,0,18696,0,18696,13225,1996,15221,15221
3484,gha,Ghana,2009,13655,595,0,14250,0,14250,14876,1319,16195,16195
3485,gha,Ghana,2010,13828,748,0,14576,0,14576,20175,1996,22171,22171
3486,gha,Ghana,2011,13588,12637,0,26225,0,26225,20333,2493,22826,22826
3487,gha,Ghana,2012,16012,2603,0,18615,0,18615,24269,3469,27738,27738
3488,gha,Ghana,2013,18681,1838,0,20519,0,20519,21048,4977,26025,26025
3489,gha,Ghana,2014,18448,2634,0,21082,0,21082,22116,7619,29735,29735
3490,gha,Ghana,2015,17404,1850,0,19254,0,19254,22962,10705,33667,33667
3491,gha,Ghana,2016,11866,1365,0,13231,0,13231,15527,11846,27373,27373
3492,gha,Ghana,2017,12153,1303,0,13456,0,13456,16959,17504,34463,34463
3493,gha,Ghana,2018,11896,1312,0,13208,0,13208,18071,12542,30613,30613
3494,gha,Ghana,2019,11946,1509,0,13455,0,13455,18432,10551,28983,28983
3495,gha,Ghana,2020,12406,1511,0,13917,0,13917,13844,10092,23936,23936
3496,gha,Ghana,2021,11894,1879,0,13773,0,13773,14251,9177,23428,23428
3497,gha,Ghana,2022,8531,2517,0,11048,0,11048,14949,8783,23732,23732
3498,gha,Ghana,2023,7057,4209,0,11266,0,11266,13870,11066,24936,24936
3499,gha,Ghana,2024,7479,9855,0,17334,0,17334,15078,19345,34423,34423
3500,gha,Ghana,2025,21050,475,0,21525,0,21525,16030,22470,38500,38500
3501,gin,Guinea,1971,0,0,0,0,0,0,300,0,300,300
3502,gin,Guinea,1972,0,0,0,0,0,0,0,0,0,0
3503,gin,Guinea,1973,0,0,0,0,0,0,0,0,0,0
3504,gin,Guinea,1974,0,0,0,0,0,0,0,0,0,0
3505,gin,Guinea,1975,0,0,0,0,0,0,300000,0,300000,300000
3506,gin,Guinea,1976,0,0,0,0,0,0,500000,0,500000,500000
3507,gin,Guinea,1977,0,0,0,0,0,0,3000,0,3000,3000
3508,gin,Guinea,1978,0,0,0,0,0,0,0,0,0,0
3509,gin,Guinea,1979,0,0,0,0,0,0,0,0,0,0
3510,gin,Guinea,1980,0,0,0,0,0,0,0,0,0,0
3511,gin,Guinea,1981,0,0,0,0,0,0,0,0,0,0
3512,gin,Guinea,1982,0,0,0,0,0,0,50,0,50,50
3513,gin,Guinea,1983,0,0,0,0,0,0,0,0,0,0
3514,gin,Guinea,1984,0,0,0,0,0,0,70,0,70,70
3515,gin,Guinea,1985,0,0,0,0,0,0,0,0,0,0
3516,gin,Guinea,1986,0,0,0,0,0,0,50,0,50,50
3517,gin,Guinea,1987,0,0,0,0,0,0,50,0,50,50
3518,gin,Guinea,1988,0,0,0,0,0,0,50,0,50,50
3519,gin,Guinea,1989,0,0,0,0,0,0,50,0,50,50
3520,gin,Guinea,1990,325000,0,0,325000,0,325000,0,0,0,0
3521,gin,Guinea,1991,547961,0,0,547961,0,547961,0,0,0,0
3522,gin,Guinea,1992,478491,0,0,478491,0,478491,16,0,16,16
3523,gin,Guinea,1993,577156,0,0,577156,0,577156,27,0,27,27
3524,gin,Guinea,1994,553236,0,0,553236,0,553236,101,0,101,101
3525,gin,Guinea,1995,672293,0,0,672293,0,672293,441,0,441,441
3526,gin,Guinea,1996,663849,0,0,663849,0,663849,520,0,520,520
3527,gin,Guinea,1997,435294,0,0,435294,0,435294,641,0,641,641
3528,gin,Guinea,1998,482463,0,0,482463,0,482463,911,0,911,911
3529,gin,Guinea,1999,501544,0,0,501544,0,501544,1148,0,1148,1148
3530,gin,Guinea,2000,427210,0,0,427210,0,427210,1489,2523,4012,4012
3531,gin,Guinea,2001,178446,872,0,179318,0,179318,2009,3857,5866,5866
3532,gin,Guinea,2002,182164,371,0,182535,0,182535,3417,3804,7221,7221
3533,gin,Guinea,2003,184339,2545,0,186884,0,186884,3868,3161,7029,7029
3534,gin,Guinea,2004,139240,6317,0,145557,0,145557,4777,2479,7256,7256
3535,gin,Guinea,2005,63519,3809,0,67328,0,67328,5816,3268,9084,9084
3536,gin,Guinea,2006,31466,3883,0,35349,0,35349,6830,2658,9488,9488
3537,gin,Guinea,2007,25220,4017,0,29237,0,29237,8269,1924,10193,10193
3538,gin,Guinea,2008,21485,628,0,22113,0,22113,9481,2012,11493,11493
3539,gin,Guinea,2009,15322,923,0,16245,0,16245,10912,2819,13731,13731
3540,gin,Guinea,2010,14110,763,0,14873,0,14873,11978,2769,14747,14747
3541,gin,Guinea,2011,16606,604,0,17210,0,17210,13164,4641,17805,17805
3542,gin,Guinea,2012,10369,530,0,10899,0,10899,14062,9504,23566,23566
3543,gin,Guinea,2013,8554,309,0,8863,0,8863,14559,11604,26163,26163
3544,gin,Guinea,2014,8763,283,0,9046,0,9046,15247,17813,33060,33060
3545,gin,Guinea,2015,8835,199,0,9034,0,9034,16995,17832,34827,34827
3546,gin,Guinea,2016,5067,104,0,5171,0,5171,17536,24389,41925,41925
3547,gin,Guinea,2017,5156,108,0,5264,0,5264,20333,34518,54851,54851
3548,gin,Guinea,2018,4294,1578,0,5872,0,5872,23493,33045,56538,56538
3549,gin,Guinea,2019,4964,1980,0,6944,0,6944,26857,30409,57266,57266
3550,gin,Guinea,2020,6029,3543,0,9572,0,9572,26792,31566,58358,58358
3551,gin,Guinea,2021,5741,253,0,5994,0,5994,34403,26458,60861,60861
3552,gin,Guinea,2022,2199,53,0,2252,0,2252,35244,25242,60486,60486
3553,gin,Guinea,2023,2191,54,0,2245,0,2245,38585,34513,73098,73098
3554,gin,Guinea,2024,2171,172,0,2343,0,2343,42096,55204,97300,97300
3555,gin,Guinea,2025,2154,172,0,2326,0,2326,47692,56626,104318,104318
3556,gmb,Gambia,1975,0,0,0,0,0,0,0,0,0,0
3557,gmb,Gambia,1976,0,0,0,0,0,0,0,0,0,0
3558,gmb,Gambia,1977,0,0,0,0,0,0,0,0,0,0
3559,gmb,Gambia,1978,0,0,0,0,0,0,0,0,0,0
3560,gmb,Gambia,1979,0,0,0,0,0,0,0,0,0,0
3561,gmb,Gambia,1980,0,0,0,0,0,0,0,0,0,0
3562,gmb,Gambia,1981,0,0,0,0,0,0,0,0,0,0
3563,gmb,Gambia,1982,0,0,0,0,0,0,0,0,0,0
3564,gmb,Gambia,1983,0,0,0,0,0,0,0,0,0,0
3565,gmb,Gambia,1984,0,0,0,0,0,0,0,0,0,0
3566,gmb,Gambia,1985,0,0,0,0,0,0,0,0,0,0
3567,gmb,Gambia,1986,0,0,0,0,0,0,0,0,0,0
3568,gmb,Gambia,1987,0,0,0,0,0,0,0,0,0,0
3569,gmb,Gambia,1988,0,0,0,0,0,0,0,0,0,0
3570,gmb,Gambia,1989,0,0,0,0,0,0,0,0,0,0
3571,gmb,Gambia,1990,77,0,0,77,0,77,5,0,5,5
3572,gmb,Gambia,1991,240,0,0,240,0,240,16,0,16,16
3573,gmb,Gambia,1992,3632,0,0,3632,0,3632,25,0,25,25
3574,gmb,Gambia,1993,2182,0,0,2182,0,2182,27,0,27,27
3575,gmb,Gambia,1994,2206,0,0,2206,0,2206,24,0,24,24
3576,gmb,Gambia,1995,6598,0,0,6598,0,6598,156,0,156,156
3577,gmb,Gambia,1996,6923,0,0,6923,0,6923,308,0,308,308
3578,gmb,Gambia,1997,7276,0,0,7276,0,7276,421,0,421,421
3579,gmb,Gambia,1998,10316,0,0,10316,0,10316,574,0,574,574
3580,gmb,Gambia,1999,17216,0,0,17216,0,17216,678,0,678,678
3581,gmb,Gambia,2000,12016,223,0,12239,0,12239,751,280,1031,1031
3582,gmb,Gambia,2001,8131,223,0,8354,0,8354,732,301,1033,1033
3583,gmb,Gambia,2002,12117,0,0,12117,0,12117,858,286,1144,1144
3584,gmb,Gambia,2003,7461,0,0,7461,0,7461,744,341,1085,1085
3585,gmb,Gambia,2004,7339,600,0,7939,0,7939,684,439,1123,1123
3586,gmb,Gambia,2005,7328,600,0,7928,0,7928,1680,659,2339,2339
3587,gmb,Gambia,2006,13758,600,0,14358,0,14358,1249,1006,2255,2255
3588,gmb,Gambia,2007,14892,0,0,14892,0,14892,1257,996,2253,2253
3589,gmb,Gambia,2008,14833,0,0,14833,0,14833,1336,1128,2464,2464
3590,gmb,Gambia,2009,10113,68,0,10181,0,10181,1966,1155,3121,3121
3591,gmb,Gambia,2010,8373,74,0,8447,0,8447,2233,1044,3277,3277
3592,gmb,Gambia,2011,9523,25,0,9548,0,9548,2572,1179,3751,3751
3593,gmb,Gambia,2012,9846,0,0,9846,0,9846,3063,1753,4816,4816
3594,gmb,Gambia,2013,9557,0,0,9557,0,9557,3382,3817,7199,7199
3595,gmb,Gambia,2014,11606,0,0,11606,0,11606,5122,10476,15598,15598
3596,gmb,Gambia,2015,7851,0,0,7851,0,7851,8473,12820,21293,21293
3597,gmb,Gambia,2016,7936,0,0,7936,0,7936,11589,18888,30477,30477
3598,gmb,Gambia,2017,8039,5,0,8044,0,8044,14564,22214,36778,36778
3599,gmb,Gambia,2018,4027,349,0,4376,0,4376,17237,14016,31253,31253
3600,gmb,Gambia,2019,4302,206,0,4508,0,4508,17813,9161,26974,26974
3601,gmb,Gambia,2020,4378,207,0,4585,0,4585,10579,7091,17670,17670
3602,gmb,Gambia,2021,4418,207,0,4625,0,4625,11042,5731,16773,16773
3603,gmb,Gambia,2022,3685,198,0,3883,0,3883,10698,4854,15552,15552
3604,gmb,Gambia,2023,3809,446,0,4255,0,4255,8107,5744,13851,13851
3605,gmb,Gambia,2024,3964,447,0,4411,0,4411,8140,7587,15727,15727
3606,gmb,Gambia,2025,4108,509,0,4617,0,4617,6728,6712,13440,13440
3607,gnb,Guinea-Bissau,1963,0,0,0,0,0,0,6000,0,6000,6000
3608,gnb,Guinea-Bissau,1964,0,0,0,0,0,0,30000,0,30000,30000
3609,gnb,Guinea-Bissau,1965,0,0,0,0,0,0,50000,0,50000,50000
3610,gnb,Guinea-Bissau,1966,0,0,0,0,0,0,61050,0,61050,61050
3611,gnb,Guinea-Bissau,1967,0,0,0,0,0,0,59520,0,59520,59520
3612,gnb,Guinea-Bissau,1968,0,0,0,0,0,0,56740,0,56740,56740
3613,gnb,Guinea-Bissau,1969,0,0,0,0,0,0,67800,0,67800,67800
3614,gnb,Guinea-Bissau,1970,0,0,0,0,0,0,66660,0,66660,66660
3615,gnb,Guinea-Bissau,1971,0,0,0,0,0,0,80000,0,80000,80000
3616,gnb,Guinea-Bissau,1972,0,0,0,0,0,0,82000,0,82000,82000
3617,gnb,Guinea-Bissau,1973,0,0,0,0,0,0,84000,0,84000,84000
3618,gnb,Guinea-Bissau,1974,0,0,0,0,0,0,90000,0,90000,90000
3619,gnb,Guinea-Bissau,1975,0,0,0,0,0,0,46000,0,46000,46000
3620,gnb,Guinea-Bissau,1976,0,0,0,0,0,0,37000,0,37000,37000
3621,gnb,Guinea-Bissau,1977,0,0,0,0,0,0,5000,0,5000,5000
3622,gnb,Guinea-Bissau,1978,0,0,0,0,0,0,5000,0,5000,5000
3623,gnb,Guinea-Bissau,1979,0,0,0,0,0,0,5000,0,5000,5000
3624,gnb,Guinea-Bissau,1980,0,0,0,0,0,0,5000,0,5000,5000
3625,gnb,Guinea-Bissau,1981,110,0,0,110,0,110,4000,0,4000,4000
3626,gnb,Guinea-Bissau,1982,0,0,0,0,0,0,5000,0,5000,5000
3627,gnb,Guinea-Bissau,1983,0,0,0,0,0,0,5000,0,5000,5000
3628,gnb,Guinea-Bissau,1984,0,0,0,0,0,0,5010,0,5010,5010
3629,gnb,Guinea-Bissau,1985,0,0,0,0,0,0,5350,0,5350,5350
3630,gnb,Guinea-Bissau,1986,0,0,0,0,0,0,5355,0,5355,5355
3631,gnb,Guinea-Bissau,1987,0,0,0,0,0,0,5000,0,5000,5000
3632,gnb,Guinea-Bissau,1988,0,0,0,0,0,0,4999,0,4999,4999
3633,gnb,Guinea-Bissau,1989,0,0,0,0,0,0,5001,0,5001,5001
3634,gnb,Guinea-Bissau,1990,3004,0,0,3004,0,3004,5001,0,5001,5001
3635,gnb,Guinea-Bissau,1991,4631,0,0,4631,0,4631,5006,0,5006,5006
3636,gnb,Guinea-Bissau,1992,12163,0,0,12163,0,12163,5006,0,5006,5006
3637,gnb,Guinea-Bissau,1993,20727,0,0,20727,0,20727,5006,0,5006,5006
3638,gnb,Guinea-Bissau,1994,23909,0,0,23909,0,23909,5011,0,5011,5011
3639,gnb,Guinea-Bissau,1995,15350,0,0,15350,0,15350,830,0,830,830
3640,gnb,Guinea-Bissau,1996,15401,0,0,15401,0,15401,854,0,854,854
3641,gnb,Guinea-Bissau,1997,15982,0,0,15982,0,15982,865,0,865,865
3642,gnb,Guinea-Bissau,1998,6604,0,0,6604,195550,202154,8885,0,8885,204435
3643,gnb,Guinea-Bissau,1999,7120,0,0,7120,0,7120,3187,0,3187,3187
3644,gnb,Guinea-Bissau,2000,7587,48,0,7635,0,7635,880,689,1569,1569
3645,gnb,Guinea-Bissau,2001,7332,371,0,7703,0,7703,917,748,1665,1665
3646,gnb,Guinea-Bissau,2002,7639,38,0,7677,0,7677,978,277,1255,1255
3647,gnb,Guinea-Bissau,2003,7552,77,0,7629,0,7629,969,224,1193,1193
3648,gnb,Guinea-Bissau,2004,7537,139,0,7676,0,7676,1008,199,1207,1207
3649,gnb,Guinea-Bissau,2005,7615,161,0,7776,0,7776,1042,243,1285,1285
3650,gnb,Guinea-Bissau,2006,7801,313,0,8114,0,8114,1000,285,1285,1285
3651,gnb,Guinea-Bissau,2007,7863,341,0,8204,0,8204,1018,247,1265,1265
3652,gnb,Guinea-Bissau,2008,7885,325,0,8210,0,8210,1053,256,1309,1309
3653,gnb,Guinea-Bissau,2009,7897,291,0,8188,0,8188,1100,317,1417,1417
3654,gnb,Guinea-Bissau,2010,7675,323,0,7998,0,7998,1117,338,1455,1455
3655,gnb,Guinea-Bissau,2011,7796,88,0,7884,0,7884,1118,486,1604,1604
3656,gnb,Guinea-Bissau,2012,7780,95,0,7875,0,7875,1173,898,2071,2071
3657,gnb,Guinea-Bissau,2013,8535,104,0,8639,0,8639,1222,1193,2415,2415
3658,gnb,Guinea-Bissau,2014,8685,115,0,8800,0,8800,1306,1759,3065,3065
3659,gnb,Guinea-Bissau,2015,8685,115,0,8800,0,8800,1472,1921,3393,3393
3660,gnb,Guinea-Bissau,2016,9264,29,0,9293,0,9293,1650,1866,3516,3516
3661,gnb,Guinea-Bissau,2017,11207,11,0,11218,0,11218,1870,3502,5372,5372
3662,gnb,Guinea-Bissau,2018,4853,21,0,4874,0,4874,2043,2850,4893,4893
3663,gnb,Guinea-Bissau,2019,1846,30,0,1876,0,1876,2093,2665,4758,4758
3664,gnb,Guinea-Bissau,2020,1846,30,0,1876,0,1876,1638,2713,4351,4351
3665,gnb,Guinea-Bissau,2021,1846,30,0,1876,0,1876,2039,2546,4585,4585
3666,gnb,Guinea-Bissau,2022,24,30,0,54,0,54,2037,2291,4328,4328
3667,gnb,Guinea-Bissau,2023,24,30,0,54,0,54,1859,1381,3240,3240
3668,gnb,Guinea-Bissau,2024,24,30,0,54,0,54,1900,1267,3167,3167
3669,gnb,Guinea-Bissau,2025,24,30,0,54,0,54,1800,1355,3155,3155
3670,gnq,Equatorial Guinea,1968,40000,0,0,40000,0,40000,0,0,0,0
3671,gnq,Equatorial Guinea,1969,0,0,0,0,0,0,0,0,0,0
3672,gnq,Equatorial Guinea,1970,0,0,0,0,0,0,0,0,0,0
3673,gnq,Equatorial Guinea,1971,0,0,0,0,0,0,0,0,0,0
3674,gnq,Equatorial Guinea,1972,0,0,0,0,0,0,0,0,0,0
3675,gnq,Equatorial Guinea,1973,0,0,0,0,0,0,0,0,0,0
3676,gnq,Equatorial Guinea,1974,0,0,0,0,0,0,1000,0,1000,1000
3677,gnq,Equatorial Guinea,1975,0,0,0,0,0,0,90000,0,90000,90000
3678,gnq,Equatorial Guinea,1976,0,0,0,0,0,0,90000,0,90000,90000
3679,gnq,Equatorial Guinea,1977,0,0,0,0,0,0,120000,0,120000,120000
3680,gnq,Equatorial Guinea,1978,0,0,0,0,0,0,90000,0,90000,90000
3681,gnq,Equatorial Guinea,1979,0,0,0,0,0,0,40000,0,40000,40000
3682,gnq,Equatorial Guinea,1980,0,0,0,0,0,0,38000,0,38000,38000
3683,gnq,Equatorial Guinea,1981,0,0,0,0,0,0,18000,0,18000,18000
3684,gnq,Equatorial Guinea,1982,0,0,0,0,0,0,18000,0,18000,18000
3685,gnq,Equatorial Guinea,1983,0,0,0,0,0,0,0,0,0,0
3686,gnq,Equatorial Guinea,1984,0,0,0,0,0,0,0,0,0,0
3687,gnq,Equatorial Guinea,1985,0,0,0,0,0,0,0,0,0,0
3688,gnq,Equatorial Guinea,1986,0,0,0,0,0,0,0,0,0,0
3689,gnq,Equatorial Guinea,1987,0,0,0,0,0,0,0,0,0,0
3690,gnq,Equatorial Guinea,1988,0,0,0,0,0,0,0,0,0,0
3691,gnq,Equatorial Guinea,1989,0,0,0,0,0,0,0,0,0,0
3692,gnq,Equatorial Guinea,1990,0,0,0,0,0,0,0,0,0,0
3693,gnq,Equatorial Guinea,1991,0,0,0,0,0,0,60,0,60,60
3694,gnq,Equatorial Guinea,1992,0,0,0,0,0,0,115,0,115,115
3695,gnq,Equatorial Guinea,1993,0,0,0,0,0,0,214,0,214,214
3696,gnq,Equatorial Guinea,1994,0,0,0,0,0,0,340,0,340,340
3697,gnq,Equatorial Guinea,1995,0,0,0,0,0,0,342,0,342,342
3698,gnq,Equatorial Guinea,1996,0,0,0,0,0,0,398,0,398,398
3699,gnq,Equatorial Guinea,1997,0,0,0,0,0,0,474,0,474,474
3700,gnq,Equatorial Guinea,1998,0,0,0,0,0,0,419,0,419,419
3701,gnq,Equatorial Guinea,1999,0,0,0,0,0,0,422,0,422,422
3702,gnq,Equatorial Guinea,2000,0,0,0,0,0,0,504,41,545,545
3703,gnq,Equatorial Guinea,2001,0,0,0,0,0,0,526,35,561,561
3704,gnq,Equatorial Guinea,2002,0,0,0,0,0,0,549,61,610,610
3705,gnq,Equatorial Guinea,2003,0,0,0,0,0,0,584,52,636,636
3706,gnq,Equatorial Guinea,2004,0,0,0,0,0,0,540,50,590,590
3707,gnq,Equatorial Guinea,2005,0,0,0,0,0,0,478,50,528,528
3708,gnq,Equatorial Guinea,2006,0,0,0,0,0,0,460,27,487,487
3709,gnq,Equatorial Guinea,2007,0,0,0,0,0,0,402,29,431,431
3710,gnq,Equatorial Guinea,2008,0,0,0,0,0,0,381,48,429,429
3711,gnq,Equatorial Guinea,2009,0,0,0,0,0,0,341,32,373,373
3712,gnq,Equatorial Guinea,2010,0,0,0,0,0,0,306,72,378,378
3713,gnq,Equatorial Guinea,2011,0,0,0,0,0,0,261,37,298,298
3714,gnq,Equatorial Guinea,2012,0,0,0,0,0,0,230,78,308,308
3715,gnq,Equatorial Guinea,2013,0,0,0,0,0,0,196,60,256,256
3716,gnq,Equatorial Guinea,2014,0,0,0,0,0,0,168,81,249,249
3717,gnq,Equatorial Guinea,2015,0,0,0,0,0,0,142,85,227,227
3718,gnq,Equatorial Guinea,2016,0,0,0,0,0,0,131,100,231,231
3719,gnq,Equatorial Guinea,2017,0,0,0,0,0,0,127,110,237,237
3720,gnq,Equatorial Guinea,2018,0,0,0,0,0,0,140,176,316,316
3721,gnq,Equatorial Guinea,2019,0,0,0,0,0,0,156,166,322,322
3722,gnq,Equatorial Guinea,2020,0,0,0,0,0,0,145,193,338,338
3723,gnq,Equatorial Guinea,2021,0,0,0,0,0,0,168,235,403,403
3724,gnq,Equatorial Guinea,2022,0,0,0,0,0,0,361,243,604,604
3725,gnq,Equatorial Guinea,2023,0,0,0,0,0,0,389,457,846,846
3726,gnq,Equatorial Guinea,2024,5,0,0,5,0,5,426,688,1114,1114
3727,gnq,Equatorial Guinea,2025,0,0,0,0,0,0,424,351,775,775
3728,grc,Greece,1951,18000,0,0,18000,0,18000,0,0,0,0
3729,grc,Greece,1952,19000,0,0,19000,0,19000,0,0,0,0
3730,grc,Greece,1953,18500,0,0,18500,0,18500,0,0,0,0
3731,grc,Greece,1954,19000,0,0,19000,0,19000,0,0,0,0
3732,grc,Greece,1955,17400,0,0,17400,0,17400,0,0,0,0
3733,grc,Greece,1956,16000,0,0,16000,0,16000,0,0,0,0
3734,grc,Greece,1957,16000,0,0,16000,0,16000,0,0,0,0
3735,grc,Greece,1958,15700,0,0,15700,0,15700,0,0,0,0
3736,grc,Greece,1959,15500,0,0,15500,0,15500,0,0,0,0
3737,grc,Greece,1960,15500,0,0,15500,0,15500,0,0,0,0
3738,grc,Greece,1961,15200,0,0,15200,0,15200,0,0,0,0
3739,grc,Greece,1962,15700,0,0,15700,0,15700,0,0,0,0
3740,grc,Greece,1963,15400,0,0,15400,0,15400,0,0,0,0
3741,grc,Greece,1964,16000,0,0,16000,0,16000,0,0,0,0
3742,grc,Greece,1965,15560,0,0,15560,0,15560,17690,0,17690,17690
3743,grc,Greece,1966,15300,0,0,15300,0,15300,7090,0,7090,7090
3744,grc,Greece,1967,12270,0,0,12270,0,12270,23420,0,23420,23420
3745,grc,Greece,1968,8260,0,0,8260,0,8260,21820,0,21820,21820
3746,grc,Greece,1969,6330,0,0,6330,0,6330,21590,0,21590,21590
3747,grc,Greece,1970,5710,0,0,5710,0,5710,21290,0,21290,21290
3748,grc,Greece,1971,5780,0,0,5780,0,5780,1480,0,1480,1480
3749,grc,Greece,1972,3350,0,0,3350,0,3350,6610,0,6610,6610
3750,grc,Greece,1973,2940,0,0,2940,0,2940,5900,0,5900,5900
3751,grc,Greece,1974,2710,0,0,2710,0,2710,580,0,580,580
3752,grc,Greece,1975,2600,0,0,2600,0,2600,510,0,510,510
3753,grc,Greece,1976,2560,0,0,2560,0,2560,450,0,450,450
3754,grc,Greece,1977,2610,0,0,2610,0,2610,410,0,410,410
3755,grc,Greece,1978,2520,0,0,2520,0,2520,380,0,380,380
3756,grc,Greece,1979,3770,0,0,3770,0,3770,360,0,360,360
3757,grc,Greece,1980,3750,0,0,3750,0,3750,340,0,340,340
3758,grc,Greece,1981,3990,0,0,3990,0,3990,320,0,320,320
3759,grc,Greece,1982,3950,0,0,3950,0,3950,300,0,300,300
3760,grc,Greece,1983,4090,0,0,4090,0,4090,280,0,280,280
3761,grc,Greece,1984,4320,0,0,4320,0,4320,260,0,260,260
3762,grc,Greece,1985,4360,0,0,4360,0,4360,0,0,0,0
3763,grc,Greece,1986,3280,0,0,3280,0,3280,0,0,0,0
3764,grc,Greece,1987,4630,0,0,4630,0,4630,0,0,0,0
3765,grc,Greece,1988,8262,0,0,8262,0,8262,6,0,6,6
3766,grc,Greece,1989,7490,0,0,7490,0,7490,6,0,6,6
3767,grc,Greece,1990,8488,0,0,8488,0,8488,16,0,16,16
3768,grc,Greece,1991,8989,0,0,8989,0,8989,6,0,6,6
3769,grc,Greece,1992,8456,0,0,8456,0,8456,0,0,0,0
3770,grc,Greece,1993,7859,0,0,7859,0,7859,0,0,0,0
3771,grc,Greece,1994,7773,0,0,7773,0,7773,93,0,93,93
3772,grc,Greece,1995,4428,0,0,4428,0,4428,221,0,221,221
3773,grc,Greece,1996,5780,0,0,5780,0,5780,247,0,247,247
3774,grc,Greece,1997,5520,0,0,5520,0,5520,175,0,175,175
3775,grc,Greece,1998,6145,0,0,6145,0,6145,173,0,173,173
3776,grc,Greece,1999,6283,0,0,6283,0,6283,163,0,163,163
3777,grc,Greece,2000,6653,2372,0,9025,0,9025,124,25,149,149
3778,grc,Greece,2001,6927,6244,0,13171,0,13171,93,49,142,142
3779,grc,Greece,2002,2778,1801,0,4579,0,4579,296,40,336,336
3780,grc,Greece,2003,2762,7251,0,10013,0,10013,268,37,305,305
3781,grc,Greece,2004,2479,7363,0,9842,0,9842,221,32,253,253
3782,grc,Greece,2005,2394,8857,0,11251,0,11251,333,43,376,376
3783,grc,Greece,2006,2292,13499,0,15791,0,15791,93,23,116,116
3784,grc,Greece,2007,2228,28448,0,30676,0,30676,92,10,102,102
3785,grc,Greece,2008,2169,38035,0,40204,0,40204,67,15,82,82
3786,grc,Greece,2009,1700,48201,0,49901,0,49901,61,21,82,82
3787,grc,Greece,2010,1443,55714,0,57157,0,57157,52,36,88,88
3788,grc,Greece,2011,1566,43942,0,45508,0,45508,54,38,92,92
3789,grc,Greece,2012,2090,36183,0,38273,0,38273,48,127,175,175
3790,grc,Greece,2013,3468,49800,0,53268,0,53268,88,100,188,188
3791,grc,Greece,2014,10292,31898,0,42190,0,42190,108,59,167,167
3792,grc,Greece,2015,24831,26122,0,50953,0,50953,111,65,176,176
3793,grc,Greece,2016,46411,39960,0,86371,0,86371,101,76,177,177
3794,grc,Greece,2017,38988,44188,0,83176,0,83176,106,95,201,201
3795,grc,Greece,2018,61446,76057,0,137503,0,137503,107,128,235,235
3796,grc,Greece,2019,80454,105684,0,186138,0,186138,95,133,228,228
3797,grc,Greece,2020,103101,60873,0,163974,0,163974,90,122,212,212
3798,grc,Greece,2021,119650,37047,0,156697,0,156697,87,171,258,258
3799,grc,Greece,2022,160761,22139,0,182900,0,182900,125,194,319,319
3800,grc,Greece,2023,192384,32687,0,225071,0,225071,102,219,321,321
3801,grc,Greece,2024,116450,28244,0,144694,0,144694,97,233,330,330
3802,grc,Greece,2025,134563,31928,0,166491,0,166491,94,121,215,215
3803,grd,Grenada,1988,0,0,0,0,0,0,9,0,9,9
3804,grd,Grenada,1989,0,0,0,0,0,0,5,0,5,5
3805,grd,Grenada,1990,0,0,0,0,0,0,5,0,5,5
3806,grd,Grenada,1991,0,0,0,0,0,0,5,0,5,5
3807,grd,Grenada,1992,0,0,0,0,0,0,0,0,0,0
3808,grd,Grenada,1993,0,0,0,0,0,0,0,0,0,0
3809,grd,Grenada,1994,0,0,0,0,0,0,5,0,5,5
3810,grd,Grenada,1995,0,0,0,0,0,0,6,0,6,6
3811,grd,Grenada,1996,0,0,0,0,0,0,10,0,10,10
3812,grd,Grenada,1997,0,0,0,0,0,0,11,0,11,11
3813,grd,Grenada,1998,0,0,0,0,0,0,19,0,19,19
3814,grd,Grenada,1999,0,0,0,0,0,0,35,0,35,35
3815,grd,Grenada,2000,0,0,0,0,0,0,23,89,112,112
3816,grd,Grenada,2001,0,0,0,0,0,0,53,175,228,228
3817,grd,Grenada,2002,0,0,0,0,0,0,73,374,447,447
3818,grd,Grenada,2003,0,0,0,0,0,0,76,258,334,334
3819,grd,Grenada,2004,0,0,0,0,0,0,98,121,219,219
3820,grd,Grenada,2005,0,0,0,0,0,0,151,101,252,252
3821,grd,Grenada,2006,0,0,0,0,0,0,199,41,240,240
3822,grd,Grenada,2007,0,0,0,0,0,0,293,63,356,356
3823,grd,Grenada,2008,0,0,0,0,0,0,310,65,375,375
3824,grd,Grenada,2009,0,0,0,0,0,0,332,88,420,420
3825,grd,Grenada,2010,0,5,0,5,0,5,344,63,407,407
3826,grd,Grenada,2011,5,0,0,5,0,5,325,45,370,370
3827,grd,Grenada,2012,0,0,0,0,0,0,316,49,365,365
3828,grd,Grenada,2013,0,0,0,0,0,0,330,41,371,371
3829,grd,Grenada,2014,0,0,0,0,0,0,324,52,376,376
3830,grd,Grenada,2015,0,0,0,0,0,0,270,51,321,321
3831,grd,Grenada,2016,0,0,0,0,0,0,100,63,163,163
3832,grd,Grenada,2017,0,0,0,0,0,0,103,62,165,165
3833,grd,Grenada,2018,0,0,0,0,0,0,96,59,155,155
3834,grd,Grenada,2019,0,0,0,0,0,0,80,89,169,169
3835,grd,Grenada,2020,0,0,234,234,0,234,70,81,151,151
3836,grd,Grenada,2021,0,0,234,234,0,234,52,97,149,149
3837,grd,Grenada,2022,0,0,0,0,0,0,51,116,167,167
3838,grd,Grenada,2023,0,0,0,0,0,0,70,123,193,193
3839,grd,Grenada,2024,0,0,0,0,0,0,100,136,236,236
3840,grd,Grenada,2025,0,0,0,0,0,0,117,76,193,193
3841,gtm,Guatemala,1972,160,0,0,160,0,160,0,0,0,0
3842,gtm,Guatemala,1973,0,0,0,0,0,0,0,0,0,0
3843,gtm,Guatemala,1974,0,0,0,0,0,0,0,0,0,0
3844,gtm,Guatemala,1975,0,0,0,0,0,0,0,0,0,0
3845,gtm,Guatemala,1976,0,0,0,0,0,0,0,0,0,0
3846,gtm,Guatemala,1977,0,0,0,0,0,0,0,0,0,0
3847,gtm,Guatemala,1978,0,0,0,0,0,0,0,0,0,0
3848,gtm,Guatemala,1979,0,0,0,0,0,0,0,0,0,0
3849,gtm,Guatemala,1980,4130,0,0,4130,0,4130,750,0,750,750
3850,gtm,Guatemala,1981,100000,0,0,100000,0,100000,1910,0,1910,1910
3851,gtm,Guatemala,1982,70000,0,0,70000,0,70000,36490,0,36490,36490
3852,gtm,Guatemala,1983,70000,0,0,70000,0,70000,41800,0,41800,41800
3853,gtm,Guatemala,1984,70000,0,0,70000,0,70000,47880,0,47880,47880
3854,gtm,Guatemala,1985,12000,0,0,12000,0,12000,52890,0,52890,52890
3855,gtm,Guatemala,1986,12000,0,0,12000,0,12000,52800,0,52800,52800
3856,gtm,Guatemala,1987,12000,0,0,12000,0,12000,53700,0,53700,53700
3857,gtm,Guatemala,1988,223100,0,0,223100,0,223100,53753,0,53753,53753
3858,gtm,Guatemala,1989,223100,0,0,223100,0,223100,45413,0,45413,45413
3859,gtm,Guatemala,1990,223377,0,0,223377,0,223377,47988,0,47988,47988
3860,gtm,Guatemala,1991,223236,0,0,223236,0,223236,52584,0,52584,52584
3861,gtm,Guatemala,1992,222929,0,0,222929,0,222929,53940,0,53940,53940
3862,gtm,Guatemala,1993,4689,0,0,4689,0,4689,50265,0,50265,50265
3863,gtm,Guatemala,1994,4672,0,0,4672,8000,12672,49606,0,49606,57606
3864,gtm,Guatemala,1995,1497,0,0,1497,13700,15197,42901,0,42901,56601
3865,gtm,Guatemala,1996,1560,0,0,1560,11200,12760,40341,0,40341,51541
3866,gtm,Guatemala,1997,1501,0,0,1501,1650,3151,37506,0,37506,39156
3867,gtm,Guatemala,1998,814,0,0,814,0,814,32745,0,32745,32745
3868,gtm,Guatemala,1999,731,0,0,731,0,731,28082,0,28082,28082
3869,gtm,Guatemala,2000,720,5,0,725,0,725,20709,101803,122512,122512
3870,gtm,Guatemala,2001,724,9,0,733,0,733,16868,99542,116410,116410
3871,gtm,Guatemala,2002,732,7,0,739,0,739,13892,96112,110004,110004
3872,gtm,Guatemala,2003,714,0,0,714,0,714,6696,88582,95278,95278
3873,gtm,Guatemala,2004,655,0,0,655,0,655,4374,58642,63016,63016
3874,gtm,Guatemala,2005,388,0,0,388,0,388,3376,31848,35224,35224
3875,gtm,Guatemala,2006,379,0,0,379,0,379,6493,20532,27025,27025
3876,gtm,Guatemala,2007,377,0,0,377,0,377,6157,14998,21155,21155
3877,gtm,Guatemala,2008,127,5,0,132,0,132,5927,10243,16170,16170
3878,gtm,Guatemala,2009,127,0,0,127,0,127,5763,9104,14867,14867
3879,gtm,Guatemala,2010,137,0,0,137,0,137,5675,1023,6698,6698
3880,gtm,Guatemala,2011,148,5,0,153,0,153,6087,1105,7192,7192
3881,gtm,Guatemala,2012,157,5,0,162,0,162,6389,1325,7714,7714
3882,gtm,Guatemala,2013,154,14,0,168,0,168,6620,8435,15055,15055
3883,gtm,Guatemala,2014,160,97,0,257,0,257,7487,15800,23287,23287
3884,gtm,Guatemala,2015,222,123,0,345,0,345,10284,26951,37235,37235
3885,gtm,Guatemala,2016,295,0,0,295,0,295,12549,46222,58771,58771
3886,gtm,Guatemala,2017,360,28,0,388,0,388,16284,72726,89010,89010
3887,gtm,Guatemala,2018,380,251,0,631,0,631,19128,86875,106003,106003
3888,gtm,Guatemala,2019,408,631,0,1039,0,1039,22770,119521,142291,142291
3889,gtm,Guatemala,2020,442,784,0,1226,0,1226,24544,146111,170655,170655
3890,gtm,Guatemala,2021,479,1470,1469,3418,0,3418,26927,160428,187355,187355
3891,gtm,Guatemala,2022,701,1519,0,2220,0,2220,30259,166901,197160,197160
3892,gtm,Guatemala,2023,989,2051,0,3040,0,3040,34010,176035,210045,210045
3893,gtm,Guatemala,2024,1306,3370,0,4676,0,4676,36323,195319,231642,231642
3894,gtm,Guatemala,2025,1586,4088,0,5674,573000,578674,34994,138420,173414,746414
3895,guy,Guyana,1972,100,0,0,100,0,100,0,0,0,0
3896,guy,Guyana,1973,0,0,0,0,0,0,0,0,0,0
3897,guy,Guyana,1974,200,0,0,200,0,200,0,0,0,0
3898,guy,Guyana,1975,0,0,0,0,0,0,0,0,0,0
3899,guy,Guyana,1976,0,0,0,0,0,0,0,0,0,0
3900,guy,Guyana,1977,0,0,0,0,0,0,0,0,0,0
3901,guy,Guyana,1978,0,0,0,0,0,0,0,0,0,0
3902,guy,Guyana,1979,0,0,0,0,0,0,0,0,0,0
3903,guy,Guyana,1980,0,0,0,0,0,0,0,0,0,0
3904,guy,Guyana,1981,0,0,0,0,0,0,0,0,0,0
3905,guy,Guyana,1982,0,0,0,0,0,0,0,0,0,0
3906,guy,Guyana,1983,0,0,0,0,0,0,0,0,0,0
3907,guy,Guyana,1984,0,0,0,0,0,0,0,0,0,0
3908,guy,Guyana,1985,0,0,0,0,0,0,0,0,0,0
3909,guy,Guyana,1986,0,0,0,0,0,0,0,0,0,0
3910,guy,Guyana,1987,0,0,0,0,0,0,0,0,0,0
3911,guy,Guyana,1988,0,0,0,0,0,0,0,0,0,0
3912,guy,Guyana,1989,0,0,0,0,0,0,0,0,0,0
3913,guy,Guyana,1990,0,0,0,0,0,0,0,0,0,0
3914,guy,Guyana,1991,0,0,0,0,0,0,0,0,0,0
3915,guy,Guyana,1992,0,0,0,0,0,0,0,0,0,0
3916,guy,Guyana,1993,0,0,0,0,0,0,0,0,0,0
3917,guy,Guyana,1994,0,0,0,0,0,0,69,0,69,69
3918,guy,Guyana,1995,0,0,0,0,0,0,59,0,59,59
3919,guy,Guyana,1996,0,0,0,0,0,0,54,0,54,54
3920,guy,Guyana,1997,0,0,0,0,0,0,37,0,37,37
3921,guy,Guyana,1998,0,0,0,0,0,0,38,0,38,38
3922,guy,Guyana,1999,0,0,0,0,0,0,47,0,47,47
3923,guy,Guyana,2000,0,0,0,0,0,0,35,201,236,236
3924,guy,Guyana,2001,0,0,0,0,0,0,36,378,414,414
3925,guy,Guyana,2002,0,0,0,0,0,0,50,1074,1124,1124
3926,guy,Guyana,2003,0,0,0,0,0,0,75,1296,1371,1371
3927,guy,Guyana,2004,0,0,0,0,0,0,191,668,859,859
3928,guy,Guyana,2005,0,0,0,0,0,0,405,385,790,790
3929,guy,Guyana,2006,0,0,0,0,0,0,535,300,835,835
3930,guy,Guyana,2007,0,0,0,0,0,0,676,243,919,919
3931,guy,Guyana,2008,0,0,0,0,0,0,707,276,983,983
3932,guy,Guyana,2009,0,0,0,0,0,0,724,323,1047,1047
3933,guy,Guyana,2010,7,0,0,7,0,7,746,170,916,916
3934,guy,Guyana,2011,7,0,0,7,0,7,768,102,870,870
3935,guy,Guyana,2012,7,0,0,7,0,7,800,73,873,873
3936,guy,Guyana,2013,12,0,0,12,0,12,800,136,936,936
3937,guy,Guyana,2014,12,0,0,12,0,12,700,148,848,848
3938,guy,Guyana,2015,12,0,0,12,0,12,508,223,731,731
3939,guy,Guyana,2016,12,0,0,12,0,12,269,296,565,565
3940,guy,Guyana,2017,17,0,0,17,0,17,260,482,742,742
3941,guy,Guyana,2018,25,12,36400,36437,0,36437,283,551,834,834
3942,guy,Guyana,2019,14,57,22000,22071,0,22071,284,676,960,960
3943,guy,Guyana,2020,23,72,23307,23402,0,23402,267,708,975,975
3944,guy,Guyana,2021,40,94,25800,25934,0,25934,285,856,1141,1141
3945,guy,Guyana,2022,12,163,19635,19810,0,19810,250,929,1179,1179
3946,guy,Guyana,2023,27,55,21668,21750,0,21750,248,1265,1513,1513
3947,guy,Guyana,2024,27,52,23400,23479,0,23479,313,1591,1904,1904
3948,guy,Guyana,2025,35,29,23401,23465,0,23465,342,1092,1434,1434
3949,hkg,"Hong Kong, China",1951,30000,0,0,30000,0,30000,0,0,0,0
3950,hkg,"Hong Kong, China",1952,0,0,0,0,0,0,0,0,0,0
3951,hkg,"Hong Kong, China",1953,0,0,0,0,0,0,0,0,0,0
3952,hkg,"Hong Kong, China",1954,22000,0,0,22000,0,22000,0,0,0,0
3953,hkg,"Hong Kong, China",1955,0,0,0,0,0,0,0,0,0,0
3954,hkg,"Hong Kong, China",1956,0,0,0,0,0,0,0,0,0,0
3955,hkg,"Hong Kong, China",1957,0,0,0,0,0,0,0,0,0,0
3956,hkg,"Hong Kong, China",1958,0,0,0,0,0,0,0,0,0,0
3957,hkg,"Hong Kong, China",1959,0,0,0,0,0,0,0,0,0,0
3958,hkg,"Hong Kong, China",1960,0,0,0,0,0,0,0,0,0,0
3959,hkg,"Hong Kong, China",1961,0,0,0,0,0,0,0,0,0,0
3960,hkg,"Hong Kong, China",1962,0,0,0,0,0,0,0,0,0,0
3961,hkg,"Hong Kong, China",1963,0,0,0,0,0,0,0,0,0,0
3962,hkg,"Hong Kong, China",1964,1120000,0,0,1120000,0,1120000,0,0,0,0
3963,hkg,"Hong Kong, China",1965,1251200,0,0,1251200,0,1251200,0,0,0,0
3964,hkg,"Hong Kong, China",1966,1250040,0,0,1250040,0,1250040,0,0,0,0
3965,hkg,"Hong Kong, China",1967,0,0,0,0,0,0,0,0,0,0
3966,hkg,"Hong Kong, China",1968,0,0,0,0,0,0,0,0,0,0
3967,hkg,"Hong Kong, China",1969,0,0,0,0,0,0,0,0,0,0
3968,hkg,"Hong Kong, China",1970,1000,0,0,1000,0,1000,0,0,0,0
3969,hkg,"Hong Kong, China",1971,1000,0,0,1000,0,1000,0,0,0,0
3970,hkg,"Hong Kong, China",1972,50,0,0,50,0,50,0,0,0,0
3971,hkg,"Hong Kong, China",1973,0,0,0,0,0,0,0,0,0,0
3972,hkg,"Hong Kong, China",1974,0,0,0,0,0,0,0,0,0,0
3973,hkg,"Hong Kong, China",1975,0,0,0,0,0,0,0,0,0,0
3974,hkg,"Hong Kong, China",1976,0,0,0,0,0,0,0,0,0,0
3975,hkg,"Hong Kong, China",1977,0,0,0,0,0,0,0,0,0,0
3976,hkg,"Hong Kong, China",1978,63410,0,0,63410,0,63410,0,0,0,0
3977,hkg,"Hong Kong, China",1979,55700,0,0,55700,0,55700,0,0,0,0
3978,hkg,"Hong Kong, China",1980,24070,0,0,24070,0,24070,0,0,0,0
3979,hkg,"Hong Kong, China",1981,13540,0,0,13540,0,13540,0,0,0,0
3980,hkg,"Hong Kong, China",1982,12620,0,0,12620,0,12620,0,0,0,0
3981,hkg,"Hong Kong, China",1983,12770,0,0,12770,0,12770,0,0,0,0
3982,hkg,"Hong Kong, China",1984,11960,0,0,11960,0,11960,0,0,0,0
3983,hkg,"Hong Kong, China",1985,9400,0,0,9400,0,9400,0,0,0,0
3984,hkg,"Hong Kong, China",1986,8000,0,0,8000,0,8000,0,0,0,0
3985,hkg,"Hong Kong, China",1987,9530,0,0,9530,0,9530,0,0,0,0
3986,hkg,"Hong Kong, China",1988,15359,0,0,15359,0,15359,0,0,0,0
3987,hkg,"Hong Kong, China",1989,12022,0,0,12022,0,12022,0,0,0,0
3988,hkg,"Hong Kong, China",1990,8161,0,0,8161,0,8161,0,0,0,0
3989,hkg,"Hong Kong, China",1991,4414,0,0,4414,0,4414,0,0,0,0
3990,hkg,"Hong Kong, China",1992,2605,0,0,2605,0,2605,0,0,0,0
3991,hkg,"Hong Kong, China",1993,1846,0,0,1846,0,1846,0,0,0,0
3992,hkg,"Hong Kong, China",1994,1698,0,0,1698,0,1698,257,0,257,257
3993,hkg,"Hong Kong, China",1995,1479,0,0,1479,0,1479,202,0,202,202
3994,hkg,"Hong Kong, China",1996,1350,0,0,1350,0,1350,102,0,102,102
3995,hkg,"Hong Kong, China",1997,1224,0,0,1224,0,1224,47,0,47,47
3996,hkg,"Hong Kong, China",1998,1037,0,0,1037,0,1037,39,0,39,39
3997,hkg,"Hong Kong, China",1999,973,0,0,973,0,973,17,0,17,17
3998,hkg,"Hong Kong, China",2000,980,41,0,1021,0,1021,10,8,18,18
3999,hkg,"Hong Kong, China",2001,1392,459,0,1851,0,1851,5,18,23,23
4000,hkg,"Hong Kong, China",2002,1490,171,0,1661,0,1661,0,17,17,17
4001,hkg,"Hong Kong, China",2003,1899,179,0,2078,0,2078,6,21,27,27
4002,hkg,"Hong Kong, China",2004,1865,655,0,2520,0,2520,7,10,17,17
4003,hkg,"Hong Kong, China",2005,1925,1078,0,3003,0,3003,0,19,19,19
4004,hkg,"Hong Kong, China",2006,1932,2382,0,4314,0,4314,8,18,26,26
4005,hkg,"Hong Kong, China",2007,89,1891,0,1980,0,1980,9,25,34,34
4006,hkg,"Hong Kong, China",2008,90,1088,0,1178,0,1178,9,49,58,58
4007,hkg,"Hong Kong, China",2009,78,769,0,847,0,847,10,66,76,76
4008,hkg,"Hong Kong, China",2010,149,451,0,600,0,600,16,81,97,97
4009,hkg,"Hong Kong, China",2011,146,574,0,720,0,720,14,5,19,19
4010,hkg,"Hong Kong, China",2012,105,798,0,903,0,903,18,64,82,82
4011,hkg,"Hong Kong, China",2013,113,1848,0,1961,0,1961,24,52,76,76
4012,hkg,"Hong Kong, China",2014,160,2223,0,2383,0,2383,25,38,63,63
4013,hkg,"Hong Kong, China",2015,109,2298,0,2407,0,2407,33,80,113,113
4014,hkg,"Hong Kong, China",2016,91,0,0,91,0,91,15,112,127,127
4015,hkg,"Hong Kong, China",2017,85,5,0,90,0,90,11,104,115,115
4016,hkg,"Hong Kong, China",2018,128,0,0,128,0,128,11,22,33,33
4017,hkg,"Hong Kong, China",2019,128,0,0,128,0,128,5,222,227,227
4018,hkg,"Hong Kong, China",2020,245,0,0,245,0,245,15,487,502,502
4019,hkg,"Hong Kong, China",2021,271,0,0,271,0,271,96,816,912,912
4020,hkg,"Hong Kong, China",2022,285,0,0,285,0,285,177,985,1162,1162
4021,hkg,"Hong Kong, China",2023,301,0,0,301,0,301,350,683,1033,1033
4022,hkg,"Hong Kong, China",2024,260,0,0,260,0,260,240,855,1095,1095
4023,hkg,"Hong Kong, China",2025,236,0,0,236,0,236,245,411,656,656
4024,hnd,Honduras,1972,70,0,0,70,0,70,0,0,0,0
4025,hnd,Honduras,1973,0,0,0,0,0,0,0,0,0,0
4026,hnd,Honduras,1974,0,0,0,0,0,0,0,0,0,0
4027,hnd,Honduras,1975,0,0,0,0,0,0,0,0,0,0
4028,hnd,Honduras,1976,0,0,0,0,0,0,0,0,0,0
4029,hnd,Honduras,1977,0,0,0,0,0,0,0,0,0,0
4030,hnd,Honduras,1978,15000,0,0,15000,0,15000,0,0,0,0
4031,hnd,Honduras,1979,130,0,0,130,0,130,0,0,0,0
4032,hnd,Honduras,1980,25000,0,0,25000,0,25000,0,0,0,0
4033,hnd,Honduras,1981,28000,0,0,28000,0,28000,0,0,0,0
4034,hnd,Honduras,1982,32170,0,0,32170,0,32170,0,0,0,0
4035,hnd,Honduras,1983,39650,0,0,39650,0,39650,0,0,0,0
4036,hnd,Honduras,1984,49200,0,0,49200,0,49200,0,0,0,0
4037,hnd,Honduras,1985,60000,0,0,60000,0,60000,0,0,0,0
4038,hnd,Honduras,1986,68000,0,0,68000,0,68000,100,0,100,100
4039,hnd,Honduras,1987,63000,0,0,63000,0,63000,0,0,0,0
4040,hnd,Honduras,1988,237100,0,0,237100,0,237100,0,0,0,0
4041,hnd,Honduras,1989,237188,0,0,237188,0,237188,5,0,5,5
4042,hnd,Honduras,1990,237100,0,0,237100,0,237100,18,0,18,18
4043,hnd,Honduras,1991,101961,0,0,101961,0,101961,21,0,21,21
4044,hnd,Honduras,1992,100348,0,0,100348,0,100348,41,0,41,41
4045,hnd,Honduras,1993,65,0,0,65,0,65,450,0,450,450
4046,hnd,Honduras,1994,106,0,0,106,0,106,1212,0,1212,1212
4047,hnd,Honduras,1995,63,0,0,63,0,63,1218,0,1218,1218
4048,hnd,Honduras,1996,63,0,0,63,0,63,1256,0,1256,1256
4049,hnd,Honduras,1997,9,0,0,9,0,9,1243,0,1243,1243
4050,hnd,Honduras,1998,9,0,0,9,0,9,1097,0,1097,1097
4051,hnd,Honduras,1999,8,0,0,8,0,8,1066,0,1066,1066
4052,hnd,Honduras,2000,12,6,0,18,0,18,904,1187,2091,2091
4053,hnd,Honduras,2001,20,5,0,25,0,25,783,1158,1941,1941
4054,hnd,Honduras,2002,28,5,0,33,0,33,675,1249,1924,1924
4055,hnd,Honduras,2003,23,0,0,23,0,23,606,1202,1808,1808
4056,hnd,Honduras,2004,24,21,0,45,0,45,485,1265,1750,1750
4057,hnd,Honduras,2005,21,48,0,69,0,69,536,1225,1761,1761
4058,hnd,Honduras,2006,21,0,0,21,0,21,1035,1356,2391,2391
4059,hnd,Honduras,2007,21,16,0,37,0,37,1236,671,1907,1907
4060,hnd,Honduras,2008,26,0,0,26,0,26,1116,941,2057,2057
4061,hnd,Honduras,2009,18,0,0,18,0,18,1165,997,2162,2162
4062,hnd,Honduras,2010,11,0,0,11,0,11,1300,815,2115,2115
4063,hnd,Honduras,2011,16,0,0,16,0,16,1967,847,2814,2814
4064,hnd,Honduras,2012,16,0,0,16,0,16,2612,804,3416,3416
4065,hnd,Honduras,2013,16,22,0,38,0,38,3299,5292,8591,8591
4066,hnd,Honduras,2014,28,14,0,42,0,42,4157,10136,14293,14293
4067,hnd,Honduras,2015,28,10,0,38,174000,174038,6847,19456,26303,200303
4068,hnd,Honduras,2016,16,10,0,26,174000,174026,10509,35198,45707,219707
4069,hnd,Honduras,2017,27,11,0,38,174000,174038,14424,59782,74206,248206
4070,hnd,Honduras,2018,28,55,0,83,174001,174084,18857,76526,95383,269384
4071,hnd,Honduras,2019,75,109,0,184,247090,247274,26351,122480,148831,395921
4072,hnd,Honduras,2020,85,116,0,201,247090,247291,34456,148935,183391,430481
4073,hnd,Honduras,2021,144,99,0,243,247090,247333,51687,169994,221681,468771
4074,hnd,Honduras,2022,165,107,0,272,247090,247362,64785,195584,260369,507459
4075,hnd,Honduras,2023,182,101,0,283,247090,247373,84363,216873,301236,548326
4076,hnd,Honduras,2024,202,139,0,341,247090,247431,100969,237701,338670,585760
4077,hnd,Honduras,2025,270,441,0,711,423845,424556,94449,168464,262913,686758
4078,hos,Holy See,2007,0,0,0,0,0,0,0,5,5,5
4079,hos,Holy See,2008,0,0,0,0,0,0,0,5,5,5
4080,hos,Holy See,2009,0,0,0,0,0,0,0,0,0,0
4081,hos,Holy See,2010,0,0,0,0,0,0,0,0,0,0
4082,hos,Holy See,2011,0,0,0,0,0,0,0,0,0,0
4083,hos,Holy See,2012,0,0,0,0,0,0,0,0,0,0
4084,hos,Holy See,2013,0,0,0,0,0,0,0,0,0,0
4085,hos,Holy See,2014,0,0,0,0,0,0,0,0,0,0
4086,hos,Holy See,2015,0,0,0,0,0,0,0,0,0,0
4087,hos,Holy See,2016,0,0,0,0,0,0,0,0,0,0
4088,hos,Holy See,2017,0,0,0,0,0,0,0,0,0,0
4089,hos,Holy See,2018,0,0,0,0,0,0,0,0,0,0
4090,hos,Holy See,2019,0,0,0,0,0,0,0,5,5,5
4091,hos,Holy See,2020,0,0,0,0,0,0,0,12,12,12
4092,hos,Holy See,2021,0,0,0,0,0,0,0,12,12,12
4093,hos,Holy See,2022,0,0,0,0,0,0,0,17,17,17
4094,hrv,Croatia,1992,403000,0,0,403000,0,403000,168570,0,168570,168570
4095,hrv,Croatia,1993,287000,0,0,287000,344000,631000,151689,0,151689,495689
4096,hrv,Croatia,1994,183600,0,0,183600,307000,490600,76256,0,76256,383256
4097,hrv,Croatia,1995,198647,0,0,198647,198200,396847,245572,0,245572,443772
4098,hrv,Croatia,1996,165395,0,0,165395,144147,309542,310090,0,310090,454237
4099,hrv,Croatia,1997,68863,0,0,68863,79441,148304,349307,0,349307,428748
4100,hrv,Croatia,1998,29027,0,0,29027,71704,100731,338085,0,338085,409789
4101,hrv,Croatia,1999,28374,0,0,28374,52390,80764,353721,0,353721,406111
4102,hrv,Croatia,2000,22437,17,0,22454,34134,56588,335200,368,335568,369702
4103,hrv,Croatia,2001,21875,63,0,21938,23402,45340,290283,346,290629,314031
4104,hrv,Croatia,2002,8392,49,0,8441,17100,25541,274822,516,275338,292438
4105,hrv,Croatia,2003,4385,59,0,4444,12566,17010,230193,464,230657,243223
4106,hrv,Croatia,2004,3662,26,0,3688,7540,11228,215480,355,215835,223375
4107,hrv,Croatia,2005,2927,6,0,2933,4804,7737,119154,208,119362,124166
4108,hrv,Croatia,2006,2442,8,0,2450,3975,6425,93768,217,93985,97960
4109,hrv,Croatia,2007,1641,46,0,1687,2873,4560,100429,117,100546,103419
4110,hrv,Croatia,2008,1591,52,0,1643,2497,4140,97016,129,97145,99642
4111,hrv,Croatia,2009,1240,26,0,1266,2285,3551,76479,132,76611,78896
4112,hrv,Croatia,2010,933,64,0,997,2125,3122,65863,345,66208,68333
4113,hrv,Croatia,2011,818,219,0,1037,0,1037,62653,743,63396,63396
4114,hrv,Croatia,2012,722,329,0,1051,0,1051,62606,1293,63899,63899
4115,hrv,Croatia,2013,679,189,0,868,0,868,49755,980,50735,50735
4116,hrv,Croatia,2014,724,87,0,811,0,811,40121,111,40232,40232
4117,hrv,Croatia,2015,517,30,0,547,0,547,33452,89,33541,33541
4118,hrv,Croatia,2016,300,529,0,829,0,829,26231,343,26574,26574
4119,hrv,Croatia,2017,508,406,0,914,0,914,24869,268,25137,25137
4120,hrv,Croatia,2018,787,198,0,985,0,985,24105,79,24184,24184
4121,hrv,Croatia,2019,916,454,0,1370,0,1370,23793,65,23858,23858
4122,hrv,Croatia,2020,956,567,0,1523,0,1523,23451,58,23509,23509
4123,hrv,Croatia,2021,1020,562,0,1582,0,1582,18083,51,18134,18134
4124,hrv,Croatia,2022,20638,1200,0,21838,0,21838,17698,74,17772,17772
4125,hrv,Croatia,2023,25029,1597,0,26626,0,26626,17579,85,17664,17664
4126,hrv,Croatia,2024,28707,1220,0,29927,0,29927,17891,99,17990,17990
4127,hrv,Croatia,2025,29748,434,0,30182,0,30182,17207,43,17250,17250
4128,hti,Haiti,1974,0,0,0,0,0,0,1000,0,1000,1000
4129,hti,Haiti,1975,0,0,0,0,0,0,0,0,0,0
4130,hti,Haiti,1976,0,0,0,0,0,0,0,0,0,0
4131,hti,Haiti,1977,0,0,0,0,0,0,0,0,0,0
4132,hti,Haiti,1978,0,0,0,0,0,0,300,0,300,300
4133,hti,Haiti,1979,0,0,0,0,0,0,3300,0,3300,3300
4134,hti,Haiti,1980,0,0,0,0,0,0,3800,0,3800,3800
4135,hti,Haiti,1981,0,0,0,0,0,0,5000,0,5000,5000
4136,hti,Haiti,1982,0,0,0,0,0,0,5000,0,5000,5000
4137,hti,Haiti,1983,0,0,0,0,0,0,5230,0,5230,5230
4138,hti,Haiti,1984,0,0,0,0,0,0,5440,0,5440,5440
4139,hti,Haiti,1985,0,0,0,0,0,0,6100,0,6100,6100
4140,hti,Haiti,1986,0,0,0,0,0,0,5120,0,5120,5120
4141,hti,Haiti,1987,0,0,0,0,0,0,5080,0,5080,5080
4142,hti,Haiti,1988,0,0,0,0,0,0,4699,0,4699,4699
4143,hti,Haiti,1989,0,0,0,0,0,0,3344,0,3344,3344
4144,hti,Haiti,1990,0,0,0,0,0,0,2092,0,2092,2092
4145,hti,Haiti,1991,0,0,0,0,0,0,1857,0,1857,1857
4146,hti,Haiti,1992,0,0,0,0,0,0,2483,0,2483,2483
4147,hti,Haiti,1993,0,0,0,0,0,0,3861,0,3861,3861
4148,hti,Haiti,1994,0,0,0,0,0,0,9800,0,9800,9800
4149,hti,Haiti,1995,0,0,0,0,0,0,13927,0,13927,13927
4150,hti,Haiti,1996,0,0,0,0,0,0,15119,0,15119,15119
4151,hti,Haiti,1997,0,0,0,0,0,0,15479,0,15479,15479
4152,hti,Haiti,1998,0,0,0,0,0,0,13539,0,13539,13539
4153,hti,Haiti,1999,0,0,0,0,0,0,8768,0,8768,8768
4154,hti,Haiti,2000,0,0,0,0,0,0,7564,19735,27299,27299
4155,hti,Haiti,2001,0,0,0,0,0,0,7246,21958,29204,29204
4156,hti,Haiti,2002,0,0,0,0,0,0,7722,22185,29907,29907
4157,hti,Haiti,2003,0,0,0,0,0,0,7550,18352,25902,25902
4158,hti,Haiti,2004,0,0,0,0,0,0,9209,16266,25475,25475
4159,hti,Haiti,2005,0,0,0,0,0,0,13538,13515,27053,27053
4160,hti,Haiti,2006,0,0,0,0,0,0,20834,10540,31374,31374
4161,hti,Haiti,2007,0,0,0,0,0,0,22275,10262,32537,32537
4162,hti,Haiti,2008,0,0,0,0,0,0,23059,12668,35727,35727
4163,hti,Haiti,2009,0,12,0,12,0,12,24110,11886,35996,35996
4164,hti,Haiti,2010,0,5,0,5,0,5,25886,7190,33076,33076
4165,hti,Haiti,2011,0,6,0,6,0,6,33652,7463,41115,41115
4166,hti,Haiti,2012,0,11,0,11,0,11,38559,2628,41187,41187
4167,hti,Haiti,2013,0,8,0,8,0,8,38644,5156,43800,43800
4168,hti,Haiti,2014,0,0,0,0,0,0,37147,6721,43868,43868
4169,hti,Haiti,2015,0,10,0,10,0,10,34762,9263,44025,44025
4170,hti,Haiti,2016,5,0,0,5,0,5,29671,22454,52125,52125
4171,hti,Haiti,2017,5,0,0,5,0,5,28424,37018,65442,65442
4172,hti,Haiti,2018,5,0,0,5,0,5,27517,40973,68490,68490
4173,hti,Haiti,2019,0,5,0,5,0,5,26734,65684,92418,92418
4174,hti,Haiti,2020,0,5,0,5,0,5,25649,80225,105874,105874
4175,hti,Haiti,2021,0,0,0,0,0,0,29454,135565,165019,165019
4176,hti,Haiti,2022,0,0,0,0,0,0,30307,177978,208285,208285
4177,hti,Haiti,2023,0,0,0,0,313901,313901,122139,228443,350582,664483
4178,hti,Haiti,2024,5,0,0,5,1037463,1037468,148252,275050,423302,1460765
4179,hti,Haiti,2025,0,0,0,0,1430903,1430903,180702,236318,417020,1847923
4180,hun,Hungary,1965,0,0,0,0,0,0,3270,0,3270,3270
4181,hun,Hungary,1966,0,0,0,0,0,0,3270,0,3270,3270
4182,hun,Hungary,1967,0,0,0,0,0,0,3270,0,3270,3270
4183,hun,Hungary,1968,0,0,0,0,0,0,3270,0,3270,3270
4184,hun,Hungary,1969,0,0,0,0,0,0,3360,0,3360,3360
4185,hun,Hungary,1970,0,0,0,0,0,0,3490,0,3490,3490
4186,hun,Hungary,1971,0,0,0,0,0,0,220,0,220,220
4187,hun,Hungary,1972,0,0,0,0,0,0,210,0,210,210
4188,hun,Hungary,1973,0,0,0,0,0,0,170,0,170,170
4189,hun,Hungary,1974,0,0,0,0,0,0,150,0,150,150
4190,hun,Hungary,1975,0,0,0,0,0,0,140,0,140,140
4191,hun,Hungary,1976,0,0,0,0,0,0,50,0,50,50
4192,hun,Hungary,1977,0,0,0,0,0,0,0,0,0,0
4193,hun,Hungary,1978,0,0,0,0,0,0,120,0,120,120
4194,hun,Hungary,1979,0,0,0,0,0,0,0,0,0,0
4195,hun,Hungary,1980,0,0,0,0,0,0,763,0,763,763
4196,hun,Hungary,1981,0,0,0,0,0,0,744,0,744,744
4197,hun,Hungary,1982,0,0,0,0,0,0,728,0,728,728
4198,hun,Hungary,1983,0,0,0,0,0,0,607,0,607,607
4199,hun,Hungary,1984,0,0,0,0,0,0,430,0,430,430
4200,hun,Hungary,1985,0,0,0,0,0,0,435,0,435,435
4201,hun,Hungary,1986,0,0,0,0,0,0,381,0,381,381
4202,hun,Hungary,1987,0,0,0,0,0,0,329,0,329,329
4203,hun,Hungary,1988,0,0,0,0,0,0,3887,0,3887,3887
4204,hun,Hungary,1989,27000,0,0,27000,0,27000,4359,0,4359,4359
4205,hun,Hungary,1990,45123,0,0,45123,0,45123,5767,0,5767,5767
4206,hun,Hungary,1991,73838,0,0,73838,0,73838,4734,0,4734,4734
4207,hun,Hungary,1992,32412,0,0,32412,0,32412,3994,0,3994,3994
4208,hun,Hungary,1993,3019,0,0,3019,0,3019,5014,0,5014,5014
4209,hun,Hungary,1994,2904,0,0,2904,0,2904,4468,0,4468,4468
4210,hun,Hungary,1995,11394,0,0,11394,0,11394,2349,0,2349,2349
4211,hun,Hungary,1996,7537,0,0,7537,0,7537,3082,0,3082,3082
4212,hun,Hungary,1997,5890,0,0,5890,0,5890,2670,0,2670,2670
4213,hun,Hungary,1998,3504,0,0,3504,0,3504,1243,0,1243,1243
4214,hun,Hungary,1999,4980,0,0,4980,0,4980,797,0,797,797
4215,hun,Hungary,2000,5053,1627,0,6680,0,6680,512,1959,2471,2471
4216,hun,Hungary,2001,4700,2387,0,7087,0,7087,949,4152,5101,5101
4217,hun,Hungary,2002,6075,1049,0,7124,0,7124,3515,3119,6634,6634
4218,hun,Hungary,2003,7013,758,0,7771,0,7771,3394,1005,4399,4399
4219,hun,Hungary,2004,7702,340,0,8042,0,8042,2747,597,3344,3344
4220,hun,Hungary,2005,8040,665,0,8705,0,8705,3516,254,3770,3770
4221,hun,Hungary,2006,8068,513,0,8581,0,8581,3117,200,3317,3317
4222,hun,Hungary,2007,8124,1559,0,9683,0,9683,3384,89,3473,3473
4223,hun,Hungary,2008,7740,2514,0,10254,0,10254,1612,287,1899,1899
4224,hun,Hungary,2009,6041,641,0,6682,0,6682,1535,2452,3987,3987
4225,hun,Hungary,2010,5400,354,0,5754,0,5754,1435,3548,4983,4983
4226,hun,Hungary,2011,5085,360,0,5445,0,5445,1234,6006,7240,7240
4227,hun,Hungary,2012,4034,386,0,4420,0,4420,1085,3731,4816,4816
4228,hun,Hungary,2013,2422,1876,0,4298,0,4298,1218,1956,3174,3174
4229,hun,Hungary,2014,2854,15664,0,18518,0,18518,1264,337,1601,1601
4230,hun,Hungary,2015,4383,36671,0,41054,0,41054,1447,703,2150,2150
4231,hun,Hungary,2016,4736,3396,0,8132,0,8132,2909,1661,4570,4570
4232,hun,Hungary,2017,5671,666,0,6337,0,6337,3336,1656,4992,4992
4233,hun,Hungary,2018,6019,120,0,6139,0,6139,3927,804,4731,4731
4234,hun,Hungary,2019,5750,222,0,5972,0,5972,4007,671,4678,4678
4235,hun,Hungary,2020,5838,38,0,5876,0,5876,4617,602,5219,5219
4236,hun,Hungary,2021,5676,5,0,5681,0,5681,4653,608,5261,5261
4237,hun,Hungary,2022,35370,20,0,35390,0,35390,1953,1327,3280,3280
4238,hun,Hungary,2023,63180,5,0,63185,0,63185,2147,1249,3396,3396
4239,hun,Hungary,2024,72359,0,0,72359,0,72359,1984,1586,3570,3570
4240,hun,Hungary,2025,71332,42,0,71374,0,71374,2055,899,2954,2954
4241,idn,Indonesia,1978,2240,0,0,2240,0,2240,1000,0,1000,1000
4242,idn,Indonesia,1979,32330,0,0,32330,0,32330,1000,0,1000,1000
4243,idn,Indonesia,1980,8460,0,0,8460,0,8460,1000,0,1000,1000
4244,idn,Indonesia,1981,14900,0,0,14900,0,14900,150,0,150,150
4245,idn,Indonesia,1982,13220,0,0,13220,0,13220,2200,0,2200,2200
4246,idn,Indonesia,1983,10070,0,0,10070,0,10070,1230,0,1230,1230
4247,idn,Indonesia,1984,9500,0,0,9500,0,9500,11020,0,11020,11020
4248,idn,Indonesia,1985,8230,0,0,8230,0,8230,11800,0,11800,11800
4249,idn,Indonesia,1986,4020,0,0,4020,0,4020,11340,0,11340,11340
4250,idn,Indonesia,1987,2450,0,0,2450,0,2450,9680,0,9680,9680
4251,idn,Indonesia,1988,2434,0,0,2434,0,2434,9301,0,9301,9301
4252,idn,Indonesia,1989,999,0,0,999,0,999,7775,0,7775,7775
4253,idn,Indonesia,1990,3278,0,0,3278,0,3278,7168,0,7168,7168
4254,idn,Indonesia,1991,3157,0,0,3157,0,3157,6164,0,6164,6164
4255,idn,Indonesia,1992,3530,0,0,3530,0,3530,6829,0,6829,6829
4256,idn,Indonesia,1993,2402,0,0,2402,0,2402,7925,0,7925,7925
4257,idn,Indonesia,1994,97,0,0,97,0,97,8727,0,8727,8727
4258,idn,Indonesia,1995,19,0,0,19,0,19,9836,0,9836,9836
4259,idn,Indonesia,1996,61,0,0,61,0,61,11365,0,11365,11365
4260,idn,Indonesia,1997,29,0,0,29,0,29,8800,0,8800,8800
4261,idn,Indonesia,1998,51,0,0,51,0,51,9054,0,9054,9054
4262,idn,Indonesia,1999,162492,0,0,162492,0,162492,9023,0,9023,9023
4263,idn,Indonesia,2000,122611,367,0,122978,0,122978,9152,3618,12770,12770
4264,idn,Indonesia,2001,73542,793,0,74335,0,74335,8972,4600,13572,13572
4265,idn,Indonesia,2002,28593,228,0,28821,0,28821,9907,5316,15223,15223
4266,idn,Indonesia,2003,230,56,0,286,0,286,16240,7518,23758,23758
4267,idn,Indonesia,2004,164,43,0,207,0,207,27919,5771,33690,33690
4268,idn,Indonesia,2005,82,43,0,125,0,125,34383,4492,38875,38875
4269,idn,Indonesia,2006,291,259,0,550,0,550,34722,3267,37989,37989
4270,idn,Indonesia,2007,306,199,0,505,0,505,20549,2353,22902,22902
4271,idn,Indonesia,2008,360,346,0,706,0,706,19339,2221,21560,21560
4272,idn,Indonesia,2009,794,1760,0,2554,0,2554,18207,2002,20209,20209
4273,idn,Indonesia,2010,808,2058,0,2866,0,2866,16882,451,17333,17333
4274,idn,Indonesia,2011,1004,3226,0,4230,0,4230,16069,376,16445,16445
4275,idn,Indonesia,2012,1811,6107,0,7918,0,7918,15514,498,16012,16012
4276,idn,Indonesia,2013,3195,7087,0,10282,0,10282,14775,1117,15892,15892
4277,idn,Indonesia,2014,4267,6904,0,11171,0,11171,14393,1765,16158,16158
4278,idn,Indonesia,2015,5954,7566,0,13520,0,13520,13947,2637,16584,16584
4279,idn,Indonesia,2016,7824,6558,0,14382,0,14382,13056,3581,16637,16637
4280,idn,Indonesia,2017,9782,4016,0,13798,0,13798,12485,5384,17869,17869
4281,idn,Indonesia,2018,10786,3196,0,13982,0,13982,12148,3395,15543,15543
4282,idn,Indonesia,2019,10287,3343,0,13630,0,13630,12039,4323,16362,16362
4283,idn,Indonesia,2020,10114,3597,0,13711,0,13711,13029,4940,17969,17969
4284,idn,Indonesia,2021,9982,3116,0,13098,0,13098,13962,5872,19834,19834
4285,idn,Indonesia,2022,9785,2889,0,12674,0,12674,11761,10017,21778,21778
4286,idn,Indonesia,2023,8450,3793,0,12243,0,12243,11756,13311,25067,25067
4287,idn,Indonesia,2024,7799,4165,0,11964,0,11964,9172,18198,27370,27370
4288,idn,Indonesia,2025,7374,4697,0,12071,0,12071,9215,8205,17420,17420
4289,ind,India,1964,44000,0,0,44000,0,44000,0,0,0,0
4290,ind,India,1965,45000,0,0,45000,0,45000,0,0,0,0
4291,ind,India,1966,45000,0,0,45000,0,45000,0,0,0,0
4292,ind,India,1967,50000,0,0,50000,0,50000,0,0,0,0
4293,ind,India,1968,55000,0,0,55000,0,55000,0,0,0,0
4294,ind,India,1969,56150,0,0,56150,0,56150,0,0,0,0
4295,ind,India,1970,56500,0,0,56500,0,56500,0,0,0,0
4296,ind,India,1971,56180,0,0,56180,0,56180,0,0,0,0
4297,ind,India,1972,57680,0,0,57680,0,57680,0,0,0,0
4298,ind,India,1973,58840,0,0,58840,0,58840,0,0,0,0
4299,ind,India,1974,59900,0,0,59900,0,59900,0,0,0,0
4300,ind,India,1975,0,0,0,0,0,0,0,0,0,0
4301,ind,India,1976,0,0,0,0,0,0,0,0,0,0
4302,ind,India,1977,0,0,0,0,0,0,0,0,0,0
4303,ind,India,1978,0,0,0,0,0,0,0,0,0,0
4304,ind,India,1979,0,0,0,0,0,0,0,0,0,0
4305,ind,India,1980,0,0,0,0,0,0,0,0,0,0
4306,ind,India,1981,3510,0,0,3510,0,3510,0,0,0,0
4307,ind,India,1982,5010,0,0,5010,0,5010,0,0,0,0
4308,ind,India,1983,6930,0,0,6930,0,6930,0,0,0,0
4309,ind,India,1984,7200,0,0,7200,0,7200,0,0,0,0
4310,ind,India,1985,6720,0,0,6720,0,6720,0,0,0,0
4311,ind,India,1986,6440,0,0,6440,0,6440,0,0,0,0
4312,ind,India,1987,6720,0,0,6720,0,6720,0,0,0,0
4313,ind,India,1988,6645,0,0,6645,0,6645,10,0,10,10
4314,ind,India,1989,9549,0,0,9549,0,9549,13,0,13,13
4315,ind,India,1990,212743,0,0,212743,0,212743,197,0,197,197
4316,ind,India,1991,210569,0,0,210569,0,210569,406,0,406,406
4317,ind,India,1992,258372,0,0,258372,0,258372,1021,0,1021,1021
4318,ind,India,1993,262802,0,0,262802,0,262802,1491,0,1491,1491
4319,ind,India,1994,258342,0,0,258342,0,258342,3266,0,3266,3266
4320,ind,India,1995,227481,0,0,227481,0,227481,5011,0,5011,5011
4321,ind,India,1996,233371,0,0,233371,0,233371,7546,0,7546,7546
4322,ind,India,1997,223072,0,0,223072,0,223072,8918,0,8918,8918
4323,ind,India,1998,185516,0,0,185516,0,185516,9663,0,9663,9663
4324,ind,India,1999,180031,0,0,180031,0,180031,9846,0,9846,9846
4325,ind,India,2000,170940,58,0,170998,0,170998,11397,9786,21183,21183
4326,ind,India,2001,169548,204,0,169752,0,169752,11560,9748,21308,21308
4327,ind,India,2002,168853,493,0,169346,0,169346,14349,11060,25409,25409
4328,ind,India,2003,164754,530,0,165284,0,165284,13703,11456,25159,25159
4329,ind,India,2004,162683,304,0,162987,0,162987,13335,11708,25043,25043
4330,ind,India,2005,139284,296,0,139580,0,139580,16275,12169,28444,28444
4331,ind,India,2006,158358,671,0,159029,0,159029,17797,6745,24542,24542
4332,ind,India,2007,161534,2415,0,163949,0,163949,20455,7077,27532,27532
4333,ind,India,2008,184539,3774,0,188313,0,188313,19551,6867,26418,26418
4334,ind,India,2009,185318,5436,0,190754,0,190754,19496,4709,24205,24205
4335,ind,India,2010,184814,3741,0,188555,0,188555,17766,3856,21622,21622
4336,ind,India,2011,185118,3508,0,188626,0,188626,16226,4347,20573,20573
4337,ind,India,2012,185644,3549,0,189193,0,189193,14245,6654,20899,20899
4338,ind,India,2013,188391,3669,0,192060,0,192060,11032,12471,23503,23503
4339,ind,India,2014,199931,5057,0,204988,0,204988,10431,16698,27129,27129
4340,ind,India,2015,201379,6476,0,207855,0,207855,9882,24874,34756,34756
4341,ind,India,2016,197848,9209,0,207057,0,207057,7288,27939,35227,35227
4342,ind,India,2017,197142,10508,0,207650,0,207650,7926,40356,48282,48282
4343,ind,India,2018,195887,11938,0,207825,0,207825,9586,51802,61388,61388
4344,ind,India,2019,195103,12202,0,207305,0,207305,11787,65965,77752,77752
4345,ind,India,2020,195373,11217,0,206590,0,206590,12398,69959,82357,82357
4346,ind,India,2021,212413,13368,0,225781,0,225781,14230,78360,92590,92590
4347,ind,India,2022,242835,15794,0,258629,0,258629,20828,100389,121217,121217
4348,ind,India,2023,252867,11926,0,264793,0,264793,25319,142607,167926,167926
4349,ind,India,2024,236763,13243,0,250006,0,250006,39303,202933,242236,242236
4350,ind,India,2025,238643,15075,0,253718,0,253718,42610,181121,223731,223731
4351,irl,Ireland,1984,500,0,0,500,0,500,0,0,0,0
4352,irl,Ireland,1985,600,0,0,600,0,600,0,0,0,0
4353,irl,Ireland,1986,600,0,0,600,0,600,0,0,0,0
4354,irl,Ireland,1987,540,0,0,540,0,540,0,0,0,0
4355,irl,Ireland,1988,480,0,0,480,0,480,0,0,0,0
4356,irl,Ireland,1989,420,0,0,420,0,420,0,0,0,0
4357,irl,Ireland,1990,360,0,0,360,0,360,0,0,0,0
4358,irl,Ireland,1991,300,0,0,300,0,300,0,0,0,0
4359,irl,Ireland,1992,500,0,0,500,0,500,0,0,0,0
4360,irl,Ireland,1993,119,0,0,119,0,119,0,0,0,0
4361,irl,Ireland,1994,400,0,0,400,0,400,5,0,5,5
4362,irl,Ireland,1995,400,0,0,400,0,400,0,0,0,0
4363,irl,Ireland,1996,69,0,0,69,0,69,0,0,0,0
4364,irl,Ireland,1997,430,0,0,430,0,430,0,0,0,0
4365,irl,Ireland,1998,600,0,0,600,0,600,0,0,0,0
4366,irl,Ireland,1999,2829,0,0,2829,0,2829,0,0,0,0
4367,irl,Ireland,2000,2530,12067,0,14597,0,14597,5,0,5,5
4368,irl,Ireland,2001,3585,10841,0,14426,0,14426,5,0,5,5
4369,irl,Ireland,2002,5366,6967,0,12333,0,12333,5,0,5,5
4370,irl,Ireland,2003,5971,7366,0,13337,0,13337,6,10,16,16
4371,irl,Ireland,2004,6530,3667,0,10197,0,10197,5,5,10,10
4372,irl,Ireland,2005,7103,2414,0,9517,0,9517,23,0,23,23
4373,irl,Ireland,2006,7904,3406,0,11310,0,11310,5,0,5,5
4374,irl,Ireland,2007,9318,4364,0,13682,0,13682,9,0,9,9
4375,irl,Ireland,2008,9714,4583,0,14297,0,14297,7,0,7,7
4376,irl,Ireland,2009,9561,2725,0,12286,0,12286,7,5,12,12
4377,irl,Ireland,2010,9099,5088,0,14187,0,14187,7,0,7,7
4378,irl,Ireland,2011,8234,5380,0,13614,0,13614,7,5,12,12
4379,irl,Ireland,2012,6309,5423,0,11732,0,11732,7,10,17,17
4380,irl,Ireland,2013,5991,5464,0,11455,0,11455,7,32,39,39
4381,irl,Ireland,2014,5832,4576,0,10408,0,10408,7,82,89,89
4382,irl,Ireland,2015,6108,4982,0,11090,0,11090,5,36,41,41
4383,irl,Ireland,2016,5720,4221,0,9941,0,9941,0,42,42,42
4384,irl,Ireland,2017,6394,5991,0,12385,0,12385,0,52,52,52
4385,irl,Ireland,2018,6012,7159,0,13171,0,13171,0,59,59,59
4386,irl,Ireland,2019,7795,7853,0,15648,0,15648,0,90,90,90
4387,irl,Ireland,2020,9035,7393,0,16428,0,16428,0,94,94,94
4388,irl,Ireland,2021,9571,6904,0,16475,0,16475,5,141,146,146
4389,irl,Ireland,2022,81256,15108,0,96364,0,96364,13,189,202,202
4390,irl,Ireland,2023,113902,22250,0,136152,0,136152,0,219,219,219
4391,irl,Ireland,2024,124730,31711,0,156441,0,156441,68,405,473,473
4392,irl,Ireland,2025,137869,33728,0,171597,0,171597,69,330,399,399
4393,irn,Iran,1962,2000,0,0,2000,0,2000,0,0,0,0
4394,irn,Iran,1963,1500,0,0,1500,0,1500,0,0,0,0
4395,irn,Iran,1964,0,0,0,0,0,0,0,0,0,0
4396,irn,Iran,1965,0,0,0,0,0,0,0,0,0,0
4397,irn,Iran,1966,0,0,0,0,0,0,0,0,0,0
4398,irn,Iran,1967,0,0,0,0,0,0,0,0,0,0
4399,irn,Iran,1968,300,0,0,300,0,300,0,0,0,0
4400,irn,Iran,1969,300,0,0,300,0,300,0,0,0,0
4401,irn,Iran,1970,0,0,0,0,0,0,0,0,0,0
4402,irn,Iran,1971,0,0,0,0,0,0,0,0,0,0
4403,irn,Iran,1972,0,0,0,0,0,0,0,0,0,0
4404,irn,Iran,1973,0,0,0,0,0,0,0,0,0,0
4405,irn,Iran,1974,0,0,0,0,0,0,0,0,0,0
4406,irn,Iran,1975,0,0,0,0,0,0,0,0,0,0
4407,irn,Iran,1976,0,0,0,0,0,0,0,0,0,0
4408,irn,Iran,1977,0,0,0,0,0,0,0,0,0,0
4409,irn,Iran,1978,0,0,0,0,0,0,0,0,0,0
4410,irn,Iran,1979,130100,0,0,130100,0,130100,0,0,0,0
4411,irn,Iran,1980,330000,0,0,330000,0,330000,48,0,48,48
4412,irn,Iran,1981,1565000,0,0,1565000,0,1565000,803,0,803,803
4413,irn,Iran,1982,1700060,0,0,1700060,0,1700060,2480,0,2480,2480
4414,irn,Iran,1983,1900060,0,0,1900060,0,1900060,5577,0,5577,5577
4415,irn,Iran,1984,2000000,0,0,2000000,0,2000000,5244,0,5244,5244
4416,irn,Iran,1985,2300000,0,0,2300000,0,2300000,88245,0,88245,88245
4417,irn,Iran,1986,2590000,0,0,2590000,0,2590000,87921,0,87921,87921
4418,irn,Iran,1987,2760000,0,0,2760000,0,2760000,10992,0,10992,10992
4419,irn,Iran,1988,2850000,0,0,2850000,0,2850000,58259,0,58259,58259
4420,irn,Iran,1989,2850000,0,0,2850000,0,2850000,52798,0,52798,52798
4421,irn,Iran,1990,4174401,0,0,4174401,0,4174401,75889,0,75889,75889
4422,irn,Iran,1991,4404995,0,0,4404995,0,4404995,130366,0,130366,130366
4423,irn,Iran,1992,4150723,0,0,4150723,0,4150723,128781,0,128781,128781
4424,irn,Iran,1993,2495038,0,0,2495038,0,2495038,115516,0,115516,115516
4425,irn,Iran,1994,2236350,0,0,2236350,0,2236350,121288,0,121288,121288
4426,irn,Iran,1995,2071988,0,0,2071988,0,2071988,112360,0,112360,112360
4427,irn,Iran,1996,2030359,0,0,2030359,0,2030359,104122,0,104122,104122
4428,irn,Iran,1997,1982553,0,0,1982553,0,1982553,93986,0,93986,93986
4429,irn,Iran,1998,1931332,0,0,1931332,0,1931332,89967,0,89967,89967
4430,irn,Iran,1999,1835688,0,0,1835688,0,1835688,86845,0,86845,86845
4431,irn,Iran,2000,1868000,12228,0,1880228,0,1880228,88266,20622,108888,108888
4432,irn,Iran,2001,1868000,0,0,1868000,0,1868000,92490,14138,106628,106628
4433,irn,Iran,2002,1306599,5,0,1306604,0,1306604,138362,13180,151542,151542
4434,irn,Iran,2003,984895,0,0,984895,0,984895,122530,11359,133889,133889
4435,irn,Iran,2004,1045975,48,0,1046023,0,1046023,115171,9519,124690,124690
4436,irn,Iran,2005,974301,138,0,974439,0,974439,99430,12879,112309,112309
4437,irn,Iran,2006,968368,1017,0,969385,0,969385,102479,13707,116186,116186
4438,irn,Iran,2007,963544,1184,0,964728,0,964728,68398,10374,78772,78772
4439,irn,Iran,2008,980104,1705,0,981809,0,981809,69051,11148,80199,80199
4440,irn,Iran,2009,1070483,1851,0,1072334,0,1072334,72771,13734,86505,86505
4441,irn,Iran,2010,1073363,1767,0,1075130,0,1075130,68785,16055,84840,84840
4442,irn,Iran,2011,886465,442,0,886907,0,886907,72366,18450,90816,90816
4443,irn,Iran,2012,868239,18,0,868257,0,868257,75932,24043,99975,99975
4444,irn,Iran,2013,857352,46,0,857398,0,857398,75061,28780,103841,103841
4445,irn,Iran,2014,982025,42,0,982067,0,982067,82202,34884,117086,117086
4446,irn,Iran,2015,979435,42,0,979477,0,979477,84950,57081,142031,142031
4447,irn,Iran,2016,979435,91,0,979526,0,979526,94102,87535,181637,181637
4448,irn,Iran,2017,979435,84,0,979519,0,979519,118639,75079,193718,193718
4449,irn,Iran,2018,979435,33,0,979468,0,979468,129941,87367,217308,217308
4450,irn,Iran,2019,979435,33,0,979468,0,979468,128998,86093,215091,215091
4451,irn,Iran,2020,800025,34,0,800059,0,800059,135018,77229,212247,212247
4452,irn,Iran,2021,798343,34,0,798377,0,798377,142994,68940,211934,211934
4453,irn,Iran,2022,3425091,34,0,3425125,0,3425125,122764,69237,192001,192001
4454,irn,Iran,2023,3764517,0,0,3764517,0,3764517,151757,63959,215716,215716
4455,irn,Iran,2024,3489257,0,0,3489257,0,3489257,158171,61176,219347,219347
4456,irn,Iran,2025,770514,0,879500,1650014,0,1650014,157912,49263,207175,207175
4457,irq,Iraq,1968,0,0,0,0,0,0,2700,0,2700,2700
4458,irq,Iraq,1969,0,0,0,0,0,0,2700,0,2700,2700
4459,irq,Iraq,1970,0,0,0,0,0,0,0,0,0,0
4460,irq,Iraq,1971,0,0,0,0,0,0,0,0,0,0
4461,irq,Iraq,1972,0,0,0,0,0,0,0,0,0,0
4462,irq,Iraq,1973,0,0,0,0,0,0,0,0,0,0
4463,irq,Iraq,1974,0,0,0,0,0,0,0,0,0,0
4464,irq,Iraq,1975,0,0,0,0,0,0,0,0,0,0
4465,irq,Iraq,1976,0,0,0,0,0,0,0,0,0,0
4466,irq,Iraq,1977,0,0,0,0,0,0,0,0,0,0
4467,irq,Iraq,1978,0,0,0,0,0,0,560,0,560,560
4468,irq,Iraq,1979,400,0,0,400,0,400,31000,0,31000,31000
4469,irq,Iraq,1980,400,0,0,400,0,400,31098,0,31098,31098
4470,irq,Iraq,1981,1200,0,0,1200,0,1200,66589,0,66589,66589
4471,irq,Iraq,1982,1200,0,0,1200,0,1200,103766,0,103766,103766
4472,irq,Iraq,1983,1200,0,0,1200,0,1200,103721,0,103721,103721
4473,irq,Iraq,1984,1200,0,0,1200,0,1200,101724,0,101724,101724
4474,irq,Iraq,1985,83200,0,0,83200,0,83200,401503,0,401503,401503
4475,irq,Iraq,1986,111000,0,0,111000,0,111000,400745,0,400745,400745
4476,irq,Iraq,1987,1000,0,0,1000,0,1000,410818,0,410818,410818
4477,irq,Iraq,1988,0,0,0,0,0,0,508468,0,508468,508468
4478,irq,Iraq,1989,0,0,0,0,0,0,507986,0,507986,507986
4479,irq,Iraq,1990,900,0,0,900,0,900,1133805,0,1133805,1133805
4480,irq,Iraq,1991,87990,0,0,87990,0,87990,1321853,0,1321853,1321853
4481,irq,Iraq,1992,115000,0,0,115000,0,115000,1343824,0,1343824,1343824
4482,irq,Iraq,1993,109066,0,0,109066,0,109066,771074,0,771074,771074
4483,irq,Iraq,1994,119581,0,0,119581,0,119581,749833,0,749833,749833
4484,irq,Iraq,1995,116722,0,0,116722,0,116722,718717,0,718717,718717
4485,irq,Iraq,1996,112957,0,0,112957,32000,144957,714727,0,714727,746727
4486,irq,Iraq,1997,104032,0,0,104032,35055,139087,707342,0,707342,742397
4487,irq,Iraq,1998,104022,0,0,104022,0,104022,675030,0,675030,675030
4488,irq,Iraq,1999,128913,0,0,128913,0,128913,642875,0,642875,642875
4489,irq,Iraq,2000,127787,945,0,128732,0,128732,526165,40630,566795,566795
4490,irq,Iraq,2001,128142,394,0,128536,0,128536,530508,34826,565334,565334
4491,irq,Iraq,2002,134190,437,0,134627,0,134627,422504,29641,452145,452145
4492,irq,Iraq,2003,46721,437,0,47158,0,47158,368577,31591,400168,400168
4493,irq,Iraq,2004,46053,1353,0,47406,0,47406,311889,30619,342508,342508
4494,irq,Iraq,2005,50177,1948,0,52125,1200000,1252125,262302,34438,296740,1496740
4495,irq,Iraq,2006,44406,2180,0,46586,1834368,1880954,1450908,47294,1498202,3332570
4496,irq,Iraq,2007,42352,2413,0,44765,2385865,2430630,2309246,27667,2336913,4722778
4497,irq,Iraq,2008,39503,2059,0,41562,2647251,2688813,1903516,25654,1929170,4576421
4498,irq,Iraq,2009,35213,3794,0,39007,1552003,1591010,1785215,22372,1807587,3359590
4499,irq,Iraq,2010,34647,3072,0,37719,1343568,1381287,1683576,29939,1713515,3057083
4500,irq,Iraq,2011,35184,4195,0,39379,1332382,1371761,1428306,24485,1452791,2785173
4501,irq,Iraq,2012,98818,4908,0,103726,1131810,1235536,746204,24239,770443,1902253
4502,irq,Iraq,2013,246294,5991,0,252285,954128,1206413,401461,43145,444606,1398734
4503,irq,Iraq,2014,271137,8468,0,279605,3596356,3875961,369960,103724,473684,4070040
4504,irq,Iraq,2015,277702,7414,0,285116,4403287,4688403,264086,237168,501254,4904541
4505,irq,Iraq,2016,261863,11488,0,273351,3604285,3877636,316056,278367,594423,4198708
4506,irq,Iraq,2017,277668,13035,0,290703,2615988,2906691,362536,272627,635163,3251151
4507,irq,Iraq,2018,283018,14013,0,297031,1802832,2099863,372332,256716,629048,2431880
4508,irq,Iraq,2019,273986,12938,0,286924,1414632,1701556,336274,302731,639005,2053637
4509,irq,Iraq,2020,270377,12670,0,283047,1224108,1507155,333200,272567,605767,1829875
4510,irq,Iraq,2021,280072,11508,0,291580,1186556,1478136,343899,254454,598353,1784909
4511,irq,Iraq,2022,273716,10621,0,284337,1168619,1452956,287446,228961,516407,1685026
4512,irq,Iraq,2023,286480,12586,0,299066,1123663,1422729,329032,192202,521234,1644897
4513,irq,Iraq,2024,318461,16882,0,335343,1031475,1366818,305504,151623,457127,1488602
4514,irq,Iraq,2025,322345,23366,0,345711,997334,1343045,270671,96887,367558,1364892
4515,isl,Iceland,1990,85,0,0,85,0,85,0,0,0,0
4516,isl,Iceland,1991,141,0,0,141,0,141,0,0,0,0
4517,isl,Iceland,1992,154,0,0,154,0,154,0,0,0,0
4518,isl,Iceland,1993,160,0,0,160,0,160,0,0,0,0
4519,isl,Iceland,1994,160,0,0,160,0,160,0,0,0,0
4520,isl,Iceland,1995,197,0,0,197,0,197,0,0,0,0
4521,isl,Iceland,1996,232,0,0,232,0,232,5,0,5,5
4522,isl,Iceland,1997,252,0,0,252,0,252,5,0,5,5
4523,isl,Iceland,1998,286,0,0,286,0,286,5,0,5,5
4524,isl,Iceland,1999,245,0,0,245,0,245,5,0,5,5
4525,isl,Iceland,2000,235,5,0,240,0,240,5,0,5,5
4526,isl,Iceland,2001,204,15,0,219,0,219,0,0,0,0
4527,isl,Iceland,2002,197,13,0,210,0,210,13,0,13,13
4528,isl,Iceland,2003,226,0,0,226,0,226,11,5,16,16
4529,isl,Iceland,2004,226,5,0,231,0,231,8,6,14,14
4530,isl,Iceland,2005,284,10,0,294,0,294,10,0,10,10
4531,isl,Iceland,2006,254,11,0,265,0,265,32,0,32,32
4532,isl,Iceland,2007,41,12,0,53,0,53,10,0,10,10
4533,isl,Iceland,2008,39,25,0,64,0,64,10,0,10,10
4534,isl,Iceland,2009,58,5,0,63,0,63,5,0,5,5
4535,isl,Iceland,2010,72,25,0,97,0,97,5,0,5,5
4536,isl,Iceland,2011,55,56,0,111,0,111,0,0,0,0
4537,isl,Iceland,2012,55,87,0,142,0,142,0,0,0,0
4538,isl,Iceland,2013,72,267,0,339,0,339,0,5,5,5
4539,isl,Iceland,2014,93,210,0,303,0,303,0,5,5,5
4540,isl,Iceland,2015,170,159,0,329,0,329,0,5,5,5
4541,isl,Iceland,2016,245,324,0,569,0,569,0,5,5,5
4542,isl,Iceland,2017,361,327,0,688,0,688,5,0,5,5
4543,isl,Iceland,2018,549,437,0,986,0,986,5,5,10,10
4544,isl,Iceland,2019,894,365,0,1259,0,1259,5,5,10,10
4545,isl,Iceland,2020,1460,181,0,1641,0,1641,5,0,5,5
4546,isl,Iceland,2021,1830,306,0,2136,0,2136,5,7,12,12
4547,isl,Iceland,2022,5240,981,0,6221,0,6221,0,13,13,13
4548,isl,Iceland,2023,8715,2850,0,11565,0,11565,0,5,5,5
4549,isl,Iceland,2024,7879,1081,0,8960,0,8960,0,5,5,5
4550,isl,Iceland,2025,8459,660,0,9119,0,9119,0,5,5,5
4551,isr,Israel,1988,0,0,0,0,0,0,5,0,5,5
4552,isr,Israel,1989,0,0,0,0,0,0,5,0,5,5
4553,isr,Israel,1990,0,0,0,0,0,0,14,0,14,14
4554,isr,Israel,1991,0,0,0,0,0,0,28,0,28,28
4555,isr,Israel,1992,0,0,0,0,0,0,37,0,37,37
4556,isr,Israel,1993,0,0,0,0,0,0,114,0,114,114
4557,isr,Israel,1994,0,0,0,0,0,0,888,0,888,888
4558,isr,Israel,1995,0,0,0,0,0,0,937,0,937,937
4559,isr,Israel,1996,0,0,0,0,0,0,1121,0,1121,1121
4560,isr,Israel,1997,0,0,0,0,0,0,988,0,988,988
4561,isr,Israel,1998,22,0,0,22,0,22,832,0,832,832
4562,isr,Israel,1999,123,0,0,123,0,123,473,0,473,473
4563,isr,Israel,2000,4067,326,0,4393,0,4393,414,362,776,776
4564,isr,Israel,2001,4159,552,0,4711,0,4711,361,609,970,970
4565,isr,Israel,2002,4170,688,0,4858,0,4858,561,1023,1584,1584
4566,isr,Israel,2003,4170,703,0,4873,0,4873,626,944,1570,1570
4567,isr,Israel,2004,564,0,0,564,0,564,669,760,1429,1429
4568,isr,Israel,2005,598,908,0,1506,0,1506,624,620,1244,1244
4569,isr,Israel,2006,829,826,0,1655,0,1655,876,939,1815,1815
4570,isr,Israel,2007,1150,5734,0,6884,0,6884,1539,946,2485,2485
4571,isr,Israel,2008,9125,4601,0,13726,0,13726,1486,1037,2523,2523
4572,isr,Israel,2009,17725,4143,0,21868,0,21868,1298,1054,2352,2352
4573,isr,Israel,2010,25462,5574,0,31036,0,31036,1290,792,2082,2082
4574,isr,Israel,2011,41221,6444,0,47665,0,47665,1323,507,1830,1830
4575,isr,Israel,2012,48490,5682,0,54172,0,54172,1326,416,1742,1742
4576,isr,Israel,2013,48182,4760,0,52942,0,52942,1026,289,1315,1315
4577,isr,Israel,2014,39698,5558,0,45256,0,45256,967,282,1249,1249
4578,isr,Israel,2015,32929,11677,0,44606,0,44606,787,379,1166,1166
4579,isr,Israel,2016,30529,21274,0,51803,0,51803,487,548,1035,1035
4580,isr,Israel,2017,25657,29704,0,55361,0,55361,469,691,1160,1160
4581,isr,Israel,2018,18554,35569,0,54123,0,54123,492,683,1175,1175
4582,isr,Israel,2019,16107,38479,0,54586,0,54586,452,690,1142,1142
4583,isr,Israel,2020,1843,32518,0,34361,0,34361,373,663,1036,1036
4584,isr,Israel,2021,1191,27083,0,28274,0,28274,453,807,1260,1260
4585,isr,Israel,2022,1207,25166,0,26373,0,26373,902,813,1715,1715
4586,isr,Israel,2023,1235,25464,0,26699,0,26699,855,1232,2087,2087
4587,isr,Israel,2024,1266,26147,0,27413,0,27413,1307,1659,2966,2966
4588,isr,Israel,2025,1274,29682,0,30956,0,30956,1265,897,2162,2162
4589,ita,Italy,1951,26500,0,0,26500,0,26500,0,0,0,0
4590,ita,Italy,1952,25500,0,0,25500,0,25500,0,0,0,0
4591,ita,Italy,1953,24500,0,0,24500,0,24500,0,0,0,0
4592,ita,Italy,1954,21500,0,0,21500,0,21500,0,0,0,0
4593,ita,Italy,1955,18500,0,0,18500,0,18500,0,0,0,0
4594,ita,Italy,1956,21500,0,0,21500,0,21500,0,0,0,0
4595,ita,Italy,1957,21000,0,0,21000,0,21000,0,0,0,0
4596,ita,Italy,1958,21000,0,0,21000,0,21000,0,0,0,0
4597,ita,Italy,1959,18500,0,0,18500,0,18500,0,0,0,0
4598,ita,Italy,1960,15500,0,0,15500,0,15500,0,0,0,0
4599,ita,Italy,1961,14500,0,0,14500,0,14500,0,0,0,0
4600,ita,Italy,1962,14300,0,0,14300,0,14300,0,0,0,0
4601,ita,Italy,1963,14600,0,0,14600,0,14600,0,0,0,0
4602,ita,Italy,1964,14000,0,0,14000,0,14000,0,0,0,0
4603,ita,Italy,1965,15000,0,0,15000,0,15000,0,0,0,0
4604,ita,Italy,1966,14000,0,0,14000,0,14000,0,0,0,0
4605,ita,Italy,1967,13000,0,0,13000,0,13000,0,0,0,0
4606,ita,Italy,1968,13000,0,0,13000,0,13000,0,0,0,0
4607,ita,Italy,1969,14000,0,0,14000,0,14000,0,0,0,0
4608,ita,Italy,1970,13000,0,0,13000,0,13000,0,0,0,0
4609,ita,Italy,1971,12700,0,0,12700,0,12700,0,0,0,0
4610,ita,Italy,1972,12600,0,0,12600,0,12600,0,0,0,0
4611,ita,Italy,1973,12600,0,0,12600,0,12600,0,0,0,0
4612,ita,Italy,1974,13000,0,0,13000,0,13000,0,0,0,0
4613,ita,Italy,1975,11900,0,0,11900,0,11900,0,0,0,0
4614,ita,Italy,1976,11900,0,0,11900,0,11900,0,0,0,0
4615,ita,Italy,1977,11700,0,0,11700,0,11700,0,0,0,0
4616,ita,Italy,1978,11700,0,0,11700,0,11700,0,0,0,0
4617,ita,Italy,1979,14100,0,0,14100,0,14100,0,0,0,0
4618,ita,Italy,1980,21531,0,0,21531,0,21531,0,0,0,0
4619,ita,Italy,1981,22601,0,0,22601,0,22601,0,0,0,0
4620,ita,Italy,1982,22865,0,0,22865,0,22865,0,0,0,0
4621,ita,Italy,1983,22062,0,0,22062,0,22062,0,0,0,0
4622,ita,Italy,1984,21482,0,0,21482,0,21482,0,0,0,0
4623,ita,Italy,1985,22386,0,0,22386,0,22386,0,0,0,0
4624,ita,Italy,1986,21505,0,0,21505,0,21505,0,0,0,0
4625,ita,Italy,1987,20413,0,0,20413,0,20413,0,0,0,0
4626,ita,Italy,1988,19260,0,0,19260,0,19260,0,0,0,0
4627,ita,Italy,1989,13893,0,0,13893,0,13893,0,0,0,0
4628,ita,Italy,1990,10816,0,0,10816,0,10816,0,0,0,0
4629,ita,Italy,1991,9796,0,0,9796,0,9796,0,0,0,0
4630,ita,Italy,1992,9242,0,0,9242,0,9242,0,0,0,0
4631,ita,Italy,1993,50266,0,0,50266,0,50266,0,0,0,0
4632,ita,Italy,1994,73058,0,0,73058,0,73058,145,0,145,145
4633,ita,Italy,1995,74298,0,0,74298,0,74298,120,0,120,120
4634,ita,Italy,1996,64712,0,0,64712,0,64712,109,0,109,109
4635,ita,Italy,1997,66601,0,0,66601,0,66601,112,0,112,112
4636,ita,Italy,1998,5440,0,0,5440,0,5440,76,0,76,76
4637,ita,Italy,1999,6004,0,0,6004,0,6004,49,0,49,49
4638,ita,Italy,2000,6813,113,0,6926,0,6926,46,33,79,79
4639,ita,Italy,2001,8541,0,0,8541,0,8541,36,31,67,67
4640,ita,Italy,2002,10031,0,0,10031,0,10031,223,36,259,259
4641,ita,Italy,2003,12812,0,0,12812,0,12812,208,30,238,238
4642,ita,Italy,2004,15668,0,0,15668,0,15668,192,23,215,215
4643,ita,Italy,2005,20674,0,0,20674,0,20674,219,20,239,239
4644,ita,Italy,2006,26870,0,0,26870,0,26870,106,13,119,119
4645,ita,Italy,2007,38061,1500,0,39561,0,39561,84,10,94,94
4646,ita,Italy,2008,47059,0,0,47059,0,47059,57,30,87,87
4647,ita,Italy,2009,54962,4365,0,59327,0,59327,42,31,73,73
4648,ita,Italy,2010,56402,4070,0,60472,0,60472,45,52,97,97
4649,ita,Italy,2011,58066,13525,0,71591,0,71591,57,32,89,89
4650,ita,Italy,2012,64782,14320,0,79102,0,79102,65,54,119,119
4651,ita,Italy,2013,76248,13635,0,89883,0,89883,64,77,141,141
4652,ita,Italy,2014,93712,45730,0,139442,0,139442,63,110,173,173
4653,ita,Italy,2015,118036,60135,0,178171,0,178171,69,139,208,208
4654,ita,Italy,2016,147362,99896,0,247258,0,247258,49,132,181,181
4655,ita,Italy,2017,167330,186645,0,353975,0,353975,52,282,334,334
4656,ita,Italy,2018,189227,105606,0,294833,0,294833,69,381,450,450
4657,ita,Italy,2019,207602,47030,0,254632,0,254632,76,431,507,507
4658,ita,Italy,2020,128033,53901,0,181934,0,181934,62,471,533,533
4659,ita,Italy,2021,144862,51779,0,196641,0,196641,61,639,700,700
4660,ita,Italy,2022,296181,79979,0,376160,0,376160,151,670,821,821
4661,ita,Italy,2023,298296,146922,0,445218,0,445218,124,1487,1611,1611
4662,ita,Italy,2024,312849,207278,0,520127,0,520127,263,1857,2120,2120
4663,ita,Italy,2025,192914,234144,0,427058,0,427058,266,575,841,841
4664,jam,Jamaica,1991,5,0,0,5,0,5,0,0,0,0
4665,jam,Jamaica,1992,90,0,0,90,0,90,0,0,0,0
4666,jam,Jamaica,1993,60,0,0,60,0,60,5,0,5,5
4667,jam,Jamaica,1994,38,0,0,38,0,38,10,0,10,10
4668,jam,Jamaica,1995,21,0,0,21,0,21,11,0,11,11
4669,jam,Jamaica,1996,23,0,0,23,0,23,18,0,18,18
4670,jam,Jamaica,1997,31,0,0,31,0,31,21,0,21,21
4671,jam,Jamaica,1998,33,0,0,33,0,33,26,0,26,26
4672,jam,Jamaica,1999,33,0,0,33,0,33,33,0,33,33
4673,jam,Jamaica,2000,33,0,0,33,0,33,37,173,210,210
4674,jam,Jamaica,2001,0,0,0,0,0,0,37,281,318,318
4675,jam,Jamaica,2002,0,0,0,0,0,0,147,479,626,626
4676,jam,Jamaica,2003,0,0,0,0,0,0,260,410,670,670
4677,jam,Jamaica,2004,0,0,0,0,0,0,350,285,635,635
4678,jam,Jamaica,2005,0,0,0,0,0,0,489,288,777,777
4679,jam,Jamaica,2006,0,0,0,0,0,0,661,270,931,931
4680,jam,Jamaica,2007,0,0,0,0,0,0,766,236,1002,1002
4681,jam,Jamaica,2008,0,0,0,0,0,0,825,401,1226,1226
4682,jam,Jamaica,2009,24,0,0,24,0,24,908,574,1482,1482
4683,jam,Jamaica,2010,19,0,0,19,0,19,1055,554,1609,1609
4684,jam,Jamaica,2011,19,0,0,19,0,19,1248,579,1827,1827
4685,jam,Jamaica,2012,19,0,0,19,0,19,1404,497,1901,1901
4686,jam,Jamaica,2013,18,0,0,18,0,18,1501,630,2131,2131
4687,jam,Jamaica,2014,23,0,0,23,0,23,1682,597,2279,2279
4688,jam,Jamaica,2015,13,0,0,13,0,13,1857,839,2696,2696
4689,jam,Jamaica,2016,13,8,0,21,0,21,1998,1134,3132,3132
4690,jam,Jamaica,2017,13,8,0,21,0,21,2224,1430,3654,3654
4691,jam,Jamaica,2018,13,21,0,34,0,34,2448,1495,3943,3943
4692,jam,Jamaica,2019,0,5,121,126,0,126,2529,1798,4327,4327
4693,jam,Jamaica,2020,27,5,67,99,0,99,2526,1902,4428,4428
4694,jam,Jamaica,2021,31,5,67,103,0,103,2419,2305,4724,4724
4695,jam,Jamaica,2022,31,0,0,31,0,31,1858,3345,5203,5203
4696,jam,Jamaica,2023,0,0,0,0,0,0,2128,7064,9192,9192
4697,jam,Jamaica,2024,0,0,0,0,0,0,2552,9460,12012,12012
4698,jam,Jamaica,2025,0,0,0,0,0,0,2642,7541,10183,10183
4699,jor,Jordan,1971,50,0,0,50,0,50,0,0,0,0
4700,jor,Jordan,1972,50,0,0,50,0,50,0,0,0,0
4701,jor,Jordan,1973,0,0,0,0,0,0,0,0,0,0
4702,jor,Jordan,1974,0,0,0,0,0,0,0,0,0,0
4703,jor,Jordan,1975,0,0,0,0,0,0,0,0,0,0
4704,jor,Jordan,1976,0,0,0,0,0,0,0,0,0,0
4705,jor,Jordan,1977,0,0,0,0,0,0,0,0,0,0
4706,jor,Jordan,1978,80,0,0,80,0,80,0,0,0,0
4707,jor,Jordan,1979,120,0,0,120,0,120,0,0,0,0
4708,jor,Jordan,1980,60,0,0,60,0,60,0,0,0,0
4709,jor,Jordan,1981,80,0,0,80,0,80,0,0,0,0
4710,jor,Jordan,1982,100,0,0,100,0,100,0,0,0,0
4711,jor,Jordan,1983,150,0,0,150,0,150,0,0,0,0
4712,jor,Jordan,1984,400,0,0,400,0,400,5,0,5,5
4713,jor,Jordan,1985,400,0,0,400,0,400,105,0,105,105
4714,jor,Jordan,1986,0,0,0,0,0,0,5,0,5,5
4715,jor,Jordan,1987,0,0,0,0,0,0,5,0,5,5
4716,jor,Jordan,1988,0,0,0,0,0,0,7,0,7,7
4717,jor,Jordan,1989,130,0,0,130,0,130,14,0,14,14
4718,jor,Jordan,1990,640,0,0,640,0,640,56,0,56,56
4719,jor,Jordan,1991,440,0,0,440,0,440,114,0,114,114
4720,jor,Jordan,1992,270,0,0,270,0,270,183,0,183,183
4721,jor,Jordan,1993,465,0,0,465,0,465,239,0,239,239
4722,jor,Jordan,1994,574,0,0,574,0,574,440,0,440,440
4723,jor,Jordan,1995,698,0,0,698,0,698,511,0,511,511
4724,jor,Jordan,1996,870,0,0,870,0,870,707,0,707,707
4725,jor,Jordan,1997,731,0,0,731,0,731,720,0,720,720
4726,jor,Jordan,1998,776,0,0,776,0,776,897,0,897,897
4727,jor,Jordan,1999,1008,0,0,1008,0,1008,970,0,970,970
4728,jor,Jordan,2000,1064,7865,0,8929,0,8929,915,551,1466,1466
4729,jor,Jordan,2001,1062,5293,0,6355,0,6355,773,557,1330,1330
4730,jor,Jordan,2002,1198,3781,0,4979,0,4979,1280,723,2003,2003
4731,jor,Jordan,2003,1195,6728,0,7923,0,7923,1149,717,1866,1866
4732,jor,Jordan,2004,1096,12450,0,13546,0,13546,1158,703,1861,1861
4733,jor,Jordan,2005,962,16563,0,17525,0,17525,1778,663,2441,2441
4734,jor,Jordan,2006,500225,19233,0,519458,0,519458,1592,758,2350,2350
4735,jor,Jordan,2007,500273,350,0,500623,0,500623,1777,730,2507,2507
4736,jor,Jordan,2008,500406,668,0,501074,0,501074,1882,743,2625,2625
4737,jor,Jordan,2009,450752,599,0,451351,0,451351,2109,757,2866,2866
4738,jor,Jordan,2010,450908,2137,0,453045,0,453045,2248,610,2858,2858
4739,jor,Jordan,2011,451000,4968,0,455968,0,455968,2242,532,2774,2774
4740,jor,Jordan,2012,302700,2934,0,305634,0,305634,2363,622,2985,2985
4741,jor,Jordan,2013,641904,4383,0,646287,0,646287,1622,927,2549,2549
4742,jor,Jordan,2014,654131,18776,0,672907,0,672907,1711,1293,3004,3004
4743,jor,Jordan,2015,664110,24906,0,689016,0,689016,1836,1829,3665,3665
4744,jor,Jordan,2016,685188,35600,0,720788,0,720788,1919,2433,4352,4352
4745,jor,Jordan,2017,691015,43809,0,734824,0,734824,2119,3467,5586,5586
4746,jor,Jordan,2018,715298,52536,0,767834,0,767834,2430,4119,6549,6549
4747,jor,Jordan,2019,693668,51283,0,744951,0,744951,2308,4722,7030,7030
4748,jor,Jordan,2020,702461,49686,0,752147,0,752147,2486,4984,7470,7470
4749,jor,Jordan,2021,712823,47197,0,760020,0,760020,2981,5795,8776,8776
4750,jor,Jordan,2022,697761,45177,0,742938,0,742938,3550,5667,9217,9217
4751,jor,Jordan,2023,684066,39775,0,723841,0,723841,3978,8207,12185,12185
4752,jor,Jordan,2024,643641,31747,0,675388,0,675388,4990,14273,19263,19263
4753,jor,Jordan,2025,436226,8068,0,444294,0,444294,5471,10736,16207,16207
4754,jpn,Japan,1977,600,0,0,600,0,600,0,0,0,0
4755,jpn,Japan,1978,610,0,0,610,0,610,0,0,0,0
4756,jpn,Japan,1979,1260,0,0,1260,0,1260,0,0,0,0
4757,jpn,Japan,1980,2390,0,0,2390,0,2390,0,0,0,0
4758,jpn,Japan,1981,2520,0,0,2520,0,2520,0,0,0,0
4759,jpn,Japan,1982,4390,0,0,4390,0,4390,0,0,0,0
4760,jpn,Japan,1983,4900,0,0,4900,0,4900,0,0,0,0
4761,jpn,Japan,1984,3967,0,0,3967,0,3967,0,0,0,0
4762,jpn,Japan,1985,4707,0,0,4707,0,4707,0,0,0,0
4763,jpn,Japan,1986,5016,0,0,5016,0,5016,0,0,0,0
4764,jpn,Japan,1987,5601,0,0,5601,0,5601,0,0,0,0
4765,jpn,Japan,1988,6110,0,0,6110,0,6110,0,0,0,0
4766,jpn,Japan,1989,6479,0,0,6479,0,6479,0,0,0,0
4767,jpn,Japan,1990,6819,0,0,6819,0,6819,0,0,0,0
4768,jpn,Japan,1991,6397,0,0,6397,0,6397,0,0,0,0
4769,jpn,Japan,1992,6669,0,0,6669,0,6669,0,0,0,0
4770,jpn,Japan,1993,6495,0,0,6495,0,6495,0,0,0,0
4771,jpn,Japan,1994,5942,0,0,5942,0,5942,7,0,7,7
4772,jpn,Japan,1995,5432,0,0,5432,0,5432,5,0,5,5
4773,jpn,Japan,1996,5278,0,0,5278,0,5278,0,0,0,0
4774,jpn,Japan,1997,4846,0,0,4846,0,4846,0,0,0,0
4775,jpn,Japan,1998,4483,0,0,4483,0,4483,0,0,0,0
4776,jpn,Japan,1999,4233,0,0,4233,0,4233,0,0,0,0
4777,jpn,Japan,2000,3752,282,0,4034,0,4034,5,11,16,16
4778,jpn,Japan,2001,3198,321,0,3519,0,3519,5,23,28,28
4779,jpn,Japan,2002,2658,314,0,2972,0,2972,14,22,36,36
4780,jpn,Japan,2003,2266,424,0,2690,0,2690,17,27,44,44
4781,jpn,Japan,2004,1967,474,0,2441,0,2441,19,70,89,89
4782,jpn,Japan,2005,1940,520,0,2460,0,2460,10,51,61,61
4783,jpn,Japan,2006,1842,1214,0,3056,0,3056,166,32,198,198
4784,jpn,Japan,2007,1792,1502,0,3294,0,3294,519,19,538,538
4785,jpn,Japan,2008,2016,2292,0,4308,0,4308,183,26,209,209
4786,jpn,Japan,2009,2331,2931,0,5262,0,5262,148,28,176,176
4787,jpn,Japan,2010,2583,3023,0,5606,0,5606,149,10,159,159
4788,jpn,Japan,2011,2645,3680,0,6325,0,6325,176,36,212,212
4789,jpn,Japan,2012,2579,4695,0,7274,0,7274,173,37,210,210
4790,jpn,Japan,2013,2586,6730,0,9316,0,9316,154,48,202,202
4791,jpn,Japan,2014,2562,9284,0,11846,0,11846,257,61,318,318
4792,jpn,Japan,2015,2479,13823,0,16302,0,16302,140,68,208,208
4793,jpn,Japan,2016,2512,18801,0,21313,0,21313,53,83,136,136
4794,jpn,Japan,2017,2189,31204,0,33393,0,33393,44,99,143,143
4795,jpn,Japan,2018,1893,29040,0,30933,0,30933,42,114,156,156
4796,jpn,Japan,2019,1463,29123,0,30586,0,30586,39,111,150,150
4797,jpn,Japan,2020,1132,23765,0,24897,0,24897,40,121,161,161
4798,jpn,Japan,2021,1508,16709,0,18217,0,18217,39,134,173,173
4799,jpn,Japan,2022,15451,12473,0,27924,0,27924,64,152,216,216
4800,jpn,Japan,2023,22335,23916,0,46251,0,46251,48,144,192,192
4801,jpn,Japan,2024,29068,31293,0,60361,0,60361,55,165,220,220
4802,jpn,Japan,2025,42450,22647,0,65097,0,65097,56,91,147,147
4803,kaz,Kazakhstan,1993,5000,0,0,5000,0,5000,0,0,0,0
4804,kaz,Kazakhstan,1994,5028,0,0,5028,0,5028,24,0,24,24
4805,kaz,Kazakhstan,1995,15561,0,0,15561,0,15561,137,0,137,137
4806,kaz,Kazakhstan,1996,15577,0,0,15577,0,15577,40163,0,40163,40163
4807,kaz,Kazakhstan,1997,15585,0,0,15585,0,15585,40772,0,40772,40772
4808,kaz,Kazakhstan,1998,8343,0,0,8343,0,8343,20458,0,20458,20458
4809,kaz,Kazakhstan,1999,14799,0,0,14799,0,14799,9059,0,9059,9059
4810,kaz,Kazakhstan,2000,20576,5,0,20581,0,20581,2537,739,3276,3276
4811,kaz,Kazakhstan,2001,19529,10,0,19539,0,19539,2803,876,3679,3679
4812,kaz,Kazakhstan,2002,20610,0,0,20610,0,20610,6317,922,7239,7239
4813,kaz,Kazakhstan,2003,15830,0,0,15830,0,15830,6563,888,7451,7451
4814,kaz,Kazakhstan,2004,15845,5,0,15850,0,15850,6124,656,6780,6780
4815,kaz,Kazakhstan,2005,7264,62,0,7326,0,7326,4321,605,4926,4926
4816,kaz,Kazakhstan,2006,4413,93,0,4506,0,4506,7374,656,8030,8030
4817,kaz,Kazakhstan,2007,4283,71,0,4354,0,4354,5232,527,5759,5759
4818,kaz,Kazakhstan,2008,4349,123,0,4472,0,4472,4825,579,5404,5404
4819,kaz,Kazakhstan,2009,4334,129,0,4463,0,4463,3741,603,4344,4344
4820,kaz,Kazakhstan,2010,4403,314,0,4717,0,4717,3631,749,4380,4380
4821,kaz,Kazakhstan,2011,613,63,0,676,0,676,3497,747,4244,4244
4822,kaz,Kazakhstan,2012,561,81,0,642,0,642,3567,926,4493,4493
4823,kaz,Kazakhstan,2013,580,74,0,654,0,654,2114,1147,3261,3261
4824,kaz,Kazakhstan,2014,628,92,0,720,0,720,2219,1147,3366,3366
4825,kaz,Kazakhstan,2015,701,89,0,790,0,790,2263,1565,3828,3828
4826,kaz,Kazakhstan,2016,647,133,0,780,0,780,2366,2225,4591,4591
4827,kaz,Kazakhstan,2017,602,207,0,809,0,809,2406,3514,5920,5920
4828,kaz,Kazakhstan,2018,568,190,0,758,0,758,2520,5833,8353,8353
4829,kaz,Kazakhstan,2019,518,212,0,730,0,730,2757,6982,9739,9739
4830,kaz,Kazakhstan,2020,440,223,0,663,0,663,2741,5978,8719,8719
4831,kaz,Kazakhstan,2021,352,305,0,657,0,657,3198,5925,9123,9123
4832,kaz,Kazakhstan,2022,308,840,0,1148,0,1148,3666,8182,11848,11848
4833,kaz,Kazakhstan,2023,42685,476,0,43161,0,43161,3795,11277,15072,15072
4834,kaz,Kazakhstan,2024,65833,319,0,66152,0,66152,4119,12388,16507,16507
4835,kaz,Kazakhstan,2025,4377,163,48391,52931,0,52931,4144,6611,10755,10755
4836,ken,Kenya,1970,930,0,0,930,0,930,0,0,0,0
4837,ken,Kenya,1971,2600,0,0,2600,0,2600,0,0,0,0
4838,ken,Kenya,1972,2490,0,0,2490,0,2490,0,0,0,0
4839,ken,Kenya,1973,2970,0,0,2970,0,2970,0,0,0,0
4840,ken,Kenya,1974,2740,0,0,2740,0,2740,0,0,0,0
4841,ken,Kenya,1975,2450,0,0,2450,0,2450,90,0,90,90
4842,ken,Kenya,1976,2500,0,0,2500,0,2500,0,0,0,0
4843,ken,Kenya,1977,6010,0,0,6010,0,6010,1200,0,1200,1200
4844,ken,Kenya,1978,6500,0,0,6500,0,6500,80,0,80,80
4845,ken,Kenya,1979,5810,0,0,5810,0,5810,80,0,80,80
4846,ken,Kenya,1980,3510,0,0,3510,0,3510,0,0,0,0
4847,ken,Kenya,1981,3380,0,0,3380,0,3380,0,0,0,0
4848,ken,Kenya,1982,4760,0,0,4760,0,4760,0,0,0,0
4849,ken,Kenya,1983,6760,0,0,6760,0,6760,0,0,0,0
4850,ken,Kenya,1984,8060,0,0,8060,0,8060,0,0,0,0
4851,ken,Kenya,1985,8790,0,0,8790,0,8790,0,0,0,0
4852,ken,Kenya,1986,8040,0,0,8040,0,8040,0,0,0,0
4853,ken,Kenya,1987,10220,0,0,10220,0,10220,0,0,0,0
4854,ken,Kenya,1988,12810,0,0,12810,0,12810,0,0,0,0
4855,ken,Kenya,1989,12654,0,0,12654,0,12654,0,0,0,0
4856,ken,Kenya,1990,14249,0,0,14249,0,14249,7,0,7,7
4857,ken,Kenya,1991,120163,0,0,120163,0,120163,31,0,31,31
4858,ken,Kenya,1992,402194,0,0,402194,0,402194,61,0,61,61
4859,ken,Kenya,1993,301595,0,0,301595,0,301595,83,0,83,83
4860,ken,Kenya,1994,252423,0,0,252423,0,252423,8772,0,8772,8772
4861,ken,Kenya,1995,234665,0,0,234665,0,234665,9320,0,9320,9320
4862,ken,Kenya,1996,223640,0,0,223640,0,223640,9390,0,9390,9390
4863,ken,Kenya,1997,232097,0,0,232097,0,232097,9563,0,9563,9563
4864,ken,Kenya,1998,238187,0,0,238187,0,238187,6037,0,6037,6037
4865,ken,Kenya,1999,223696,0,0,223696,0,223696,6131,0,6131,6131
4866,ken,Kenya,2000,206108,8708,0,214816,0,214816,2367,861,3228,3228
4867,ken,Kenya,2001,239221,12596,0,251817,0,251817,2551,713,3264,3264
4868,ken,Kenya,2002,233671,2418,0,236089,0,236089,3089,10177,13266,13266
4869,ken,Kenya,2003,237509,4015,0,241524,0,241524,3159,10867,14026,14026
4870,ken,Kenya,2004,239833,9469,0,249302,0,249302,3842,11209,15051,15051
4871,ken,Kenya,2005,251268,16446,0,267714,0,267714,4638,11431,16069,16069
4872,ken,Kenya,2006,272529,18508,0,291037,0,291037,5356,1075,6431,6431
4873,ken,Kenya,2007,265729,5762,0,271491,0,271491,7544,1717,9261,9261
4874,ken,Kenya,2008,320598,8762,0,329360,404000,733360,9682,2197,11879,415879
4875,ken,Kenya,2009,358916,18961,0,377877,399000,776877,9609,2975,12584,411584
4876,ken,Kenya,2010,402891,27957,0,430848,300000,730848,8585,1649,10234,310234
4877,ken,Kenya,2011,566482,35268,0,601750,300000,901750,8731,1590,10321,310321
4878,ken,Kenya,2012,564921,41940,0,606861,412000,1018861,8946,1544,10490,422490
4879,ken,Kenya,2013,534935,52271,0,587206,0,587206,8580,2192,10772,10772
4880,ken,Kenya,2014,551351,33994,0,585345,0,585345,8546,2925,11471,11471
4881,ken,Kenya,2015,553907,39953,0,593860,0,593860,7902,3258,11160,11160
4882,ken,Kenya,2016,451097,43748,0,494845,0,494845,7526,3556,11082,11082
4883,ken,Kenya,2017,431895,56499,0,488394,0,488394,7567,5714,13281,13281
4884,ken,Kenya,2018,421243,50458,0,471701,0,471701,7480,7287,14767,14767
4885,ken,Kenya,2019,438899,50829,0,489728,0,489728,7705,7879,15584,15584
4886,ken,Kenya,2020,452916,51916,0,504832,0,504832,7422,8959,16381,16381
4887,ken,Kenya,2021,481048,59001,0,540049,0,540049,7529,9727,17256,17256
4888,ken,Kenya,2022,504473,69011,0,573484,0,573484,7595,10209,17804,17804
4889,ken,Kenya,2023,538899,152942,0,691841,0,691841,8004,15941,23945,23945
4890,ken,Kenya,2024,604257,219647,0,823904,0,823904,11696,19107,30803,30803
4891,ken,Kenya,2025,617125,218646,0,835771,0,835771,13325,7773,21098,21098
4892,kgz,Kyrgyz Republic,1993,21242,0,0,21242,0,21242,0,0,0,0
4893,kgz,Kyrgyz Republic,1994,21239,0,0,21239,0,21239,13,0,13,13
4894,kgz,Kyrgyz Republic,1995,13407,0,0,13407,0,13407,20,0,20,20
4895,kgz,Kyrgyz Republic,1996,16707,0,0,16707,0,16707,17118,0,17118,17118
4896,kgz,Kyrgyz Republic,1997,15276,0,0,15276,0,15276,16321,0,16321,16321
4897,kgz,Kyrgyz Republic,1998,14560,0,0,14560,0,14560,7450,0,7450,7450
4898,kgz,Kyrgyz Republic,1999,10849,0,0,10849,5569,16418,4003,0,4003,9572
4899,kgz,Kyrgyz Republic,2000,10609,386,0,10995,0,10995,747,322,1069,1069
4900,kgz,Kyrgyz Republic,2001,9295,470,0,9765,0,9765,687,393,1080,1080
4901,kgz,Kyrgyz Republic,2002,7705,652,0,8357,0,8357,2952,538,3490,3490
4902,kgz,Kyrgyz Republic,2003,5592,634,0,6226,0,6226,3142,616,3758,3758
4903,kgz,Kyrgyz Republic,2004,3756,446,0,4202,0,4202,3286,474,3760,3760
4904,kgz,Kyrgyz Republic,2005,2599,488,0,3087,0,3087,3127,362,3489,3489
4905,kgz,Kyrgyz Republic,2006,361,569,0,930,0,930,2493,583,3076,3076
4906,kgz,Kyrgyz Republic,2007,722,711,0,1433,0,1433,2257,444,2701,2701
4907,kgz,Kyrgyz Republic,2008,374,753,0,1127,0,1127,2526,407,2933,2933
4908,kgz,Kyrgyz Republic,2009,422,490,0,912,0,912,2611,427,3038,3038
4909,kgz,Kyrgyz Republic,2010,2462,548,0,3010,80000,83010,2748,1560,4308,84308
4910,kgz,Kyrgyz Republic,2011,6097,404,0,6501,163900,170401,3163,1561,4724,168624
4911,kgz,Kyrgyz Republic,2012,4940,348,0,5288,168600,173888,3490,1196,4686,173286
4912,kgz,Kyrgyz Republic,2013,468,379,0,847,0,847,2299,1289,3588,3588
4913,kgz,Kyrgyz Republic,2014,484,210,0,694,0,694,2449,1834,4283,4283
4914,kgz,Kyrgyz Republic,2015,349,160,0,509,0,509,2498,2263,4761,4761
4915,kgz,Kyrgyz Republic,2016,334,120,0,454,0,454,2571,2368,4939,4939
4916,kgz,Kyrgyz Republic,2017,334,107,0,441,0,441,2771,2570,5341,5341
4917,kgz,Kyrgyz Republic,2018,329,105,0,434,0,434,2934,2721,5655,5655
4918,kgz,Kyrgyz Republic,2019,347,164,0,511,0,511,2963,2593,5556,5556
4919,kgz,Kyrgyz Republic,2020,334,343,0,677,0,677,2883,2695,5578,5578
4920,kgz,Kyrgyz Republic,2021,317,681,0,998,0,998,3035,2785,5820,5820
4921,kgz,Kyrgyz Republic,2022,274,669,0,943,0,943,3297,4412,7709,7709
4922,kgz,Kyrgyz Republic,2023,27790,1203,0,28993,0,28993,3324,8041,11365,11365
4923,kgz,Kyrgyz Republic,2024,23678,1735,0,25413,0,25413,3400,11350,14750,14750
4924,kgz,Kyrgyz Republic,2025,1150,1981,53868,56999,0,56999,3337,8072,11409,11409
4925,khm,Cambodia,1964,10000,0,0,10000,0,10000,0,0,0,0
4926,khm,Cambodia,1965,15000,0,0,15000,0,15000,0,0,0,0
4927,khm,Cambodia,1966,17000,0,0,17000,0,17000,0,0,0,0
4928,khm,Cambodia,1967,20000,0,0,20000,0,20000,0,0,0,0
4929,khm,Cambodia,1968,22000,0,0,22000,0,22000,0,0,0,0
4930,khm,Cambodia,1969,22000,0,0,22000,0,22000,0,0,0,0
4931,khm,Cambodia,1970,20000,0,0,20000,0,20000,0,0,0,0
4932,khm,Cambodia,1971,0,0,0,0,0,0,57000,0,57000,57000
4933,khm,Cambodia,1972,0,0,0,0,0,0,55000,0,55000,55000
4934,khm,Cambodia,1973,0,0,0,0,0,0,35000,0,35000,35000
4935,khm,Cambodia,1974,0,0,0,0,0,0,0,0,0,0
4936,khm,Cambodia,1975,0,0,0,0,0,0,18830,0,18830,18830
4937,khm,Cambodia,1976,0,0,0,0,0,0,17200,0,17200,17200
4938,khm,Cambodia,1977,0,0,0,0,0,0,76710,0,76710,76710
4939,khm,Cambodia,1978,0,0,0,0,0,0,165120,0,165120,165120
4940,khm,Cambodia,1979,0,0,0,0,0,0,51100,0,51100,51100
4941,khm,Cambodia,1980,0,0,0,0,0,0,192843,0,192843,192843
4942,khm,Cambodia,1981,0,0,0,0,0,0,135077,0,135077,135077
4943,khm,Cambodia,1982,0,0,0,0,0,0,123398,0,123398,123398
4944,khm,Cambodia,1983,0,0,0,0,0,0,91115,0,91115,91115
4945,khm,Cambodia,1984,0,0,0,0,0,0,72468,0,72468,72468
4946,khm,Cambodia,1985,0,0,0,0,0,0,67518,0,67518,67518
4947,khm,Cambodia,1986,0,0,0,0,0,0,54848,0,54848,54848
4948,khm,Cambodia,1987,0,0,0,0,0,0,48589,0,48589,48589
4949,khm,Cambodia,1988,0,0,0,0,0,0,97758,0,97758,97758
4950,khm,Cambodia,1989,0,0,0,0,0,0,75725,0,75725,75725
4951,khm,Cambodia,1990,0,0,0,0,0,0,54364,0,54364,54364
4952,khm,Cambodia,1991,0,0,0,0,0,0,43166,0,43166,43166
4953,khm,Cambodia,1992,0,0,0,0,0,0,28849,0,28849,28849
4954,khm,Cambodia,1993,5,0,0,5,0,5,9751,0,9751,9751
4955,khm,Cambodia,1994,12,0,0,12,124100,124112,8536,0,8536,132636
4956,khm,Cambodia,1995,12,0,0,12,49700,49712,61224,0,61224,110924
4957,khm,Cambodia,1996,18,0,0,18,29406,29424,62240,0,62240,91646
4958,khm,Cambodia,1997,16,0,0,16,0,16,103239,0,103239,103239
4959,khm,Cambodia,1998,20,0,0,20,0,20,76575,0,76575,76575
4960,khm,Cambodia,1999,20,0,0,20,0,20,38318,0,38318,38318
4961,khm,Cambodia,2000,29,162,0,191,0,191,36851,301,37152,37152
4962,khm,Cambodia,2001,47,1045,0,1092,0,1092,34756,304,35060,35060
4963,khm,Cambodia,2002,192,76,0,268,0,268,33451,465,33916,33916
4964,khm,Cambodia,2003,76,44,0,120,0,120,31404,461,31865,31865
4965,khm,Cambodia,2004,380,315,0,695,0,695,18109,501,18610,18610
4966,khm,Cambodia,2005,122,65,0,187,0,187,17804,856,18660,18660
4967,khm,Cambodia,2006,92,124,0,216,0,216,17963,668,18631,18631
4968,khm,Cambodia,2007,175,237,0,412,0,412,17700,415,18115,18115
4969,khm,Cambodia,2008,160,59,0,219,0,219,17250,212,17462,17462
4970,khm,Cambodia,2009,131,30,0,161,0,161,17022,220,17242,17242
4971,khm,Cambodia,2010,124,49,0,173,0,173,16308,137,16445,16445
4972,khm,Cambodia,2011,61,45,0,106,0,106,15201,182,15383,15383
4973,khm,Cambodia,2012,75,20,0,95,0,95,14016,214,14230,14230
4974,khm,Cambodia,2013,64,6,0,70,0,70,13738,231,13969,13969
4975,khm,Cambodia,2014,59,38,0,97,0,97,13066,257,13323,13323
4976,khm,Cambodia,2015,74,24,0,98,0,98,12802,372,13174,13174
4977,khm,Cambodia,2016,61,170,0,231,0,231,12428,380,12808,12808
4978,khm,Cambodia,2017,61,44,0,105,0,105,12238,1578,13816,13816
4979,khm,Cambodia,2018,0,0,0,0,0,0,12139,749,12888,12888
4980,khm,Cambodia,2019,0,27,0,27,0,27,11986,846,12832,12832
4981,khm,Cambodia,2020,0,12,0,12,0,12,11862,916,12778,12778
4982,khm,Cambodia,2021,24,12,0,36,0,36,12072,893,12965,12965
4983,khm,Cambodia,2022,24,12,0,36,0,36,11700,978,12678,12678
4984,khm,Cambodia,2023,24,5,0,29,0,29,11624,959,12583,12583
4985,khm,Cambodia,2024,23,5,0,28,0,28,11474,1521,12995,12995
4986,khm,Cambodia,2025,23,5,0,28,517555,517583,11332,1646,12978,530533
4987,kir,Kiribati,2003,0,0,0,0,0,0,15,0,15,15
4988,kir,Kiribati,2004,0,0,0,0,0,0,31,0,31,31
4989,kir,Kiribati,2005,0,0,0,0,0,0,31,5,36,36
4990,kir,Kiribati,2006,0,0,0,0,0,0,39,5,44,44
4991,kir,Kiribati,2007,0,0,0,0,0,0,36,0,36,36
4992,kir,Kiribati,2008,0,0,0,0,0,0,36,0,36,36
4993,kir,Kiribati,2009,0,0,0,0,0,0,31,0,31,31
4994,kir,Kiribati,2010,0,0,0,0,0,0,31,0,31,31
4995,kir,Kiribati,2011,0,0,0,0,0,0,31,5,36,36
4996,kir,Kiribati,2012,0,0,0,0,0,0,34,10,44,44
4997,kir,Kiribati,2013,0,0,0,0,0,0,21,0,21,21
4998,kir,Kiribati,2014,0,0,0,0,0,0,5,0,5,5
4999,kir,Kiribati,2015,0,0,0,0,0,0,0,5,5,5
5000,kir,Kiribati,2016,0,0,0,0,0,0,0,0,0,0
5001,kir,Kiribati,2017,0,0,0,0,0,0,0,0,0,0
5002,kir,Kiribati,2018,0,0,0,0,0,0,0,0,0,0
5003,kir,Kiribati,2019,0,0,0,0,0,0,0,0,0,0
5004,kir,Kiribati,2020,0,0,0,0,0,0,0,0,0,0
5005,kir,Kiribati,2021,0,0,0,0,0,0,0,5,5,5
5006,kir,Kiribati,2022,0,0,0,0,0,0,0,30,30,30
5007,kir,Kiribati,2023,0,0,0,0,0,0,0,27,27,27
5008,kir,Kiribati,2024,0,0,0,0,0,0,5,53,58,58
5009,kir,Kiribati,2025,0,0,0,0,0,0,5,52,57,57
5010,kna,St. Kitts and Nevis,2000,0,0,0,0,0,0,0,5,5,5
5011,kna,St. Kitts and Nevis,2001,0,0,0,0,0,0,0,0,0,0
5012,kna,St. Kitts and Nevis,2002,0,0,0,0,0,0,0,5,5,5
5013,kna,St. Kitts and Nevis,2003,0,0,0,0,0,0,0,5,5,5
5014,kna,St. Kitts and Nevis,2004,0,0,0,0,0,0,0,0,0,0
5015,kna,St. Kitts and Nevis,2005,0,0,0,0,0,0,31,0,31,31
5016,kna,St. Kitts and Nevis,2006,0,0,0,0,0,0,0,5,5,5
5017,kna,St. Kitts and Nevis,2007,0,0,0,0,0,0,0,8,8,8
5018,kna,St. Kitts and Nevis,2008,0,0,0,0,0,0,0,8,8,8
5019,kna,St. Kitts and Nevis,2009,0,0,0,0,0,0,0,11,11,11
5020,kna,St. Kitts and Nevis,2010,0,0,0,0,0,0,10,12,22,22
5021,kna,St. Kitts and Nevis,2011,0,0,0,0,0,0,7,14,21,21
5022,kna,St. Kitts and Nevis,2012,0,0,0,0,0,0,10,20,30,30
5023,kna,St. Kitts and Nevis,2013,0,0,0,0,0,0,12,21,33,33
5024,kna,St. Kitts and Nevis,2014,0,0,0,0,0,0,20,7,27,27
5025,kna,St. Kitts and Nevis,2015,0,0,0,0,0,0,25,20,45,45
5026,kna,St. Kitts and Nevis,2016,0,0,0,0,0,0,49,22,71,71
5027,kna,St. Kitts and Nevis,2017,0,5,0,5,0,5,51,18,69,69
5028,kna,St. Kitts and Nevis,2018,5,0,0,5,0,5,58,11,69,69
5029,kna,St. Kitts and Nevis,2019,5,0,0,5,0,5,57,17,74,74
5030,kna,St. Kitts and Nevis,2020,0,0,19,19,0,19,54,18,72,72
5031,kna,St. Kitts and Nevis,2021,0,0,60,60,0,60,47,32,79,79
5032,kna,St. Kitts and Nevis,2022,0,0,0,0,0,0,22,32,54,54
5033,kna,St. Kitts and Nevis,2023,19,0,0,19,0,19,21,59,80,80
5034,kna,St. Kitts and Nevis,2024,5,0,0,5,0,5,27,81,108,108
5035,kna,St. Kitts and Nevis,2025,5,0,0,5,0,5,36,64,100,100
5036,kor,South Korea,1978,70,0,0,70,0,70,0,0,0,0
5037,kor,South Korea,1979,170,0,0,170,0,170,0,0,0,0
5038,kor,South Korea,1980,0,0,0,0,0,0,0,0,0,0
5039,kor,South Korea,1981,60,0,0,60,0,60,0,0,0,0
5040,kor,South Korea,1982,70,0,0,70,0,70,0,0,0,0
5041,kor,South Korea,1983,0,0,0,0,0,0,0,0,0,0
5042,kor,South Korea,1984,0,0,0,0,0,0,0,0,0,0
5043,kor,South Korea,1985,0,0,0,0,0,0,0,0,0,0
5044,kor,South Korea,1986,0,0,0,0,0,0,0,0,0,0
5045,kor,South Korea,1987,60,0,0,60,0,60,0,0,0,0
5046,kor,South Korea,1988,120,0,0,120,0,120,0,0,0,0
5047,kor,South Korea,1989,230,0,0,230,0,230,0,0,0,0
5048,kor,South Korea,1990,230,0,0,230,0,230,0,0,0,0
5049,kor,South Korea,1991,162,0,0,162,0,162,5,0,5,5
5050,kor,South Korea,1992,149,0,0,149,0,149,5,0,5,5
5051,kor,South Korea,1993,0,0,0,0,0,0,5,0,5,5
5052,kor,South Korea,1994,0,0,0,0,0,0,17,0,17,17
5053,kor,South Korea,1995,5,0,0,5,0,5,29,0,29,29
5054,kor,South Korea,1996,5,0,0,5,0,5,40,0,40,40
5055,kor,South Korea,1997,5,0,0,5,0,5,50,0,50,50
5056,kor,South Korea,1998,0,0,0,0,0,0,63,0,63,63
5057,kor,South Korea,1999,5,0,0,5,0,5,72,0,72,72
5058,kor,South Korea,2000,5,37,0,42,0,42,69,359,428,428
5059,kor,South Korea,2001,5,66,0,71,0,71,83,471,554,554
5060,kor,South Korea,2002,15,62,0,77,0,77,244,604,848,848
5061,kor,South Korea,2003,20,126,0,146,0,146,236,499,735,735
5062,kor,South Korea,2004,37,238,0,275,0,275,269,307,576,576
5063,kor,South Korea,2005,61,509,0,570,0,570,266,321,587,587
5064,kor,South Korea,2006,90,617,0,707,0,707,1333,308,1641,1641
5065,kor,South Korea,2007,108,1152,0,1260,0,1260,1183,384,1567,1567
5066,kor,South Korea,2008,162,1287,0,1449,0,1449,1099,509,1608,1608
5067,kor,South Korea,2009,253,643,0,896,0,896,567,318,885,885
5068,kor,South Korea,2010,352,694,0,1046,0,1046,578,233,811,811
5069,kor,South Korea,2011,389,1159,0,1548,0,1548,508,173,681,681
5070,kor,South Korea,2012,488,1526,0,2014,0,2014,555,183,738,738
5071,kor,South Korea,2013,548,2387,0,2935,0,2935,495,212,707,707
5072,kor,South Korea,2014,1164,3470,0,4634,0,4634,478,282,760,760
5073,kor,South Korea,2015,1455,5426,0,6881,0,6881,346,252,598,598
5074,kor,South Korea,2016,1798,6835,0,8633,0,8633,243,266,509,509
5075,kor,South Korea,2017,2238,9559,0,11797,0,11797,239,381,620,620
5076,kor,South Korea,2018,2890,19827,0,22717,0,22717,274,536,810,810
5077,kor,South Korea,2019,3196,25562,0,28758,0,28758,180,643,823,823
5078,kor,South Korea,2020,3443,20073,0,23516,0,23516,146,723,869,869
5079,kor,South Korea,2021,3559,12146,0,15705,0,15705,117,893,1010,1010
5080,kor,South Korea,2022,3825,15952,0,19777,0,19777,132,880,1012,1012
5081,kor,South Korea,2023,4053,26738,0,30791,0,30791,107,939,1046,1046
5082,kor,South Korea,2024,4241,35843,0,40084,0,40084,142,1089,1231,1231
5083,kor,South Korea,2025,4407,39106,0,43513,0,43513,117,630,747,747
5084,kwt,Kuwait,1979,5000,0,0,5000,0,5000,0,0,0,0
5085,kwt,Kuwait,1980,5000,0,0,5000,0,5000,0,0,0,0
5086,kwt,Kuwait,1981,2000,0,0,2000,0,2000,0,0,0,0
5087,kwt,Kuwait,1982,2220,0,0,2220,0,2220,0,0,0,0
5088,kwt,Kuwait,1983,2220,0,0,2220,0,2220,0,0,0,0
5089,kwt,Kuwait,1984,2810,0,0,2810,0,2810,0,0,0,0
5090,kwt,Kuwait,1985,2280,0,0,2280,0,2280,0,0,0,0
5091,kwt,Kuwait,1986,0,0,0,0,0,0,0,0,0,0
5092,kwt,Kuwait,1987,0,0,0,0,0,0,0,0,0,0
5093,kwt,Kuwait,1988,0,0,0,0,0,0,0,0,0,0
5094,kwt,Kuwait,1989,210,0,0,210,0,210,0,0,0,0
5095,kwt,Kuwait,1990,0,0,0,0,0,0,46,0,46,46
5096,kwt,Kuwait,1991,45590,0,0,45590,0,45590,49,0,49,49
5097,kwt,Kuwait,1992,44879,0,0,44879,0,44879,77,0,77,77
5098,kwt,Kuwait,1993,30000,0,0,30000,0,30000,91,0,91,91
5099,kwt,Kuwait,1994,30020,0,0,30020,0,30020,758,0,758,758
5100,kwt,Kuwait,1995,3306,0,0,3306,0,3306,764,0,764,764
5101,kwt,Kuwait,1996,3831,0,0,3831,0,3831,854,0,854,854
5102,kwt,Kuwait,1997,3787,0,0,3787,0,3787,824,0,824,824
5103,kwt,Kuwait,1998,4181,0,0,4181,0,4181,827,0,827,827
5104,kwt,Kuwait,1999,4333,0,0,4333,0,4333,988,0,988,988
5105,kwt,Kuwait,2000,2776,56,0,2832,0,2832,688,98,786,786
5106,kwt,Kuwait,2001,1255,82,0,1337,0,1337,696,146,842,842
5107,kwt,Kuwait,2002,1521,187,0,1708,0,1708,705,116,821,821
5108,kwt,Kuwait,2003,1518,192,0,1710,0,1710,615,104,719,719
5109,kwt,Kuwait,2004,1519,160,0,1679,0,1679,391,89,480,480
5110,kwt,Kuwait,2005,1523,209,0,1732,0,1732,374,65,439,439
5111,kwt,Kuwait,2006,49,527,0,576,0,576,610,123,733,733
5112,kwt,Kuwait,2007,38158,703,0,38861,0,38861,741,104,845,845
5113,kwt,Kuwait,2008,38237,2648,0,40885,0,40885,847,61,908,908
5114,kwt,Kuwait,2009,222,2984,0,3206,0,3206,936,56,992,992
5115,kwt,Kuwait,2010,185,3272,0,3457,0,3457,986,81,1067,1067
5116,kwt,Kuwait,2011,336,1114,0,1450,0,1450,1112,164,1276,1276
5117,kwt,Kuwait,2012,676,831,0,1507,0,1507,1189,135,1324,1324
5118,kwt,Kuwait,2013,633,1029,0,1662,0,1662,971,173,1144,1144
5119,kwt,Kuwait,2014,611,1039,0,1650,0,1650,974,260,1234,1234
5120,kwt,Kuwait,2015,736,903,0,1639,0,1639,1076,431,1507,1507
5121,kwt,Kuwait,2016,935,823,0,1758,0,1758,1013,650,1663,1663
5122,kwt,Kuwait,2017,613,948,0,1561,0,1561,1097,951,2048,2048
5123,kwt,Kuwait,2018,671,983,0,1654,0,1654,1251,1220,2471,2471
5124,kwt,Kuwait,2019,686,1079,0,1765,0,1765,1300,1402,2702,2702
5125,kwt,Kuwait,2020,732,1054,0,1786,0,1786,1422,1415,2837,2837
5126,kwt,Kuwait,2021,720,1085,0,1805,0,1805,1702,1857,3559,3559
5127,kwt,Kuwait,2022,684,960,0,1644,0,1644,1981,2898,4879,4879
5128,kwt,Kuwait,2023,572,879,0,1451,0,1451,2276,2458,4734,4734
5129,kwt,Kuwait,2024,488,783,0,1271,0,1271,3019,3662,6681,6681
5130,kwt,Kuwait,2025,386,611,0,997,0,997,3369,2148,5517,5517
5131,lao,Lao,1972,700,0,0,700,0,700,0,0,0,0
5132,lao,Lao,1973,0,0,0,0,0,0,0,0,0,0
5133,lao,Lao,1974,0,0,0,0,0,0,0,0,0,0
5134,lao,Lao,1975,70,0,0,70,0,70,55510,0,55510,55510
5135,lao,Lao,1976,110,0,0,110,0,110,62720,0,62720,62720
5136,lao,Lao,1977,100,0,0,100,0,100,78970,0,78970,78970
5137,lao,Lao,1978,120,0,0,120,0,120,119180,0,119180,119180
5138,lao,Lao,1979,110,0,0,110,0,110,128770,0,128770,128770
5139,lao,Lao,1980,10370,0,0,10370,0,10370,105256,0,105256,105256
5140,lao,Lao,1981,3500,0,0,3500,0,3500,89990,0,89990,89990
5141,lao,Lao,1982,3500,0,0,3500,0,3500,80588,0,80588,80588
5142,lao,Lao,1983,1260,0,0,1260,0,1260,85043,0,85043,85043
5143,lao,Lao,1984,1200,0,0,1200,0,1200,86673,0,86673,86673
5144,lao,Lao,1985,0,0,0,0,0,0,99303,0,99303,99303
5145,lao,Lao,1986,0,0,0,0,0,0,91214,0,91214,91214
5146,lao,Lao,1987,80,0,0,80,0,80,78894,0,78894,78894
5147,lao,Lao,1988,0,0,0,0,0,0,135866,0,135866,135866
5148,lao,Lao,1989,0,0,0,0,0,0,133496,0,133496,133496
5149,lao,Lao,1990,0,0,0,0,0,0,135634,0,135634,135634
5150,lao,Lao,1991,0,0,0,0,0,0,122328,0,122328,122328
5151,lao,Lao,1992,0,0,0,0,0,0,96158,0,96158,96158
5152,lao,Lao,1993,0,0,0,0,0,0,74500,0,74500,74500
5153,lao,Lao,1994,0,0,0,0,0,0,54895,0,54895,54895
5154,lao,Lao,1995,0,0,0,0,0,0,58197,0,58197,58197
5155,lao,Lao,1996,0,0,0,0,0,0,46908,0,46908,46908
5156,lao,Lao,1997,0,0,0,0,0,0,37369,0,37369,37369
5157,lao,Lao,1998,0,0,0,0,0,0,29018,0,29018,29018
5158,lao,Lao,1999,0,0,0,0,0,0,21393,0,21393,21393
5159,lao,Lao,2000,0,0,0,0,0,0,16090,201,16291,16291
5160,lao,Lao,2001,0,0,0,0,0,0,12625,963,13588,13588
5161,lao,Lao,2002,0,0,0,0,0,0,11233,911,12144,12144
5162,lao,Lao,2003,0,0,0,0,0,0,10360,474,10834,10834
5163,lao,Lao,2004,0,0,0,0,0,0,16114,471,16585,16585
5164,lao,Lao,2005,0,0,0,0,0,0,24441,346,24787,24787
5165,lao,Lao,2006,0,0,0,0,0,0,26445,283,26728,26728
5166,lao,Lao,2007,0,0,0,0,0,0,10012,164,10176,10176
5167,lao,Lao,2008,0,0,0,0,0,0,8596,178,8774,8774
5168,lao,Lao,2009,0,0,0,0,0,0,8397,190,8587,8587
5169,lao,Lao,2010,0,0,0,0,0,0,8412,68,8480,8480
5170,lao,Lao,2011,0,0,0,0,0,0,8086,24,8110,8110
5171,lao,Lao,2012,0,0,0,0,0,0,7981,10,7991,7991
5172,lao,Lao,2013,0,0,0,0,0,0,7736,41,7777,7777
5173,lao,Lao,2014,0,0,0,0,0,0,7476,113,7589,7589
5174,lao,Lao,2015,0,0,0,0,0,0,7359,165,7524,7524
5175,lao,Lao,2016,0,0,0,0,0,0,7229,167,7396,7396
5176,lao,Lao,2017,0,0,0,0,0,0,7056,223,7279,7279
5177,lao,Lao,2018,0,0,0,0,0,0,6943,294,7237,7237
5178,lao,Lao,2019,0,0,0,0,0,0,6757,390,7147,7147
5179,lao,Lao,2020,0,0,0,0,0,0,6665,463,7128,7128
5180,lao,Lao,2021,0,0,0,0,0,0,6778,474,7252,7252
5181,lao,Lao,2022,0,0,0,0,0,0,6653,476,7129,7129
5182,lao,Lao,2023,0,0,0,0,0,0,6551,560,7111,7111
5183,lao,Lao,2024,0,0,0,0,0,0,6556,760,7316,7316
5184,lao,Lao,2025,0,0,0,0,0,0,6489,466,6955,6955
5185,lbn,Lebanon,1964,1310,0,0,1310,0,1310,0,0,0,0
5186,lbn,Lebanon,1965,570,0,0,570,0,570,0,0,0,0
5187,lbn,Lebanon,1966,3430,0,0,3430,0,3430,0,0,0,0
5188,lbn,Lebanon,1967,0,0,0,0,0,0,0,0,0,0
5189,lbn,Lebanon,1968,4510,0,0,4510,0,4510,0,0,0,0
5190,lbn,Lebanon,1969,4510,0,0,4510,0,4510,0,0,0,0
5191,lbn,Lebanon,1970,0,0,0,0,0,0,0,0,0,0
5192,lbn,Lebanon,1971,3050,0,0,3050,0,3050,0,0,0,0
5193,lbn,Lebanon,1972,3340,0,0,3340,0,3340,0,0,0,0
5194,lbn,Lebanon,1973,3830,0,0,3830,0,3830,0,0,0,0
5195,lbn,Lebanon,1974,0,0,0,0,0,0,0,0,0,0
5196,lbn,Lebanon,1975,0,0,0,0,0,0,0,0,0,0
5197,lbn,Lebanon,1976,700000,0,0,700000,0,700000,0,0,0,0
5198,lbn,Lebanon,1977,700000,0,0,700000,0,700000,0,0,0,0
5199,lbn,Lebanon,1978,5000,0,0,5000,0,5000,0,0,0,0
5200,lbn,Lebanon,1979,2900,0,0,2900,0,2900,0,0,0,0
5201,lbn,Lebanon,1980,5000,0,0,5000,0,5000,0,0,0,0
5202,lbn,Lebanon,1981,3200,0,0,3200,0,3200,0,0,0,0
5203,lbn,Lebanon,1982,2800,0,0,2800,0,2800,12590,0,12590,12590
5204,lbn,Lebanon,1983,2920,0,0,2920,0,2920,27270,0,27270,27270
5205,lbn,Lebanon,1984,2920,0,0,2920,0,2920,30060,0,30060,30060
5206,lbn,Lebanon,1985,4890,0,0,4890,0,4890,33140,0,33140,33140
5207,lbn,Lebanon,1986,5920,0,0,5920,0,5920,630,0,630,630
5208,lbn,Lebanon,1987,5900,0,0,5900,0,5900,0,0,0,0
5209,lbn,Lebanon,1988,4420,0,0,4420,0,4420,439,0,439,439
5210,lbn,Lebanon,1989,4350,0,0,4350,0,4350,2197,0,2197,2197
5211,lbn,Lebanon,1990,2550,0,0,2550,0,2550,6993,0,6993,6993
5212,lbn,Lebanon,1991,5223,0,0,5223,0,5223,8501,0,8501,8501
5213,lbn,Lebanon,1992,6012,0,0,6012,0,6012,10257,0,10257,10257
5214,lbn,Lebanon,1993,1187,0,0,1187,0,1187,10629,0,10629,10629
5215,lbn,Lebanon,1994,1359,0,0,1359,0,1359,15649,0,15649,15649
5216,lbn,Lebanon,1995,1867,0,0,1867,0,1867,13513,0,13513,13513
5217,lbn,Lebanon,1996,2408,0,0,2408,0,2408,10888,0,10888,10888
5218,lbn,Lebanon,1997,3062,0,0,3062,0,3062,10228,0,10228,10228
5219,lbn,Lebanon,1998,3684,0,0,3684,0,3684,9782,0,9782,9782
5220,lbn,Lebanon,1999,4172,0,0,4172,0,4172,7677,0,7677,7677
5221,lbn,Lebanon,2000,2672,6023,0,8695,0,8695,10208,1538,11746,11746
5222,lbn,Lebanon,2001,2816,3676,0,6492,0,6492,8754,1887,10641,10641
5223,lbn,Lebanon,2002,2826,156,0,2982,0,2982,26313,2364,28677,28677
5224,lbn,Lebanon,2003,2519,523,0,3042,0,3042,24929,2129,27058,27058
5225,lbn,Lebanon,2004,1753,671,0,2424,0,2424,19854,1610,21464,21464
5226,lbn,Lebanon,2005,1078,1438,0,2516,0,2516,18325,2004,20329,20329
5227,lbn,Lebanon,2006,20164,2557,0,22721,200000,222721,12249,3160,15409,215409
5228,lbn,Lebanon,2007,50330,569,0,50899,70000,120899,13089,2560,15649,85649
5229,lbn,Lebanon,2008,50413,511,0,50924,0,50924,12966,2276,15242,15242
5230,lbn,Lebanon,2009,50398,584,0,50982,0,50982,16250,1755,18005,18005
5231,lbn,Lebanon,2010,8045,1407,0,9452,0,9452,15864,1518,17382,17382
5232,lbn,Lebanon,2011,8971,1725,0,10696,0,10696,15004,1384,16388,16388
5233,lbn,Lebanon,2012,133913,1906,0,135819,0,135819,15100,1976,17076,17076
5234,lbn,Lebanon,2013,856539,2257,0,858796,0,858796,3809,2730,6539,6539
5235,lbn,Lebanon,2014,1154029,7435,0,1161464,0,1161464,4262,3833,8095,8095
5236,lbn,Lebanon,2015,1070844,12114,0,1082958,0,1082958,4353,5985,10338,10338
5237,lbn,Lebanon,2016,1012959,13724,0,1026683,0,1026683,4719,8484,13203,13203
5238,lbn,Lebanon,2017,998876,15321,0,1014197,0,1014197,5301,9285,14586,14586
5239,lbn,Lebanon,2018,949653,16404,0,966057,0,966057,5620,8058,13678,13678
5240,lbn,Lebanon,2019,916141,12095,0,928236,0,928236,5647,8032,13679,13679
5241,lbn,Lebanon,2020,870388,10278,0,880666,0,880666,5495,7964,13459,13459
5242,lbn,Lebanon,2021,845865,8717,0,854582,0,854582,6061,8873,14934,14934
5243,lbn,Lebanon,2022,818861,7995,0,826856,0,826856,6794,10289,17083,17083
5244,lbn,Lebanon,2023,788472,7614,0,796086,0,796086,7392,9793,17185,17185
5245,lbn,Lebanon,2024,758642,6748,0,765390,123774,889164,9534,12125,21659,145433
5246,lbn,Lebanon,2025,535168,7617,0,542785,64417,607202,9568,8798,18366,82783
5247,lbr,Liberia,1969,1000,0,0,1000,0,1000,0,0,0,0
5248,lbr,Liberia,1970,0,0,0,0,0,0,0,0,0,0
5249,lbr,Liberia,1971,60,0,0,60,0,60,0,0,0,0
5250,lbr,Liberia,1972,0,0,0,0,0,0,0,0,0,0
5251,lbr,Liberia,1973,0,0,0,0,0,0,0,0,0,0
5252,lbr,Liberia,1974,0,0,0,0,0,0,0,0,0,0
5253,lbr,Liberia,1975,0,0,0,0,0,0,0,0,0,0
5254,lbr,Liberia,1976,0,0,0,0,0,0,0,0,0,0
5255,lbr,Liberia,1977,1550,0,0,1550,0,1550,0,0,0,0
5256,lbr,Liberia,1978,0,0,0,0,0,0,0,0,0,0
5257,lbr,Liberia,1979,0,0,0,0,0,0,0,0,0,0
5258,lbr,Liberia,1980,0,0,0,0,0,0,0,0,0,0
5259,lbr,Liberia,1981,0,0,0,0,0,0,0,0,0,0
5260,lbr,Liberia,1982,0,0,0,0,0,0,0,0,0,0
5261,lbr,Liberia,1983,90,0,0,90,0,90,0,0,0,0
5262,lbr,Liberia,1984,260,0,0,260,0,260,0,0,0,0
5263,lbr,Liberia,1985,180,0,0,180,0,180,0,0,0,0
5264,lbr,Liberia,1986,250,0,0,250,0,250,0,0,0,0
5265,lbr,Liberia,1987,170,0,0,170,0,170,0,0,0,0
5266,lbr,Liberia,1988,80,0,0,80,0,80,30,0,30,30
5267,lbr,Liberia,1989,250,0,0,250,0,250,50,0,50,50
5268,lbr,Liberia,1990,0,0,0,0,0,0,735687,0,735687,735687
5269,lbr,Liberia,1991,0,0,0,0,0,0,673433,0,673433,673433
5270,lbr,Liberia,1992,100048,0,0,100048,0,100048,520914,0,520914,520914
5271,lbr,Liberia,1993,150155,0,0,150155,0,150155,704048,0,704048,704048
5272,lbr,Liberia,1994,120164,0,0,120164,220000,340164,797834,0,797834,1017834
5273,lbr,Liberia,1995,120082,0,0,120082,320000,440082,744627,0,744627,1064627
5274,lbr,Liberia,1996,120060,0,0,120060,320000,440060,783992,0,783992,1103992
5275,lbr,Liberia,1997,126882,0,0,126882,166000,292882,493324,0,493324,659324
5276,lbr,Liberia,1998,96310,0,0,96310,128292,224602,365390,0,365390,493682
5277,lbr,Liberia,1999,96310,0,0,96310,90584,186894,294685,0,294685,385269
5278,lbr,Liberia,2000,69307,0,0,69307,110686,179993,266926,4196,271122,381808
5279,lbr,Liberia,2001,54753,0,0,54753,196116,250869,244603,6357,250960,447076
5280,lbr,Liberia,2002,64946,7,0,64953,304115,369068,275414,10559,285973,590088
5281,lbr,Liberia,2003,33992,0,0,33992,531616,565608,353340,6186,359526,891142
5282,lbr,Liberia,2004,15168,0,0,15168,498566,513734,335466,7587,343053,841619
5283,lbr,Liberia,2005,10161,25,0,10186,237822,248008,231136,5975,237111,474933
5284,lbr,Liberia,2006,16179,48,0,16227,0,16227,160543,5000,165543,165543
5285,lbr,Liberia,2007,10456,88,0,10544,0,10544,91542,3518,95060,95060
5286,lbr,Liberia,2008,10216,30,0,10246,0,10246,75221,2381,77602,77602
5287,lbr,Liberia,2009,6943,532,0,7475,0,7475,71601,2195,73796,73796
5288,lbr,Liberia,2010,24735,26,0,24761,0,24761,70133,1909,72042,72042
5289,lbr,Liberia,2011,128283,569,0,128852,0,128852,66779,1957,68736,68736
5290,lbr,Liberia,2012,65899,46,0,65945,0,65945,23428,2021,25449,25449
5291,lbr,Liberia,2013,53243,48,0,53291,0,53291,17548,1982,19530,19530
5292,lbr,Liberia,2014,38586,33,0,38619,0,38619,13561,2319,15880,15880
5293,lbr,Liberia,2015,36495,11,0,36506,0,36506,9972,2414,12386,12386
5294,lbr,Liberia,2016,18978,14,0,18992,0,18992,6558,2601,9159,9159
5295,lbr,Liberia,2017,11109,30,0,11139,0,11139,6039,3362,9401,9401
5296,lbr,Liberia,2018,9103,40,0,9143,0,9143,5508,2986,8494,8494
5297,lbr,Liberia,2019,8225,11,0,8236,0,8236,5365,2953,8318,8318
5298,lbr,Liberia,2020,8213,10668,0,18881,0,18881,5195,3073,8268,8268
5299,lbr,Liberia,2021,8169,9818,0,17987,0,17987,5384,3090,8474,8474
5300,lbr,Liberia,2022,620,821,0,1441,0,1441,5156,3093,8249,8249
5301,lbr,Liberia,2023,1164,618,0,1782,0,1782,4838,3904,8742,8742
5302,lbr,Liberia,2024,1167,687,0,1854,0,1854,5086,4466,9552,9552
5303,lbr,Liberia,2025,1172,725,0,1897,0,1897,5117,3725,8842,8842
5304,lby,Libya,1980,0,0,0,0,0,0,205,0,205,205
5305,lby,Libya,1981,0,0,0,0,0,0,226,0,226,226
5306,lby,Libya,1982,0,0,0,0,0,0,259,0,259,259
5307,lby,Libya,1983,0,0,0,0,0,0,275,0,275,275
5308,lby,Libya,1984,0,0,0,0,0,0,291,0,291,291
5309,lby,Libya,1985,0,0,0,0,0,0,327,0,327,327
5310,lby,Libya,1986,0,0,0,0,0,0,304,0,304,304
5311,lby,Libya,1987,0,0,0,0,0,0,250,0,250,250
5312,lby,Libya,1988,0,0,0,0,0,0,659,0,659,659
5313,lby,Libya,1989,0,0,0,0,0,0,653,0,653,653
5314,lby,Libya,1990,0,0,0,0,0,0,579,0,579,579
5315,lby,Libya,1991,0,0,0,0,0,0,841,0,841,841
5316,lby,Libya,1992,0,0,0,0,0,0,687,0,687,687
5317,lby,Libya,1993,1183,0,0,1183,0,1183,595,0,595,595
5318,lby,Libya,1994,2001,0,0,2001,0,2001,669,0,669,669
5319,lby,Libya,1995,3973,0,0,3973,0,3973,622,0,622,622
5320,lby,Libya,1996,7747,0,0,7747,0,7747,271,0,271,271
5321,lby,Libya,1997,8477,0,0,8477,0,8477,266,0,266,266
5322,lby,Libya,1998,10555,0,0,10555,0,10555,432,0,432,432
5323,lby,Libya,1999,10531,0,0,10531,0,10531,563,0,563,563
5324,lby,Libya,2000,11541,208,0,11749,0,11749,603,531,1134,1134
5325,lby,Libya,2001,11662,12,0,11674,0,11674,877,484,1361,1361
5326,lby,Libya,2002,11666,29,0,11695,0,11695,1443,922,2365,2365
5327,lby,Libya,2003,11899,55,0,11954,0,11954,1553,898,2451,2451
5328,lby,Libya,2004,12164,196,0,12360,0,12360,1696,811,2507,2507
5329,lby,Libya,2005,12164,196,0,12360,0,12360,1556,763,2319,2319
5330,lby,Libya,2006,2760,1985,0,4745,0,4745,1557,657,2214,2214
5331,lby,Libya,2007,4090,2771,0,6861,0,6861,1939,613,2552,2552
5332,lby,Libya,2008,6713,4833,0,11546,0,11546,2068,753,2821,2821
5333,lby,Libya,2009,9000,3311,0,12311,0,12311,2189,636,2825,2825
5334,lby,Libya,2010,7922,3185,0,11107,0,11107,2297,558,2855,2855
5335,lby,Libya,2011,10129,2883,0,13012,93565,106577,4372,1954,6326,99891
5336,lby,Libya,2012,7065,6544,0,13609,59425,73034,5233,1894,7127,66552
5337,lby,Libya,2013,25561,6592,0,32153,53579,85732,3298,2068,5366,58945
5338,lby,Libya,2014,27964,8886,0,36850,363067,399917,4187,3886,8073,371140
5339,lby,Libya,2015,9305,27463,0,36768,434869,471637,6077,6042,12119,446988
5340,lby,Libya,2016,9311,29221,0,38532,174510,213042,8831,6521,15352,189862
5341,lby,Libya,2017,9352,35650,0,45002,180937,225939,11205,6842,18047,198984
5342,lby,Libya,2018,8792,47403,0,56195,170491,226686,13868,6786,20654,191145
5343,lby,Libya,2019,4730,40718,0,45448,355672,401120,16033,5986,22019,377691
5344,lby,Libya,2020,4149,40039,0,44188,278177,322365,17523,5440,22963,301140
5345,lby,Libya,2021,3141,36741,0,39882,179047,218929,19090,5717,24807,203854
5346,lby,Libya,2022,2208,42509,0,44717,161613,206330,17811,6076,23887,185500
5347,lby,Libya,2023,1837,54837,0,56674,125802,182476,17958,6054,24012,149814
5348,lby,Libya,2024,200335,76675,0,277010,32791,309801,17235,6358,23593,56384
5349,lby,Libya,2025,552523,105954,0,658477,32791,691268,17161,3802,20963,53754
5350,lca,St. Lucia,1997,5,0,0,5,0,5,0,0,0,0
5351,lca,St. Lucia,1998,0,0,0,0,0,0,5,0,5,5
5352,lca,St. Lucia,1999,0,0,0,0,0,0,10,0,10,10
5353,lca,St. Lucia,2000,0,0,0,0,0,0,12,28,40,40
5354,lca,St. Lucia,2001,0,0,0,0,0,0,9,66,75,75
5355,lca,St. Lucia,2002,0,0,0,0,0,0,12,275,287,287
5356,lca,St. Lucia,2003,0,0,0,0,0,0,16,272,288,288
5357,lca,St. Lucia,2004,0,0,0,0,0,0,32,149,181,181
5358,lca,St. Lucia,2005,0,0,0,0,0,0,96,200,296,296
5359,lca,St. Lucia,2006,0,0,0,0,0,0,163,144,307,307
5360,lca,St. Lucia,2007,0,0,0,0,0,0,227,179,406,406
5361,lca,St. Lucia,2008,0,0,0,0,0,0,288,336,624,624
5362,lca,St. Lucia,2009,0,5,0,5,0,5,312,597,909,909
5363,lca,St. Lucia,2010,0,6,0,6,0,6,334,683,1017,1017
5364,lca,St. Lucia,2011,0,5,0,5,0,5,432,679,1111,1111
5365,lca,St. Lucia,2012,0,0,0,0,0,0,567,517,1084,1084
5366,lca,St. Lucia,2013,5,0,0,5,0,5,711,257,968,968
5367,lca,St. Lucia,2014,0,0,0,0,0,0,921,35,956,956
5368,lca,St. Lucia,2015,0,0,0,0,0,0,1011,60,1071,1071
5369,lca,St. Lucia,2016,0,0,0,0,0,0,993,196,1189,1189
5370,lca,St. Lucia,2017,0,0,0,0,0,0,995,178,1173,1173
5371,lca,St. Lucia,2018,0,0,0,0,0,0,1025,65,1090,1090
5372,lca,St. Lucia,2019,0,0,0,0,0,0,843,74,917,917
5373,lca,St. Lucia,2020,0,0,0,0,0,0,726,83,809,809
5374,lca,St. Lucia,2021,0,0,0,0,0,0,457,91,548,548
5375,lca,St. Lucia,2022,0,0,0,0,0,0,94,122,216,216
5376,lca,St. Lucia,2023,0,5,0,5,0,5,117,231,348,348
5377,lca,St. Lucia,2024,5,0,0,5,0,5,160,299,459,459
5378,lca,St. Lucia,2025,5,0,0,5,0,5,199,242,441,441
5379,lie,Liechtenstein,2000,70,0,0,70,0,70,0,0,0,0
5380,lie,Liechtenstein,2001,140,184,0,324,0,324,0,0,0,0
5381,lie,Liechtenstein,2002,126,126,0,252,0,252,0,0,0,0
5382,lie,Liechtenstein,2003,147,85,0,232,0,232,0,0,0,0
5383,lie,Liechtenstein,2004,147,61,0,208,0,208,0,0,0,0
5384,lie,Liechtenstein,2005,148,58,0,206,0,206,0,0,0,0
5385,lie,Liechtenstein,2006,274,24,0,298,0,298,0,0,0,0
5386,lie,Liechtenstein,2007,278,10,0,288,0,288,0,0,0,0
5387,lie,Liechtenstein,2008,84,10,0,94,0,94,0,0,0,0
5388,lie,Liechtenstein,2009,86,48,0,134,0,134,0,0,0,0
5389,lie,Liechtenstein,2010,86,35,0,121,0,121,0,0,0,0
5390,lie,Liechtenstein,2011,88,48,0,136,0,136,0,0,0,0
5391,lie,Liechtenstein,2012,103,17,0,120,0,120,0,0,0,0
5392,lie,Liechtenstein,2013,96,20,0,116,0,116,0,0,0,0
5393,lie,Liechtenstein,2014,102,66,0,168,0,168,0,0,0,0
5394,lie,Liechtenstein,2015,146,87,0,233,0,233,0,0,0,0
5395,lie,Liechtenstein,2016,161,78,0,239,0,239,0,0,0,0
5396,lie,Liechtenstein,2017,164,79,0,243,0,243,0,0,0,0
5397,lie,Liechtenstein,2018,166,70,0,236,0,236,0,0,0,0
5398,lie,Liechtenstein,2019,125,29,0,154,0,154,0,14,14,14
5399,lie,Liechtenstein,2020,129,20,0,149,0,149,0,5,5,5
5400,lie,Liechtenstein,2021,133,22,0,155,0,155,5,5,10,10
5401,lie,Liechtenstein,2022,524,6,0,530,0,530,5,5,10,10
5402,lie,Liechtenstein,2023,597,10,0,607,0,607,0,0,0,0
5403,lie,Liechtenstein,2024,841,34,0,875,0,875,0,0,0,0
5404,lie,Liechtenstein,2025,987,37,0,1024,0,1024,0,0,0,0
5405,lka,Sri Lanka,1985,0,0,0,0,0,0,160,0,160,160
5406,lka,Sri Lanka,1986,0,0,0,0,0,0,315,0,315,315
5407,lka,Sri Lanka,1987,0,0,0,0,0,0,219,0,219,219
5408,lka,Sri Lanka,1988,0,0,0,0,0,0,3388,0,3388,3388
5409,lka,Sri Lanka,1989,0,0,0,0,0,0,7692,0,7692,7692
5410,lka,Sri Lanka,1990,0,0,0,0,0,0,208271,0,208271,208271
5411,lka,Sri Lanka,1991,15,0,0,15,0,15,209349,0,209349,209349
5412,lka,Sri Lanka,1992,21,0,0,21,0,21,128115,0,128115,128115
5413,lka,Sri Lanka,1993,19,0,0,19,29400,29419,91837,0,91837,121237
5414,lka,Sri Lanka,1994,11,0,0,11,9090,9101,114454,0,114454,123544
5415,lka,Sri Lanka,1995,12,0,0,12,200000,200012,107587,0,107587,307587
5416,lka,Sri Lanka,1996,11,0,0,11,200000,200011,109576,0,109576,309576
5417,lka,Sri Lanka,1997,21,0,0,21,200000,200021,122277,0,122277,322277
5418,lka,Sri Lanka,1998,25,0,0,25,603025,603050,114971,0,114971,717996
5419,lka,Sri Lanka,1999,18,0,0,18,612518,612536,116698,0,116698,729216
5420,lka,Sri Lanka,2000,12,20,0,32,706514,706546,124156,6499,130655,837169
5421,lka,Sri Lanka,2001,13,30,0,43,731838,731881,122414,6596,129010,860848
5422,lka,Sri Lanka,2002,22,13,0,35,462826,462861,133240,4935,138175,601001
5423,lka,Sri Lanka,2003,26,5,0,31,386104,386135,122005,2966,124971,511075
5424,lka,Sri Lanka,2004,60,48,0,108,351884,351992,114050,3114,117164,469048
5425,lka,Sri Lanka,2005,106,117,0,223,324699,324922,108132,4242,112374,437073
5426,lka,Sri Lanka,2006,162,130,0,292,469165,469457,116948,4724,121672,590837
5427,lka,Sri Lanka,2007,184,196,0,380,459567,459947,134945,5974,140919,600486
5428,lka,Sri Lanka,2008,271,389,0,660,504800,505460,137742,7037,144779,649579
5429,lka,Sri Lanka,2009,251,338,0,589,434900,435489,145711,7566,153277,588177
5430,lka,Sri Lanka,2010,224,134,0,358,273772,274130,141064,8588,149652,423424
5431,lka,Sri Lanka,2011,187,198,0,385,138401,138786,136602,10239,146841,285242
5432,lka,Sri Lanka,2012,109,255,0,364,93482,93846,132720,14018,146738,240220
5433,lka,Sri Lanka,2013,143,1605,0,1748,42191,43939,123074,16133,139207,181398
5434,lka,Sri Lanka,2014,508,945,0,1453,30847,32300,121991,17211,139202,170049
5435,lka,Sri Lanka,2015,781,602,0,1383,44934,46317,121427,14782,136209,181143
5436,lka,Sri Lanka,2016,602,573,0,1175,39730,40905,117472,15462,132934,172664
5437,lka,Sri Lanka,2017,820,629,0,1449,39322,40771,115632,18934,134566,173888
5438,lka,Sri Lanka,2018,796,744,0,1540,35473,37013,113955,14517,128472,163945
5439,lka,Sri Lanka,2019,1041,361,0,1402,25110,26512,110341,16062,126403,151513
5440,lka,Sri Lanka,2020,1008,224,0,1232,25013,26245,142664,15061,157725,182738
5441,lka,Sri Lanka,2021,907,201,0,1108,8767,9875,151112,12209,163321,172088
5442,lka,Sri Lanka,2022,504,221,0,725,8540,9265,148144,15169,163313,171853
5443,lka,Sri Lanka,2023,377,178,0,555,4806,5361,145319,18076,163395,168201
5444,lka,Sri Lanka,2024,232,268,0,500,4806,5306,147033,33347,180380,185186
5445,lka,Sri Lanka,2025,213,271,0,484,4099,4583,148369,33564,181933,186032
5446,lso,Lesotho,1970,70,0,0,70,0,70,0,0,0,0
5447,lso,Lesotho,1971,190,0,0,190,0,190,60,0,60,60
5448,lso,Lesotho,1972,60,0,0,60,0,60,0,0,0,0
5449,lso,Lesotho,1973,180,0,0,180,0,180,0,0,0,0
5450,lso,Lesotho,1974,190,0,0,190,0,190,110,0,110,110
5451,lso,Lesotho,1975,190,0,0,190,0,190,310,0,310,310
5452,lso,Lesotho,1976,900,0,0,900,0,900,0,0,0,0
5453,lso,Lesotho,1977,1130,0,0,1130,0,1130,90,0,90,90
5454,lso,Lesotho,1978,990,0,0,990,0,990,160,0,160,160
5455,lso,Lesotho,1979,690,0,0,690,0,690,160,0,160,160
5456,lso,Lesotho,1980,10000,0,0,10000,0,10000,70,0,70,70
5457,lso,Lesotho,1981,11500,0,0,11500,0,11500,80,0,80,80
5458,lso,Lesotho,1982,11500,0,0,11500,0,11500,0,0,0,0
5459,lso,Lesotho,1983,11500,0,0,11500,0,11500,0,0,0,0
5460,lso,Lesotho,1984,11850,0,0,11850,0,11850,0,0,0,0
5461,lso,Lesotho,1985,11500,0,0,11500,0,11500,0,0,0,0
5462,lso,Lesotho,1986,11500,0,0,11500,0,11500,0,0,0,0
5463,lso,Lesotho,1987,4000,0,0,4000,0,4000,0,0,0,0
5464,lso,Lesotho,1988,4230,0,0,4230,0,4230,0,0,0,0
5465,lso,Lesotho,1989,4248,0,0,4248,0,4248,5,0,5,5
5466,lso,Lesotho,1990,212,0,0,212,0,212,5,0,5,5
5467,lso,Lesotho,1991,220,0,0,220,0,220,5,0,5,5
5468,lso,Lesotho,1992,117,0,0,117,0,117,0,0,0,0
5469,lso,Lesotho,1993,60,0,0,60,0,60,55,0,55,55
5470,lso,Lesotho,1994,57,0,0,57,0,57,0,0,0,0
5471,lso,Lesotho,1995,0,0,0,0,0,0,0,0,0,0
5472,lso,Lesotho,1996,0,0,0,0,0,0,0,0,0,0
5473,lso,Lesotho,1997,0,0,0,0,0,0,0,0,0,0
5474,lso,Lesotho,1998,0,0,0,0,0,0,0,0,0,0
5475,lso,Lesotho,1999,0,0,0,0,0,0,0,0,0,0
5476,lso,Lesotho,2000,0,0,0,0,0,0,0,0,0,0
5477,lso,Lesotho,2001,39,0,0,39,0,39,0,6,6,6
5478,lso,Lesotho,2002,0,0,0,0,0,0,5,5,10,10
5479,lso,Lesotho,2003,0,0,0,0,0,0,5,5,10,10
5480,lso,Lesotho,2004,0,0,0,0,0,0,5,10,15,15
5481,lso,Lesotho,2005,0,0,0,0,0,0,0,6,6,6
5482,lso,Lesotho,2006,0,0,0,0,0,0,5,5,10,10
5483,lso,Lesotho,2007,0,0,0,0,0,0,5,12,17,17
5484,lso,Lesotho,2008,0,0,0,0,0,0,5,17,22,22
5485,lso,Lesotho,2009,0,0,0,0,0,0,5,5,10,10
5486,lso,Lesotho,2010,0,0,0,0,0,0,5,5,10,10
5487,lso,Lesotho,2011,38,0,0,38,0,38,5,158,163,163
5488,lso,Lesotho,2012,33,0,0,33,0,33,5,279,284,284
5489,lso,Lesotho,2013,29,0,0,29,0,29,10,676,686,686
5490,lso,Lesotho,2014,43,0,0,43,0,43,16,665,681,681
5491,lso,Lesotho,2015,31,0,0,31,0,31,16,1091,1107,1107
5492,lso,Lesotho,2016,46,5,0,51,0,51,5,698,703,703
5493,lso,Lesotho,2017,55,28,0,83,0,83,6,20,26,26
5494,lso,Lesotho,2018,56,36,0,92,0,92,6,38,44,44
5495,lso,Lesotho,2019,143,78,0,221,0,221,6,49,55,55
5496,lso,Lesotho,2020,271,179,0,450,0,450,6,38,44,44
5497,lso,Lesotho,2021,296,226,0,522,0,522,6,41,47,47
5498,lso,Lesotho,2022,251,288,0,539,0,539,12,24,36,36
5499,lso,Lesotho,2023,319,363,0,682,0,682,12,41,53,53
5500,lso,Lesotho,2024,419,191,0,610,0,610,25,49,74,74
5501,lso,Lesotho,2025,478,202,0,680,0,680,27,31,58,58
5502,ltu,Lithuania,1990,0,0,0,0,0,0,5,0,5,5
5503,ltu,Lithuania,1991,0,0,0,0,0,0,5,0,5,5
5504,ltu,Lithuania,1992,0,0,0,0,0,0,10,0,10,10
5505,ltu,Lithuania,1993,0,0,0,0,0,0,15,0,15,15
5506,ltu,Lithuania,1994,0,0,0,0,0,0,63,0,63,63
5507,ltu,Lithuania,1995,0,0,0,0,0,0,107,0,107,107
5508,ltu,Lithuania,1996,0,0,0,0,0,0,659,0,659,659
5509,ltu,Lithuania,1997,5,0,0,5,0,5,650,0,650,650
5510,ltu,Lithuania,1998,30,0,0,30,0,30,276,0,276,276
5511,ltu,Lithuania,1999,38,0,0,38,0,38,251,0,251,251
5512,ltu,Lithuania,2000,48,56,0,104,0,104,155,138,293,293
5513,ltu,Lithuania,2001,283,84,0,367,0,367,210,256,466,466
5514,ltu,Lithuania,2002,363,212,0,575,0,575,1365,356,1721,1721
5515,ltu,Lithuania,2003,399,90,0,489,0,489,1535,358,1893,1893
5516,ltu,Lithuania,2004,469,22,0,491,0,491,1470,202,1672,1672
5517,ltu,Lithuania,2005,527,51,0,578,0,578,1440,181,1621,1621
5518,ltu,Lithuania,2006,527,40,0,567,0,567,936,152,1088,1088
5519,ltu,Lithuania,2007,688,25,0,713,0,713,461,83,544,544
5520,ltu,Lithuania,2008,749,93,0,842,0,842,486,60,546,546
5521,ltu,Lithuania,2009,790,69,0,859,0,859,496,110,606,606
5522,ltu,Lithuania,2010,808,67,0,875,0,875,508,120,628,628
5523,ltu,Lithuania,2011,824,73,0,897,0,897,523,111,634,634
5524,ltu,Lithuania,2012,871,70,0,941,0,941,487,90,577,577
5525,ltu,Lithuania,2013,918,74,0,992,0,992,217,76,293,293
5526,ltu,Lithuania,2014,1007,139,0,1146,0,1146,182,57,239,239
5527,ltu,Lithuania,2015,1094,75,0,1169,0,1169,143,64,207,207
5528,ltu,Lithuania,2016,1284,147,0,1431,0,1431,74,78,152,152
5529,ltu,Lithuania,2017,1577,249,0,1826,0,1826,73,95,168,168
5530,ltu,Lithuania,2018,1731,273,0,2004,0,2004,66,89,155,155
5531,ltu,Lithuania,2019,1822,408,0,2230,0,2230,61,76,137,137
5532,ltu,Lithuania,2020,1880,122,0,2002,0,2002,58,78,136,136
5533,ltu,Lithuania,2021,1880,122,0,2002,0,2002,54,114,168,168
5534,ltu,Lithuania,2022,67638,491,0,68129,0,68129,77,128,205,205
5535,ltu,Lithuania,2023,80225,333,0,80558,0,80558,63,122,185,185
5536,ltu,Lithuania,2024,53561,298,0,53859,0,53859,111,151,262,262
5537,ltu,Lithuania,2025,54381,156,0,54537,0,54537,101,78,179,179
5538,lux,Luxembourg,1951,1800,0,0,1800,0,1800,0,0,0,0
5539,lux,Luxembourg,1952,1800,0,0,1800,0,1800,0,0,0,0
5540,lux,Luxembourg,1953,1800,0,0,1800,0,1800,0,0,0,0
5541,lux,Luxembourg,1954,1800,0,0,1800,0,1800,0,0,0,0
5542,lux,Luxembourg,1955,1800,0,0,1800,0,1800,0,0,0,0
5543,lux,Luxembourg,1956,1900,0,0,1900,0,1900,0,0,0,0
5544,lux,Luxembourg,1957,1900,0,0,1900,0,1900,0,0,0,0
5545,lux,Luxembourg,1958,1900,0,0,1900,0,1900,0,0,0,0
5546,lux,Luxembourg,1959,1900,0,0,1900,0,1900,0,0,0,0
5547,lux,Luxembourg,1960,1900,0,0,1900,0,1900,0,0,0,0
5548,lux,Luxembourg,1961,1900,0,0,1900,0,1900,0,0,0,0
5549,lux,Luxembourg,1962,1900,0,0,1900,0,1900,0,0,0,0
5550,lux,Luxembourg,1963,1900,0,0,1900,0,1900,0,0,0,0
5551,lux,Luxembourg,1964,0,0,0,0,0,0,0,0,0,0
5552,lux,Luxembourg,1965,0,0,0,0,0,0,0,0,0,0
5553,lux,Luxembourg,1966,0,0,0,0,0,0,0,0,0,0
5554,lux,Luxembourg,1967,0,0,0,0,0,0,0,0,0,0
5555,lux,Luxembourg,1968,0,0,0,0,0,0,0,0,0,0
5556,lux,Luxembourg,1969,0,0,0,0,0,0,0,0,0,0
5557,lux,Luxembourg,1970,0,0,0,0,0,0,0,0,0,0
5558,lux,Luxembourg,1971,0,0,0,0,0,0,0,0,0,0
5559,lux,Luxembourg,1972,0,0,0,0,0,0,0,0,0,0
5560,lux,Luxembourg,1973,0,0,0,0,0,0,0,0,0,0
5561,lux,Luxembourg,1974,0,0,0,0,0,0,0,0,0,0
5562,lux,Luxembourg,1975,0,0,0,0,0,0,0,0,0,0
5563,lux,Luxembourg,1976,0,0,0,0,0,0,0,0,0,0
5564,lux,Luxembourg,1977,0,0,0,0,0,0,0,0,0,0
5565,lux,Luxembourg,1978,0,0,0,0,0,0,0,0,0,0
5566,lux,Luxembourg,1979,0,0,0,0,0,0,0,0,0,0
5567,lux,Luxembourg,1980,0,0,0,0,0,0,0,0,0,0
5568,lux,Luxembourg,1981,0,0,0,0,0,0,0,0,0,0
5569,lux,Luxembourg,1982,0,0,0,0,0,0,0,0,0,0
5570,lux,Luxembourg,1983,0,0,0,0,0,0,0,0,0,0
5571,lux,Luxembourg,1984,0,0,0,0,0,0,0,0,0,0
5572,lux,Luxembourg,1985,0,0,0,0,0,0,0,0,0,0
5573,lux,Luxembourg,1986,0,0,0,0,0,0,0,0,0,0
5574,lux,Luxembourg,1987,0,0,0,0,0,0,0,0,0,0
5575,lux,Luxembourg,1988,0,0,0,0,0,0,0,0,0,0
5576,lux,Luxembourg,1989,0,0,0,0,0,0,0,0,0,0
5577,lux,Luxembourg,1990,687,0,0,687,0,687,0,0,0,0
5578,lux,Luxembourg,1991,692,0,0,692,0,692,0,0,0,0
5579,lux,Luxembourg,1992,2208,0,0,2208,0,2208,0,0,0,0
5580,lux,Luxembourg,1993,225,0,0,225,0,225,0,0,0,0
5581,lux,Luxembourg,1994,300,0,0,300,0,300,0,0,0,0
5582,lux,Luxembourg,1995,700,0,0,700,0,700,0,0,0,0
5583,lux,Luxembourg,1996,700,0,0,700,0,700,0,0,0,0
5584,lux,Luxembourg,1997,700,0,0,700,0,700,0,0,0,0
5585,lux,Luxembourg,1998,700,0,0,700,0,700,0,0,0,0
5586,lux,Luxembourg,1999,700,0,0,700,0,700,0,0,0,0
5587,lux,Luxembourg,2000,759,0,0,759,0,759,0,0,0,0
5588,lux,Luxembourg,2001,1201,0,0,1201,0,1201,0,0,0,0
5589,lux,Luxembourg,2002,1201,0,0,1201,0,1201,0,0,0,0
5590,lux,Luxembourg,2003,1201,0,0,1201,0,1201,0,0,0,0
5591,lux,Luxembourg,2004,1590,0,0,1590,0,1590,0,0,0,0
5592,lux,Luxembourg,2005,1822,0,0,1822,0,1822,0,0,0,0
5593,lux,Luxembourg,2006,2206,50,0,2256,0,2256,0,0,0,0
5594,lux,Luxembourg,2007,2737,38,0,2775,0,2775,0,0,0,0
5595,lux,Luxembourg,2008,3109,29,0,3138,0,3138,0,0,0,0
5596,lux,Luxembourg,2009,3230,442,0,3672,0,3672,0,0,0,0
5597,lux,Luxembourg,2010,3254,660,0,3914,0,3914,0,0,0,0
5598,lux,Luxembourg,2011,2855,1694,0,4549,0,4549,0,0,0,0
5599,lux,Luxembourg,2012,2910,1239,0,4149,0,4149,0,0,0,0
5600,lux,Luxembourg,2013,901,1003,0,1904,0,1904,0,0,0,0
5601,lux,Luxembourg,2014,1091,1226,0,2317,0,2317,0,0,0,0
5602,lux,Luxembourg,2015,1306,2349,0,3655,0,3655,0,0,0,0
5603,lux,Luxembourg,2016,2020,2186,0,4206,0,4206,0,0,0,0
5604,lux,Luxembourg,2017,2020,1495,0,3515,0,3515,0,0,0,0
5605,lux,Luxembourg,2018,2020,1485,0,3505,0,3505,0,5,5,5
5606,lux,Luxembourg,2019,2548,1785,0,4333,0,4333,5,0,5,5
5607,lux,Luxembourg,2020,5158,1400,0,6558,0,6558,5,0,5,5
5608,lux,Luxembourg,2021,6011,1765,0,7776,0,7776,0,0,0,0
5609,lux,Luxembourg,2022,11952,2615,0,14567,0,14567,5,0,5,5
5610,lux,Luxembourg,2023,13735,3745,0,17480,0,17480,5,0,5,5
5611,lux,Luxembourg,2024,10059,4285,0,14344,0,14344,5,0,5,5
5612,lux,Luxembourg,2025,10284,3050,0,13334,0,13334,20,0,20,20
5613,lva,Latvia,1992,0,0,0,0,0,0,5,0,5,5
5614,lva,Latvia,1993,0,0,0,0,0,0,5,0,5,5
5615,lva,Latvia,1994,0,0,0,0,0,0,95,0,95,95
5616,lva,Latvia,1995,0,0,0,0,0,0,158,0,158,158
5617,lva,Latvia,1996,0,0,0,0,0,0,1956,0,1956,1956
5618,lva,Latvia,1997,0,0,0,0,0,0,1916,0,1916,1916
5619,lva,Latvia,1998,0,0,0,0,0,0,1014,0,1014,1014
5620,lva,Latvia,1999,5,0,0,5,0,5,903,0,903,903
5621,lva,Latvia,2000,5,0,0,5,0,5,484,107,591,591
5622,lva,Latvia,2001,5,0,0,5,0,5,610,178,788,788
5623,lva,Latvia,2002,5,8,0,13,0,13,3080,189,3269,3269
5624,lva,Latvia,2003,16,0,0,16,0,16,3173,198,3371,3371
5625,lva,Latvia,2004,10,0,0,10,0,10,2822,148,2970,2970
5626,lva,Latvia,2005,10,7,0,17,0,17,2428,118,2546,2546
5627,lva,Latvia,2006,22,0,0,22,0,22,1424,100,1524,1524
5628,lva,Latvia,2007,27,11,0,38,0,38,660,37,697,697
5629,lva,Latvia,2008,27,33,0,60,0,60,765,24,789,789
5630,lva,Latvia,2009,40,54,0,94,0,94,787,76,863,863
5631,lva,Latvia,2010,60,43,0,103,0,103,712,177,889,889
5632,lva,Latvia,2011,88,216,0,304,0,304,706,143,849,849
5633,lva,Latvia,2012,113,171,0,284,0,284,662,94,756,756
5634,lva,Latvia,2013,149,183,0,332,0,332,228,66,294,294
5635,lva,Latvia,2014,168,235,0,403,0,403,206,57,263,263
5636,lva,Latvia,2015,193,182,0,375,0,375,187,77,264,264
5637,lva,Latvia,2016,340,151,0,491,0,491,165,96,261,261
5638,lva,Latvia,2017,653,54,0,707,0,707,162,105,267,267
5639,lva,Latvia,2018,664,45,0,709,0,709,152,103,255,255
5640,lva,Latvia,2019,665,41,0,706,0,706,144,98,242,242
5641,lva,Latvia,2020,637,73,0,710,0,710,143,92,235,235
5642,lva,Latvia,2021,705,209,0,914,0,914,122,120,242,242
5643,lva,Latvia,2022,39055,249,0,39304,0,39304,112,172,284,284
5644,lva,Latvia,2023,45761,552,0,46313,0,46313,138,176,314,314
5645,lva,Latvia,2024,49220,263,0,49483,0,49483,179,166,345,345
5646,lva,Latvia,2025,32454,487,0,32941,0,32941,189,91,280,280
5647,mar,Morocco,1951,3000,0,0,3000,0,3000,0,0,0,0
5648,mar,Morocco,1952,2900,0,0,2900,0,2900,0,0,0,0
5649,mar,Morocco,1953,2800,0,0,2800,0,2800,0,0,0,0
5650,mar,Morocco,1954,3500,0,0,3500,0,3500,0,0,0,0
5651,mar,Morocco,1955,0,0,0,0,0,0,0,0,0,0
5652,mar,Morocco,1956,0,0,0,0,0,0,0,0,0,0
5653,mar,Morocco,1957,0,0,0,0,0,0,0,0,0,0
5654,mar,Morocco,1958,2700,0,0,2700,0,2700,0,0,0,0
5655,mar,Morocco,1959,2700,0,0,2700,0,2700,0,0,0,0
5656,mar,Morocco,1960,2700,0,0,2700,0,2700,0,0,0,0
5657,mar,Morocco,1961,2900,0,0,2900,0,2900,0,0,0,0
5658,mar,Morocco,1962,2900,0,0,2900,0,2900,0,0,0,0
5659,mar,Morocco,1963,3200,0,0,3200,0,3200,0,0,0,0
5660,mar,Morocco,1964,3000,0,0,3000,0,3000,0,0,0,0
5661,mar,Morocco,1965,2360,0,0,2360,0,2360,0,0,0,0
5662,mar,Morocco,1966,2180,0,0,2180,0,2180,0,0,0,0
5663,mar,Morocco,1967,3000,0,0,3000,0,3000,0,0,0,0
5664,mar,Morocco,1968,1480,0,0,1480,0,1480,0,0,0,0
5665,mar,Morocco,1969,1440,0,0,1440,0,1440,0,0,0,0
5666,mar,Morocco,1970,1440,0,0,1440,0,1440,0,0,0,0
5667,mar,Morocco,1971,1430,0,0,1430,0,1430,0,0,0,0
5668,mar,Morocco,1972,1380,0,0,1380,0,1380,0,0,0,0
5669,mar,Morocco,1973,860,0,0,860,0,860,0,0,0,0
5670,mar,Morocco,1974,620,0,0,620,0,620,0,0,0,0
5671,mar,Morocco,1975,510,0,0,510,0,510,0,0,0,0
5672,mar,Morocco,1976,360,0,0,360,0,360,0,0,0,0
5673,mar,Morocco,1977,500,0,0,500,0,500,0,0,0,0
5674,mar,Morocco,1978,500,0,0,500,0,500,0,0,0,0
5675,mar,Morocco,1979,500,0,0,500,0,500,0,0,0,0
5676,mar,Morocco,1980,340,0,0,340,0,340,0,0,0,0
5677,mar,Morocco,1981,500,0,0,500,0,500,0,0,0,0
5678,mar,Morocco,1982,510,0,0,510,0,510,0,0,0,0
5679,mar,Morocco,1983,540,0,0,540,0,540,0,0,0,0
5680,mar,Morocco,1984,800,0,0,800,0,800,0,0,0,0
5681,mar,Morocco,1985,860,0,0,860,0,860,0,0,0,0
5682,mar,Morocco,1986,800,0,0,800,0,800,0,0,0,0
5683,mar,Morocco,1987,800,0,0,800,0,800,0,0,0,0
5684,mar,Morocco,1988,800,0,0,800,0,800,5,0,5,5
5685,mar,Morocco,1989,303,0,0,303,0,303,5,0,5,5
5686,mar,Morocco,1990,311,0,0,311,0,311,14,0,14,14
5687,mar,Morocco,1991,322,0,0,322,0,322,46,0,46,46
5688,mar,Morocco,1992,319,0,0,319,0,319,92,0,92,92
5689,mar,Morocco,1993,336,0,0,336,0,336,105,0,105,105
5690,mar,Morocco,1994,336,0,0,336,0,336,179,0,179,179
5691,mar,Morocco,1995,38,0,0,38,0,38,300,0,300,300
5692,mar,Morocco,1996,36,0,0,36,0,36,302,0,302,302
5693,mar,Morocco,1997,42,0,0,42,0,42,309,0,309,309
5694,mar,Morocco,1998,901,0,0,901,0,901,351,0,351,351
5695,mar,Morocco,1999,901,0,0,901,0,901,373,0,373,373
5696,mar,Morocco,2000,2107,0,0,2107,0,2107,394,183,577,577
5697,mar,Morocco,2001,2093,448,0,2541,0,2541,357,270,627,627
5698,mar,Morocco,2002,2127,111,0,2238,0,2238,1266,294,1560,1560
5699,mar,Morocco,2003,2119,174,0,2293,0,2293,1291,263,1554,1554
5700,mar,Morocco,2004,189,174,0,363,0,363,1313,251,1564,1564
5701,mar,Morocco,2005,210,1838,0,2048,0,2048,2914,449,3363,3363
5702,mar,Morocco,2006,495,1368,0,1863,0,1863,4699,582,5281,5281
5703,mar,Morocco,2007,779,667,0,1446,0,1446,4036,463,4499,4499
5704,mar,Morocco,2008,768,439,0,1207,0,1207,3520,526,4046,4046
5705,mar,Morocco,2009,776,315,0,1091,0,1091,2277,603,2880,2880
5706,mar,Morocco,2010,798,269,0,1067,0,1067,2276,832,3108,3108
5707,mar,Morocco,2011,736,602,0,1338,0,1338,2305,1134,3439,3439
5708,mar,Morocco,2012,745,2161,0,2906,0,2906,2394,1759,4153,4153
5709,mar,Morocco,2013,1458,3486,0,4944,0,4944,1290,2864,4154,4154
5710,mar,Morocco,2014,1205,1828,0,3033,0,3033,1523,3221,4744,4744
5711,mar,Morocco,2015,3899,1534,0,5433,0,5433,1760,5575,7335,7335
5712,mar,Morocco,2016,4762,1943,0,6705,0,6705,2240,7251,9491,9491
5713,mar,Morocco,2017,4703,2050,0,6753,0,6753,3089,6853,9942,9942
5714,mar,Morocco,2018,5932,1829,0,7761,0,7761,3873,8163,12036,12036
5715,mar,Morocco,2019,6642,3079,0,9721,0,9721,4642,8322,12964,12964
5716,mar,Morocco,2020,6505,7011,0,13516,0,13516,4467,8239,12706,12706
5717,mar,Morocco,2021,7272,10956,0,18228,0,18228,5385,12632,18017,18017
5718,mar,Morocco,2022,7907,10159,0,18066,0,18066,10435,18121,28556,28556
5719,mar,Morocco,2023,8295,11340,0,19635,0,19635,8827,17328,26155,26155
5720,mar,Morocco,2024,7470,11378,0,18848,0,18848,10609,20302,30911,30911
5721,mar,Morocco,2025,7304,15033,0,22337,0,22337,10400,22120,32520,32520
5722,mco,Monaco,2005,0,0,0,0,0,0,0,5,5,5
5723,mco,Monaco,2006,0,0,0,0,0,0,0,5,5,5
5724,mco,Monaco,2007,0,0,0,0,0,0,0,0,0,0
5725,mco,Monaco,2008,0,0,0,0,0,0,0,0,0,0
5726,mco,Monaco,2009,0,0,0,0,0,0,0,0,0,0
5727,mco,Monaco,2010,0,0,0,0,0,0,0,0,0,0
5728,mco,Monaco,2011,37,0,0,37,0,37,5,0,5,5
5729,mco,Monaco,2012,37,0,0,37,0,37,5,0,5,5
5730,mco,Monaco,2013,34,0,0,34,0,34,5,0,5,5
5731,mco,Monaco,2014,33,0,0,33,0,33,5,6,11,11
5732,mco,Monaco,2015,32,0,0,32,0,32,5,0,5,5
5733,mco,Monaco,2016,27,0,0,27,0,27,5,0,5,5
5734,mco,Monaco,2017,25,0,0,25,0,25,5,0,5,5
5735,mco,Monaco,2018,25,0,0,25,0,25,5,0,5,5
5736,mco,Monaco,2019,22,0,0,22,0,22,5,0,5,5
5737,mco,Monaco,2020,22,0,0,22,0,22,0,0,0,0
5738,mco,Monaco,2021,17,0,0,17,0,17,0,0,0,0
5739,mco,Monaco,2022,17,0,0,17,0,17,0,0,0,0
5740,mco,Monaco,2023,17,0,0,17,0,17,0,0,0,0
5741,mco,Monaco,2024,17,0,0,17,0,17,0,0,0,0
5742,mco,Monaco,2025,17,0,0,17,0,17,0,0,0,0
5743,mda,Moldova,1993,0,0,0,0,0,0,5,0,5,5
5744,mda,Moldova,1994,0,0,0,0,0,0,455,0,455,455
5745,mda,Moldova,1995,0,0,0,0,0,0,524,0,524,524
5746,mda,Moldova,1996,0,0,0,0,0,0,5826,0,5826,5826
5747,mda,Moldova,1997,0,0,0,0,1278,1278,5137,0,5137,6415
5748,mda,Moldova,1998,0,0,0,0,1278,1278,2750,0,2750,4028
5749,mda,Moldova,1999,10,0,0,10,8080,8090,2405,0,2405,10485
5750,mda,Moldova,2000,64,187,0,251,8080,8331,2650,866,3516,11596
5751,mda,Moldova,2001,156,105,0,261,1000,1261,3731,2151,5882,6882
5752,mda,Moldova,2002,172,83,0,255,1000,1255,10121,1520,11641,12641
5753,mda,Moldova,2003,97,131,0,228,0,228,11141,978,12119,12119
5754,mda,Moldova,2004,51,184,0,235,0,235,11936,615,12551,12551
5755,mda,Moldova,2005,79,137,0,216,0,216,12065,569,12634,12634
5756,mda,Moldova,2006,157,60,0,217,0,217,11680,1272,12952,12952
5757,mda,Moldova,2007,140,63,0,203,0,203,4913,909,5822,5822
5758,mda,Moldova,2008,135,18,0,153,0,153,5551,879,6430,6430
5759,mda,Moldova,2009,131,45,0,176,0,176,5928,734,6662,6662
5760,mda,Moldova,2010,132,74,0,206,0,206,6204,635,6839,6839
5761,mda,Moldova,2011,131,42,0,173,0,173,6261,457,6718,6718
5762,mda,Moldova,2012,176,53,0,229,0,229,6148,430,6578,6578
5763,mda,Moldova,2013,237,62,0,299,0,299,2210,877,3087,3087
5764,mda,Moldova,2014,323,130,0,453,0,453,2230,1440,3670,3670
5765,mda,Moldova,2015,434,94,0,528,0,528,2289,3437,5726,5726
5766,mda,Moldova,2016,419,75,0,494,0,494,2316,4354,6670,6670
5767,mda,Moldova,2017,391,61,0,452,0,452,2339,3418,5757,5757
5768,mda,Moldova,2018,409,93,0,502,0,502,2397,4537,6934,6934
5769,mda,Moldova,2019,417,94,0,511,0,511,2427,5653,8080,8080
5770,mda,Moldova,2020,405,59,0,464,0,464,2206,5510,7716,7716
5771,mda,Moldova,2021,349,56,0,405,0,405,2190,6881,9071,9071
5772,mda,Moldova,2022,105374,3620,0,108994,0,108994,4799,7006,11805,11805
5773,mda,Moldova,2023,120947,556,0,121503,0,121503,5343,6410,11753,11753
5774,mda,Moldova,2024,135941,904,0,136845,0,136845,6236,5882,12118,12118
5775,mda,Moldova,2025,149324,594,0,149918,0,149918,5846,3022,8868,8868
5776,mdg,Madagascar,1994,73,0,0,73,0,73,0,0,0,0
5777,mdg,Madagascar,1995,0,0,0,0,0,0,77,0,77,77
5778,mdg,Madagascar,1996,0,0,0,0,0,0,76,0,76,76
5779,mdg,Madagascar,1997,0,0,0,0,0,0,74,0,74,74
5780,mdg,Madagascar,1998,0,0,0,0,0,0,66,0,66,66
5781,mdg,Madagascar,1999,28,0,0,28,0,28,53,0,53,53
5782,mdg,Madagascar,2000,50,0,0,50,0,50,51,15,66,66
5783,mdg,Madagascar,2001,34,0,0,34,0,34,36,5,41,41
5784,mdg,Madagascar,2002,0,0,0,0,0,0,52,15,67,67
5785,mdg,Madagascar,2003,0,0,0,0,0,0,86,29,115,115
5786,mdg,Madagascar,2004,0,0,0,0,0,0,132,14,146,146
5787,mdg,Madagascar,2005,0,0,0,0,0,0,201,15,216,216
5788,mdg,Madagascar,2006,0,0,0,0,0,0,258,22,280,280
5789,mdg,Madagascar,2007,0,0,0,0,0,0,282,5,287,287
5790,mdg,Madagascar,2008,0,0,0,0,0,0,278,20,298,298
5791,mdg,Madagascar,2009,0,0,0,0,0,0,271,31,302,302
5792,mdg,Madagascar,2010,0,0,0,0,0,0,266,18,284,284
5793,mdg,Madagascar,2011,5,0,0,5,0,5,287,11,298,298
5794,mdg,Madagascar,2012,5,0,0,5,0,5,299,27,326,326
5795,mdg,Madagascar,2013,11,0,0,11,0,11,298,168,466,466
5796,mdg,Madagascar,2014,11,5,0,16,0,16,279,200,479,479
5797,mdg,Madagascar,2015,6,10,0,16,0,16,285,166,451,451
5798,mdg,Madagascar,2016,22,27,0,49,0,49,292,53,345,345
5799,mdg,Madagascar,2017,39,57,0,96,0,96,292,73,365,365
5800,mdg,Madagascar,2018,39,90,0,129,0,129,298,111,409,409
5801,mdg,Madagascar,2019,113,128,0,241,0,241,298,264,562,562
5802,mdg,Madagascar,2020,112,189,0,301,0,301,268,338,606,606
5803,mdg,Madagascar,2021,165,122,0,287,0,287,425,373,798,798
5804,mdg,Madagascar,2022,119,114,0,233,0,233,494,567,1061,1061
5805,mdg,Madagascar,2023,49,938,0,987,0,987,558,276,834,834
5806,mdg,Madagascar,2024,83,1173,0,1256,0,1256,604,295,899,899
5807,mdg,Madagascar,2025,87,1279,0,1366,0,1366,637,362,999,999
5808,mdv,Maldives,2004,0,0,0,0,0,0,0,5,5,5
5809,mdv,Maldives,2005,0,0,0,0,0,0,10,0,10,10
5810,mdv,Maldives,2006,0,0,0,0,0,0,15,0,15,15
5811,mdv,Maldives,2007,0,0,0,0,0,0,15,0,15,15
5812,mdv,Maldives,2008,0,0,0,0,0,0,15,0,15,15
5813,mdv,Maldives,2009,0,0,0,0,0,0,15,0,15,15
5814,mdv,Maldives,2010,0,0,0,0,0,0,16,0,16,16
5815,mdv,Maldives,2011,0,0,0,0,0,0,21,0,21,21
5816,mdv,Maldives,2012,0,0,0,0,0,0,22,31,53,53
5817,mdv,Maldives,2013,0,0,0,0,0,0,30,24,54,54
5818,mdv,Maldives,2014,0,0,0,0,0,0,32,5,37,37
5819,mdv,Maldives,2015,0,0,0,0,0,0,39,28,67,67
5820,mdv,Maldives,2016,0,0,0,0,0,0,58,35,93,93
5821,mdv,Maldives,2017,0,0,0,0,0,0,64,34,98,98
5822,mdv,Maldives,2018,0,0,0,0,0,0,74,35,109,109
5823,mdv,Maldives,2019,0,0,0,0,0,0,75,11,86,86
5824,mdv,Maldives,2020,0,0,0,0,0,0,78,23,101,101
5825,mdv,Maldives,2021,0,0,0,0,0,0,80,21,101,101
5826,mdv,Maldives,2022,0,0,0,0,0,0,82,22,104,104
5827,mdv,Maldives,2023,0,0,0,0,0,0,70,27,97,97
5828,mdv,Maldives,2024,0,0,0,0,0,0,76,31,107,107
5829,mdv,Maldives,2025,0,0,0,0,0,0,62,19,81,81
5830,mex,Mexico,1970,3000,0,0,3000,0,3000,0,0,0,0
5831,mex,Mexico,1971,3000,0,0,3000,0,3000,0,0,0,0
5832,mex,Mexico,1972,3000,0,0,3000,0,3000,0,0,0,0
5833,mex,Mexico,1973,4000,0,0,4000,0,4000,0,0,0,0
5834,mex,Mexico,1974,3500,0,0,3500,0,3500,0,0,0,0
5835,mex,Mexico,1975,0,0,0,0,0,0,0,0,0,0
5836,mex,Mexico,1976,0,0,0,0,0,0,0,0,0,0
5837,mex,Mexico,1977,4000,0,0,4000,0,4000,0,0,0,0
5838,mex,Mexico,1978,5000,0,0,5000,0,5000,0,0,0,0
5839,mex,Mexico,1979,5770,0,0,5770,0,5770,0,0,0,0
5840,mex,Mexico,1980,44000,0,0,44000,0,44000,0,0,0,0
5841,mex,Mexico,1981,150000,0,0,150000,0,150000,0,0,0,0
5842,mex,Mexico,1982,167750,0,0,167750,0,167750,0,0,0,0
5843,mex,Mexico,1983,170000,0,0,170000,0,170000,0,0,0,0
5844,mex,Mexico,1984,175000,0,0,175000,0,175000,0,0,0,0
5845,mex,Mexico,1985,175000,0,0,175000,0,175000,0,0,0,0
5846,mex,Mexico,1986,175100,0,0,175100,0,175100,0,0,0,0
5847,mex,Mexico,1987,177090,0,0,177090,0,177090,0,0,0,0
5848,mex,Mexico,1988,356400,0,0,356400,0,356400,0,0,0,0
5849,mex,Mexico,1989,356507,0,0,356507,0,356507,0,0,0,0
5850,mex,Mexico,1990,356400,0,0,356400,0,356400,0,0,0,0
5851,mex,Mexico,1991,360170,0,0,360170,0,360170,0,0,0,0
5852,mex,Mexico,1992,360991,0,0,360991,0,360991,0,0,0,0
5853,mex,Mexico,1993,52472,0,0,52472,0,52472,0,0,0,0
5854,mex,Mexico,1994,47357,0,0,47357,0,47357,248,0,248,248
5855,mex,Mexico,1995,38717,0,0,38717,0,38717,361,0,361,361
5856,mex,Mexico,1996,34569,0,0,34569,0,34569,520,0,520,520
5857,mex,Mexico,1997,31892,0,0,31892,0,31892,663,0,663,663
5858,mex,Mexico,1998,28242,0,0,28242,0,28242,1011,0,1011,1011
5859,mex,Mexico,1999,24506,0,0,24506,0,24506,1358,0,1358,1358
5860,mex,Mexico,2000,18452,6,0,18458,0,18458,1288,13058,14346,14346
5861,mex,Mexico,2001,15452,10,0,15462,0,15462,1592,22473,24065,24065
5862,mex,Mexico,2002,12953,15,0,12968,0,12968,1668,30872,32540,32540
5863,mex,Mexico,2003,6068,66,0,6134,0,6134,1650,26460,28110,28110
5864,mex,Mexico,2004,4336,154,0,4490,0,4490,1740,18831,20571,20571
5865,mex,Mexico,2005,3212,142,0,3354,0,3354,2309,12614,14923,14923
5866,mex,Mexico,2006,3309,128,0,3437,0,3437,3301,11816,15117,15117
5867,mex,Mexico,2007,1603,44,0,1647,0,1647,5568,14761,20329,20329
5868,mex,Mexico,2008,1038,15,0,1053,0,1053,6160,17435,23595,23595
5869,mex,Mexico,2009,1215,87,0,1302,0,1302,6433,20402,26835,26835
5870,mex,Mexico,2010,1364,156,0,1520,0,1520,6809,9956,16765,16765
5871,mex,Mexico,2011,1647,611,0,2258,0,2258,7471,5328,12799,12799
5872,mex,Mexico,2012,1501,353,0,1854,0,1854,8438,3605,12043,12043
5873,mex,Mexico,2013,1814,1347,0,3161,0,3161,9396,12267,21663,21663
5874,mex,Mexico,2014,1820,2862,0,4682,0,4682,10672,29351,40023,40023
5875,mex,Mexico,2015,2904,1344,0,4248,0,4248,11340,46250,57590,57590
5876,mex,Mexico,2016,6178,2636,0,8814,0,8814,10387,64256,74643,74643
5877,mex,Mexico,2017,8993,10357,0,19350,0,19350,11679,85078,96757,96757
5878,mex,Mexico,2018,16530,23833,42104,82467,0,82467,12870,89794,102664,102664
5879,mex,Mexico,2019,28517,69451,52982,150950,0,150950,14621,101654,116275,116275
5880,mex,Mexico,2020,45434,83792,81847,211073,0,211073,15398,111728,127126,127126
5881,mex,Mexico,2021,73448,157150,63179,293777,0,293777,16403,117936,134339,134339
5882,mex,Mexico,2022,95579,210609,53027,359215,262411,621626,17635,126428,144063,406474
5883,mex,Mexico,2023,124784,257396,73753,455933,262411,718344,21869,156309,178178,440589
5884,mex,Mexico,2024,150836,266710,64347,481893,262411,744304,39241,204729,243970,506381
5885,mex,Mexico,2025,152002,173532,64160,389694,262411,652105,41307,236810,278117,540528
5886,mhl,Marshall Islands,2013,0,0,0,0,0,0,5,5,10,10
5887,mhl,Marshall Islands,2014,0,0,0,0,0,0,5,6,11,11
5888,mhl,Marshall Islands,2015,0,0,0,0,0,0,5,6,11,11
5889,mhl,Marshall Islands,2016,0,0,0,0,0,0,5,0,5,5
5890,mhl,Marshall Islands,2017,0,0,0,0,0,0,7,0,7,7
5891,mhl,Marshall Islands,2018,0,0,0,0,0,0,7,0,7,7
5892,mhl,Marshall Islands,2019,0,0,0,0,0,0,7,0,7,7
5893,mhl,Marshall Islands,2020,0,0,0,0,0,0,7,50,57,57
5894,mhl,Marshall Islands,2021,0,0,0,0,0,0,7,0,7,7
5895,mhl,Marshall Islands,2022,0,0,0,0,0,0,0,0,0,0
5896,mhl,Marshall Islands,2023,0,0,0,0,0,0,0,5,5,5
5897,mhl,Marshall Islands,2024,0,0,0,0,0,0,0,10,10,10
5898,mhl,Marshall Islands,2025,0,0,0,0,0,0,0,16,16,16
5899,mkd,"Macedonia, FYR",1992,32000,0,0,32000,0,32000,0,0,0,0
5900,mkd,"Macedonia, FYR",1993,31452,0,0,31452,0,31452,1895,0,1895,1895
5901,mkd,"Macedonia, FYR",1994,14891,0,0,14891,0,14891,346,0,346,346
5902,mkd,"Macedonia, FYR",1995,9048,0,0,9048,0,9048,12881,0,12881,12881
5903,mkd,"Macedonia, FYR",1996,5089,0,0,5089,0,5089,13039,0,13039,13039
5904,mkd,"Macedonia, FYR",1997,3500,0,0,3500,0,3500,12742,0,12742,12742
5905,mkd,"Macedonia, FYR",1998,1700,0,0,1700,0,1700,1934,0,1934,1934
5906,mkd,"Macedonia, FYR",1999,21200,0,0,21200,0,21200,2091,0,2091,2091
5907,mkd,"Macedonia, FYR",2000,9048,0,0,9048,0,9048,2175,505,2680,2680
5908,mkd,"Macedonia, FYR",2001,4362,53,0,4415,16371,20786,12192,2225,14417,30788
5909,mkd,"Macedonia, FYR",2002,2815,62,0,2877,9442,12319,8102,2120,10222,19664
5910,mkd,"Macedonia, FYR",2003,191,2285,0,2476,0,2476,5981,1171,7152,7152
5911,mkd,"Macedonia, FYR",2004,1003,1232,0,2235,0,2235,5106,695,5801,5801
5912,mkd,"Macedonia, FYR",2005,1273,724,0,1997,0,1997,8603,702,9305,9305
5913,mkd,"Macedonia, FYR",2006,1239,205,0,1444,0,1444,7937,1604,9541,9541
5914,mkd,"Macedonia, FYR",2007,1234,166,0,1400,0,1400,8072,1102,9174,9174
5915,mkd,"Macedonia, FYR",2008,1671,95,0,1766,0,1766,7513,1074,8587,8587
5916,mkd,"Macedonia, FYR",2009,1541,68,0,1609,0,1609,7921,868,8789,8789
5917,mkd,"Macedonia, FYR",2010,1397,149,0,1546,0,1546,7880,2842,10722,10722
5918,mkd,"Macedonia, FYR",2011,1129,384,0,1513,0,1513,7677,2262,9939,9939
5919,mkd,"Macedonia, FYR",2012,1076,518,0,1594,0,1594,7582,4644,12226,12226
5920,mkd,"Macedonia, FYR",2013,980,1091,0,2071,0,2071,1622,6681,8303,8303
5921,mkd,"Macedonia, FYR",2014,880,1547,0,2427,0,2427,1752,7788,9540,9540
5922,mkd,"Macedonia, FYR",2015,697,15,0,712,0,712,1769,14609,16378,16378
5923,mkd,"Macedonia, FYR",2016,634,15,0,649,0,649,1730,7054,8784,8784
5924,mkd,"Macedonia, FYR",2017,414,26,0,440,0,440,1653,4038,5691,5691
5925,mkd,"Macedonia, FYR",2018,413,5,0,418,0,418,1721,3228,4949,4949
5926,mkd,"Macedonia, FYR",2019,354,75,0,429,0,429,1784,2526,4310,4310
5927,mkd,"Macedonia, FYR",2020,303,21,0,324,0,324,1576,1715,3291,3291
5928,mkd,"Macedonia, FYR",2021,292,25,0,317,116,433,1842,3982,5824,5940
5929,mkd,"Macedonia, FYR",2022,7065,19,0,7084,0,7084,1862,5185,7047,7047
5930,mkd,"Macedonia, FYR",2023,18898,39,0,18937,0,18937,1938,4689,6627,6627
5931,mkd,"Macedonia, FYR",2024,20911,26,0,20937,0,20937,2013,2468,4481,4481
5932,mkd,"Macedonia, FYR",2025,20822,38,0,20860,0,20860,1886,1332,3218,3218
5933,mli,Mali,1971,60,0,0,60,0,60,0,0,0,0
5934,mli,Mali,1972,0,0,0,0,0,0,0,0,0,0
5935,mli,Mali,1973,0,0,0,0,0,0,0,0,0,0
5936,mli,Mali,1974,0,0,0,0,0,0,0,0,0,0
5937,mli,Mali,1975,0,0,0,0,0,0,0,0,0,0
5938,mli,Mali,1976,0,0,0,0,0,0,0,0,0,0
5939,mli,Mali,1977,0,0,0,0,0,0,0,0,0,0
5940,mli,Mali,1978,0,0,0,0,0,0,0,0,0,0
5941,mli,Mali,1979,0,0,0,0,0,0,0,0,0,0
5942,mli,Mali,1980,0,0,0,0,0,0,0,0,0,0
5943,mli,Mali,1981,0,0,0,0,0,0,0,0,0,0
5944,mli,Mali,1982,0,0,0,0,0,0,0,0,0,0
5945,mli,Mali,1983,0,0,0,0,0,0,0,0,0,0
5946,mli,Mali,1984,0,0,0,0,0,0,0,0,0,0
5947,mli,Mali,1985,0,0,0,0,0,0,0,0,0,0
5948,mli,Mali,1986,50,0,0,50,0,50,0,0,0,0
5949,mli,Mali,1987,50,0,0,50,0,50,0,0,0,0
5950,mli,Mali,1988,50,0,0,50,0,50,0,0,0,0
5951,mli,Mali,1989,50,0,0,50,0,50,0,0,0,0
5952,mli,Mali,1990,13411,0,0,13411,0,13411,0,0,0,0
5953,mli,Mali,1991,13120,0,0,13120,0,13120,14705,0,14705,14705
5954,mli,Mali,1992,13109,0,0,13109,0,13109,71190,0,71190,71190
5955,mli,Mali,1993,15224,0,0,15224,0,15224,98575,0,98575,98575
5956,mli,Mali,1994,15800,0,0,15800,3000,18800,172903,0,172903,175903
5957,mli,Mali,1995,17916,0,0,17916,0,17916,77218,0,77218,77218
5958,mli,Mali,1996,18234,0,0,18234,0,18234,55192,0,55192,55192
5959,mli,Mali,1997,12552,0,0,12552,0,12552,18014,0,18014,18014
5960,mli,Mali,1998,13594,0,0,13594,0,13594,3699,0,3699,3699
5961,mli,Mali,1999,8302,0,0,8302,0,8302,381,0,381,381
5962,mli,Mali,2000,8412,710,0,9122,0,9122,364,185,549,549
5963,mli,Mali,2001,8439,804,0,9243,0,9243,311,367,678,678
5964,mli,Mali,2002,9093,716,0,9809,0,9809,525,314,839,839
5965,mli,Mali,2003,10010,710,0,10720,0,10720,456,222,678,678
5966,mli,Mali,2004,11256,1081,0,12337,0,12337,476,191,667,667
5967,mli,Mali,2005,11232,1829,0,13061,0,13061,512,339,851,851
5968,mli,Mali,2006,10584,1879,0,12463,0,12463,586,411,997,997
5969,mli,Mali,2007,9202,1905,0,11107,0,11107,4489,625,5114,5114
5970,mli,Mali,2008,9574,1910,0,11484,0,11484,1751,738,2489,2489
5971,mli,Mali,2009,13532,1702,0,15234,0,15234,2927,759,3686,3686
5972,mli,Mali,2010,13552,1702,0,15254,0,15254,3659,385,4044,4044
5973,mli,Mali,2011,15618,2497,0,18115,0,18115,4289,389,4678,4678
5974,mli,Mali,2012,13930,236,0,14166,227930,242096,149930,1849,151779,379709
5975,mli,Mali,2013,14317,287,0,14604,254822,269426,152812,6529,159341,414163
5976,mli,Mali,2014,15193,633,0,15826,99816,115642,139249,12230,151479,251295
5977,mli,Mali,2015,15913,336,0,16249,61920,78169,154202,9874,164076,225996
5978,mli,Mali,2016,17510,299,0,17809,36690,54499,156415,9702,166117,202807
5979,mli,Mali,2017,17036,554,0,17590,38172,55762,150305,15086,165391,203563
5980,mli,Mali,2018,26538,917,0,27455,120298,147753,158267,10891,169158,289456
5981,mli,Mali,2019,26672,1004,0,27676,207751,235427,164466,8582,173048,380799
5982,mli,Mali,2020,47380,969,0,48349,332957,381306,164588,11131,175719,508676
5983,mli,Mali,2021,49975,863,0,50838,350110,400948,183392,24287,207679,557789
5984,mli,Mali,2022,60637,880,0,61517,379932,441449,225726,12360,238086,618018
5985,mli,Mali,2023,66443,273,0,66716,354739,421455,249046,14117,263163,617902
5986,mli,Mali,2024,135533,294,0,135827,360591,496418,354075,18463,372538,733129
5987,mli,Mali,2025,286715,322,0,287037,414524,701561,519738,23629,543367,957891
5988,mlt,Malta,1993,505,0,0,505,0,505,0,0,0,0
5989,mlt,Malta,1994,424,0,0,424,0,424,7,0,7,7
5990,mlt,Malta,1995,410,0,0,410,0,410,13,0,13,13
5991,mlt,Malta,1996,357,0,0,357,0,357,18,0,18,18
5992,mlt,Malta,1997,334,0,0,334,0,334,14,0,14,14
5993,mlt,Malta,1998,291,0,0,291,0,291,15,0,15,15
5994,mlt,Malta,1999,271,0,0,271,0,271,23,0,23,23
5995,mlt,Malta,2000,191,10,0,201,0,201,17,5,22,22
5996,mlt,Malta,2001,175,53,0,228,0,228,7,5,12,12
5997,mlt,Malta,2002,311,23,0,334,0,334,7,5,12,12
5998,mlt,Malta,2003,894,54,0,948,0,948,6,8,14,14
5999,mlt,Malta,2004,1561,140,0,1701,0,1701,0,5,5,5
6000,mlt,Malta,2005,1942,147,0,2089,0,2089,0,0,0,0
6001,mlt,Malta,2006,2407,205,0,2612,0,2612,25,5,30,30
6002,mlt,Malta,2007,3003,862,0,3865,0,3865,10,0,10,10
6003,mlt,Malta,2008,4329,1223,0,5552,0,5552,10,0,10,10
6004,mlt,Malta,2009,5951,1824,0,7775,0,7775,10,0,10,10
6005,mlt,Malta,2010,6143,1282,0,7425,0,7425,5,0,5,5
6006,mlt,Malta,2011,6948,1448,0,8396,0,8396,5,0,5,5
6007,mlt,Malta,2012,8242,754,0,8996,0,8996,5,0,5,5
6008,mlt,Malta,2013,9900,900,0,10800,0,10800,5,0,5,5
6009,mlt,Malta,2014,6095,176,0,6271,0,6271,0,0,0,0
6010,mlt,Malta,2015,7068,574,0,7642,0,7642,0,5,5,5
6011,mlt,Malta,2016,7941,868,0,8809,0,8809,0,0,0,0
6012,mlt,Malta,2017,7994,1349,0,9343,0,9343,0,5,5,5
6013,mlt,Malta,2018,8579,1860,0,10439,0,10439,5,10,15,15
6014,mlt,Malta,2019,8908,3681,0,12589,0,12589,5,15,20,20
6015,mlt,Malta,2020,9168,4047,0,13215,0,13215,5,10,15,15
6016,mlt,Malta,2021,9335,3674,0,13009,0,13009,7,5,12,12
6017,mlt,Malta,2022,11098,2070,0,13168,0,13168,0,10,10,10
6018,mlt,Malta,2023,11724,815,0,12539,0,12539,0,6,6,6
6019,mlt,Malta,2024,7814,1470,0,9284,0,9284,10,10,20,20
6020,mlt,Malta,2025,8306,1390,0,9696,0,9696,11,16,27,27
6021,mmr,Myanmar,1972,0,0,0,0,0,0,5700,0,5700,5700
6022,mmr,Myanmar,1973,0,0,0,0,0,0,0,0,0,0
6023,mmr,Myanmar,1974,0,0,0,0,0,0,0,0,0,0
6024,mmr,Myanmar,1975,0,0,0,0,0,0,0,0,0,0
6025,mmr,Myanmar,1976,0,0,0,0,0,0,0,0,0,0
6026,mmr,Myanmar,1977,0,0,0,0,0,0,0,0,0,0
6027,mmr,Myanmar,1978,0,0,0,0,0,0,160000,0,160000,160000
6028,mmr,Myanmar,1979,0,0,0,0,0,0,0,0,0,0
6029,mmr,Myanmar,1980,0,0,0,0,0,0,0,0,0,0
6030,mmr,Myanmar,1981,0,0,0,0,0,0,0,0,0,0
6031,mmr,Myanmar,1982,0,0,0,0,0,0,0,0,0,0
6032,mmr,Myanmar,1983,0,0,0,0,0,0,0,0,0,0
6033,mmr,Myanmar,1984,0,0,0,0,0,0,0,0,0,0
6034,mmr,Myanmar,1985,0,0,0,0,0,0,0,0,0,0
6035,mmr,Myanmar,1986,0,0,0,0,0,0,0,0,0,0
6036,mmr,Myanmar,1987,0,0,0,0,0,0,0,0,0,0
6037,mmr,Myanmar,1988,0,0,0,0,0,0,7,0,7,7
6038,mmr,Myanmar,1989,0,0,0,0,0,0,0,0,0,0
6039,mmr,Myanmar,1990,0,0,0,0,0,0,24,0,24,24
6040,mmr,Myanmar,1991,0,0,0,0,0,0,40052,0,40052,40052
6041,mmr,Myanmar,1992,0,0,0,0,0,0,245127,0,245127,245127
6042,mmr,Myanmar,1993,0,0,0,0,0,0,281571,0,281571,281571
6043,mmr,Myanmar,1994,0,0,0,0,0,0,204512,0,204512,204512
6044,mmr,Myanmar,1995,0,0,0,0,0,0,152301,0,152301,152301
6045,mmr,Myanmar,1996,0,0,0,0,0,0,143019,0,143019,143019
6046,mmr,Myanmar,1997,0,0,0,0,0,0,135771,0,135771,135771
6047,mmr,Myanmar,1998,0,0,0,0,0,0,133408,0,133408,133408
6048,mmr,Myanmar,1999,0,0,0,0,0,0,131661,0,131661,131661
6049,mmr,Myanmar,2000,0,0,0,0,0,0,137121,1013,138134,138134
6050,mmr,Myanmar,2001,0,0,0,0,0,0,145849,1128,146977,146977
6051,mmr,Myanmar,2002,0,0,0,0,0,0,148493,2034,150527,150527
6052,mmr,Myanmar,2003,0,0,0,0,0,0,151370,10560,161930,161930
6053,mmr,Myanmar,2004,0,0,0,0,0,0,160997,10503,171500,171500
6054,mmr,Myanmar,2005,0,0,0,0,0,0,164851,41127,205978,205978
6055,mmr,Myanmar,2006,0,0,0,0,58500,58500,202817,26311,229128,287628
6056,mmr,Myanmar,2007,0,0,0,0,67290,67290,191308,19009,210317,277607
6057,mmr,Myanmar,2008,0,0,0,0,67290,67290,184410,22328,206738,274028
6058,mmr,Myanmar,2009,0,0,0,0,67290,67290,406667,22577,429244,496534
6059,mmr,Myanmar,2010,0,0,0,0,62015,62015,415662,22268,437930,499945
6060,mmr,Myanmar,2011,0,0,0,0,339200,339200,414615,24101,438716,777916
6061,mmr,Myanmar,2012,0,0,0,0,430400,430400,415363,25622,440985,871385
6062,mmr,Myanmar,2013,0,0,0,0,372000,372000,479594,44959,524553,896553
6063,mmr,Myanmar,2014,0,0,0,0,376500,376500,479006,51339,530345,906845
6064,mmr,Myanmar,2015,0,0,0,0,451089,451089,451804,60632,512436,963525
6065,mmr,Myanmar,2016,0,0,0,0,375016,375016,490285,56023,546308,921324
6066,mmr,Myanmar,2017,0,0,0,0,353108,353108,1156742,41088,1197830,1550938
6067,mmr,Myanmar,2018,0,0,0,0,370306,370306,1145149,30459,1175608,1545914
6068,mmr,Myanmar,2019,0,0,0,0,312018,312018,1076826,37457,1114283,1426301
6069,mmr,Myanmar,2020,0,0,0,0,370320,370320,1103245,40207,1143452,1513772
6070,mmr,Myanmar,2021,0,0,0,0,671011,671011,1177327,43878,1221205,1892216
6071,mmr,Myanmar,2022,0,0,0,0,1504848,1504848,1251618,48701,1300319,2805167
6072,mmr,Myanmar,2023,0,0,0,0,2607645,2607645,1283426,54636,1338062,3945707
6073,mmr,Myanmar,2024,0,0,0,0,3513867,3513867,1322503,65946,1388449,4902316
6074,mmr,Myanmar,2025,0,0,0,0,3628840,3628840,1524378,67824,1592202,5221042
6075,mne,Montenegro,2006,6926,11,0,6937,16196,23133,136,123,259,16455
6076,mne,Montenegro,2007,8527,0,0,8527,16155,24682,555,295,850,17005
6077,mne,Montenegro,2008,24739,0,0,24739,0,24739,1280,180,1460,1460
6078,mne,Montenegro,2009,24017,7,0,24024,0,24024,2578,173,2751,2751
6079,mne,Montenegro,2010,16363,5,0,16368,0,16368,3243,181,3424,3424
6080,mne,Montenegro,2011,12871,34,0,12905,0,12905,3699,300,3999,3999
6081,mne,Montenegro,2012,11193,108,0,11301,0,11301,4052,371,4423,4423
6082,mne,Montenegro,2013,8471,189,0,8660,0,8660,542,577,1119,1119
6083,mne,Montenegro,2014,6455,70,0,6525,0,6525,601,1273,1874,1874
6084,mne,Montenegro,2015,1762,18,0,1780,0,1780,646,3015,3661,3661
6085,mne,Montenegro,2016,970,73,0,1043,0,1043,713,1132,1845,1845
6086,mne,Montenegro,2017,794,173,0,967,0,967,704,770,1474,1474
6087,mne,Montenegro,2018,727,162,0,889,0,889,715,633,1348,1348
6088,mne,Montenegro,2019,653,484,0,1137,0,1137,659,606,1265,1265
6089,mne,Montenegro,2020,166,193,0,359,0,359,530,634,1164,1164
6090,mne,Montenegro,2021,175,132,0,307,0,307,623,809,1432,1432
6091,mne,Montenegro,2022,32438,167,0,32605,0,32605,612,955,1567,1567
6092,mne,Montenegro,2023,64733,174,0,64907,0,64907,631,1058,1689,1689
6093,mne,Montenegro,2024,18670,150,0,18820,0,18820,763,1058,1821,1821
6094,mne,Montenegro,2025,12269,175,0,12444,0,12444,696,165,861,861
6095,mng,Mongolia,1996,0,0,0,0,0,0,5,0,5,5
6096,mng,Mongolia,1997,0,0,0,0,0,0,10,0,10,10
6097,mng,Mongolia,1998,0,0,0,0,0,0,17,0,17,17
6098,mng,Mongolia,1999,0,0,0,0,0,0,25,0,25,25
6099,mng,Mongolia,2000,0,0,0,0,0,0,25,597,622,622
6100,mng,Mongolia,2001,0,0,0,0,0,0,57,850,907,907
6101,mng,Mongolia,2002,0,0,0,0,0,0,277,1029,1306,1306
6102,mng,Mongolia,2003,0,0,0,0,0,0,324,693,1017,1017
6103,mng,Mongolia,2004,0,0,0,0,0,0,443,561,1004,1004
6104,mng,Mongolia,2005,0,0,0,0,0,0,655,645,1300,1300
6105,mng,Mongolia,2006,5,0,0,5,0,5,866,1853,2719,2719
6106,mng,Mongolia,2007,5,5,0,10,0,10,1103,1958,3061,3061
6107,mng,Mongolia,2008,11,0,0,11,0,11,1329,2069,3398,3398
6108,mng,Mongolia,2009,11,0,0,11,0,11,1490,2291,3781,3781
6109,mng,Mongolia,2010,12,0,0,12,0,12,1720,1788,3508,3508
6110,mng,Mongolia,2011,0,5,0,5,0,5,1982,1443,3425,3425
6111,mng,Mongolia,2012,5,11,0,16,0,16,2111,941,3052,3052
6112,mng,Mongolia,2013,8,5,0,13,0,13,2054,1255,3309,3309
6113,mng,Mongolia,2014,5,5,0,10,0,10,2162,2204,4366,4366
6114,mng,Mongolia,2015,11,5,0,16,0,16,2198,3529,5727,5727
6115,mng,Mongolia,2016,10,0,0,10,0,10,2282,3831,6113,6113
6116,mng,Mongolia,2017,5,5,0,10,0,10,2227,4169,6396,6396
6117,mng,Mongolia,2018,5,0,0,5,0,5,2249,4389,6638,6638
6118,mng,Mongolia,2019,0,5,0,5,0,5,2364,4057,6421,6421
6119,mng,Mongolia,2020,0,10,0,10,0,10,2277,4127,6404,6404
6120,mng,Mongolia,2021,0,5,0,5,0,5,2508,4673,7181,7181
6121,mng,Mongolia,2022,10,0,0,10,0,10,2413,4940,7353,7353
6122,mng,Mongolia,2023,10,0,0,10,0,10,2393,6327,8720,8720
6123,mng,Mongolia,2024,11,15,0,26,0,26,2501,7517,10018,10018
6124,mng,Mongolia,2025,11,15,0,26,0,26,2403,3679,6082,6082
6125,moz,Mozambique,1964,0,0,0,0,0,0,10000,0,10000,10000
6126,moz,Mozambique,1965,0,0,0,0,0,0,17000,0,17000,17000
6127,moz,Mozambique,1966,0,0,0,0,0,0,20800,0,20800,20800
6128,moz,Mozambique,1967,0,0,0,0,0,0,27750,0,27750,27750
6129,moz,Mozambique,1968,0,0,0,0,0,0,33750,0,33750,33750
6130,moz,Mozambique,1969,0,0,0,0,0,0,43120,0,43120,43120
6131,moz,Mozambique,1970,0,0,0,0,0,0,60070,0,60070,60070
6132,moz,Mozambique,1971,0,0,0,0,0,0,60410,0,60410,60410
6133,moz,Mozambique,1972,0,0,0,0,0,0,64400,0,64400,64400
6134,moz,Mozambique,1973,0,0,0,0,0,0,69800,0,69800,69800
6135,moz,Mozambique,1974,0,0,0,0,0,0,80960,0,80960,80960
6136,moz,Mozambique,1975,44570,0,0,44570,0,44570,34750,0,34750,34750
6137,moz,Mozambique,1976,30000,0,0,30000,0,30000,580,0,580,580
6138,moz,Mozambique,1977,42460,0,0,42460,0,42460,120,0,120,120
6139,moz,Mozambique,1978,100000,0,0,100000,0,100000,130,0,130,130
6140,moz,Mozambique,1979,150000,0,0,150000,0,150000,370,0,370,370
6141,moz,Mozambique,1980,100,0,0,100,0,100,120,0,120,120
6142,moz,Mozambique,1981,100,0,0,100,0,100,5170,0,5170,5170
6143,moz,Mozambique,1982,130,0,0,130,0,130,20200,0,20200,20200
6144,moz,Mozambique,1983,900,0,0,900,0,900,50200,0,50200,50200
6145,moz,Mozambique,1984,820,0,0,820,0,820,51200,0,51200,51200
6146,moz,Mozambique,1985,710,0,0,710,0,710,72250,0,72250,72250
6147,moz,Mozambique,1986,660,0,0,660,0,660,193550,0,193550,193550
6148,moz,Mozambique,1987,400,0,0,400,0,400,635000,0,635000,635000
6149,moz,Mozambique,1988,390,0,0,390,0,390,921237,0,921237,921237
6150,moz,Mozambique,1989,400,0,0,400,0,400,1120756,0,1120756,1120756
6151,moz,Mozambique,1990,420,0,0,420,0,420,1247991,0,1247991,1247991
6152,moz,Mozambique,1991,420,0,0,420,0,420,1316635,0,1316635,1316635
6153,moz,Mozambique,1992,299,0,0,299,0,299,1445474,0,1445474,1445474
6154,moz,Mozambique,1993,202,0,0,202,0,202,1172548,0,1172548,1172548
6155,moz,Mozambique,1994,313,0,0,313,0,313,234495,0,234495,234495
6156,moz,Mozambique,1995,130,0,0,130,0,130,125561,0,125561,125561
6157,moz,Mozambique,1996,200,0,0,200,0,200,34656,0,34656,34656
6158,moz,Mozambique,1997,69,0,0,69,0,69,33652,0,33652,33652
6159,moz,Mozambique,1998,51,0,0,51,0,51,56,0,56,56
6160,moz,Mozambique,1999,219,0,0,219,0,219,26,0,26,26
6161,moz,Mozambique,2000,206,2266,0,2472,0,2472,24,0,24,24
6162,moz,Mozambique,2001,206,5304,0,5510,0,5510,45,12,57,57
6163,moz,Mozambique,2002,206,6972,0,7178,0,7178,129,50,179,179
6164,moz,Mozambique,2003,309,9215,0,9524,0,9524,106,168,274,274
6165,moz,Mozambique,2004,617,4886,0,5503,0,5503,94,310,404,404
6166,moz,Mozambique,2005,1949,4013,0,5962,0,5962,93,366,459,459
6167,moz,Mozambique,2006,2555,4313,0,6868,0,6868,216,6,222,222
6168,moz,Mozambique,2007,2760,4156,0,6916,0,6916,213,678,891,891
6169,moz,Mozambique,2008,3156,4449,0,7605,0,7605,198,678,876,876
6170,moz,Mozambique,2009,3536,4169,0,7705,0,7705,130,5,135,135
6171,moz,Mozambique,2010,4072,5902,0,9974,0,9974,120,11,131,131
6172,moz,Mozambique,2011,4074,9592,0,13666,0,13666,147,346,493,493
6173,moz,Mozambique,2012,4395,8192,0,12587,0,12587,155,865,1020,1020
6174,moz,Mozambique,2013,4443,10664,0,15107,0,15107,51,1427,1478,1478
6175,moz,Mozambique,2014,4534,13316,0,17850,0,17850,55,1408,1463,1463
6176,moz,Mozambique,2015,5624,14819,0,20443,0,20443,55,2193,2248,2248
6177,moz,Mozambique,2016,4663,12976,0,17639,15128,32767,48,5702,5750,20878
6178,moz,Mozambique,2017,4876,18795,0,23671,15128,38799,48,12581,12629,27757
6179,moz,Mozambique,2018,4910,21133,0,26043,0,26043,57,8977,9034,9034
6180,moz,Mozambique,2019,4713,20975,0,25688,180516,206204,77,8734,8811,189327
6181,moz,Mozambique,2020,4757,22442,0,27199,668038,695237,81,8674,8755,676793
6182,moz,Mozambique,2021,4797,24386,0,29183,744949,774132,90,8720,8810,753759
6183,moz,Mozambique,2022,4992,25919,0,30911,1028743,1059654,109,8581,8690,1037433
6184,moz,Mozambique,2023,5152,18438,0,23590,582764,606354,117,8759,8876,591640
6185,moz,Mozambique,2024,5370,18880,0,24250,577545,601795,114,8944,9058,586603
6186,moz,Mozambique,2025,5105,18972,0,24077,461745,485822,119,7207,7326,469071
6187,mrt,Mauritania,1987,50,0,0,50,0,50,0,0,0,0
6188,mrt,Mauritania,1988,0,0,0,0,0,0,0,0,0,0
6189,mrt,Mauritania,1989,15000,0,0,15000,0,15000,48236,0,48236,48236
6190,mrt,Mauritania,1990,60000,0,0,60000,0,60000,65995,0,65995,65995
6191,mrt,Mauritania,1991,35200,0,0,35200,0,35200,79874,0,79874,79874
6192,mrt,Mauritania,1992,37500,0,0,37500,0,37500,79594,0,79594,79594
6193,mrt,Mauritania,1993,51548,0,0,51548,0,51548,67887,0,67887,67887
6194,mrt,Mauritania,1994,82225,0,0,82225,0,82225,68039,0,68039,68039
6195,mrt,Mauritania,1995,34392,0,0,34392,0,34392,84310,0,84310,84310
6196,mrt,Mauritania,1996,15877,0,0,15877,0,15877,83231,0,83231,83231
6197,mrt,Mauritania,1997,7512,0,0,7512,0,7512,70294,0,70294,70294
6198,mrt,Mauritania,1998,26,0,0,26,0,26,70221,0,70221,70221
6199,mrt,Mauritania,1999,221,0,0,221,0,221,29942,0,29942,29942
6200,mrt,Mauritania,2000,350,41,0,391,0,391,29742,1782,31524,31524
6201,mrt,Mauritania,2001,363,27,0,390,0,390,29850,2557,32407,32407
6202,mrt,Mauritania,2002,398,15,0,413,0,413,30130,2972,33102,33102
6203,mrt,Mauritania,2003,475,50,0,525,0,525,30518,2872,33390,33390
6204,mrt,Mauritania,2004,473,110,0,583,0,583,31104,2573,33677,33677
6205,mrt,Mauritania,2005,627,92,0,719,0,719,31650,2297,33947,33947
6206,mrt,Mauritania,2006,771,92,0,863,0,863,33420,1795,35215,35215
6207,mrt,Mauritania,2007,30465,18,0,30483,0,30483,33095,1001,34096,34096
6208,mrt,Mauritania,2008,27036,53,0,27089,0,27089,45592,773,46365,46365
6209,mrt,Mauritania,2009,26789,112,0,26901,0,26901,39134,891,40025,40025
6210,mrt,Mauritania,2010,26709,237,0,26946,0,26946,37721,753,38474,38474
6211,mrt,Mauritania,2011,26535,269,0,26804,0,26804,39919,579,40498,40498
6212,mrt,Mauritania,2012,80500,796,0,81296,0,81296,33747,3028,36775,36775
6213,mrt,Mauritania,2013,92766,839,0,93605,0,93605,34239,3843,38082,38082
6214,mrt,Mauritania,2014,75628,417,0,76045,0,76045,34103,6997,41100,41100
6215,mrt,Mauritania,2015,77390,492,0,77882,0,77882,34656,7474,42130,42130
6216,mrt,Mauritania,2016,74146,573,0,74719,0,74719,36263,7386,43649,43649
6217,mrt,Mauritania,2017,77424,746,0,78170,0,78170,36525,7543,44068,44068
6218,mrt,Mauritania,2018,83183,1126,0,84309,0,84309,37050,8121,45171,45171
6219,mrt,Mauritania,2019,84900,1540,0,86440,0,86440,37423,8580,46003,46003
6220,mrt,Mauritania,2020,93607,1960,0,95567,0,95567,37931,9252,47183,47183
6221,mrt,Mauritania,2021,101942,3369,0,105311,0,105311,39279,8705,47984,47984
6222,mrt,Mauritania,2022,100981,5389,0,106370,0,106370,36928,8558,45486,45486
6223,mrt,Mauritania,2023,112549,5927,0,118476,0,118476,37532,18772,56304,56304
6224,mrt,Mauritania,2024,155193,7084,0,162277,0,162277,38111,28422,66533,66533
6225,mrt,Mauritania,2025,301490,7378,0,308868,0,308868,43906,28438,72344,72344
6226,mus,Mauritius,1995,0,0,0,0,0,0,12,0,12,12
6227,mus,Mauritius,1996,0,0,0,0,0,0,10,0,10,10
6228,mus,Mauritius,1997,0,0,0,0,0,0,0,0,0,0
6229,mus,Mauritius,1998,0,0,0,0,0,0,12,0,12,12
6230,mus,Mauritius,1999,43,0,0,43,0,43,5,0,5,5
6231,mus,Mauritius,2000,0,0,0,0,0,0,29,15,44,44
6232,mus,Mauritius,2001,14,0,0,14,0,14,30,21,51,51
6233,mus,Mauritius,2002,0,0,0,0,0,0,39,18,57,57
6234,mus,Mauritius,2003,0,0,0,0,0,0,54,19,73,73
6235,mus,Mauritius,2004,0,0,0,0,0,0,15,11,26,26
6236,mus,Mauritius,2005,0,0,0,0,0,0,22,17,39,39
6237,mus,Mauritius,2006,0,0,0,0,0,0,75,21,96,96
6238,mus,Mauritius,2007,0,0,0,0,0,0,67,15,82,82
6239,mus,Mauritius,2008,0,0,0,0,0,0,20,21,41,41
6240,mus,Mauritius,2009,0,0,0,0,0,0,21,16,37,37
6241,mus,Mauritius,2010,0,0,0,0,0,0,25,40,65,65
6242,mus,Mauritius,2011,0,0,0,0,0,0,36,107,143,143
6243,mus,Mauritius,2012,0,0,0,0,0,0,57,114,171,171
6244,mus,Mauritius,2013,0,0,0,0,0,0,72,120,192,192
6245,mus,Mauritius,2014,0,0,0,0,0,0,91,151,242,242
6246,mus,Mauritius,2015,0,0,0,0,0,0,101,202,303,303
6247,mus,Mauritius,2016,0,5,0,5,0,5,106,203,309,309
6248,mus,Mauritius,2017,5,0,0,5,0,5,130,229,359,359
6249,mus,Mauritius,2018,16,0,0,16,0,16,156,294,450,450
6250,mus,Mauritius,2019,20,5,0,25,0,25,178,304,482,482
6251,mus,Mauritius,2020,20,0,0,20,0,20,176,338,514,514
6252,mus,Mauritius,2021,10,0,0,10,0,10,198,351,549,549
6253,mus,Mauritius,2022,0,0,0,0,0,0,208,428,636,636
6254,mus,Mauritius,2023,5,19,0,24,0,24,245,549,794,794
6255,mus,Mauritius,2024,10,72,0,82,0,82,263,631,894,894
6256,mus,Mauritius,2025,24,233,0,257,0,257,283,440,723,723
6257,mwi,Malawi,1966,0,0,0,0,0,0,150,0,150,150
6258,mwi,Malawi,1967,0,0,0,0,0,0,300,0,300,300
6259,mwi,Malawi,1968,0,0,0,0,0,0,140,0,140,140
6260,mwi,Malawi,1969,0,0,0,0,0,0,190,0,190,190
6261,mwi,Malawi,1970,0,0,0,0,0,0,250,0,250,250
6262,mwi,Malawi,1971,0,0,0,0,0,0,250,0,250,250
6263,mwi,Malawi,1972,0,0,0,0,0,0,250,0,250,250
6264,mwi,Malawi,1973,0,0,0,0,0,0,100,0,100,100
6265,mwi,Malawi,1974,0,0,0,0,0,0,80,0,80,80
6266,mwi,Malawi,1975,0,0,0,0,0,0,30350,0,30350,30350
6267,mwi,Malawi,1976,0,0,0,0,0,0,60,0,60,60
6268,mwi,Malawi,1977,0,0,0,0,0,0,1050,0,1050,1050
6269,mwi,Malawi,1978,0,0,0,0,0,0,310,0,310,310
6270,mwi,Malawi,1979,0,0,0,0,0,0,460,0,460,460
6271,mwi,Malawi,1980,0,0,0,0,0,0,420,0,420,420
6272,mwi,Malawi,1981,0,0,0,0,0,0,70,0,70,70
6273,mwi,Malawi,1982,0,0,0,0,0,0,240,0,240,240
6274,mwi,Malawi,1983,0,0,0,0,0,0,440,0,440,440
6275,mwi,Malawi,1984,0,0,0,0,0,0,440,0,440,440
6276,mwi,Malawi,1985,0,0,0,0,0,0,450,0,450,450
6277,mwi,Malawi,1986,100000,0,0,100000,0,100000,440,0,440,440
6278,mwi,Malawi,1987,401640,0,0,401640,0,401640,450,0,450,450
6279,mwi,Malawi,1988,628133,0,0,628133,0,628133,5,0,5,5
6280,mwi,Malawi,1989,822503,0,0,822503,0,822503,5,0,5,5
6281,mwi,Malawi,1990,926725,0,0,926725,0,926725,55,0,55,55
6282,mwi,Malawi,1991,981812,0,0,981812,0,981812,50,0,50,50
6283,mwi,Malawi,1992,1058498,0,0,1058498,0,1058498,50,0,50,50
6284,mwi,Malawi,1993,713605,0,0,713605,0,713605,43,0,43,43
6285,mwi,Malawi,1994,90242,0,0,90242,0,90242,60,0,60,60
6286,mwi,Malawi,1995,1018,0,0,1018,0,1018,37,0,37,37
6287,mwi,Malawi,1996,1267,0,0,1267,0,1267,40,0,40,40
6288,mwi,Malawi,1997,278,0,0,278,0,278,37,0,37,37
6289,mwi,Malawi,1998,1241,0,0,1241,0,1241,27,0,27,27
6290,mwi,Malawi,1999,1692,0,0,1692,0,1692,34,0,34,34
6291,mwi,Malawi,2000,3900,0,0,3900,0,3900,34,5,39,39
6292,mwi,Malawi,2001,6200,0,0,6200,0,6200,26,12,38,38
6293,mwi,Malawi,2002,2170,11065,0,13235,0,13235,48,147,195,195
6294,mwi,Malawi,2003,3208,8846,0,12054,0,12054,60,1450,1510,1510
6295,mwi,Malawi,2004,3682,3332,0,7014,0,7014,95,2937,3032,3032
6296,mwi,Malawi,2005,4241,5325,0,9566,0,9566,98,3846,3944,3944
6297,mwi,Malawi,2006,3943,5244,0,9187,0,9187,112,43,155,155
6298,mwi,Malawi,2007,2927,6776,0,9703,0,9703,93,8184,8277,8277
6299,mwi,Malawi,2008,4174,6538,0,10712,0,10712,103,8206,8309,8309
6300,mwi,Malawi,2009,5436,4600,0,10036,0,10036,126,42,168,168
6301,mwi,Malawi,2010,5738,9356,0,15094,0,15094,168,60,228,228
6302,mwi,Malawi,2011,6306,10542,0,16848,0,16848,216,2963,3179,3179
6303,mwi,Malawi,2012,6546,10110,0,16656,0,16656,273,4543,4816,4816
6304,mwi,Malawi,2013,5794,11136,0,16930,0,16930,323,4265,4588,4588
6305,mwi,Malawi,2014,5871,14493,0,20364,0,20364,356,3891,4247,4247
6306,mwi,Malawi,2015,9018,14467,0,23485,0,23485,429,5672,6101,6101
6307,mwi,Malawi,2016,9386,21022,0,30408,0,30408,427,3752,4179,4179
6308,mwi,Malawi,2017,8977,25987,0,34964,0,34964,434,3154,3588,3588
6309,mwi,Malawi,2018,13783,23135,0,36918,0,36918,472,2800,3272,3272
6310,mwi,Malawi,2019,14087,30293,0,44380,0,44380,514,2570,3084,3084
6311,mwi,Malawi,2020,14892,33129,0,48021,0,48021,514,2168,2682,2682
6312,mwi,Malawi,2021,21529,30904,0,52433,0,52433,513,2018,2531,2531
6313,mwi,Malawi,2022,35162,21263,0,56425,0,56425,499,1169,1668,1668
6314,mwi,Malawi,2023,35201,17695,0,52896,0,52896,531,1656,2187,2187
6315,mwi,Malawi,2024,35510,21149,0,56659,0,56659,570,2784,3354,3354
6316,mwi,Malawi,2025,35241,25251,0,60492,0,60492,551,1779,2330,2330
6317,mys,Malaysia,1977,96000,0,0,96000,0,96000,0,0,0,0
6318,mys,Malaysia,1978,141580,0,0,141580,0,141580,0,0,0,0
6319,mys,Malaysia,1979,124880,0,0,124880,0,124880,0,0,0,0
6320,mys,Malaysia,1980,104040,0,0,104040,0,104040,0,0,0,0
6321,mys,Malaysia,1981,103250,0,0,103250,0,103250,0,0,0,0
6322,mys,Malaysia,1982,99240,0,0,99240,0,99240,0,0,0,0
6323,mys,Malaysia,1983,110700,0,0,110700,0,110700,0,0,0,0
6324,mys,Malaysia,1984,109060,0,0,109060,0,109060,0,0,0,0
6325,mys,Malaysia,1985,105310,0,0,105310,0,105310,0,0,0,0
6326,mys,Malaysia,1986,99000,0,0,99000,0,99000,0,0,0,0
6327,mys,Malaysia,1987,99420,0,0,99420,0,99420,0,0,0,0
6328,mys,Malaysia,1988,104553,0,0,104553,0,104553,0,0,0,0
6329,mys,Malaysia,1989,110482,0,0,110482,0,110482,0,0,0,0
6330,mys,Malaysia,1990,14862,0,0,14862,0,14862,0,0,0,0
6331,mys,Malaysia,1991,13947,0,0,13947,0,13947,5,0,5,5
6332,mys,Malaysia,1992,11399,0,0,11399,0,11399,5,0,5,5
6333,mys,Malaysia,1993,145,0,0,145,0,145,5,0,5,5
6334,mys,Malaysia,1994,5298,0,0,5298,0,5298,83,0,83,83
6335,mys,Malaysia,1995,5279,0,0,5279,0,5279,82,0,82,82
6336,mys,Malaysia,1996,5305,0,0,5305,0,5305,105,0,105,105
6337,mys,Malaysia,1997,5277,0,0,5277,0,5277,88,0,88,88
6338,mys,Malaysia,1998,50603,0,0,50603,0,50603,87,0,87,87
6339,mys,Malaysia,1999,50509,0,0,50509,0,50509,83,0,83,83
6340,mys,Malaysia,2000,50477,21,0,50498,0,50498,79,240,319,319
6341,mys,Malaysia,2001,50456,238,0,50694,0,50694,77,312,389,389
6342,mys,Malaysia,2002,50614,1574,0,52188,0,52188,117,480,597,597
6343,mys,Malaysia,2003,7422,9199,0,16621,0,16621,235,325,560,560
6344,mys,Malaysia,2004,24900,10313,0,35213,0,35213,287,175,462,462
6345,mys,Malaysia,2005,33684,10829,0,44513,0,44513,388,184,572,572
6346,mys,Malaysia,2006,37158,9173,0,46331,0,46331,575,135,710,710
6347,mys,Malaysia,2007,32657,6834,0,39491,0,39491,611,112,723,723
6348,mys,Malaysia,2008,36668,9322,0,45990,0,45990,607,128,735,735
6349,mys,Malaysia,2009,66126,10253,0,76379,0,76379,530,148,678,678
6350,mys,Malaysia,2010,81518,11317,0,92835,0,92835,550,116,666,666
6351,mys,Malaysia,2011,86676,10918,0,97594,0,97594,531,136,667,667
6352,mys,Malaysia,2012,90173,11623,0,101796,0,101796,523,170,693,693
6353,mys,Malaysia,2013,97502,43007,0,140509,0,140509,478,266,744,744
6354,mys,Malaysia,2014,99362,51217,0,150579,0,150579,458,948,1406,1406
6355,mys,Malaysia,2015,94158,60393,0,154551,0,154551,435,2823,3258,3258
6356,mys,Malaysia,2016,92256,56313,0,148569,0,148569,453,6163,6616,6616
6357,mys,Malaysia,2017,103837,47509,0,151346,0,151346,540,9478,10018,10018
6358,mys,Malaysia,2018,121305,41801,0,163106,0,163106,817,15037,15854,15854
6359,mys,Malaysia,2019,129102,50619,0,179721,0,179721,906,21259,22165,22165
6360,mys,Malaysia,2020,129902,49822,0,179724,0,179724,1058,21474,22532,22532
6361,mys,Malaysia,2021,132086,49372,0,181458,0,181458,1182,20855,22037,22037
6362,mys,Malaysia,2022,134554,47433,0,181987,0,181987,1359,19764,21123,21123
6363,mys,Malaysia,2023,135872,48571,0,184443,0,184443,999,18810,19809,19809
6364,mys,Malaysia,2024,138417,52926,0,191343,0,191343,1209,12779,13988,13988
6365,mys,Malaysia,2025,150164,63011,0,213175,0,213175,2477,5511,7988,7988
6366,nam,Namibia,1966,0,0,0,0,0,0,180,0,180,180
6367,nam,Namibia,1967,0,0,0,0,0,0,230,0,230,230
6368,nam,Namibia,1968,0,0,0,0,0,0,1330,0,1330,1330
6369,nam,Namibia,1969,0,0,0,0,0,0,840,0,840,840
6370,nam,Namibia,1970,0,0,0,0,0,0,900,0,900,900
6371,nam,Namibia,1971,0,0,0,0,0,0,900,0,900,900
6372,nam,Namibia,1972,0,0,0,0,0,0,1000,0,1000,1000
6373,nam,Namibia,1973,0,0,0,0,0,0,3410,0,3410,3410
6374,nam,Namibia,1974,0,0,0,0,0,0,3420,0,3420,3420
6375,nam,Namibia,1975,0,0,0,0,0,0,3970,0,3970,3970
6376,nam,Namibia,1976,0,0,0,0,0,0,9020,0,9020,9020
6377,nam,Namibia,1977,0,0,0,0,0,0,12930,0,12930,12930
6378,nam,Namibia,1978,0,0,0,0,0,0,35760,0,35760,35760
6379,nam,Namibia,1979,0,0,0,0,0,0,40580,0,40580,40580
6380,nam,Namibia,1980,0,0,0,0,0,0,55620,0,55620,55620
6381,nam,Namibia,1981,0,0,0,0,0,0,74520,0,74520,74520
6382,nam,Namibia,1982,0,0,0,0,0,0,75170,0,75170,75170
6383,nam,Namibia,1983,0,0,0,0,0,0,75110,0,75110,75110
6384,nam,Namibia,1984,0,0,0,0,0,0,77550,0,77550,77550
6385,nam,Namibia,1985,0,0,0,0,0,0,76916,0,76916,76916
6386,nam,Namibia,1986,0,0,0,0,0,0,76966,0,76966,76966
6387,nam,Namibia,1987,0,0,0,0,0,0,75726,0,75726,75726
6388,nam,Namibia,1988,0,0,0,0,0,0,76591,0,76591,76591
6389,nam,Namibia,1989,0,0,0,0,0,0,3704,0,3704,3704
6390,nam,Namibia,1990,0,0,0,0,0,0,532,0,532,532
6391,nam,Namibia,1991,136,0,0,136,0,136,204,0,204,204
6392,nam,Namibia,1992,171,0,0,171,0,171,17,0,17,17
6393,nam,Namibia,1993,584,0,0,584,0,584,133,0,133,133
6394,nam,Namibia,1994,1145,0,0,1145,0,1145,65,0,65,65
6395,nam,Namibia,1995,1679,0,0,1679,0,1679,12,0,12,12
6396,nam,Namibia,1996,2198,0,0,2198,0,2198,13,0,13,13
6397,nam,Namibia,1997,2502,0,0,2502,0,2502,0,0,0,0
6398,nam,Namibia,1998,3816,0,0,3816,0,3816,1900,0,1900,1900
6399,nam,Namibia,1999,7612,0,0,7612,0,7612,702,0,702,702
6400,nam,Namibia,2000,27263,1141,0,28404,0,28404,2307,10,2317,2317
6401,nam,Namibia,2001,30886,1817,0,32703,0,32703,2295,150,2445,2445
6402,nam,Namibia,2002,21649,761,0,22410,0,22410,1298,179,1477,1477
6403,nam,Namibia,2003,19800,1989,0,21789,0,21789,1289,185,1474,1474
6404,nam,Namibia,2004,14773,2040,0,16813,0,16813,1307,184,1491,1491
6405,nam,Namibia,2005,5297,1064,0,6361,0,6361,1221,40,1261,1261
6406,nam,Namibia,2006,5454,1115,0,6569,0,6569,1196,14,1210,1210
6407,nam,Namibia,2007,6522,1201,0,7723,0,7723,1123,16,1139,1139
6408,nam,Namibia,2008,6794,1326,0,8120,0,8120,976,23,999,999
6409,nam,Namibia,2009,7160,1334,0,8494,0,8494,918,43,961,961
6410,nam,Namibia,2010,7249,1411,0,8660,0,8660,1013,345,1358,1358
6411,nam,Namibia,2011,6050,925,0,6975,0,6975,1067,1092,2159,2159
6412,nam,Namibia,2012,1808,1084,0,2892,0,2892,1097,571,1668,1668
6413,nam,Namibia,2013,2330,1153,0,3483,0,3483,1138,276,1414,1414
6414,nam,Namibia,2014,1765,816,0,2581,0,2581,1250,45,1295,1295
6415,nam,Namibia,2015,1730,1102,0,2832,0,2832,1272,60,1332,1332
6416,nam,Namibia,2016,1747,1664,0,3411,0,3411,1363,130,1493,1493
6417,nam,Namibia,2017,2182,1889,0,4071,0,4071,1368,211,1579,1579
6418,nam,Namibia,2018,2394,1516,0,3910,0,3910,1331,332,1663,1663
6419,nam,Namibia,2019,3182,1906,0,5088,0,5088,459,756,1215,1215
6420,nam,Namibia,2020,3578,2214,0,5792,0,5792,457,841,1298,1298
6421,nam,Namibia,2021,3733,2747,0,6480,0,6480,441,915,1356,1356
6422,nam,Namibia,2022,4685,2512,0,7197,0,7197,317,1444,1761,1761
6423,nam,Namibia,2023,5157,1978,0,7135,0,7135,447,1603,2050,2050
6424,nam,Namibia,2024,5258,1317,0,6575,0,6575,646,897,1543,1543
6425,nam,Namibia,2025,5470,1326,0,6796,0,6796,685,358,1043,1043
6426,ner,Niger,1977,1500,0,0,1500,0,1500,0,0,0,0
6427,ner,Niger,1978,0,0,0,0,0,0,0,0,0,0
6428,ner,Niger,1979,0,0,0,0,0,0,0,0,0,0
6429,ner,Niger,1980,0,0,0,0,0,0,0,0,0,0
6430,ner,Niger,1981,0,0,0,0,0,0,0,0,0,0
6431,ner,Niger,1982,0,0,0,0,0,0,0,0,0,0
6432,ner,Niger,1983,0,0,0,0,0,0,0,0,0,0
6433,ner,Niger,1984,0,0,0,0,0,0,0,0,0,0
6434,ner,Niger,1985,0,0,0,0,0,0,0,0,0,0
6435,ner,Niger,1986,0,0,0,0,0,0,0,0,0,0
6436,ner,Niger,1987,0,0,0,0,0,0,0,0,0,0
6437,ner,Niger,1988,0,0,0,0,0,0,0,0,0,0
6438,ner,Niger,1989,0,0,0,0,0,0,0,0,0,0
6439,ner,Niger,1990,792,0,0,792,0,792,0,0,0,0
6440,ner,Niger,1991,1385,0,0,1385,0,1385,0,0,0,0
6441,ner,Niger,1992,3699,0,0,3699,0,3699,22006,0,22006,22006
6442,ner,Niger,1993,16686,0,0,16686,0,16686,22306,0,22306,22306
6443,ner,Niger,1994,15070,0,0,15070,0,15070,22019,0,22019,22019
6444,ner,Niger,1995,27620,0,0,27620,0,27620,10289,0,10289,10289
6445,ner,Niger,1996,25842,0,0,25842,0,25842,10359,0,10359,10359
6446,ner,Niger,1997,7374,0,0,7374,0,7374,2783,0,2783,2783
6447,ner,Niger,1998,3691,0,0,3691,0,3691,418,0,418,418
6448,ner,Niger,1999,350,0,0,350,0,350,508,0,508,508
6449,ner,Niger,2000,59,442,0,501,0,501,483,250,733,733
6450,ner,Niger,2001,79,442,0,521,0,521,478,415,893,893
6451,ner,Niger,2002,296,42,0,338,0,338,829,555,1384,1384
6452,ner,Niger,2003,333,27,0,360,0,360,716,452,1168,1168
6453,ner,Niger,2004,342,32,0,374,0,374,676,351,1027,1027
6454,ner,Niger,2005,297,41,0,338,0,338,642,581,1223,1223
6455,ner,Niger,2006,312,18,0,330,0,330,803,470,1273,1273
6456,ner,Niger,2007,318,14,0,332,0,332,817,261,1078,1078
6457,ner,Niger,2008,316,22,0,338,0,338,789,264,1053,1053
6458,ner,Niger,2009,326,30,0,356,0,356,812,283,1095,1095
6459,ner,Niger,2010,315,11,0,326,0,326,794,319,1113,1113
6460,ner,Niger,2011,301,113,0,414,0,414,805,290,1095,1095
6461,ner,Niger,2012,50509,99,0,50608,0,50608,824,354,1178,1178
6462,ner,Niger,2013,57657,76,0,57733,0,57733,674,419,1093,1093
6463,ner,Niger,2014,77826,103,0,77929,0,77929,728,535,1263,1263
6464,ner,Niger,2015,124717,103,0,124820,137337,262157,1383,763,2146,139483
6465,ner,Niger,2016,166089,61,0,166150,121391,287541,1230,838,2068,123459
6466,ner,Niger,2017,165729,278,0,166007,129015,295022,1363,2399,3762,132777
6467,ner,Niger,2018,175413,3547,0,178960,156137,335097,2715,2053,4768,160905
6468,ner,Niger,2019,179997,37896,0,217893,191902,409795,3063,2420,5483,197385
6469,ner,Niger,2020,233293,3285,0,236578,298458,535036,18853,4105,22958,321416
6470,ner,Niger,2021,249945,16501,0,266446,224016,490462,21901,2686,24587,248603
6471,ner,Niger,2022,255307,46705,0,302012,376809,678821,21946,2759,24705,401514
6472,ner,Niger,2023,269996,35570,0,305566,335277,640843,24794,15517,40311,375588
6473,ner,Niger,2024,369836,51959,0,421795,507438,929233,44119,10775,54894,562332
6474,ner,Niger,2025,385986,50004,0,435990,459585,895575,85591,21662,107253,566838
6475,nga,Nigeria,1968,0,0,0,0,0,0,51100,0,51100,51100
6476,nga,Nigeria,1969,0,0,0,0,0,0,2850,0,2850,2850
6477,nga,Nigeria,1970,0,0,0,0,0,0,0,0,0,0
6478,nga,Nigeria,1971,0,0,0,0,0,0,0,0,0,0
6479,nga,Nigeria,1972,0,0,0,0,0,0,0,0,0,0
6480,nga,Nigeria,1973,0,0,0,0,0,0,0,0,0,0
6481,nga,Nigeria,1974,0,0,0,0,0,0,0,0,0,0
6482,nga,Nigeria,1975,0,0,0,0,0,0,0,0,0,0
6483,nga,Nigeria,1976,50,0,0,50,0,50,0,0,0,0
6484,nga,Nigeria,1977,300,0,0,300,0,300,0,0,0,0
6485,nga,Nigeria,1978,370,0,0,370,0,370,0,0,0,0
6486,nga,Nigeria,1979,400,0,0,400,0,400,0,0,0,0
6487,nga,Nigeria,1980,100000,0,0,100000,0,100000,0,0,0,0
6488,nga,Nigeria,1981,89570,0,0,89570,0,89570,0,0,0,0
6489,nga,Nigeria,1982,5240,0,0,5240,0,5240,0,0,0,0
6490,nga,Nigeria,1983,4620,0,0,4620,0,4620,0,0,0,0
6491,nga,Nigeria,1984,4570,0,0,4570,0,4570,0,0,0,0
6492,nga,Nigeria,1985,5880,0,0,5880,0,5880,0,0,0,0
6493,nga,Nigeria,1986,4760,0,0,4760,0,4760,0,0,0,0
6494,nga,Nigeria,1987,5100,0,0,5100,0,5100,5,0,5,5
6495,nga,Nigeria,1988,5173,0,0,5173,0,5173,15,0,15,15
6496,nga,Nigeria,1989,3781,0,0,3781,0,3781,15,0,15,15
6497,nga,Nigeria,1990,3571,0,0,3571,0,3571,15,0,15,15
6498,nga,Nigeria,1991,3573,0,0,3573,0,3573,22,0,22,22
6499,nga,Nigeria,1992,4782,0,0,4782,0,4782,75,0,75,75
6500,nga,Nigeria,1993,4819,0,0,4819,0,4819,95,0,95,95
6501,nga,Nigeria,1994,6025,0,0,6025,0,6025,587,0,587,587
6502,nga,Nigeria,1995,8118,0,0,8118,0,8118,1942,0,1942,1942
6503,nga,Nigeria,1996,8486,0,0,8486,0,8486,4751,0,4751,4751
6504,nga,Nigeria,1997,9071,0,0,9071,0,9071,3043,0,3043,3043
6505,nga,Nigeria,1998,6782,0,0,6782,0,6782,3998,0,3998,3998
6506,nga,Nigeria,1999,6942,0,0,6942,0,6942,4440,0,4440,4440
6507,nga,Nigeria,2000,7271,0,0,7271,0,7271,5735,3457,9192,9192
6508,nga,Nigeria,2001,7201,137,0,7338,0,7338,6077,4133,10210,10210
6509,nga,Nigeria,2002,7353,25,0,7378,0,7378,24559,7651,32210,32210
6510,nga,Nigeria,2003,9173,1120,0,10293,0,10293,24414,14647,39061,39061
6511,nga,Nigeria,2004,8395,1077,0,9472,0,9472,23882,13254,37136,37136
6512,nga,Nigeria,2005,9017,407,0,9424,0,9424,22123,14015,36138,36138
6513,nga,Nigeria,2006,8761,667,0,9428,0,9428,13242,8361,21603,21603
6514,nga,Nigeria,2007,8463,697,0,9160,0,9160,13898,9725,23623,23623
6515,nga,Nigeria,2008,10127,1216,0,11343,0,11343,14170,10449,24619,24619
6516,nga,Nigeria,2009,9129,1143,0,10272,0,10272,15609,9637,25246,25246
6517,nga,Nigeria,2010,8744,1809,0,10553,0,10553,15645,11912,27557,27557
6518,nga,Nigeria,2011,8803,1526,0,10329,0,10329,17140,10519,27659,27659
6519,nga,Nigeria,2012,3151,1038,0,4189,0,4189,18017,14159,32176,32176
6520,nga,Nigeria,2013,1688,812,0,2500,0,2500,31173,21332,52505,52505
6521,nga,Nigeria,2014,1237,848,0,2085,1188018,1190103,90936,30075,121011,1309029
6522,nga,Nigeria,2015,1387,385,0,1772,2172532,2174304,167973,51353,219326,2391858
6523,nga,Nigeria,2016,1357,464,0,1821,2219272,2221093,229290,66862,296152,2515424
6524,nga,Nigeria,2017,1910,8650,0,10560,1704080,1714640,238977,91924,330901,2034981
6525,nga,Nigeria,2018,34727,940,0,35667,2167925,2203592,276834,84624,361458,2529383
6526,nga,Nigeria,2019,54157,1032,0,55189,2195779,2250968,295578,112382,407960,2603739
6527,nga,Nigeria,2020,66056,2787,0,68843,2610278,2679121,352960,73233,426193,3036471
6528,nga,Nigeria,2021,77132,1658,0,78790,3084916,3163706,383660,83105,466765,3551681
6529,nga,Nigeria,2022,91275,1623,0,92898,3286881,3379779,391120,83402,474522,3761403
6530,nga,Nigeria,2023,69940,34170,0,104110,3313601,3417711,410308,68852,479160,3792761
6531,nga,Nigeria,2024,96387,30744,0,127131,3432959,3560090,467605,87289,554894,3987853
6532,nga,Nigeria,2025,123848,18192,0,142040,3544519,3686559,478150,56176,534326,4078845
6533,nic,Nicaragua,1972,50,0,0,50,0,50,0,0,0,0
6534,nic,Nicaragua,1973,0,0,0,0,0,0,0,0,0,0
6535,nic,Nicaragua,1974,0,0,0,0,0,0,0,0,0,0
6536,nic,Nicaragua,1975,0,0,0,0,0,0,0,0,0,0
6537,nic,Nicaragua,1976,0,0,0,0,0,0,0,0,0,0
6538,nic,Nicaragua,1977,0,0,0,0,0,0,0,0,0,0
6539,nic,Nicaragua,1978,0,0,0,0,0,0,144800,0,144800,144800
6540,nic,Nicaragua,1979,0,0,0,0,0,0,16600,0,16600,16600
6541,nic,Nicaragua,1980,4100,0,0,4100,0,4100,960,0,960,960
6542,nic,Nicaragua,1981,21320,0,0,21320,0,21320,2500,0,2500,2500
6543,nic,Nicaragua,1982,23800,0,0,23800,0,23800,18970,0,18970,18970
6544,nic,Nicaragua,1983,18500,0,0,18500,0,18500,23520,0,23520,23520
6545,nic,Nicaragua,1984,18500,0,0,18500,0,18500,35020,0,35020,35020
6546,nic,Nicaragua,1985,17270,0,0,17270,0,17270,52650,0,52650,52650
6547,nic,Nicaragua,1986,8280,0,0,8280,0,8280,67550,0,67550,67550
6548,nic,Nicaragua,1987,9000,0,0,9000,0,9000,68540,0,68540,68540
6549,nic,Nicaragua,1988,16000,0,0,16000,0,16000,86563,0,86563,86563
6550,nic,Nicaragua,1989,15210,0,0,15210,0,15210,97698,0,97698,97698
6551,nic,Nicaragua,1990,16000,0,0,16000,0,16000,52617,0,52617,52617
6552,nic,Nicaragua,1991,14933,0,0,14933,0,14933,46789,0,46789,46789
6553,nic,Nicaragua,1992,14450,0,0,14450,0,14450,44275,0,44275,44275
6554,nic,Nicaragua,1993,5642,0,0,5642,0,5642,33056,0,33056,33056
6555,nic,Nicaragua,1994,314,0,0,314,0,314,28596,0,28596,28596
6556,nic,Nicaragua,1995,577,0,0,577,0,577,23936,0,23936,23936
6557,nic,Nicaragua,1996,557,0,0,557,0,557,22818,0,22818,22818
6558,nic,Nicaragua,1997,462,0,0,462,0,462,22495,0,22495,22495
6559,nic,Nicaragua,1998,471,0,0,471,0,471,21390,0,21390,21390
6560,nic,Nicaragua,1999,471,0,0,471,0,471,20572,0,20572,20572
6561,nic,Nicaragua,2000,330,10,0,340,0,340,5070,13136,18206,18206
6562,nic,Nicaragua,2001,322,15,0,337,0,337,4397,13173,17570,17570
6563,nic,Nicaragua,2002,324,15,0,339,0,339,4049,9936,13985,13985
6564,nic,Nicaragua,2003,300,15,0,315,0,315,3984,6855,10839,10839
6565,nic,Nicaragua,2004,288,0,0,288,0,288,1822,6243,8065,8065
6566,nic,Nicaragua,2005,222,0,0,222,0,222,1463,4423,5886,5886
6567,nic,Nicaragua,2006,195,5,0,200,0,200,1827,2300,4127,4127
6568,nic,Nicaragua,2007,182,19,0,201,0,201,1899,822,2721,2721
6569,nic,Nicaragua,2008,142,0,0,142,0,142,1533,466,1999,1999
6570,nic,Nicaragua,2009,115,0,0,115,0,115,1473,430,1903,1903
6571,nic,Nicaragua,2010,59,15,0,74,0,74,1426,154,1580,1580
6572,nic,Nicaragua,2011,80,10,0,90,0,90,1464,138,1602,1602
6573,nic,Nicaragua,2012,124,11,0,135,0,135,1526,121,1647,1647
6574,nic,Nicaragua,2013,184,15,0,199,0,199,1530,507,2037,2037
6575,nic,Nicaragua,2014,273,57,0,330,0,330,1580,718,2298,2298
6576,nic,Nicaragua,2015,325,126,0,451,0,451,1469,1237,2706,2706
6577,nic,Nicaragua,2016,325,338,0,663,0,663,1409,2125,3534,3534
6578,nic,Nicaragua,2017,322,407,0,729,0,729,1467,2722,4189,4189
6579,nic,Nicaragua,2018,321,126,0,447,0,447,1671,32265,33936,33936
6580,nic,Nicaragua,2019,322,126,0,448,0,448,4376,66869,71245,71245
6581,nic,Nicaragua,2020,311,126,0,437,0,437,8701,62085,70786,70786
6582,nic,Nicaragua,2021,313,126,0,439,0,439,11041,164019,175060,175060
6583,nic,Nicaragua,2022,312,124,0,436,0,436,16087,277663,293750,293750
6584,nic,Nicaragua,2023,311,124,0,435,0,435,25483,308032,333515,333515
6585,nic,Nicaragua,2024,0,0,0,0,0,0,30020,356201,386221,386221
6586,nic,Nicaragua,2025,0,0,0,0,0,0,35341,269315,304656,304656
6587,nld,Netherlands,1951,14200,0,0,14200,0,14200,0,0,0,0
6588,nld,Netherlands,1952,14100,0,0,14100,0,14100,0,0,0,0
6589,nld,Netherlands,1953,13900,0,0,13900,0,13900,0,0,0,0
6590,nld,Netherlands,1954,12400,0,0,12400,0,12400,0,0,0,0
6591,nld,Netherlands,1955,11400,0,0,11400,0,11400,0,0,0,0
6592,nld,Netherlands,1956,13600,0,0,13600,0,13600,0,0,0,0
6593,nld,Netherlands,1957,13500,0,0,13500,0,13500,0,0,0,0
6594,nld,Netherlands,1958,13000,0,0,13000,0,13000,0,0,0,0
6595,nld,Netherlands,1959,12800,0,0,12800,0,12800,0,0,0,0
6596,nld,Netherlands,1960,12000,0,0,12000,0,12000,0,0,0,0
6597,nld,Netherlands,1961,10000,0,0,10000,0,10000,0,0,0,0
6598,nld,Netherlands,1962,10000,0,0,10000,0,10000,0,0,0,0
6599,nld,Netherlands,1963,9500,0,0,9500,0,9500,0,0,0,0
6600,nld,Netherlands,1964,9500,0,0,9500,0,9500,0,0,0,0
6601,nld,Netherlands,1965,9000,0,0,9000,0,9000,0,0,0,0
6602,nld,Netherlands,1966,8500,0,0,8500,0,8500,0,0,0,0
6603,nld,Netherlands,1967,8000,0,0,8000,0,8000,0,0,0,0
6604,nld,Netherlands,1968,8000,0,0,8000,0,8000,0,0,0,0
6605,nld,Netherlands,1969,8000,0,0,8000,0,8000,0,0,0,0
6606,nld,Netherlands,1970,8524,0,0,8524,0,8524,0,0,0,0
6607,nld,Netherlands,1971,8600,0,0,8600,0,8600,0,0,0,0
6608,nld,Netherlands,1972,8830,0,0,8830,0,8830,0,0,0,0
6609,nld,Netherlands,1973,8400,0,0,8400,0,8400,0,0,0,0
6610,nld,Netherlands,1974,8015,0,0,8015,0,8015,0,0,0,0
6611,nld,Netherlands,1975,7850,0,0,7850,0,7850,0,0,0,0
6612,nld,Netherlands,1976,7900,0,0,7900,0,7900,0,0,0,0
6613,nld,Netherlands,1977,8000,0,0,8000,0,8000,0,0,0,0
6614,nld,Netherlands,1978,8000,0,0,8000,0,8000,0,0,0,0
6615,nld,Netherlands,1979,10000,0,0,10000,0,10000,0,0,0,0
6616,nld,Netherlands,1980,12000,0,0,12000,0,12000,0,0,0,0
6617,nld,Netherlands,1981,13000,0,0,13000,0,13000,0,0,0,0
6618,nld,Netherlands,1982,14000,0,0,14000,0,14000,0,0,0,0
6619,nld,Netherlands,1983,14500,0,0,14500,0,14500,0,0,0,0
6620,nld,Netherlands,1984,15000,0,0,15000,0,15000,0,0,0,0
6621,nld,Netherlands,1985,15500,0,0,15500,0,15500,0,0,0,0
6622,nld,Netherlands,1986,16000,0,0,16000,0,16000,0,0,0,0
6623,nld,Netherlands,1987,24000,0,0,24000,0,24000,0,0,0,0
6624,nld,Netherlands,1988,25963,0,0,25963,0,25963,0,0,0,0
6625,nld,Netherlands,1989,16971,0,0,16971,0,16971,0,0,0,0
6626,nld,Netherlands,1990,17337,0,0,17337,0,17337,0,0,0,0
6627,nld,Netherlands,1991,19020,0,0,19020,0,19020,0,0,0,0
6628,nld,Netherlands,1992,29721,0,0,29721,0,29721,0,0,0,0
6629,nld,Netherlands,1993,43521,0,0,43521,0,43521,0,0,0,0
6630,nld,Netherlands,1994,62152,0,0,62152,0,62152,75,0,75,75
6631,nld,Netherlands,1995,79949,0,0,79949,0,79949,86,0,86,86
6632,nld,Netherlands,1996,102573,0,0,102573,0,102573,97,0,97,97
6633,nld,Netherlands,1997,118057,0,0,118057,0,118057,77,0,77,77
6634,nld,Netherlands,1998,131481,0,0,131481,0,131481,57,0,57,57
6635,nld,Netherlands,1999,138633,0,0,138633,0,138633,29,0,29,29
6636,nld,Netherlands,2000,146174,84416,0,230590,0,230590,14,132,146,146
6637,nld,Netherlands,2001,151919,78496,0,230415,0,230415,5,87,92,92
6638,nld,Netherlands,2002,148349,58134,0,206483,0,206483,32,87,119,119
6639,nld,Netherlands,2003,140877,44635,0,185512,0,185512,38,90,128,128
6640,nld,Netherlands,2004,126792,28419,0,155211,0,155211,45,115,160,160
6641,nld,Netherlands,2005,118172,14617,0,132789,0,132789,155,40,195,195
6642,nld,Netherlands,2006,100565,13068,0,113633,0,113633,41,38,79,79
6643,nld,Netherlands,2007,86576,5840,0,92416,0,92416,44,22,66,66
6644,nld,Netherlands,2008,77589,9743,0,87332,0,87332,46,25,71,71
6645,nld,Netherlands,2009,75996,16228,0,92224,0,92224,44,25,69,69
6646,nld,Netherlands,2010,74948,13034,0,87982,0,87982,52,21,73,73
6647,nld,Netherlands,2011,74587,10406,0,84993,0,84993,61,42,103,103
6648,nld,Netherlands,2012,71893,10406,0,82299,0,82299,69,28,97,97
6649,nld,Netherlands,2013,74700,0,0,74700,0,74700,59,25,84,84
6650,nld,Netherlands,2014,82483,6914,0,89397,0,89397,63,40,103,103
6651,nld,Netherlands,2015,88518,28030,0,116548,0,116548,64,55,119,119
6652,nld,Netherlands,2016,101727,10369,0,112096,0,112096,32,42,74,74
6653,nld,Netherlands,2017,103843,5818,0,109661,0,109661,39,64,103,103
6654,nld,Netherlands,2018,101824,12303,0,114127,0,114127,41,91,132,132
6655,nld,Netherlands,2019,94417,15599,0,110016,0,110016,55,102,157,157
6656,nld,Netherlands,2020,95897,11882,0,107779,0,107779,51,83,134,134
6657,nld,Netherlands,2021,99585,17106,0,116691,0,116691,58,93,151,151
6658,nld,Netherlands,2022,237368,31594,0,268962,0,268962,56,140,196,196
6659,nld,Netherlands,2023,237767,43915,0,281682,0,281682,67,199,266,266
6660,nld,Netherlands,2024,263399,46840,0,310239,0,310239,136,258,394,394
6661,nld,Netherlands,2025,283935,49662,0,333597,0,333597,159,179,338,338
6662,nor,Norway,1951,2500,0,0,2500,0,2500,0,0,0,0
6663,nor,Norway,1952,2500,0,0,2500,0,2500,0,0,0,0
6664,nor,Norway,1953,2500,0,0,2500,0,2500,0,0,0,0
6665,nor,Norway,1954,2300,0,0,2300,0,2300,0,0,0,0
6666,nor,Norway,1955,2300,0,0,2300,0,2300,0,0,0,0
6667,nor,Norway,1956,2800,0,0,2800,0,2800,0,0,0,0
6668,nor,Norway,1957,3400,0,0,3400,0,3400,0,0,0,0
6669,nor,Norway,1958,3300,0,0,3300,0,3300,0,0,0,0
6670,nor,Norway,1959,3100,0,0,3100,0,3100,0,0,0,0
6671,nor,Norway,1960,3000,0,0,3000,0,3000,0,0,0,0
6672,nor,Norway,1961,3000,0,0,3000,0,3000,0,0,0,0
6673,nor,Norway,1962,3000,0,0,3000,0,3000,0,0,0,0
6674,nor,Norway,1963,3000,0,0,3000,0,3000,0,0,0,0
6675,nor,Norway,1964,0,0,0,0,0,0,0,0,0,0
6676,nor,Norway,1965,0,0,0,0,0,0,0,0,0,0
6677,nor,Norway,1966,0,0,0,0,0,0,0,0,0,0
6678,nor,Norway,1967,0,0,0,0,0,0,0,0,0,0
6679,nor,Norway,1968,0,0,0,0,0,0,0,0,0,0
6680,nor,Norway,1969,0,0,0,0,0,0,0,0,0,0
6681,nor,Norway,1970,2000,0,0,2000,0,2000,0,0,0,0
6682,nor,Norway,1971,3000,0,0,3000,0,3000,0,0,0,0
6683,nor,Norway,1972,3000,0,0,3000,0,3000,0,0,0,0
6684,nor,Norway,1973,3000,0,0,3000,0,3000,0,0,0,0
6685,nor,Norway,1974,3000,0,0,3000,0,3000,0,0,0,0
6686,nor,Norway,1975,3000,0,0,3000,0,3000,0,0,0,0
6687,nor,Norway,1976,1000,0,0,1000,0,1000,0,0,0,0
6688,nor,Norway,1977,6000,0,0,6000,0,6000,0,0,0,0
6689,nor,Norway,1978,6000,0,0,6000,0,6000,0,0,0,0
6690,nor,Norway,1979,6000,0,0,6000,0,6000,0,0,0,0
6691,nor,Norway,1980,6000,0,0,6000,0,6000,0,0,0,0
6692,nor,Norway,1981,6000,0,0,6000,0,6000,0,0,0,0
6693,nor,Norway,1982,6000,0,0,6000,0,6000,0,0,0,0
6694,nor,Norway,1983,10000,0,0,10000,0,10000,0,0,0,0
6695,nor,Norway,1984,10000,0,0,10000,0,10000,0,0,0,0
6696,nor,Norway,1985,11800,0,0,11800,0,11800,0,0,0,0
6697,nor,Norway,1986,13200,0,0,13200,0,13200,0,0,0,0
6698,nor,Norway,1987,15000,0,0,15000,0,15000,0,0,0,0
6699,nor,Norway,1988,10952,0,0,10952,0,10952,0,0,0,0
6700,nor,Norway,1989,18500,0,0,18500,0,18500,0,0,0,0
6701,nor,Norway,1990,19581,0,0,19581,0,19581,0,0,0,0
6702,nor,Norway,1991,29054,0,0,29054,0,29054,0,0,0,0
6703,nor,Norway,1992,29846,0,0,29846,0,29846,0,0,0,0
6704,nor,Norway,1993,38375,0,0,38375,0,38375,0,0,0,0
6705,nor,Norway,1994,44617,0,0,44617,0,44617,0,0,0,0
6706,nor,Norway,1995,47607,0,0,47607,0,47607,0,0,0,0
6707,nor,Norway,1996,48409,0,0,48409,0,48409,0,0,0,0
6708,nor,Norway,1997,47372,0,0,47372,0,47372,0,0,0,0
6709,nor,Norway,1998,45325,0,0,45325,0,45325,0,0,0,0
6710,nor,Norway,1999,43441,0,0,43441,0,43441,0,0,0,0
6711,nor,Norway,2000,47700,0,0,47700,0,47700,0,0,0,0
6712,nor,Norway,2001,50122,0,0,50122,0,50122,0,0,0,0
6713,nor,Norway,2002,50421,0,0,50421,0,50421,5,0,5,5
6714,nor,Norway,2003,46107,0,0,46107,0,46107,5,0,5,5
6715,nor,Norway,2004,44031,0,0,44031,0,44031,5,5,10,10
6716,nor,Norway,2005,43015,0,0,43015,0,43015,12,0,12,12
6717,nor,Norway,2006,43315,7924,0,51239,0,51239,0,0,0,0
6718,nor,Norway,2007,34499,6641,0,41140,0,41140,0,5,5,5
6719,nor,Norway,2008,36076,13593,0,49669,0,49669,0,0,0,0
6720,nor,Norway,2009,37806,16621,0,54427,0,54427,0,5,5,5
6721,nor,Norway,2010,40245,12443,0,52688,0,52688,0,0,0,0
6722,nor,Norway,2011,40671,11114,0,51785,0,51785,5,5,10,10
6723,nor,Norway,2012,42805,9317,0,52122,0,52122,5,5,10,10
6724,nor,Norway,2013,46088,6311,0,52399,0,52399,15,5,20,20
6725,nor,Norway,2014,47025,7148,0,54173,0,54173,15,0,15,15
6726,nor,Norway,2015,50377,25274,0,75651,0,75651,10,5,15,15
6727,nor,Norway,2016,59512,7505,0,67017,0,67017,10,15,25,25
6728,nor,Norway,2017,59230,2952,0,62182,0,62182,15,25,40,40
6729,nor,Norway,2018,57004,2246,0,59250,0,59250,5,11,16,16
6730,nor,Norway,2019,53882,1507,0,55389,0,55389,5,11,16,16
6731,nor,Norway,2020,49653,1083,0,50736,0,50736,5,15,20,20
6732,nor,Norway,2021,46042,1268,0,47310,0,47310,5,23,28,28
6733,nor,Norway,2022,75311,3313,0,78624,0,78624,5,15,20,20
6734,nor,Norway,2023,103606,4967,0,108573,0,108573,17,19,36,36
6735,nor,Norway,2024,123981,5913,0,129894,0,129894,22,37,59,59
6736,nor,Norway,2025,124006,6280,0,130286,0,130286,20,32,52,52
6737,npl,Nepal,1964,7000,0,0,7000,0,7000,0,0,0,0
6738,npl,Nepal,1965,7000,0,0,7000,0,7000,0,0,0,0
6739,npl,Nepal,1966,7000,0,0,7000,0,7000,0,0,0,0
6740,npl,Nepal,1967,7180,0,0,7180,0,7180,0,0,0,0
6741,npl,Nepal,1968,7730,0,0,7730,0,7730,0,0,0,0
6742,npl,Nepal,1969,7990,0,0,7990,0,7990,0,0,0,0
6743,npl,Nepal,1970,8060,0,0,8060,0,8060,0,0,0,0
6744,npl,Nepal,1971,7930,0,0,7930,0,7930,0,0,0,0
6745,npl,Nepal,1972,8000,0,0,8000,0,8000,0,0,0,0
6746,npl,Nepal,1973,8000,0,0,8000,0,8000,0,0,0,0
6747,npl,Nepal,1974,8100,0,0,8100,0,8100,0,0,0,0
6748,npl,Nepal,1975,8200,0,0,8200,0,8200,0,0,0,0
6749,npl,Nepal,1976,8300,0,0,8300,0,8300,0,0,0,0
6750,npl,Nepal,1977,8400,0,0,8400,0,8400,0,0,0,0
6751,npl,Nepal,1978,8500,0,0,8500,0,8500,0,0,0,0
6752,npl,Nepal,1979,8600,0,0,8600,0,8600,0,0,0,0
6753,npl,Nepal,1980,8700,0,0,8700,0,8700,0,0,0,0
6754,npl,Nepal,1981,8800,0,0,8800,0,8800,0,0,0,0
6755,npl,Nepal,1982,9800,0,0,9800,0,9800,0,0,0,0
6756,npl,Nepal,1983,10800,0,0,10800,0,10800,0,0,0,0
6757,npl,Nepal,1984,11800,0,0,11800,0,11800,0,0,0,0
6758,npl,Nepal,1985,12800,0,0,12800,0,12800,0,0,0,0
6759,npl,Nepal,1986,13800,0,0,13800,0,13800,0,0,0,0
6760,npl,Nepal,1987,14800,0,0,14800,0,14800,0,0,0,0
6761,npl,Nepal,1988,15800,0,0,15800,0,15800,0,0,0,0
6762,npl,Nepal,1989,16850,0,0,16850,0,16850,0,0,0,0
6763,npl,Nepal,1990,17800,0,0,17800,0,17800,0,0,0,0
6764,npl,Nepal,1991,28319,0,0,28319,0,28319,0,0,0,0
6765,npl,Nepal,1992,95251,0,0,95251,0,95251,0,0,0,0
6766,npl,Nepal,1993,105344,0,0,105344,0,105344,0,0,0,0
6767,npl,Nepal,1994,123270,0,0,123270,0,123270,5,0,5,5
6768,npl,Nepal,1995,124751,0,0,124751,0,124751,27,0,27,27
6769,npl,Nepal,1996,126814,0,0,126814,0,126814,44,0,44,44
6770,npl,Nepal,1997,129158,0,0,129158,0,129158,49,0,49,49
6771,npl,Nepal,1998,126104,0,0,126104,0,126104,95,0,95,95
6772,npl,Nepal,1999,127942,0,0,127942,0,127942,178,0,178,178
6773,npl,Nepal,2000,129234,9,0,129243,0,129243,227,444,671,671
6774,npl,Nepal,2001,130945,11,0,130956,0,130956,300,550,850,850
6775,npl,Nepal,2002,132432,8,0,132440,0,132440,899,606,1505,1505
6776,npl,Nepal,2003,123662,232,0,123894,0,123894,1232,725,1957,1957
6777,npl,Nepal,2004,124920,655,0,125575,0,125575,1414,1309,2723,2723
6778,npl,Nepal,2005,126432,1266,0,127698,0,127698,2061,2417,4478,4478
6779,npl,Nepal,2006,128172,1477,0,129649,100000,229649,2651,2424,5075,105075
6780,npl,Nepal,2007,130678,1632,0,132310,50000,182310,3364,2137,5501,55501
6781,npl,Nepal,2008,124826,975,0,125801,0,125801,4190,2093,6283,6283
6782,npl,Nepal,2009,108457,972,0,109429,0,109429,5101,1799,6900,6900
6783,npl,Nepal,2010,89804,937,0,90741,0,90741,5883,1160,7043,7043
6784,npl,Nepal,2011,72651,929,0,73580,0,73580,6845,2004,8849,8849
6785,npl,Nepal,2012,56263,17,0,56280,0,56280,7601,2511,10112,10112
6786,npl,Nepal,2013,46303,237,0,46540,0,46540,8098,3783,11881,11881
6787,npl,Nepal,2014,38490,134,0,38624,0,38624,8542,6644,15186,15186
6788,npl,Nepal,2015,32669,18,0,32687,0,32687,9051,8961,18012,18012
6789,npl,Nepal,2016,25249,71,0,25320,0,25320,8364,11531,19895,19895
6790,npl,Nepal,2017,21467,148,0,21615,0,21615,8415,13186,21601,21601
6791,npl,Nepal,2018,20804,51,0,20855,0,20855,8590,9074,17664,17664
6792,npl,Nepal,2019,19570,57,0,19627,0,19627,8034,9940,17974,17974
6793,npl,Nepal,2020,19555,42,0,19597,0,19597,7483,10309,17792,17792
6794,npl,Nepal,2021,19574,137,0,19711,0,19711,7029,11329,18358,18358
6795,npl,Nepal,2022,19560,154,0,19714,0,19714,7329,13004,20333,20333
6796,npl,Nepal,2023,19582,300,0,19882,0,19882,7229,17206,24435,24435
6797,npl,Nepal,2024,19598,276,0,19874,0,19874,7840,19619,27459,27459
6798,npl,Nepal,2025,19613,302,0,19915,0,19915,8019,14564,22583,22583
6799,nru,Nauru,1999,0,0,0,0,0,0,5,0,5,5
6800,nru,Nauru,2000,0,0,0,0,0,0,5,0,5,5
6801,nru,Nauru,2001,0,0,0,0,0,0,0,0,0,0
6802,nru,Nauru,2002,0,0,0,0,0,0,0,0,0,0
6803,nru,Nauru,2003,0,0,0,0,0,0,5,0,5,5
6804,nru,Nauru,2004,0,0,0,0,0,0,0,0,0,0
6805,nru,Nauru,2005,0,0,0,0,0,0,0,0,0,0
6806,nru,Nauru,2006,0,0,0,0,0,0,0,0,0,0
6807,nru,Nauru,2007,0,0,0,0,0,0,0,0,0,0
6808,nru,Nauru,2008,0,0,0,0,0,0,0,0,0,0
6809,nru,Nauru,2009,0,0,0,0,0,0,0,0,0,0
6810,nru,Nauru,2010,0,0,0,0,0,0,0,0,0,0
6811,nru,Nauru,2011,0,0,0,0,0,0,0,5,5,5
6812,nru,Nauru,2012,0,379,0,379,0,379,0,0,0,0
6813,nru,Nauru,2013,0,533,0,533,0,533,0,0,0,0
6814,nru,Nauru,2014,386,730,0,1116,0,1116,0,0,0,0
6815,nru,Nauru,2015,508,309,0,817,0,817,0,0,0,0
6816,nru,Nauru,2016,508,309,0,817,0,817,0,0,0,0
6817,nru,Nauru,2017,964,126,0,1090,0,1090,0,0,0,0
6818,nru,Nauru,2018,964,416,0,1380,0,1380,0,0,0,0
6819,nru,Nauru,2019,755,415,0,1170,0,1170,0,15,15,15
6820,nru,Nauru,2020,1074,90,0,1164,0,1164,5,16,21,21
6821,nru,Nauru,2021,953,76,0,1029,0,1029,5,16,21,21
6822,nru,Nauru,2022,45,22,0,67,0,67,5,19,24,24
6823,nru,Nauru,2023,0,13,0,13,0,13,7,16,23,23
6824,nru,Nauru,2024,5,90,0,95,0,95,5,18,23,23
6825,nru,Nauru,2025,5,92,0,97,0,97,5,22,27,27
6826,nzl,New Zealand,1967,3000,0,0,3000,0,3000,0,0,0,0
6827,nzl,New Zealand,1968,2000,0,0,2000,0,2000,0,0,0,0
6828,nzl,New Zealand,1969,2000,0,0,2000,0,2000,0,0,0,0
6829,nzl,New Zealand,1970,2000,0,0,2000,0,2000,0,0,0,0
6830,nzl,New Zealand,1971,0,0,0,0,0,0,0,0,0,0
6831,nzl,New Zealand,1972,0,0,0,0,0,0,0,0,0,0
6832,nzl,New Zealand,1973,0,0,0,0,0,0,0,0,0,0
6833,nzl,New Zealand,1974,0,0,0,0,0,0,0,0,0,0
6834,nzl,New Zealand,1975,0,0,0,0,0,0,0,0,0,0
6835,nzl,New Zealand,1976,0,0,0,0,0,0,0,0,0,0
6836,nzl,New Zealand,1977,0,0,0,0,0,0,0,0,0,0
6837,nzl,New Zealand,1978,10000,0,0,10000,0,10000,0,0,0,0
6838,nzl,New Zealand,1979,10000,0,0,10000,0,10000,0,0,0,0
6839,nzl,New Zealand,1980,10000,0,0,10000,0,10000,0,0,0,0
6840,nzl,New Zealand,1981,10600,0,0,10600,0,10600,0,0,0,0
6841,nzl,New Zealand,1982,10600,0,0,10600,0,10600,0,0,0,0
6842,nzl,New Zealand,1983,10600,0,0,10600,0,10600,0,0,0,0
6843,nzl,New Zealand,1984,4500,0,0,4500,0,4500,0,0,0,0
6844,nzl,New Zealand,1985,4600,0,0,4600,0,4600,0,0,0,0
6845,nzl,New Zealand,1986,4400,0,0,4400,0,4400,0,0,0,0
6846,nzl,New Zealand,1987,4200,0,0,4200,0,4200,0,0,0,0
6847,nzl,New Zealand,1988,4150,0,0,4150,0,4150,0,0,0,0
6848,nzl,New Zealand,1989,4666,0,0,4666,0,4666,0,0,0,0
6849,nzl,New Zealand,1990,4666,0,0,4666,0,4666,0,0,0,0
6850,nzl,New Zealand,1991,16760,0,0,16760,0,16760,0,0,0,0
6851,nzl,New Zealand,1992,17310,0,0,17310,0,17310,0,0,0,0
6852,nzl,New Zealand,1993,3942,0,0,3942,0,3942,0,0,0,0
6853,nzl,New Zealand,1994,3668,0,0,3668,0,3668,0,0,0,0
6854,nzl,New Zealand,1995,3766,0,0,3766,0,3766,0,0,0,0
6855,nzl,New Zealand,1996,3790,0,0,3790,0,3790,0,0,0,0
6856,nzl,New Zealand,1997,3652,0,0,3652,0,3652,0,0,0,0
6857,nzl,New Zealand,1998,4099,0,0,4099,0,4099,0,0,0,0
6858,nzl,New Zealand,1999,4801,0,0,4801,0,4801,0,0,0,0
6859,nzl,New Zealand,2000,4919,2337,0,7256,0,7256,0,0,0,0
6860,nzl,New Zealand,2001,5251,1917,0,7168,0,7168,0,5,5,5
6861,nzl,New Zealand,2002,5760,1320,0,7080,0,7080,0,5,5,5
6862,nzl,New Zealand,2003,5796,1019,0,6815,0,6815,0,5,5,5
6863,nzl,New Zealand,2004,5334,720,0,6054,0,6054,0,5,5,5
6864,nzl,New Zealand,2005,5298,370,0,5668,0,5668,5,5,10,10
6865,nzl,New Zealand,2006,4878,217,0,5095,0,5095,7,5,12,12
6866,nzl,New Zealand,2007,2715,149,0,2864,0,2864,12,5,17,17
6867,nzl,New Zealand,2008,2702,113,0,2815,0,2815,8,5,13,13
6868,nzl,New Zealand,2009,3285,203,0,3488,0,3488,9,0,9,9
6869,nzl,New Zealand,2010,2298,157,0,2455,0,2455,11,0,11,11
6870,nzl,New Zealand,2011,1916,201,0,2117,0,2117,13,6,19,19
6871,nzl,New Zealand,2012,1504,248,0,1752,0,1752,19,6,25,25
6872,nzl,New Zealand,2013,1388,291,0,1679,0,1679,15,6,21,21
6873,nzl,New Zealand,2014,1342,240,0,1582,0,1582,14,13,27,27
6874,nzl,New Zealand,2015,1313,139,0,1452,0,1452,16,7,23,23
6875,nzl,New Zealand,2016,1408,298,0,1706,0,1706,25,18,43,43
6876,nzl,New Zealand,2017,1465,391,0,1856,0,1856,34,27,61,61
6877,nzl,New Zealand,2018,1545,446,0,1991,0,1991,34,14,48,48
6878,nzl,New Zealand,2019,1709,558,0,2267,0,2267,34,27,61,61
6879,nzl,New Zealand,2020,1748,691,0,2439,0,2439,35,32,67,67
6880,nzl,New Zealand,2021,1794,711,0,2505,0,2505,33,69,102,102
6881,nzl,New Zealand,2022,1791,573,0,2364,0,2364,48,32,80,80
6882,nzl,New Zealand,2023,1837,1839,0,3676,0,3676,39,28,67,67
6883,nzl,New Zealand,2024,2063,3559,0,5622,0,5622,52,27,79,79
6884,nzl,New Zealand,2025,2148,4584,0,6732,0,6732,58,43,101,101
6885,omn,Oman,1994,0,0,0,0,0,0,5,0,5,5
6886,omn,Oman,1995,0,0,0,0,0,0,9,0,9,9
6887,omn,Oman,1996,0,0,0,0,0,0,8,0,8,8
6888,omn,Oman,1997,0,0,0,0,0,0,8,0,8,8
6889,omn,Oman,1998,0,0,0,0,0,0,8,0,8,8
6890,omn,Oman,1999,0,0,0,0,0,0,8,0,8,8
6891,omn,Oman,2000,0,0,0,0,0,0,5,6,11,11
6892,omn,Oman,2001,0,21,0,21,0,21,5,5,10,10
6893,omn,Oman,2002,0,26,0,26,0,26,19,5,24,24
6894,omn,Oman,2003,0,21,0,21,0,21,5,0,5,5
6895,omn,Oman,2004,7,21,0,28,0,28,16,0,16,16
6896,omn,Oman,2005,7,0,0,7,0,7,10,0,10,10
6897,omn,Oman,2006,7,0,0,7,0,7,37,0,37,37
6898,omn,Oman,2007,7,35,0,42,0,42,44,5,49,49
6899,omn,Oman,2008,7,44,0,51,0,51,55,0,55,55
6900,omn,Oman,2009,26,12,0,38,0,38,63,5,68,68
6901,omn,Oman,2010,78,13,0,91,0,91,62,6,68,68
6902,omn,Oman,2011,83,45,0,128,0,128,58,0,58,58
6903,omn,Oman,2012,138,21,0,159,0,159,62,0,62,62
6904,omn,Oman,2013,138,80,0,218,0,218,20,0,20,20
6905,omn,Oman,2014,150,232,0,382,0,382,25,9,34,34
6906,omn,Oman,2015,244,190,0,434,0,434,36,16,52,52
6907,omn,Oman,2016,316,365,0,681,0,681,35,24,59,59
6908,omn,Oman,2017,308,398,0,706,0,706,39,22,61,61
6909,omn,Oman,2018,310,254,0,564,0,564,42,28,70,70
6910,omn,Oman,2019,308,254,0,562,0,562,42,59,101,101
6911,omn,Oman,2020,308,330,0,638,0,638,47,70,117,117
6912,omn,Oman,2021,295,497,0,792,0,792,53,71,124,124
6913,omn,Oman,2022,295,421,0,716,0,716,59,99,158,158
6914,omn,Oman,2023,300,421,0,721,0,721,95,82,177,177
6915,omn,Oman,2024,294,420,0,714,0,714,118,91,209,209
6916,omn,Oman,2025,289,414,0,703,0,703,133,43,176,176
6917,pak,Pakistan,1974,0,0,0,0,0,0,0,0,0,0
6918,pak,Pakistan,1975,0,0,0,0,0,0,0,0,0,0
6919,pak,Pakistan,1976,0,0,0,0,0,0,0,0,0,0
6920,pak,Pakistan,1977,0,0,0,0,0,0,0,0,0,0
6921,pak,Pakistan,1978,0,0,0,0,0,0,0,0,0,0
6922,pak,Pakistan,1979,400000,0,0,400000,0,400000,0,0,0,0
6923,pak,Pakistan,1980,1428230,0,0,1428230,0,1428230,0,0,0,0
6924,pak,Pakistan,1981,2375330,0,0,2375330,0,2375330,0,0,0,0
6925,pak,Pakistan,1982,2877480,0,0,2877480,0,2877480,0,0,0,0
6926,pak,Pakistan,1983,2901360,0,0,2901360,0,2901360,0,0,0,0
6927,pak,Pakistan,1984,2500000,0,0,2500000,0,2500000,0,0,0,0
6928,pak,Pakistan,1985,2732440,0,0,2732440,0,2732440,0,0,0,0
6929,pak,Pakistan,1986,2882100,0,0,2882100,0,2882100,0,0,0,0
6930,pak,Pakistan,1987,3159000,0,0,3159000,0,3159000,0,0,0,0
6931,pak,Pakistan,1988,3257577,0,0,3257577,0,3257577,274,0,274,274
6932,pak,Pakistan,1989,3275715,0,0,3275715,0,3275715,409,0,409,409
6933,pak,Pakistan,1990,3255975,0,0,3255975,0,3255975,485,0,485,485
6934,pak,Pakistan,1991,3099891,0,0,3099891,0,3099891,523,0,523,523
6935,pak,Pakistan,1992,1629218,0,0,1629218,0,1629218,1088,0,1088,1088
6936,pak,Pakistan,1993,1479266,0,0,1479266,0,1479266,1420,0,1420,1420
6937,pak,Pakistan,1994,1055435,0,0,1055435,0,1055435,4431,0,4431,4431
6938,pak,Pakistan,1995,1202493,0,0,1202493,0,1202493,5277,0,5277,5277
6939,pak,Pakistan,1996,1202703,0,0,1202703,0,1202703,7499,0,7499,7499
6940,pak,Pakistan,1997,1202733,0,0,1202733,0,1202733,5983,0,5983,5983
6941,pak,Pakistan,1998,1202462,0,0,1202462,0,1202462,6860,0,6860,6860
6942,pak,Pakistan,1999,1202015,0,0,1202015,0,1202015,8011,0,8011,8011
6943,pak,Pakistan,2000,2001460,616,0,2002076,0,2002076,10134,7201,17335,17335
6944,pak,Pakistan,2001,2198792,575,0,2199367,0,2199367,12326,8004,20330,20330
6945,pak,Pakistan,2002,1227429,1597,0,1229026,0,1229026,23164,11371,34535,34535
6946,pak,Pakistan,2003,1124295,13702,0,1137997,0,1137997,24390,16839,41229,41229
6947,pak,Pakistan,2004,1290980,8147,0,1299127,0,1299127,25943,15796,41739,41739
6948,pak,Pakistan,2005,1084689,3413,0,1088102,0,1088102,29906,16438,46344,46344
6949,pak,Pakistan,2006,1044464,2668,0,1047132,0,1047132,25636,6763,32399,32399
6950,pak,Pakistan,2007,2035025,3121,0,2038146,0,2038146,31847,8600,40447,40447
6951,pak,Pakistan,2008,1780935,2950,0,1783885,155809,1939694,32391,6242,38633,194442
6952,pak,Pakistan,2009,1740709,2429,0,1743138,1894557,3637695,35129,4756,39885,1934442
6953,pak,Pakistan,2010,1900619,2093,0,1902712,952035,2854747,39979,19998,59977,1012012
6954,pak,Pakistan,2011,1702698,1617,0,1704315,452932,2157247,35948,13679,49627,502559
6955,pak,Pakistan,2012,1638452,3281,0,1641733,757996,2399729,49778,23704,73482,831478
6956,pak,Pakistan,2013,1616505,5384,0,1621889,747498,2369387,48676,47543,96219,843717
6957,pak,Pakistan,2014,1505521,5524,0,1511045,1375904,2886949,335947,44419,380366,1756270
6958,pak,Pakistan,2015,1561157,6437,0,1567594,1146108,2713702,297886,63955,361841,1507949
6959,pak,Pakistan,2016,1352551,4854,0,1357405,448956,1806361,105419,67700,173119,622075
6960,pak,Pakistan,2017,1393132,3487,0,1396619,174354,1570973,128914,76885,205799,380153
6961,pak,Pakistan,2018,1404008,5170,0,1409178,96384,1505562,132248,75337,207585,303969
6962,pak,Pakistan,2019,1419596,8528,0,1428124,100680,1528804,136902,66245,203147,303827
6963,pak,Pakistan,2020,1438940,9794,0,1448734,98898,1547632,133280,61429,194709,293607
6964,pak,Pakistan,2021,1491070,13429,0,1504499,98898,1603397,132818,56687,189505,288403
6965,pak,Pakistan,2022,1743785,38277,0,1782062,0,1782062,112357,59126,171483,171483
6966,pak,Pakistan,2023,1988231,61648,0,2049879,0,2049879,94481,72068,166549,166549
6967,pak,Pakistan,2024,1560480,198852,0,1759332,3439,1762771,86285,82958,169243,172682
6968,pak,Pakistan,2025,1159038,119502,140558,1419098,0,1419098,90497,65066,155563,155563
6969,pan,Panama,1972,130,0,0,130,0,130,0,0,0,0
6970,pan,Panama,1973,0,0,0,0,0,0,0,0,0,0
6971,pan,Panama,1974,1150,0,0,1150,0,1150,0,0,0,0
6972,pan,Panama,1975,0,0,0,0,0,0,0,0,0,0
6973,pan,Panama,1976,0,0,0,0,0,0,0,0,0,0
6974,pan,Panama,1977,500,0,0,500,0,500,0,0,0,0
6975,pan,Panama,1978,1050,0,0,1050,0,1050,0,0,0,0
6976,pan,Panama,1979,1070,0,0,1070,0,1070,0,0,0,0
6977,pan,Panama,1980,3320,0,0,3320,0,3320,0,0,0,0
6978,pan,Panama,1981,1500,0,0,1500,0,1500,0,0,0,0
6979,pan,Panama,1982,1820,0,0,1820,0,1820,0,0,0,0
6980,pan,Panama,1983,1500,0,0,1500,0,1500,0,0,0,0
6981,pan,Panama,1984,1500,0,0,1500,0,1500,0,0,0,0
6982,pan,Panama,1985,1200,0,0,1200,0,1200,0,0,0,0
6983,pan,Panama,1986,1270,0,0,1270,0,1270,0,0,0,0
6984,pan,Panama,1987,1600,0,0,1600,0,1600,0,0,0,0
6985,pan,Panama,1988,1992,0,0,1992,0,1992,47,0,47,47
6986,pan,Panama,1989,1451,0,0,1451,0,1451,365,0,365,365
6987,pan,Panama,1990,1350,0,0,1350,0,1350,629,0,629,629
6988,pan,Panama,1991,914,0,0,914,0,914,640,0,640,640
6989,pan,Panama,1992,1007,0,0,1007,0,1007,652,0,652,652
6990,pan,Panama,1993,964,0,0,964,0,964,677,0,677,677
6991,pan,Panama,1994,972,0,0,972,0,972,486,0,486,486
6992,pan,Panama,1995,867,0,0,867,0,867,158,0,158,158
6993,pan,Panama,1996,864,0,0,864,0,864,146,0,146,146
6994,pan,Panama,1997,618,0,0,618,0,618,123,0,123,123
6995,pan,Panama,1998,1179,0,0,1179,0,1179,86,0,86,86
6996,pan,Panama,1999,1315,0,0,1315,0,1315,73,0,73,73
6997,pan,Panama,2000,1307,85,0,1392,0,1392,70,50,120,120
6998,pan,Panama,2001,1471,53,0,1524,0,1524,36,72,108,108
6999,pan,Panama,2002,1565,82,0,1647,0,1647,44,108,152,152
7000,pan,Panama,2003,1436,95,0,1531,0,1531,29,89,118,118
7001,pan,Panama,2004,1596,260,0,1856,0,1856,38,70,108,108
7002,pan,Panama,2005,1717,426,0,2143,0,2143,41,59,100,100
7003,pan,Panama,2006,1835,241,0,2076,0,2076,72,18,90,90
7004,pan,Panama,2007,16877,524,0,17401,0,17401,105,29,134,134
7005,pan,Panama,2008,16906,596,0,17502,0,17502,106,36,142,142
7006,pan,Panama,2009,16917,778,0,17695,0,17695,102,41,143,143
7007,pan,Panama,2010,17066,469,0,17535,0,17535,94,51,145,145
7008,pan,Panama,2011,17249,782,0,18031,0,18031,98,31,129,129
7009,pan,Panama,2012,17414,357,0,17771,0,17771,107,31,138,138
7010,pan,Panama,2013,17650,624,0,18274,0,18274,99,27,126,126
7011,pan,Panama,2014,17256,1395,0,18651,0,18651,83,28,111,111
7012,pan,Panama,2015,17304,2929,0,20233,0,20233,62,59,121,121
7013,pan,Panama,2016,17332,4465,0,21797,0,21797,33,81,114,114
7014,pan,Panama,2017,2417,7289,0,9706,0,9706,36,126,162,162
7015,pan,Panama,2018,2501,13602,94400,110503,0,110503,44,141,185,185
7016,pan,Panama,2019,2536,17673,115768,135977,0,135977,45,240,285,285
7017,pan,Panama,2020,2562,12892,118937,134391,0,134391,70,315,385,385
7018,pan,Panama,2021,2542,11630,128000,142172,0,142172,118,512,630,630
7019,pan,Panama,2022,2576,8475,146696,157747,0,157747,140,1017,1157,1157
7020,pan,Panama,2023,2724,8419,57358,68501,0,68501,233,1891,2124,2124
7021,pan,Panama,2024,2658,8143,56921,67722,0,67722,333,2627,2960,2960
7022,pan,Panama,2025,2694,4129,57286,64109,0,64109,375,2993,3368,3368
7023,per,Peru,1970,1500,0,0,1500,0,1500,0,0,0,0
7024,per,Peru,1971,1500,0,0,1500,0,1500,0,0,0,0
7025,per,Peru,1972,1550,0,0,1550,0,1550,0,0,0,0
7026,per,Peru,1973,0,0,0,0,0,0,0,0,0,0
7027,per,Peru,1974,4600,0,0,4600,0,4600,0,0,0,0
7028,per,Peru,1975,600,0,0,600,0,600,0,0,0,0
7029,per,Peru,1976,440,0,0,440,0,440,0,0,0,0
7030,per,Peru,1977,1200,0,0,1200,0,1200,0,0,0,0
7031,per,Peru,1978,1100,0,0,1100,0,1100,0,0,0,0
7032,per,Peru,1979,6280,0,0,6280,0,6280,0,0,0,0
7033,per,Peru,1980,1460,0,0,1460,0,1460,0,0,0,0
7034,per,Peru,1981,1500,0,0,1500,0,1500,0,0,0,0
7035,per,Peru,1982,1200,0,0,1200,0,1200,0,0,0,0
7036,per,Peru,1983,600,0,0,600,0,600,0,0,0,0
7037,per,Peru,1984,560,0,0,560,0,560,0,0,0,0
7038,per,Peru,1985,700,0,0,700,0,700,0,0,0,0
7039,per,Peru,1986,600,0,0,600,0,600,0,0,0,0
7040,per,Peru,1987,640,0,0,640,0,640,0,0,0,0
7041,per,Peru,1988,654,0,0,654,0,654,5,0,5,5
7042,per,Peru,1989,691,0,0,691,0,691,26,0,26,26
7043,per,Peru,1990,724,0,0,724,0,724,255,0,255,255
7044,per,Peru,1991,683,0,0,683,0,683,473,0,473,473
7045,per,Peru,1992,640,0,0,640,0,640,727,0,727,727
7046,per,Peru,1993,736,0,0,736,0,736,1967,0,1967,1967
7047,per,Peru,1994,656,0,0,656,0,656,4333,0,4333,4333
7048,per,Peru,1995,610,0,0,610,0,610,5902,0,5902,5902
7049,per,Peru,1996,659,0,0,659,0,659,6695,0,6695,6695
7050,per,Peru,1997,744,0,0,744,0,744,6608,0,6608,6608
7051,per,Peru,1998,425,0,0,425,0,425,7065,0,7065,7065
7052,per,Peru,1999,700,0,0,700,0,700,7205,0,7205,7205
7053,per,Peru,2000,686,7,0,693,0,693,6948,2435,9383,9383
7054,per,Peru,2001,681,56,0,737,0,737,6500,2750,9250,9250
7055,per,Peru,2002,679,130,0,809,0,809,6431,3581,10012,10012
7056,per,Peru,2003,710,174,0,884,0,884,5578,2769,8347,8347
7057,per,Peru,2004,757,222,0,979,0,979,4767,2103,6870,6870
7058,per,Peru,2005,835,328,0,1163,0,1163,4863,1637,6500,6500
7059,per,Peru,2006,897,479,0,1376,0,1376,6977,1923,8900,8900
7060,per,Peru,2007,981,533,0,1514,0,1514,7738,3056,10794,10794
7061,per,Peru,2008,1060,570,0,1630,0,1630,7329,2500,9829,9829
7062,per,Peru,2009,1092,359,0,1451,0,1451,6272,5806,12078,12078
7063,per,Peru,2010,1129,257,0,1386,0,1386,5834,4764,10598,10598
7064,per,Peru,2011,1130,484,0,1614,0,1614,5488,498,5986,5986
7065,per,Peru,2012,1100,473,0,1573,0,1573,5207,336,5543,5543
7066,per,Peru,2013,1128,500,0,1628,0,1628,4762,696,5458,5458
7067,per,Peru,2014,1275,374,0,1649,0,1649,4333,1029,5362,5362
7068,per,Peru,2015,1454,350,0,1804,0,1804,3591,1530,5121,5121
7069,per,Peru,2016,1615,4368,0,5983,0,5983,2599,2290,4889,4889
7070,per,Peru,2017,1788,37728,0,39516,0,39516,2588,3497,6085,6085
7071,per,Peru,2018,2506,230845,428214,661565,0,661565,2579,4895,7474,7474
7072,per,Peru,2019,2850,487049,377864,867763,0,867763,2765,8669,11434,11434
7073,per,Peru,2020,4272,537552,515039,1056863,0,1056863,2834,10583,13417,13417
7074,per,Peru,2021,5790,537047,791442,1334279,0,1334279,3521,9046,12567,12567
7075,per,Peru,2022,6543,537461,969817,1513821,0,1513821,4021,24294,28315,28315
7076,per,Peru,2023,6712,508429,1043622,1558763,0,1558763,4724,80153,84877,84877
7077,per,Peru,2024,6742,539957,1135215,1681914,0,1681914,6459,119061,125520,125520
7078,per,Peru,2025,6788,556770,1098014,1661572,0,1661572,7885,113900,121785,121785
7079,phl,Philippines,1975,690,0,0,690,0,690,0,0,0,0
7080,phl,Philippines,1976,940,0,0,940,0,940,0,0,0,0
7081,phl,Philippines,1977,1300,0,0,1300,0,1300,90000,0,90000,90000
7082,phl,Philippines,1978,5300,0,0,5300,0,5300,92000,0,92000,92000
7083,phl,Philippines,1979,5300,0,0,5300,0,5300,90000,0,90000,90000
7084,phl,Philippines,1980,20300,0,0,20300,0,20300,90000,0,90000,90000
7085,phl,Philippines,1981,23310,0,0,23310,0,23310,90000,0,90000,90000
7086,phl,Philippines,1982,15240,0,0,15240,0,15240,90000,0,90000,90000
7087,phl,Philippines,1983,18890,0,0,18890,0,18890,100000,0,100000,100000
7088,phl,Philippines,1984,18270,0,0,18270,0,18270,100000,0,100000,100000
7089,phl,Philippines,1985,16990,0,0,16990,0,16990,90000,0,90000,90000
7090,phl,Philippines,1986,13830,0,0,13830,0,13830,90000,0,90000,90000
7091,phl,Philippines,1987,13170,0,0,13170,0,13170,90000,0,90000,90000
7092,phl,Philippines,1988,21109,0,0,21109,0,21109,90000,0,90000,90000
7093,phl,Philippines,1989,26651,0,0,26651,0,26651,90000,0,90000,90000
7094,phl,Philippines,1990,19860,0,0,19860,0,19860,11,0,11,11
7095,phl,Philippines,1991,8972,0,0,8972,0,8972,15,0,15,15
7096,phl,Philippines,1992,6721,0,0,6721,0,6721,45,0,45,45
7097,phl,Philippines,1993,2476,0,0,2476,0,2476,111,0,111,111
7098,phl,Philippines,1994,668,0,0,668,0,668,435,0,435,435
7099,phl,Philippines,1995,776,0,0,776,0,776,515,0,515,515
7100,phl,Philippines,1996,685,0,0,685,0,685,599,0,599,599
7101,phl,Philippines,1997,306,0,0,306,0,306,526,0,526,526
7102,phl,Philippines,1998,303,0,0,303,0,303,45601,0,45601,45601
7103,phl,Philippines,1999,166,0,0,166,0,166,45516,0,45516,45516
7104,phl,Philippines,2000,175,10,0,185,0,185,45481,1848,47329,47329
7105,phl,Philippines,2001,132,34,0,166,0,166,45469,1838,47307,47307
7106,phl,Philippines,2002,109,38,0,147,0,147,45606,2019,47625,47625
7107,phl,Philippines,2003,109,32,0,141,0,141,409,1832,2241,2241
7108,phl,Philippines,2004,106,38,0,144,0,144,428,980,1408,1408
7109,phl,Philippines,2005,92,27,0,119,0,119,464,862,1326,1326
7110,phl,Philippines,2006,96,19,0,115,0,115,888,791,1679,1679
7111,phl,Philippines,2007,102,12,0,114,0,114,1550,752,2302,2302
7112,phl,Philippines,2008,99,78,0,177,0,177,1348,904,2252,2252
7113,phl,Philippines,2009,93,36,0,129,0,129,987,790,1777,1777
7114,phl,Philippines,2010,238,58,0,296,139509,139805,963,651,1614,141123
7115,phl,Philippines,2011,118,46,0,164,159465,159629,945,355,1300,160765
7116,phl,Philippines,2012,141,29,0,170,1159,1329,979,377,1356,2515
7117,phl,Philippines,2013,178,68,0,246,117369,117615,718,876,1594,118963
7118,phl,Philippines,2014,213,91,0,304,142430,142734,660,1117,1777,144207
7119,phl,Philippines,2015,254,185,0,439,63174,63613,582,1886,2468,65642
7120,phl,Philippines,2016,392,205,0,597,87418,88015,426,3119,3545,90963
7121,phl,Philippines,2017,512,210,0,722,311943,312665,445,8081,8526,320469
7122,phl,Philippines,2018,631,238,0,869,77651,78520,522,3804,4326,81977
7123,phl,Philippines,2019,680,319,0,999,178897,179896,554,4732,5286,184183
7124,phl,Philippines,2020,709,397,0,1106,150368,151474,469,4989,5458,155826
7125,phl,Philippines,2021,801,586,0,1387,105214,106601,521,5525,6046,111260
7126,phl,Philippines,2022,856,780,0,1636,98094,99730,586,5492,6078,104172
7127,phl,Philippines,2023,934,1029,0,1963,108237,110200,645,4670,5315,113552
7128,phl,Philippines,2024,962,1380,0,2342,121576,123918,785,6742,7527,129103
7129,phl,Philippines,2025,1032,942,0,1974,43500,45474,807,6088,6895,50395
7130,plw,Palau,2009,11,0,0,11,0,11,0,0,0,0
7131,plw,Palau,2010,0,0,0,0,0,0,0,0,0,0
7132,plw,Palau,2011,0,0,0,0,0,0,0,0,0,0
7133,plw,Palau,2012,0,0,0,0,0,0,0,0,0,0
7134,plw,Palau,2013,0,0,0,0,0,0,0,5,5,5
7135,plw,Palau,2014,0,0,0,0,0,0,0,0,0,0
7136,plw,Palau,2015,0,0,0,0,0,0,0,0,0,0
7137,plw,Palau,2016,0,0,0,0,0,0,0,0,0,0
7138,plw,Palau,2017,0,0,0,0,0,0,0,5,5,5
7139,plw,Palau,2018,0,0,0,0,0,0,0,0,0,0
7140,plw,Palau,2019,0,0,0,0,0,0,0,0,0,0
7141,plw,Palau,2020,0,0,0,0,0,0,0,0,0,0
7142,plw,Palau,2021,0,0,0,0,0,0,0,0,0,0
7143,plw,Palau,2022,0,0,0,0,0,0,5,0,5,5
7144,plw,Palau,2023,0,0,0,0,0,0,5,0,5,5
7145,plw,Palau,2024,5,0,0,5,0,5,0,0,0,0
7146,png,Papua New Guinea,1978,1000,0,0,1000,0,1000,0,0,0,0
7147,png,Papua New Guinea,1979,1000,0,0,1000,0,1000,0,0,0,0
7148,png,Papua New Guinea,1980,1000,0,0,1000,0,1000,0,0,0,0
7149,png,Papua New Guinea,1981,150,0,0,150,0,150,0,0,0,0
7150,png,Papua New Guinea,1982,2200,0,0,2200,0,2200,0,0,0,0
7151,png,Papua New Guinea,1983,1230,0,0,1230,0,1230,0,0,0,0
7152,png,Papua New Guinea,1984,10950,0,0,10950,0,10950,0,0,0,0
7153,png,Papua New Guinea,1985,11750,0,0,11750,0,11750,0,0,0,0
7154,png,Papua New Guinea,1986,11290,0,0,11290,0,11290,0,0,0,0
7155,png,Papua New Guinea,1987,9620,0,0,9620,0,9620,0,0,0,0
7156,png,Papua New Guinea,1988,9241,0,0,9241,0,9241,0,0,0,0
7157,png,Papua New Guinea,1989,7732,0,0,7732,0,7732,0,0,0,0
7158,png,Papua New Guinea,1990,7099,0,0,7099,0,7099,0,0,0,0
7159,png,Papua New Guinea,1991,6098,0,0,6098,0,6098,0,0,0,0
7160,png,Papua New Guinea,1992,6686,0,0,6686,0,6686,0,0,0,0
7161,png,Papua New Guinea,1993,7670,0,0,7670,0,7670,0,0,0,0
7162,png,Papua New Guinea,1994,8461,0,0,8461,0,8461,0,0,0,0
7163,png,Papua New Guinea,1995,9600,0,0,9600,0,9600,2000,0,2000,2000
7164,png,Papua New Guinea,1996,10175,0,0,10175,0,10175,2006,0,2006,2006
7165,png,Papua New Guinea,1997,8198,0,0,8198,0,8198,806,0,806,806
7166,png,Papua New Guinea,1998,8198,0,0,8198,0,8198,216,0,216,216
7167,png,Papua New Guinea,1999,6664,0,0,6664,0,6664,6,0,6,6
7168,png,Papua New Guinea,2000,5862,0,0,5862,0,5862,6,0,6,6
7169,png,Papua New Guinea,2001,4941,0,0,4941,0,4941,6,0,6,6
7170,png,Papua New Guinea,2002,4941,312,0,5253,0,5253,12,5,17,17
7171,png,Papua New Guinea,2003,7491,305,0,7796,0,7796,12,6,18,18
7172,png,Papua New Guinea,2004,7626,199,0,7825,0,7825,12,0,12,12
7173,png,Papua New Guinea,2005,10001,5,0,10006,0,10006,20,17,37,37
7174,png,Papua New Guinea,2006,10182,0,0,10182,0,10182,27,6,33,33
7175,png,Papua New Guinea,2007,10000,10,0,10010,0,10010,33,18,51,51
7176,png,Papua New Guinea,2008,10005,5,0,10010,0,10010,44,10,54,54
7177,png,Papua New Guinea,2009,9704,5,0,9709,0,9709,68,11,79,79
7178,png,Papua New Guinea,2010,9699,0,0,9699,0,9699,87,43,130,130
7179,png,Papua New Guinea,2011,9378,0,0,9378,0,9378,126,46,172,172
7180,png,Papua New Guinea,2012,9378,156,0,9534,0,9534,172,83,255,255
7181,png,Papua New Guinea,2013,9373,404,0,9777,0,9777,219,146,365,365
7182,png,Papua New Guinea,2014,9503,398,0,9901,0,9901,285,213,498,498
7183,png,Papua New Guinea,2015,9503,448,0,9951,0,9951,335,198,533,533
7184,png,Papua New Guinea,2016,9529,16,0,9545,0,9545,401,261,662,662
7185,png,Papua New Guinea,2017,10018,0,0,10018,0,10018,406,372,778,778
7186,png,Papua New Guinea,2018,10022,151,0,10173,0,10173,424,445,869,869
7187,png,Papua New Guinea,2019,9698,132,0,9830,0,9830,475,549,1024,1024
7188,png,Papua New Guinea,2020,10781,108,0,10889,14000,24889,510,650,1160,15160
7189,png,Papua New Guinea,2021,11839,125,0,11964,24000,35964,507,636,1143,25143
7190,png,Papua New Guinea,2022,10524,3303,0,13827,90634,104461,610,610,1220,91854
7191,png,Papua New Guinea,2023,10523,3298,0,13821,95000,108821,452,719,1171,96171
7192,png,Papua New Guinea,2024,7732,3251,0,10983,84051,95034,504,982,1486,85537
7193,png,Papua New Guinea,2025,7727,3121,0,10848,70124,80972,644,1227,1871,71995
7194,pol,Poland,1970,0,0,0,0,0,0,150,0,150,150
7195,pol,Poland,1971,0,0,0,0,0,0,150,0,150,150
7196,pol,Poland,1972,0,0,0,0,0,0,140,0,140,140
7197,pol,Poland,1973,0,0,0,0,0,0,100,0,100,100
7198,pol,Poland,1974,0,0,0,0,0,0,70,0,70,70
7199,pol,Poland,1975,0,0,0,0,0,0,60,0,60,60
7200,pol,Poland,1976,0,0,0,0,0,0,50,0,50,50
7201,pol,Poland,1977,0,0,0,0,0,0,0,0,0,0
7202,pol,Poland,1978,0,0,0,0,0,0,50,0,50,50
7203,pol,Poland,1979,0,0,0,0,0,0,0,0,0,0
7204,pol,Poland,1980,0,0,0,0,0,0,471,0,471,471
7205,pol,Poland,1981,0,0,0,0,0,0,505,0,505,505
7206,pol,Poland,1982,0,0,0,0,0,0,775,0,775,775
7207,pol,Poland,1983,0,0,0,0,0,0,761,0,761,761
7208,pol,Poland,1984,0,0,0,0,0,0,994,0,994,994
7209,pol,Poland,1985,0,0,0,0,0,0,1655,0,1655,1655
7210,pol,Poland,1986,0,0,0,0,0,0,1102,0,1102,1102
7211,pol,Poland,1987,0,0,0,0,0,0,1475,0,1475,1475
7212,pol,Poland,1988,0,0,0,0,0,0,23266,0,23266,23266
7213,pol,Poland,1989,0,0,0,0,0,0,23072,0,23072,23072
7214,pol,Poland,1990,0,0,0,0,0,0,25632,0,25632,25632
7215,pol,Poland,1991,550,0,0,550,0,550,21643,0,21643,21643
7216,pol,Poland,1992,2719,0,0,2719,0,2719,14518,0,14518,14518
7217,pol,Poland,1993,810,0,0,810,0,810,13385,0,13385,13385
7218,pol,Poland,1994,393,0,0,393,0,393,35934,0,35934,35934
7219,pol,Poland,1995,600,0,0,600,0,600,19731,0,19731,19731
7220,pol,Poland,1996,600,0,0,600,0,600,12868,0,12868,12868
7221,pol,Poland,1997,835,0,0,835,0,835,7292,0,7292,7292
7222,pol,Poland,1998,895,0,0,895,0,895,1880,0,1880,1880
7223,pol,Poland,1999,937,0,0,937,0,937,1238,0,1238,1238
7224,pol,Poland,2000,1011,0,0,1011,0,1011,859,549,1408,1408
7225,pol,Poland,2001,1295,0,0,1295,0,1295,3187,879,4066,4066
7226,pol,Poland,2002,1586,2554,0,4140,0,4140,16713,818,17531,17531
7227,pol,Poland,2003,1822,1512,0,3334,0,3334,15211,904,16115,16115
7228,pol,Poland,2004,2491,3520,0,6011,0,6011,10683,569,11252,11252
7229,pol,Poland,2005,4585,1620,0,6205,0,6205,19642,603,20245,20245
7230,pol,Poland,2006,6786,1965,0,8751,0,8751,13508,372,13880,13880
7231,pol,Poland,2007,10037,5937,0,15974,0,15974,2911,187,3098,3098
7232,pol,Poland,2008,12761,4381,0,17142,0,17142,2385,225,2610,2610
7233,pol,Poland,2009,15299,2397,0,17696,0,17696,2052,245,2297,2297
7234,pol,Poland,2010,15537,2111,0,17648,0,17648,1758,153,1911,1911
7235,pol,Poland,2011,15834,2873,0,18707,0,18707,1811,349,2160,2160
7236,pol,Poland,2012,15897,2394,0,18291,0,18291,1638,326,1964,1964
7237,pol,Poland,2013,16428,2157,0,18585,0,18585,1428,274,1702,1702
7238,pol,Poland,2014,15730,2675,0,18405,0,18405,1306,263,1569,1569
7239,pol,Poland,2015,14057,3281,0,17338,0,17338,1298,399,1697,1697
7240,pol,Poland,2016,11738,3412,0,15150,0,15150,1159,565,1724,1724
7241,pol,Poland,2017,12225,2878,0,15103,0,15103,1123,784,1907,1907
7242,pol,Poland,2018,12495,3059,0,15554,0,15554,1085,912,1997,1997
7243,pol,Poland,2019,12658,4783,0,17441,0,17441,961,1016,1977,1977
7244,pol,Poland,2020,2771,3602,0,6373,0,6373,910,1052,1962,1962
7245,pol,Poland,2021,4875,3823,0,8698,0,8698,887,1056,1943,1943
7246,pol,Poland,2022,971129,3020,0,974149,0,974149,971,1044,2015,2015
7247,pol,Poland,2023,971478,6989,0,978467,0,978467,932,1050,1982,1982
7248,pol,Poland,2024,1008871,10992,0,1019863,0,1019863,1528,1076,2604,2604
7249,pol,Poland,2025,990469,13848,0,1004317,0,1004317,1368,407,1775,1775
7250,prk,North Korea,1996,0,0,0,0,0,0,10,0,10,10
7251,prk,North Korea,1997,0,0,0,0,0,0,0,0,0,0
7252,prk,North Korea,1998,0,0,0,0,0,0,5,0,5,5
7253,prk,North Korea,1999,0,0,0,0,0,0,10,0,10,10
7254,prk,North Korea,2000,0,0,0,0,0,0,15,50,65,65
7255,prk,North Korea,2001,0,0,0,0,0,0,17,49,66,66
7256,prk,North Korea,2002,0,0,0,0,0,0,256,70,326,326
7257,prk,North Korea,2003,0,0,0,0,0,0,306,41,347,347
7258,prk,North Korea,2004,0,0,0,0,0,0,344,64,408,408
7259,prk,North Korea,2005,0,0,0,0,0,0,287,67,354,354
7260,prk,North Korea,2006,0,0,0,0,0,0,394,95,489,489
7261,prk,North Korea,2007,0,0,0,0,0,0,602,232,834,834
7262,prk,North Korea,2008,0,0,0,0,0,0,881,213,1094,1094
7263,prk,North Korea,2009,0,0,0,0,0,0,878,125,1003,1003
7264,prk,North Korea,2010,0,0,0,0,0,0,915,268,1183,1183
7265,prk,North Korea,2011,0,0,0,0,0,0,1046,550,1596,1596
7266,prk,North Korea,2012,0,0,0,0,0,0,1126,1023,2149,2149
7267,prk,North Korea,2013,0,0,0,0,0,0,1163,940,2103,2103
7268,prk,North Korea,2014,0,0,0,0,0,0,1275,233,1508,1508
7269,prk,North Korea,2015,0,0,0,0,0,0,1094,223,1317,1317
7270,prk,North Korea,2016,0,0,0,0,0,0,1419,526,1945,1945
7271,prk,North Korea,2017,0,0,0,0,0,0,1176,587,1763,1763
7272,prk,North Korea,2018,0,0,0,0,0,0,797,146,943,943
7273,prk,North Korea,2019,0,0,0,0,0,0,758,112,870,870
7274,prk,North Korea,2020,0,0,0,0,0,0,689,88,777,777
7275,prk,North Korea,2021,0,0,0,0,0,0,528,108,636,636
7276,prk,North Korea,2022,0,0,0,0,0,0,267,127,394,394
7277,prk,North Korea,2023,0,0,0,0,0,0,239,96,335,335
7278,prk,North Korea,2024,0,0,0,0,0,0,283,105,388,388
7279,prk,North Korea,2025,0,0,0,0,0,0,263,45,308,308
7280,prt,Portugal,1975,150,0,0,150,0,150,0,0,0,0
7281,prt,Portugal,1976,0,0,0,0,0,0,0,0,0,0
7282,prt,Portugal,1977,7500,0,0,7500,0,7500,0,0,0,0
7283,prt,Portugal,1978,7500,0,0,7500,0,7500,0,0,0,0
7284,prt,Portugal,1979,7600,0,0,7600,0,7600,0,0,0,0
7285,prt,Portugal,1980,7600,0,0,7600,0,7600,0,0,0,0
7286,prt,Portugal,1981,7600,0,0,7600,0,7600,0,0,0,0
7287,prt,Portugal,1982,7600,0,0,7600,0,7600,0,0,0,0
7288,prt,Portugal,1983,700,0,0,700,0,700,0,0,0,0
7289,prt,Portugal,1984,600,0,0,600,0,600,0,0,0,0
7290,prt,Portugal,1985,700,0,0,700,0,700,0,0,0,0
7291,prt,Portugal,1986,800,0,0,800,0,800,0,0,0,0
7292,prt,Portugal,1987,800,0,0,800,0,800,0,0,0,0
7293,prt,Portugal,1988,789,0,0,789,0,789,0,0,0,0
7294,prt,Portugal,1989,657,0,0,657,0,657,0,0,0,0
7295,prt,Portugal,1990,867,0,0,867,0,867,0,0,0,0
7296,prt,Portugal,1991,998,0,0,998,0,998,0,0,0,0
7297,prt,Portugal,1992,1778,0,0,1778,0,1778,0,0,0,0
7298,prt,Portugal,1993,600,0,0,600,0,600,0,0,0,0
7299,prt,Portugal,1994,248,0,0,248,0,248,25,0,25,25
7300,prt,Portugal,1995,248,0,0,248,0,248,23,0,23,23
7301,prt,Portugal,1996,297,0,0,297,0,297,218,0,218,218
7302,prt,Portugal,1997,310,0,0,310,0,310,213,0,213,213
7303,prt,Portugal,1998,329,0,0,329,0,329,21,0,21,21
7304,prt,Portugal,1999,364,0,0,364,0,364,16,0,16,16
7305,prt,Portugal,2000,416,0,0,416,0,416,24,73,97,97
7306,prt,Portugal,2001,444,0,0,444,0,444,14,146,160,160
7307,prt,Portugal,2002,460,0,0,460,0,460,60,551,611,611
7308,prt,Portugal,2003,414,0,0,414,0,414,54,392,446,446
7309,prt,Portugal,2004,368,0,0,368,0,368,43,212,255,255
7310,prt,Portugal,2005,355,0,0,355,0,355,74,122,196,196
7311,prt,Portugal,2006,322,0,0,322,0,322,25,45,70,70
7312,prt,Portugal,2007,346,0,0,346,0,346,29,41,70,70
7313,prt,Portugal,2008,393,0,0,393,0,393,35,33,68,68
7314,prt,Portugal,2009,383,10,0,393,0,393,30,46,76,76
7315,prt,Portugal,2010,368,61,0,429,0,429,29,60,89,89
7316,prt,Portugal,2011,399,212,0,611,0,611,29,67,96,96
7317,prt,Portugal,2012,473,192,0,665,0,665,32,49,81,81
7318,prt,Portugal,2013,596,198,0,794,0,794,27,40,67,67
7319,prt,Portugal,2014,704,327,0,1031,0,1031,30,34,64,64
7320,prt,Portugal,2015,851,571,0,1422,0,1422,28,64,92,92
7321,prt,Portugal,2016,1189,850,0,2039,0,2039,20,81,101,101
7322,prt,Portugal,2017,1619,45,0,1664,0,1664,16,171,187,187
7323,prt,Portugal,2018,2130,85,0,2215,0,2215,20,245,265,265
7324,prt,Portugal,2019,2375,1057,0,3432,0,3432,25,338,363,363
7325,prt,Portugal,2020,2405,1154,0,3559,0,3559,27,360,387,387
7326,prt,Portugal,2021,2651,2162,0,4813,0,4813,26,439,465,465
7327,prt,Portugal,2022,59777,968,0,60745,0,60745,55,448,503,503
7328,prt,Portugal,2023,62807,1267,0,64074,0,64074,45,979,1024,1024
7329,prt,Portugal,2024,68603,2563,0,71166,0,71166,110,1092,1202,1202
7330,prt,Portugal,2025,70349,8595,0,78944,0,78944,109,376,485,485
7331,pry,Paraguay,1969,4000,0,0,4000,0,4000,0,0,0,0
7332,pry,Paraguay,1970,1500,0,0,1500,0,1500,0,0,0,0
7333,pry,Paraguay,1971,1500,0,0,1500,0,1500,0,0,0,0
7334,pry,Paraguay,1972,1400,0,0,1400,0,1400,0,0,0,0
7335,pry,Paraguay,1973,0,0,0,0,0,0,0,0,0,0
7336,pry,Paraguay,1974,1160,0,0,1160,0,1160,0,0,0,0
7337,pry,Paraguay,1975,0,0,0,0,0,0,0,0,0,0
7338,pry,Paraguay,1976,0,0,0,0,0,0,0,0,0,0
7339,pry,Paraguay,1977,1500,0,0,1500,0,1500,0,0,0,0
7340,pry,Paraguay,1978,1500,0,0,1500,0,1500,0,0,0,0
7341,pry,Paraguay,1979,1200,0,0,1200,0,1200,0,0,0,0
7342,pry,Paraguay,1980,800,0,0,800,0,800,0,0,0,0
7343,pry,Paraguay,1981,800,0,0,800,0,800,0,0,0,0
7344,pry,Paraguay,1982,50,0,0,50,0,50,0,0,0,0
7345,pry,Paraguay,1983,50,0,0,50,0,50,0,0,0,0
7346,pry,Paraguay,1984,0,0,0,0,0,0,0,0,0,0
7347,pry,Paraguay,1985,80,0,0,80,0,80,0,0,0,0
7348,pry,Paraguay,1986,60,0,0,60,0,60,0,0,0,0
7349,pry,Paraguay,1987,50,0,0,50,0,50,0,0,0,0
7350,pry,Paraguay,1988,50,0,0,50,0,50,0,0,0,0
7351,pry,Paraguay,1989,50,0,0,50,0,50,0,0,0,0
7352,pry,Paraguay,1990,66,0,0,66,0,66,19,0,19,19
7353,pry,Paraguay,1991,66,0,0,66,0,66,8,0,8,8
7354,pry,Paraguay,1992,45,0,0,45,0,45,10,0,10,10
7355,pry,Paraguay,1993,50,0,0,50,0,50,15,0,15,15
7356,pry,Paraguay,1994,60,0,0,60,0,60,64,0,64,64
7357,pry,Paraguay,1995,60,0,0,60,0,60,51,0,51,51
7358,pry,Paraguay,1996,53,0,0,53,0,53,45,0,45,45
7359,pry,Paraguay,1997,48,0,0,48,0,48,19,0,19,19
7360,pry,Paraguay,1998,34,0,0,34,0,34,16,0,16,16
7361,pry,Paraguay,1999,20,0,0,20,0,20,20,0,20,20
7362,pry,Paraguay,2000,19,0,0,19,0,19,20,16,36,36
7363,pry,Paraguay,2001,19,12,0,31,0,31,6,22,28,28
7364,pry,Paraguay,2002,19,5,0,24,0,24,26,44,70,70
7365,pry,Paraguay,2003,25,5,0,30,0,30,34,50,84,84
7366,pry,Paraguay,2004,40,0,0,40,0,40,34,42,76,76
7367,pry,Paraguay,2005,46,8,0,54,0,54,42,31,73,73
7368,pry,Paraguay,2006,55,0,0,55,0,55,103,36,139,139
7369,pry,Paraguay,2007,57,14,0,71,0,71,99,44,143,143
7370,pry,Paraguay,2008,70,0,0,70,0,70,97,32,129,129
7371,pry,Paraguay,2009,85,0,0,85,0,85,77,30,107,107
7372,pry,Paraguay,2010,103,0,0,103,0,103,86,24,110,110
7373,pry,Paraguay,2011,120,5,0,125,0,125,91,22,113,113
7374,pry,Paraguay,2012,129,5,0,134,0,134,101,23,124,124
7375,pry,Paraguay,2013,132,0,0,132,0,132,91,28,119,119
7376,pry,Paraguay,2014,149,9,0,158,0,158,87,34,121,121
7377,pry,Paraguay,2015,167,27,0,194,0,194,88,67,155,155
7378,pry,Paraguay,2016,199,31,0,230,0,230,68,117,185,185
7379,pry,Paraguay,2017,200,69,0,269,0,269,77,175,252,252
7380,pry,Paraguay,2018,260,350,803,1413,0,1413,73,278,351,351
7381,pry,Paraguay,2019,1014,680,3588,5282,0,5282,84,632,716,716
7382,pry,Paraguay,2020,1686,1452,2879,6017,0,6017,119,868,987,987
7383,pry,Paraguay,2021,4484,860,1910,7254,0,7254,125,1102,1227,1227
7384,pry,Paraguay,2022,5420,1200,1004,7624,0,7624,139,1202,1341,1341
7385,pry,Paraguay,2023,5991,1598,0,7589,0,7589,155,1987,2142,2142
7386,pry,Paraguay,2024,6071,1578,0,7649,0,7649,170,3054,3224,3224
7387,pry,Paraguay,2025,4621,1659,0,6280,0,6280,162,2398,2560,2560
7388,pse,Palestine,1976,0,0,0,0,0,0,3200,0,3200,3200
7389,pse,Palestine,1977,0,0,0,0,0,0,0,0,0,0
7390,pse,Palestine,1978,0,0,0,0,0,0,0,0,0,0
7391,pse,Palestine,1979,0,0,0,0,0,0,0,0,0,0
7392,pse,Palestine,1980,0,0,0,0,0,0,0,0,0,0
7393,pse,Palestine,1981,0,0,0,0,0,0,0,0,0,0
7394,pse,Palestine,1982,0,0,0,0,0,0,9800,0,9800,9800
7395,pse,Palestine,1983,0,0,0,0,0,0,9110,0,9110,9110
7396,pse,Palestine,1984,0,0,0,0,0,0,0,0,0,0
7397,pse,Palestine,1985,0,0,0,0,0,0,31640,0,31640,31640
7398,pse,Palestine,1986,0,0,0,0,0,0,52705,0,52705,52705
7399,pse,Palestine,1987,0,0,0,0,0,0,2005,0,2005,2005
7400,pse,Palestine,1988,0,0,0,0,0,0,5014,0,5014,5014
7401,pse,Palestine,1989,0,0,0,0,0,0,8041,0,8041,8041
7402,pse,Palestine,1990,0,0,0,0,0,0,8521,0,8521,8521
7403,pse,Palestine,1991,0,0,0,0,0,0,65177,0,65177,65177
7404,pse,Palestine,1992,0,0,0,0,0,0,95343,0,95343,95343
7405,pse,Palestine,1993,0,0,0,0,0,0,81472,0,81472,81472
7406,pse,Palestine,1994,0,0,0,0,0,0,82559,0,82559,82559
7407,pse,Palestine,1995,0,0,0,0,0,0,72762,0,72762,72762
7408,pse,Palestine,1996,0,0,0,0,0,0,80202,0,80202,80202
7409,pse,Palestine,1997,0,0,0,0,0,0,76812,0,76812,76812
7410,pse,Palestine,1998,0,0,0,0,0,0,77517,0,77517,77517
7411,pse,Palestine,1999,0,0,0,0,0,0,100602,0,100602,100602
7412,pse,Palestine,2000,0,0,0,0,0,0,110641,538,111179,111179
7413,pse,Palestine,2001,0,0,0,0,0,0,349158,889,350047,350047
7414,pse,Palestine,2002,0,0,0,0,0,0,428775,999,429774,429774
7415,pse,Palestine,2003,0,0,0,0,0,0,350562,1074,351636,351636
7416,pse,Palestine,2004,0,0,0,0,0,0,349827,1024,350851,350851
7417,pse,Palestine,2005,0,0,0,0,0,0,349663,1053,350716,350716
7418,pse,Palestine,2006,0,0,0,0,0,0,334127,1386,335513,335513
7419,pse,Palestine,2007,0,0,0,0,0,0,341231,2416,343647,343647
7420,pse,Palestine,2008,0,0,0,0,0,0,340004,2648,342652,342652
7421,pse,Palestine,2009,0,0,0,0,0,0,95185,2488,97673,97673
7422,pse,Palestine,2010,0,0,0,0,0,0,93312,3194,96506,96506
7423,pse,Palestine,2011,0,0,0,0,0,0,94141,1760,95901,95901
7424,pse,Palestine,2012,0,0,0,0,0,0,94916,2423,97339,97339
7425,pse,Palestine,2013,0,0,0,0,0,0,96035,3336,99371,99371
7426,pse,Palestine,2014,0,0,0,0,0,0,97207,3636,100843,100843
7427,pse,Palestine,2015,0,0,0,0,0,0,98013,4315,102328,102328
7428,pse,Palestine,2016,0,0,0,0,0,0,97794,5980,103774,103774
7429,pse,Palestine,2017,0,0,0,0,0,0,99630,8859,108489,108489
7430,pse,Palestine,2018,0,0,0,0,0,0,100728,13461,114189,114189
7431,pse,Palestine,2019,0,0,0,0,0,0,96253,11537,107790,107790
7432,pse,Palestine,2020,0,0,0,0,0,0,100153,12456,112609,112609
7433,pse,Palestine,2021,0,0,0,0,0,0,103581,9645,113226,113226
7434,pse,Palestine,2022,0,0,0,0,0,0,104307,11295,115602,115602
7435,pse,Palestine,2023,0,0,0,0,0,0,41077,12387,53464,53464
7436,pse,Palestine,2024,0,0,0,0,0,0,43712,15720,59432,59432
7437,pse,Palestine,2025,0,0,0,0,0,0,48323,16726,65049,65049
7438,qat,Qatar,1980,200,0,0,200,0,200,0,0,0,0
7439,qat,Qatar,1981,200,0,0,200,0,200,0,0,0,0
7440,qat,Qatar,1982,200,0,0,200,0,200,0,0,0,0
7441,qat,Qatar,1983,200,0,0,200,0,200,0,0,0,0
7442,qat,Qatar,1984,200,0,0,200,0,200,0,0,0,0
7443,qat,Qatar,1985,200,0,0,200,0,200,0,0,0,0
7444,qat,Qatar,1986,0,0,0,0,0,0,0,0,0,0
7445,qat,Qatar,1987,0,0,0,0,0,0,0,0,0,0
7446,qat,Qatar,1988,0,0,0,0,0,0,0,0,0,0
7447,qat,Qatar,1989,0,0,0,0,0,0,0,0,0,0
7448,qat,Qatar,1990,0,0,0,0,0,0,0,0,0,0
7449,qat,Qatar,1991,0,0,0,0,0,0,0,0,0,0
7450,qat,Qatar,1992,0,0,0,0,0,0,0,0,0,0
7451,qat,Qatar,1993,0,0,0,0,0,0,0,0,0,0
7452,qat,Qatar,1994,0,0,0,0,0,0,49,0,49,49
7453,qat,Qatar,1995,0,0,0,0,0,0,30,0,30,30
7454,qat,Qatar,1996,0,0,0,0,0,0,17,0,17,17
7455,qat,Qatar,1997,0,0,0,0,0,0,18,0,18,18
7456,qat,Qatar,1998,0,0,0,0,0,0,21,0,21,21
7457,qat,Qatar,1999,6,0,0,6,0,6,6,0,6,6
7458,qat,Qatar,2000,31,0,0,31,0,31,0,31,31,31
7459,qat,Qatar,2001,67,9,0,76,0,76,0,29,29,29
7460,qat,Qatar,2002,46,19,0,65,0,65,10,30,40,40
7461,qat,Qatar,2003,46,42,0,88,0,88,14,14,28,28
7462,qat,Qatar,2004,46,23,0,69,0,69,10,0,10,10
7463,qat,Qatar,2005,46,23,0,69,0,69,6,5,11,11
7464,qat,Qatar,2006,46,28,0,74,0,74,48,5,53,53
7465,qat,Qatar,2007,46,38,0,84,0,84,57,0,57,57
7466,qat,Qatar,2008,13,31,0,44,0,44,69,0,69,69
7467,qat,Qatar,2009,29,10,0,39,0,39,66,5,71,71
7468,qat,Qatar,2010,51,15,0,66,0,66,109,7,116,116
7469,qat,Qatar,2011,80,48,0,128,0,128,93,7,100,100
7470,qat,Qatar,2012,80,54,0,134,0,134,123,5,128,128
7471,qat,Qatar,2013,130,10,0,140,0,140,15,0,15,15
7472,qat,Qatar,2014,132,86,0,218,0,218,23,5,28,28
7473,qat,Qatar,2015,117,116,0,233,0,233,21,12,33,33
7474,qat,Qatar,2016,176,143,0,319,0,319,25,23,48,48
7475,qat,Qatar,2017,188,123,0,311,0,311,31,39,70,70
7476,qat,Qatar,2018,189,91,0,280,0,280,30,33,63,63
7477,qat,Qatar,2019,202,99,0,301,0,301,36,36,72,72
7478,qat,Qatar,2020,201,243,0,444,0,444,33,38,71,71
7479,qat,Qatar,2021,197,310,0,507,0,507,47,35,82,82
7480,qat,Qatar,2022,197,140,0,337,0,337,40,128,168,168
7481,qat,Qatar,2023,197,140,0,337,0,337,58,58,116,116
7482,qat,Qatar,2024,197,152,0,349,0,349,65,55,120,120
7483,qat,Qatar,2025,195,153,0,348,0,348,73,28,101,101
7484,rou,Romania,1970,0,0,0,0,0,0,100,0,100,100
7485,rou,Romania,1971,0,0,0,0,0,0,60,0,60,60
7486,rou,Romania,1972,0,0,0,0,0,0,90,0,90,90
7487,rou,Romania,1973,0,0,0,0,0,0,90,0,90,90
7488,rou,Romania,1974,0,0,0,0,0,0,70,0,70,70
7489,rou,Romania,1975,0,0,0,0,0,0,70,0,70,70
7490,rou,Romania,1976,0,0,0,0,0,0,0,0,0,0
7491,rou,Romania,1977,1000,0,0,1000,0,1000,0,0,0,0
7492,rou,Romania,1978,1000,0,0,1000,0,1000,60,0,60,60
7493,rou,Romania,1979,1000,0,0,1000,0,1000,0,0,0,0
7494,rou,Romania,1980,1000,0,0,1000,0,1000,772,0,772,772
7495,rou,Romania,1981,1000,0,0,1000,0,1000,854,0,854,854
7496,rou,Romania,1982,1000,0,0,1000,0,1000,1157,0,1157,1157
7497,rou,Romania,1983,1000,0,0,1000,0,1000,1211,0,1211,1211
7498,rou,Romania,1984,1000,0,0,1000,0,1000,962,0,962,962
7499,rou,Romania,1985,0,0,0,0,0,0,2201,0,2201,2201
7500,rou,Romania,1986,0,0,0,0,0,0,1024,0,1024,1024
7501,rou,Romania,1987,0,0,0,0,0,0,1890,0,1890,1890
7502,rou,Romania,1988,0,0,0,0,0,0,20247,0,20247,20247
7503,rou,Romania,1989,0,0,0,0,0,0,45978,0,45978,45978
7504,rou,Romania,1990,0,0,0,0,0,0,51282,0,51282,51282
7505,rou,Romania,1991,651,0,0,651,0,651,27177,0,27177,27177
7506,rou,Romania,1992,520,0,0,520,0,520,25118,0,25118,25118
7507,rou,Romania,1993,1170,0,0,1170,0,1170,23566,0,23566,23566
7508,rou,Romania,1994,1170,0,0,1170,0,1170,22273,0,22273,22273
7509,rou,Romania,1995,192,0,0,192,0,192,16977,0,16977,16977
7510,rou,Romania,1996,261,0,0,261,0,261,11872,0,11872,11872
7511,rou,Romania,1997,631,0,0,631,0,631,8955,0,8955,8955
7512,rou,Romania,1998,983,0,0,983,0,983,10924,0,10924,10924
7513,rou,Romania,1999,1234,0,0,1234,0,1234,8560,0,8560,8560
7514,rou,Romania,2000,1677,0,0,1677,0,1677,7348,2466,9814,9814
7515,rou,Romania,2001,1792,0,0,1792,0,1792,6052,2812,8864,8864
7516,rou,Romania,2002,1839,34,0,1873,0,1873,8842,2293,11135,11135
7517,rou,Romania,2003,1991,302,0,2293,0,2293,8384,2164,10548,10548
7518,rou,Romania,2004,1610,188,0,1798,0,1798,6043,1339,7382,7382
7519,rou,Romania,2005,2040,263,0,2303,0,2303,11495,1135,12630,12630
7520,rou,Romania,2006,1636,165,0,1801,0,1801,7224,1323,8547,8547
7521,rou,Romania,2007,1741,158,0,1899,0,1899,5299,561,5860,5860
7522,rou,Romania,2008,1586,287,0,1873,0,1873,4747,385,5132,5132
7523,rou,Romania,2009,1065,391,0,1456,0,1456,4350,412,4762,4762
7524,rou,Romania,2010,1019,372,0,1391,0,1391,3926,308,4234,4234
7525,rou,Romania,2011,1003,751,0,1754,0,1754,3422,465,3887,3887
7526,rou,Romania,2012,1263,21,0,1284,0,1284,2802,610,3412,3412
7527,rou,Romania,2013,1747,121,0,1868,0,1868,2331,1151,3482,3482
7528,rou,Romania,2014,2171,325,0,2496,0,2496,1917,1011,2928,2928
7529,rou,Romania,2015,2581,408,0,2989,0,2989,1731,1377,3108,3108
7530,rou,Romania,2016,2880,72,0,2952,0,2952,1195,2520,3715,3715
7531,rou,Romania,2017,3911,1514,0,5425,0,5425,1210,3256,4466,4466
7532,rou,Romania,2018,4134,1476,0,5610,0,5610,1155,4253,5408,5408
7533,rou,Romania,2019,3860,916,0,4776,0,4776,1352,3910,5262,5262
7534,rou,Romania,2020,3581,2242,0,5823,0,5823,1343,3720,5063,5063
7535,rou,Romania,2021,4200,1504,0,5704,0,5704,1417,4452,5869,5869
7536,rou,Romania,2022,105621,1172,0,106793,0,106793,3959,6200,10159,10159
7537,rou,Romania,2023,87487,1068,0,88555,0,88555,1825,7383,9208,9208
7538,rou,Romania,2024,184529,462,0,184991,0,184991,2919,8952,11871,11871
7539,rou,Romania,2025,206671,316,0,206987,0,206987,3130,7877,11007,11007
7540,rus,Russia,1964,0,0,0,0,0,0,120,0,120,120
7541,rus,Russia,1965,0,0,0,0,0,0,0,0,0,0
7542,rus,Russia,1966,0,0,0,0,0,0,17970,0,17970,17970
7543,rus,Russia,1967,0,0,0,0,0,0,0,0,0,0
7544,rus,Russia,1968,0,0,0,0,0,0,0,0,0,0
7545,rus,Russia,1969,0,0,0,0,0,0,0,0,0,0
7546,rus,Russia,1970,0,0,0,0,0,0,170,0,170,170
7547,rus,Russia,1971,0,0,0,0,0,0,160,0,160,160
7548,rus,Russia,1972,0,0,0,0,0,0,150,0,150,150
7549,rus,Russia,1973,0,0,0,0,0,0,110,0,110,110
7550,rus,Russia,1974,0,0,0,0,0,0,80,0,80,80
7551,rus,Russia,1975,0,0,0,0,0,0,70,0,70,70
7552,rus,Russia,1976,0,0,0,0,0,0,60,0,60,60
7553,rus,Russia,1977,0,0,0,0,0,0,50,0,50,50
7554,rus,Russia,1978,0,0,0,0,0,0,50,0,50,50
7555,rus,Russia,1979,0,0,0,0,0,0,0,0,0,0
7556,rus,Russia,1980,0,0,0,0,0,0,10821,0,10821,10821
7557,rus,Russia,1981,0,0,0,0,0,0,11562,0,11562,11562
7558,rus,Russia,1982,0,0,0,0,0,0,11569,0,11569,11569
7559,rus,Russia,1983,0,0,0,0,0,0,11574,0,11574,11574
7560,rus,Russia,1984,0,0,0,0,0,0,11577,0,11577,11577
7561,rus,Russia,1985,0,0,0,0,0,0,11582,0,11582,11582
7562,rus,Russia,1986,0,0,0,0,0,0,10226,0,10226,10226
7563,rus,Russia,1987,0,0,0,0,0,0,8683,0,8683,8683
7564,rus,Russia,1988,0,0,0,0,0,0,33636,0,33636,33636
7565,rus,Russia,1989,0,0,0,0,0,0,68496,0,68496,68496
7566,rus,Russia,1990,0,0,0,0,0,0,117736,0,117736,117736
7567,rus,Russia,1991,0,0,0,0,0,0,155576,0,155576,155576
7568,rus,Russia,1992,0,0,0,0,0,0,213802,0,213802,213802
7569,rus,Russia,1993,0,0,0,0,0,0,243312,0,243312,243312
7570,rus,Russia,1994,0,0,0,0,90800,90800,251394,0,251394,342194
7571,rus,Russia,1995,0,0,0,0,128000,128000,207027,0,207027,335027
7572,rus,Russia,1996,246689,0,0,246689,161312,408001,173722,0,173722,335034
7573,rus,Russia,1997,237720,0,0,237720,337000,574720,198055,0,198055,535055
7574,rus,Russia,1998,128575,0,0,128575,171871,300446,172724,0,172724,344595
7575,rus,Russia,1999,80061,0,0,80061,498354,578415,28319,0,28319,526673
7576,rus,Russia,2000,26265,689,0,26954,490650,517604,40309,10597,50906,541556
7577,rus,Russia,2001,17970,737,0,18707,443288,461995,45154,14668,59822,503110
7578,rus,Russia,2002,14966,606,0,15572,371195,386767,91625,19615,111240,482435
7579,rus,Russia,2003,9897,275,0,10172,368220,378392,96414,21031,117445,485665
7580,rus,Russia,2004,1851,313,0,2164,334796,336960,108096,13000,121096,455892
7581,rus,Russia,2005,1513,286,0,1799,170544,172343,103037,14303,117340,287884
7582,rus,Russia,2006,1413,298,0,1711,158905,160616,159383,19057,178440,337345
7583,rus,Russia,2007,1636,3074,0,4710,189274,193984,93218,17581,110799,300073
7584,rus,Russia,2008,3470,1800,0,5270,91505,96775,103061,15697,118758,210263
7585,rus,Russia,2009,4877,1679,0,6556,79950,86506,109452,13286,122738,202688
7586,rus,Russia,2010,4924,1432,0,6356,75371,81727,111944,10468,122412,197783
7587,rus,Russia,2011,3913,943,0,4856,28450,33306,109783,11840,121623,150073
7588,rus,Russia,2012,3164,816,0,3980,0,3980,110587,15254,125841,125841
7589,rus,Russia,2013,3450,1242,0,4692,0,4692,74310,25961,100271,100271
7590,rus,Russia,2014,235732,3051,0,238783,0,238783,70552,24189,94741,94741
7591,rus,Russia,2015,314498,2047,0,316545,0,316545,67008,27508,94516,94516
7592,rus,Russia,2016,228981,3025,0,232006,0,232006,62759,35366,98125,98125
7593,rus,Russia,2017,126021,2168,0,128189,0,128189,61584,38663,100247,100247
7594,rus,Russia,2018,77382,1361,0,78743,0,78743,61457,43268,104725,104725
7595,rus,Russia,2019,42413,1445,0,43858,0,43858,62353,48282,110635,110635
7596,rus,Russia,2020,20260,813,0,21073,0,21073,52742,44399,97141,97141
7597,rus,Russia,2021,10901,524,0,11425,0,11425,68547,42959,111506,111506
7598,rus,Russia,2022,1277672,1066,0,1278738,0,1278738,80093,66373,146466,146466
7599,rus,Russia,2023,1230131,891,0,1231022,0,1231022,86135,114669,200804,200804
7600,rus,Russia,2024,10077,1363,0,11440,0,11440,96869,125962,222831,222831
7601,rus,Russia,2025,11811,976,0,12787,0,12787,99360,88310,187670,187670
7602,rwa,Rwanda,1961,0,0,0,0,0,0,147000,0,147000,147000
7603,rwa,Rwanda,1962,0,0,0,0,0,0,147000,0,147000,147000
7604,rwa,Rwanda,1963,0,0,0,0,0,0,154000,0,154000,154000
7605,rwa,Rwanda,1964,0,0,0,0,0,0,166300,0,166300,166300
7606,rwa,Rwanda,1965,3000,0,0,3000,0,3000,155900,0,155900,155900
7607,rwa,Rwanda,1966,250,0,0,250,0,250,159600,0,159600,159600
7608,rwa,Rwanda,1967,0,0,0,0,0,0,160230,0,160230,160230
7609,rwa,Rwanda,1968,0,0,0,0,0,0,160100,0,160100,160100
7610,rwa,Rwanda,1969,0,0,0,0,0,0,144930,0,144930,144930
7611,rwa,Rwanda,1970,0,0,0,0,0,0,142050,0,142050,142050
7612,rwa,Rwanda,1971,0,0,0,0,0,0,141630,0,141630,141630
7613,rwa,Rwanda,1972,4000,0,0,4000,0,4000,153650,0,153650,153650
7614,rwa,Rwanda,1973,6500,0,0,6500,0,6500,163595,0,163595,163595
7615,rwa,Rwanda,1974,6000,0,0,6000,0,6000,178260,0,178260,178260
7616,rwa,Rwanda,1975,7400,0,0,7400,0,7400,175720,0,175720,175720
7617,rwa,Rwanda,1976,7500,0,0,7500,0,7500,176410,0,176410,176410
7618,rwa,Rwanda,1977,7500,0,0,7500,0,7500,169780,0,169780,169780
7619,rwa,Rwanda,1978,7600,0,0,7600,0,7600,175110,0,175110,175110
7620,rwa,Rwanda,1979,7900,0,0,7900,0,7900,176540,0,176540,176540
7621,rwa,Rwanda,1980,10450,0,0,10450,0,10450,286650,0,286650,286650
7622,rwa,Rwanda,1981,18150,0,0,18150,0,18150,277010,0,277010,277010
7623,rwa,Rwanda,1982,62000,0,0,62000,0,62000,327950,0,327950,327950
7624,rwa,Rwanda,1983,49500,0,0,49500,0,49500,321760,0,321760,321760
7625,rwa,Rwanda,1984,48940,0,0,48940,0,48940,357110,0,357110,357110
7626,rwa,Rwanda,1985,20110,0,0,20110,0,20110,376520,0,376520,376520
7627,rwa,Rwanda,1986,19400,0,0,19400,0,19400,371910,0,371910,371910
7628,rwa,Rwanda,1987,19470,0,0,19470,0,19470,353440,0,353440,353440
7629,rwa,Rwanda,1988,22202,0,0,22202,0,22202,327540,0,327540,327540
7630,rwa,Rwanda,1989,23290,0,0,23290,0,23290,319500,0,319500,319500
7631,rwa,Rwanda,1990,23601,0,0,23601,0,23601,361317,0,361317,361317
7632,rwa,Rwanda,1991,34004,0,0,34004,0,34004,431239,0,431239,431239
7633,rwa,Rwanda,1992,25162,0,0,25162,0,25162,434731,0,434731,434731
7634,rwa,Rwanda,1993,277000,0,0,277000,0,277000,450459,0,450459,450459
7635,rwa,Rwanda,1994,6000,0,0,6000,300000,306000,2257570,0,2257570,2557570
7636,rwa,Rwanda,1995,7792,0,0,7792,0,7792,1819367,0,1819367,1819367
7637,rwa,Rwanda,1996,25257,0,0,25257,0,25257,469132,0,469132,469132
7638,rwa,Rwanda,1997,34227,0,0,34227,21877,56104,67996,0,67996,89873
7639,rwa,Rwanda,1998,33398,0,0,33398,625000,658398,77738,0,77738,702738
7640,rwa,Rwanda,1999,34363,0,0,34363,0,34363,88934,0,88934,88934
7641,rwa,Rwanda,2000,28398,1716,0,30114,0,30114,119051,24806,143857,143857
7642,rwa,Rwanda,2001,34793,1715,0,36508,0,36508,84508,25910,110418,110418
7643,rwa,Rwanda,2002,30861,1574,0,32435,0,32435,75251,11037,86288,86288
7644,rwa,Rwanda,2003,36608,3019,0,39627,0,39627,75258,10143,85401,85401
7645,rwa,Rwanda,2004,50221,3240,0,53461,0,53461,63792,5354,69146,69146
7646,rwa,Rwanda,2005,45202,4299,0,49501,0,49501,100252,15857,116109,116109
7647,rwa,Rwanda,2006,49191,3945,0,53136,0,53136,92956,8614,101570,101570
7648,rwa,Rwanda,2007,53574,725,0,54299,0,54299,80955,8233,89188,89188
7649,rwa,Rwanda,2008,55067,347,0,55414,0,55414,72529,6083,78612,78612
7650,rwa,Rwanda,2009,54016,278,0,54294,0,54294,129108,4792,133900,133900
7651,rwa,Rwanda,2010,55398,284,0,55682,0,55682,115519,10302,125821,125821
7652,rwa,Rwanda,2011,55325,291,0,55616,0,55616,106832,9255,116087,116087
7653,rwa,Rwanda,2012,58217,1473,0,59690,0,59690,97357,10283,107640,107640
7654,rwa,Rwanda,2013,73352,210,0,73562,0,73562,83943,8483,92426,92426
7655,rwa,Rwanda,2014,73822,218,0,74040,0,74040,79396,10000,89396,89396
7656,rwa,Rwanda,2015,144739,406,0,145145,0,145145,286357,10948,297305,297305
7657,rwa,Rwanda,2016,156065,456,0,156521,0,156521,286063,11690,297753,297753
7658,rwa,Rwanda,2017,170991,438,0,171429,0,171429,258986,12801,271787,271787
7659,rwa,Rwanda,2018,145359,423,0,145782,0,145782,247469,13772,261241,261241
7660,rwa,Rwanda,2019,145054,493,0,145547,0,145547,246407,15726,262133,262133
7661,rwa,Rwanda,2020,139491,465,0,139956,0,139956,245781,16648,262429,262429
7662,rwa,Rwanda,2021,121896,393,0,122289,0,122289,248219,23523,271742,271742
7663,rwa,Rwanda,2022,120753,478,0,121231,0,121231,249753,17886,267639,267639
7664,rwa,Rwanda,2023,115643,12660,0,128303,0,128303,249955,18297,268252,268252
7665,rwa,Rwanda,2024,114368,14193,0,128561,0,128561,249096,21270,270366,270366
7666,rwa,Rwanda,2025,115794,15251,0,131045,0,131045,244415,20214,264629,264629
7667,sau,Saudi Arabia,1974,100,0,0,100,0,100,0,0,0,0
7668,sau,Saudi Arabia,1975,0,0,0,0,0,0,0,0,0,0
7669,sau,Saudi Arabia,1976,0,0,0,0,0,0,0,0,0,0
7670,sau,Saudi Arabia,1977,0,0,0,0,0,0,0,0,0,0
7671,sau,Saudi Arabia,1978,0,0,0,0,0,0,0,0,0,0
7672,sau,Saudi Arabia,1979,100000,0,0,100000,0,100000,0,0,0,0
7673,sau,Saudi Arabia,1980,100000,0,0,100000,0,100000,0,0,0,0
7674,sau,Saudi Arabia,1981,65000,0,0,65000,0,65000,0,0,0,0
7675,sau,Saudi Arabia,1982,59000,0,0,59000,0,59000,0,0,0,0
7676,sau,Saudi Arabia,1983,59000,0,0,59000,0,59000,0,0,0,0
7677,sau,Saudi Arabia,1984,105500,0,0,105500,0,105500,0,0,0,0
7678,sau,Saudi Arabia,1985,130000,0,0,130000,0,130000,0,0,0,0
7679,sau,Saudi Arabia,1986,202100,0,0,202100,0,202100,0,0,0,0
7680,sau,Saudi Arabia,1987,0,0,0,0,0,0,0,0,0,0
7681,sau,Saudi Arabia,1988,0,0,0,0,0,0,0,0,0,0
7682,sau,Saudi Arabia,1989,0,0,0,0,0,0,0,0,0,0
7683,sau,Saudi Arabia,1990,0,0,0,0,0,0,0,0,0,0
7684,sau,Saudi Arabia,1991,33261,0,0,33261,0,33261,0,0,0,0
7685,sau,Saudi Arabia,1992,28660,0,0,28660,0,28660,0,0,0,0
7686,sau,Saudi Arabia,1993,24025,0,0,24025,0,24025,5,0,5,5
7687,sau,Saudi Arabia,1994,17965,0,0,17965,0,17965,180,0,180,180
7688,sau,Saudi Arabia,1995,13169,0,0,13169,0,13169,261,0,261,261
7689,sau,Saudi Arabia,1996,9852,0,0,9852,0,9852,244,0,244,244
7690,sau,Saudi Arabia,1997,5833,0,0,5833,0,5833,358,0,358,358
7691,sau,Saudi Arabia,1998,5531,0,0,5531,0,5531,362,0,362,362
7692,sau,Saudi Arabia,1999,5560,0,0,5560,0,5560,233,0,233,233
7693,sau,Saudi Arabia,2000,5308,173,0,5481,0,5481,77,41,118,118
7694,sau,Saudi Arabia,2001,245266,235,0,245501,0,245501,29,147,176,176
7695,sau,Saudi Arabia,2002,245290,125,0,245415,0,245415,104,105,209,209
7696,sau,Saudi Arabia,2003,240831,94,0,240925,0,240925,232,99,331,331
7697,sau,Saudi Arabia,2004,240551,172,0,240723,0,240723,212,83,295,295
7698,sau,Saudi Arabia,2005,240701,212,0,240913,0,240913,146,65,211,211
7699,sau,Saudi Arabia,2006,240772,269,0,241041,0,241041,609,42,651,651
7700,sau,Saudi Arabia,2007,240742,284,0,241026,0,241026,737,30,767,767
7701,sau,Saudi Arabia,2008,240570,189,0,240759,0,240759,700,33,733,733
7702,sau,Saudi Arabia,2009,573,101,0,674,0,674,629,43,672,672
7703,sau,Saudi Arabia,2010,578,85,0,663,0,663,659,75,734,734
7704,sau,Saudi Arabia,2011,595,80,0,675,0,675,733,103,836,836
7705,sau,Saudi Arabia,2012,575,98,0,673,0,673,811,141,952,952
7706,sau,Saudi Arabia,2013,557,98,0,655,0,655,575,192,767,767
7707,sau,Saudi Arabia,2014,559,99,0,658,0,658,616,380,996,996
7708,sau,Saudi Arabia,2015,122,33,0,155,0,155,686,561,1247,1247
7709,sau,Saudi Arabia,2016,136,51,0,187,0,187,937,987,1924,1924
7710,sau,Saudi Arabia,2017,153,82,0,235,0,235,1219,1247,2466,2466
7711,sau,Saudi Arabia,2018,263,2167,0,2430,0,2430,1492,1436,2928,2928
7712,sau,Saudi Arabia,2019,315,2327,0,2642,0,2642,1721,1410,3131,3131
7713,sau,Saudi Arabia,2020,330,9434,0,9764,0,9764,2003,1249,3252,3252
7714,sau,Saudi Arabia,2021,333,12449,0,12782,0,12782,2167,1541,3708,3708
7715,sau,Saudi Arabia,2022,454,3941,0,4395,0,4395,1942,2537,4479,4479
7716,sau,Saudi Arabia,2023,477,3945,0,4422,0,4422,2090,1640,3730,3730
7717,sau,Saudi Arabia,2024,448,3907,0,4355,0,4355,2332,1539,3871,3871
7718,sau,Saudi Arabia,2025,448,3907,0,4355,0,4355,2368,385,2753,2753
7719,sdn,Sudan,1963,0,0,0,0,0,0,13000,0,13000,13000
7720,sdn,Sudan,1964,0,0,0,0,0,0,20300,0,20300,20300
7721,sdn,Sudan,1965,0,0,0,0,0,0,81560,0,81560,81560
7722,sdn,Sudan,1966,0,0,0,0,0,0,115000,0,115000,115000
7723,sdn,Sudan,1967,33000,0,0,33000,0,33000,120990,0,120990,120990
7724,sdn,Sudan,1968,38300,0,0,38300,0,38300,175500,0,175500,175500
7725,sdn,Sudan,1969,37350,0,0,37350,0,37350,170400,0,170400,170400
7726,sdn,Sudan,1970,60840,0,0,60840,0,60840,172960,0,172960,172960
7727,sdn,Sudan,1971,60000,0,0,60000,0,60000,171330,0,171330,171330
7728,sdn,Sudan,1972,49020,0,0,49020,0,49020,128450,0,128450,128450
7729,sdn,Sudan,1973,50900,0,0,50900,0,50900,13050,0,13050,13050
7730,sdn,Sudan,1974,53700,0,0,53700,0,53700,11770,0,11770,11770
7731,sdn,Sudan,1975,95500,0,0,95500,0,95500,11000,0,11000,11000
7732,sdn,Sudan,1976,110100,0,0,110100,0,110100,10600,0,10600,10600
7733,sdn,Sudan,1977,150000,0,0,150000,0,150000,10850,0,10850,10850
7734,sdn,Sudan,1978,270000,0,0,270000,0,270000,10850,0,10850,10850
7735,sdn,Sudan,1979,351700,0,0,351700,0,351700,10850,0,10850,10850
7736,sdn,Sudan,1980,493000,0,0,493000,0,493000,10850,0,10850,10850
7737,sdn,Sudan,1981,553000,0,0,553000,0,553000,5350,0,5350,5350
7738,sdn,Sudan,1982,637000,0,0,637000,0,637000,5350,0,5350,5350
7739,sdn,Sudan,1983,690000,0,0,690000,0,690000,31000,0,31000,31000
7740,sdn,Sudan,1984,971000,0,0,971000,0,971000,180060,0,180060,180060
7741,sdn,Sudan,1985,1164000,0,0,1164000,0,1164000,180855,0,180855,180855
7742,sdn,Sudan,1986,974200,0,0,974200,0,974200,132759,0,132759,132759
7743,sdn,Sudan,1987,807070,0,0,807070,0,807070,253166,0,253166,253166
7744,sdn,Sudan,1988,745000,0,0,745000,0,745000,347309,0,347309,347309
7745,sdn,Sudan,1989,767729,0,0,767729,0,767729,438899,0,438899,438899
7746,sdn,Sudan,1990,1031050,0,0,1031050,0,1031050,523996,0,523996,523996
7747,sdn,Sudan,1991,729200,0,0,729200,0,729200,196242,0,196242,196242
7748,sdn,Sudan,1992,725900,0,0,725900,0,725900,267767,0,267767,267767
7749,sdn,Sudan,1993,745200,0,0,745200,0,745200,393868,0,393868,393868
7750,sdn,Sudan,1994,727174,0,0,727174,0,727174,405129,0,405129,405129
7751,sdn,Sudan,1995,674071,0,0,674071,0,674071,445277,0,445277,445277
7752,sdn,Sudan,1996,393874,0,0,393874,0,393874,475302,0,475302,475302
7753,sdn,Sudan,1997,374414,0,0,374414,0,374414,364571,0,364571,364571
7754,sdn,Sudan,1998,391496,0,0,391496,0,391496,390001,0,390001,390001
7755,sdn,Sudan,1999,390995,0,0,390995,0,390995,485449,0,485449,485449
7756,sdn,Sudan,2000,414928,3203,0,418131,0,418131,494351,19094,513445,513445
7757,sdn,Sudan,2001,349209,5,0,349214,0,349214,489931,19824,509755,509755
7758,sdn,Sudan,2002,328177,23449,0,351626,0,351626,508863,13999,522862,522862
7759,sdn,Sudan,2003,138162,477,0,138639,0,138639,606230,6675,612905,612905
7760,sdn,Sudan,2004,141587,4265,0,145852,662302,808154,730631,11950,742581,1404883
7761,sdn,Sudan,2005,147255,4420,0,151675,841946,993621,693621,13461,707082,1549028
7762,sdn,Sudan,2006,196200,4456,0,200656,1325235,1525891,686296,16629,702925,2028160
7763,sdn,Sudan,2007,222720,7322,0,230042,1250000,1480042,523029,19406,542435,1792435
7764,sdn,Sudan,2008,181605,5862,0,187467,1201040,1388507,419249,18073,437322,1638362
7765,sdn,Sudan,2009,186292,5936,0,192228,1034140,1226368,368178,16901,385079,1419219
7766,sdn,Sudan,2010,178305,6038,0,184343,1624100,1808443,387265,23699,410964,2035064
7767,sdn,Sudan,2011,139407,6896,0,146303,2422520,2568823,500004,31447,531451,2953971
7768,sdn,Sudan,2012,152188,7665,0,159853,1873300,2033153,568934,21521,590455,2463755
7769,sdn,Sudan,2013,159848,10792,0,170640,1873300,2043940,648936,28378,677314,2550614
7770,sdn,Sudan,2014,277818,10194,0,288012,2192830,2480842,665956,36027,701983,2894813
7771,sdn,Sudan,2015,309632,12582,0,322214,3218234,3540448,627080,42909,669989,3888223
7772,sdn,Sudan,2016,421459,16056,0,437515,2225557,2663072,650391,50469,700860,2926417
7773,sdn,Sudan,2017,906590,18212,0,924802,1997022,2921824,694556,52191,746747,2743769
7774,sdn,Sudan,2018,1078280,17619,0,1095899,1864195,2960094,724787,67433,792220,2656415
7775,sdn,Sudan,2019,1055489,15541,0,1071030,1885782,2956812,734780,72017,806797,2692579
7776,sdn,Sudan,2020,1040288,16023,0,1056311,2552174,3608485,787823,70049,857872,3410046
7777,sdn,Sudan,2021,1103918,26619,0,1130537,3036590,4167127,825290,75164,900454,3937044
7778,sdn,Sudan,2022,1097128,31830,0,1128958,3552717,4681675,837188,86838,924026,4476743
7779,sdn,Sudan,2023,922474,39510,0,961984,9052822,10014806,1496923,253902,1750825,10803647
7780,sdn,Sudan,2024,793395,44593,0,837988,11559970,12397958,2094373,682535,2776908,14336878
7781,sdn,Sudan,2025,809816,50147,0,859963,9139309,9999272,2820737,940297,3761034,12900343
7782,sen,Senegal,1963,6000,0,0,6000,0,6000,0,0,0,0
7783,sen,Senegal,1964,30000,0,0,30000,0,30000,0,0,0,0
7784,sen,Senegal,1965,50000,0,0,50000,0,50000,0,0,0,0
7785,sen,Senegal,1966,61400,0,0,61400,0,61400,0,0,0,0
7786,sen,Senegal,1967,59870,0,0,59870,0,59870,0,0,0,0
7787,sen,Senegal,1968,57210,0,0,57210,0,57210,0,0,0,0
7788,sen,Senegal,1969,68400,0,0,68400,0,68400,0,0,0,0
7789,sen,Senegal,1970,67060,0,0,67060,0,67060,0,0,0,0
7790,sen,Senegal,1971,80000,0,0,80000,0,80000,0,0,0,0
7791,sen,Senegal,1972,82000,0,0,82000,0,82000,0,0,0,0
7792,sen,Senegal,1973,84000,0,0,84000,0,84000,0,0,0,0
7793,sen,Senegal,1974,90000,0,0,90000,0,90000,0,0,0,0
7794,sen,Senegal,1975,46000,0,0,46000,0,46000,0,0,0,0
7795,sen,Senegal,1976,38000,0,0,38000,0,38000,0,0,0,0
7796,sen,Senegal,1977,5000,0,0,5000,0,5000,0,0,0,0
7797,sen,Senegal,1978,5000,0,0,5000,0,5000,0,0,0,0
7798,sen,Senegal,1979,5000,0,0,5000,0,5000,0,0,0,0
7799,sen,Senegal,1980,5000,0,0,5000,0,5000,0,0,0,0
7800,sen,Senegal,1981,4000,0,0,4000,0,4000,0,0,0,0
7801,sen,Senegal,1982,5250,0,0,5250,0,5250,0,0,0,0
7802,sen,Senegal,1983,5140,0,0,5140,0,5140,0,0,0,0
7803,sen,Senegal,1984,5200,0,0,5200,0,5200,0,0,0,0
7804,sen,Senegal,1985,5500,0,0,5500,0,5500,0,0,0,0
7805,sen,Senegal,1986,5510,0,0,5510,0,5510,0,0,0,0
7806,sen,Senegal,1987,5180,0,0,5180,0,5180,0,0,0,0
7807,sen,Senegal,1988,5203,0,0,5203,0,5203,5,0,5,5
7808,sen,Senegal,1989,53345,0,0,53345,0,53345,15006,0,15006,15006
7809,sen,Senegal,1990,58113,0,0,58113,0,58113,60006,0,60006,60006
7810,sen,Senegal,1991,71908,0,0,71908,0,71908,25137,0,25137,25137
7811,sen,Senegal,1992,71620,0,0,71620,0,71620,15463,0,15463,15463
7812,sen,Senegal,1993,73001,0,0,73001,0,73001,22594,0,22594,22594
7813,sen,Senegal,1994,72994,0,0,72994,0,72994,25619,0,25619,25619
7814,sen,Senegal,1995,66762,0,0,66762,0,66762,17587,0,17587,17587
7815,sen,Senegal,1996,65042,0,0,65042,0,65042,17630,0,17630,17630
7816,sen,Senegal,1997,57220,0,0,57220,0,57220,17163,0,17163,17163
7817,sen,Senegal,1998,60822,0,0,60822,0,60822,9712,0,9712,9712
7818,sen,Senegal,1999,21537,0,0,21537,0,21537,11598,0,11598,11598
7819,sen,Senegal,2000,20762,1948,0,22710,0,22710,11077,914,11991,11991
7820,sen,Senegal,2001,20703,2639,0,23342,0,23342,8554,1232,9786,9786
7821,sen,Senegal,2002,20706,1924,0,22630,0,22630,12069,781,12850,12850
7822,sen,Senegal,2003,20722,2260,0,22982,0,22982,8347,831,9178,9178
7823,sen,Senegal,2004,20802,2407,0,23209,0,23209,8325,1544,9869,9869
7824,sen,Senegal,2005,20706,2628,0,23334,0,23334,8662,1833,10495,10495
7825,sen,Senegal,2006,20587,2633,0,23220,0,23220,15150,1229,16379,16379
7826,sen,Senegal,2007,20417,2539,0,22956,0,22956,15886,888,16774,16774
7827,sen,Senegal,2008,33189,2692,0,35881,0,35881,16007,805,16812,16812
7828,sen,Senegal,2009,22143,2792,0,24935,0,24935,16306,616,16922,16922
7829,sen,Senegal,2010,20670,2174,0,22844,0,22844,16255,1522,17777,17777
7830,sen,Senegal,2011,20640,2261,0,22901,0,22901,17710,926,18636,18636
7831,sen,Senegal,2012,14229,2333,0,16562,0,16562,18717,2648,21365,21365
7832,sen,Senegal,2013,14241,2474,0,16715,0,16715,19815,4680,24495,24495
7833,sen,Senegal,2014,14267,2911,0,17178,0,17178,23110,8717,31827,31827
7834,sen,Senegal,2015,14383,3116,0,17499,0,17499,21267,14301,35568,35568
7835,sen,Senegal,2016,14575,3213,0,17788,0,17788,23054,16301,39355,39355
7836,sen,Senegal,2017,14646,3368,0,18014,0,18014,26584,25181,51765,51765
7837,sen,Senegal,2018,14359,1699,0,16058,0,16058,18208,17409,35617,35617
7838,sen,Senegal,2019,14467,1791,0,16258,0,16258,17208,15331,32539,32539
7839,sen,Senegal,2020,14361,1913,0,16274,0,16274,13986,15786,29772,29772
7840,sen,Senegal,2021,14479,2045,0,16524,0,16524,15129,17466,32595,32595
7841,sen,Senegal,2022,11802,260,0,12062,0,12062,13108,17358,30466,30466
7842,sen,Senegal,2023,11856,770,0,12626,0,12626,11924,18780,30704,30704
7843,sen,Senegal,2024,11836,1228,0,13064,0,13064,12947,39749,52696,52696
7844,sen,Senegal,2025,17259,1538,0,18797,0,18797,13028,38978,52006,52006
7845,sgp,Singapore,1978,730,0,0,730,0,730,0,0,0,0
7846,sgp,Singapore,1979,900,0,0,900,0,900,0,0,0,0
7847,sgp,Singapore,1980,0,0,0,0,0,0,0,0,0,0
7848,sgp,Singapore,1981,0,0,0,0,0,0,0,0,0,0
7849,sgp,Singapore,1982,480,0,0,480,0,480,0,0,0,0
7850,sgp,Singapore,1983,290,0,0,290,0,290,0,0,0,0
7851,sgp,Singapore,1984,0,0,0,0,0,0,0,0,0,0
7852,sgp,Singapore,1985,0,0,0,0,0,0,0,0,0,0
7853,sgp,Singapore,1986,60,0,0,60,0,60,0,0,0,0
7854,sgp,Singapore,1987,320,0,0,320,0,320,0,0,0,0
7855,sgp,Singapore,1988,320,0,0,320,0,320,8,0,8,8
7856,sgp,Singapore,1989,480,0,0,480,0,480,5,0,5,5
7857,sgp,Singapore,1990,146,0,0,146,0,146,0,0,0,0
7858,sgp,Singapore,1991,166,0,0,166,0,166,0,0,0,0
7859,sgp,Singapore,1992,115,0,0,115,0,115,0,0,0,0
7860,sgp,Singapore,1993,5,0,0,5,0,5,0,0,0,0
7861,sgp,Singapore,1994,10,0,0,10,0,10,8,0,8,8
7862,sgp,Singapore,1995,109,0,0,109,0,109,8,0,8,8
7863,sgp,Singapore,1996,10,0,0,10,0,10,18,0,18,18
7864,sgp,Singapore,1997,5,0,0,5,0,5,20,0,20,20
7865,sgp,Singapore,1998,5,0,0,5,0,5,21,0,21,21
7866,sgp,Singapore,1999,0,0,0,0,0,0,24,0,24,24
7867,sgp,Singapore,2000,0,0,0,0,0,0,21,17,38,38
7868,sgp,Singapore,2001,0,0,0,0,0,0,15,19,34,34
7869,sgp,Singapore,2002,0,0,0,0,0,0,40,20,60,60
7870,sgp,Singapore,2003,0,0,0,0,0,0,35,20,55,55
7871,sgp,Singapore,2004,0,0,0,0,0,0,36,15,51,51
7872,sgp,Singapore,2005,0,0,0,0,0,0,35,22,57,57
7873,sgp,Singapore,2006,0,10,0,10,0,10,108,11,119,119
7874,sgp,Singapore,2007,7,21,0,28,0,28,117,14,131,131
7875,sgp,Singapore,2008,7,0,0,7,0,7,106,13,119,119
7876,sgp,Singapore,2009,5,0,0,5,0,5,77,12,89,89
7877,sgp,Singapore,2010,5,0,0,5,0,5,74,10,84,84
7878,sgp,Singapore,2011,0,0,0,0,0,0,65,18,83,83
7879,sgp,Singapore,2012,0,0,0,0,0,0,64,25,89,89
7880,sgp,Singapore,2013,0,0,0,0,0,0,61,30,91,91
7881,sgp,Singapore,2014,5,0,0,5,0,5,55,31,86,86
7882,sgp,Singapore,2015,0,0,0,0,0,0,50,45,95,95
7883,sgp,Singapore,2016,0,0,0,0,0,0,38,47,85,85
7884,sgp,Singapore,2017,0,0,0,0,0,0,48,55,103,103
7885,sgp,Singapore,2018,0,0,0,0,0,0,46,70,116,116
7886,sgp,Singapore,2019,0,0,0,0,0,0,39,88,127,127
7887,sgp,Singapore,2020,0,0,0,0,0,0,37,74,111,111
7888,sgp,Singapore,2021,0,0,0,0,0,0,34,100,134,134
7889,sgp,Singapore,2022,0,0,0,0,0,0,33,117,150,150
7890,sgp,Singapore,2023,0,0,0,0,0,0,37,229,266,266
7891,sgp,Singapore,2024,0,0,0,0,0,0,45,303,348,348
7892,sgp,Singapore,2025,0,0,0,0,0,0,43,212,255,255
7893,slb,Solomon Islands,1995,2000,0,0,2000,0,2000,34,0,34,34
7894,slb,Solomon Islands,1996,2000,0,0,2000,0,2000,34,0,34,34
7895,slb,Solomon Islands,1997,800,0,0,800,0,800,34,0,34,34
7896,slb,Solomon Islands,1998,210,0,0,210,0,210,34,0,34,34
7897,slb,Solomon Islands,1999,0,0,0,0,0,0,34,0,34,34
7898,slb,Solomon Islands,2000,0,0,0,0,0,0,34,23,57,57
7899,slb,Solomon Islands,2001,0,0,0,0,0,0,42,14,56,56
7900,slb,Solomon Islands,2002,0,0,0,0,0,0,55,5,60,60
7901,slb,Solomon Islands,2003,0,0,0,0,0,0,61,15,76,76
7902,slb,Solomon Islands,2004,0,0,0,0,0,0,61,10,71,71
7903,slb,Solomon Islands,2005,0,0,0,0,0,0,27,10,37,37
7904,slb,Solomon Islands,2006,0,0,0,0,0,0,37,26,63,63
7905,slb,Solomon Islands,2007,0,0,0,0,0,0,47,22,69,69
7906,slb,Solomon Islands,2008,0,0,0,0,0,0,51,0,51,51
7907,slb,Solomon Islands,2009,0,0,0,0,0,0,65,0,65,65
7908,slb,Solomon Islands,2010,0,0,0,0,0,0,75,0,75,75
7909,slb,Solomon Islands,2011,0,0,0,0,0,0,72,5,77,77
7910,slb,Solomon Islands,2012,0,5,0,5,0,5,60,5,65,65
7911,slb,Solomon Islands,2013,0,5,0,5,0,5,60,10,70,70
7912,slb,Solomon Islands,2014,5,0,0,5,0,5,70,20,90,90
7913,slb,Solomon Islands,2015,5,0,0,5,0,5,71,37,108,108
7914,slb,Solomon Islands,2016,0,0,0,0,0,0,71,79,150,150
7915,slb,Solomon Islands,2017,0,0,0,0,0,0,57,106,163,163
7916,slb,Solomon Islands,2018,0,5,0,5,0,5,33,145,178,178
7917,slb,Solomon Islands,2019,0,0,0,0,0,0,34,227,261,261
7918,slb,Solomon Islands,2020,0,0,0,0,0,0,37,267,304,304
7919,slb,Solomon Islands,2021,0,0,0,0,1000,1000,38,314,352,1352
7920,slb,Solomon Islands,2022,0,0,0,0,1000,1000,44,560,604,1604
7921,slb,Solomon Islands,2023,0,0,0,0,1000,1000,36,520,556,1556
7922,slb,Solomon Islands,2024,0,0,0,0,11,11,44,835,879,890
7923,slb,Solomon Islands,2025,0,0,0,0,0,0,73,701,774,774
7924,sle,Sierra Leone,1969,500,0,0,500,0,500,0,0,0,0
7925,sle,Sierra Leone,1970,0,0,0,0,0,0,0,0,0,0
7926,sle,Sierra Leone,1971,0,0,0,0,0,0,0,0,0,0
7927,sle,Sierra Leone,1972,0,0,0,0,0,0,0,0,0,0
7928,sle,Sierra Leone,1973,0,0,0,0,0,0,0,0,0,0
7929,sle,Sierra Leone,1974,0,0,0,0,0,0,0,0,0,0
7930,sle,Sierra Leone,1975,0,0,0,0,0,0,0,0,0,0
7931,sle,Sierra Leone,1976,170,0,0,170,0,170,0,0,0,0
7932,sle,Sierra Leone,1977,150,0,0,150,0,150,0,0,0,0
7933,sle,Sierra Leone,1978,50,0,0,50,0,50,0,0,0,0
7934,sle,Sierra Leone,1979,60,0,0,60,0,60,0,0,0,0
7935,sle,Sierra Leone,1980,0,0,0,0,0,0,0,0,0,0
7936,sle,Sierra Leone,1981,0,0,0,0,0,0,0,0,0,0
7937,sle,Sierra Leone,1982,120,0,0,120,0,120,0,0,0,0
7938,sle,Sierra Leone,1983,150,0,0,150,0,150,0,0,0,0
7939,sle,Sierra Leone,1984,180,0,0,180,0,180,0,0,0,0
7940,sle,Sierra Leone,1985,160,0,0,160,0,160,0,0,0,0
7941,sle,Sierra Leone,1986,170,0,0,170,0,170,0,0,0,0
7942,sle,Sierra Leone,1987,90,0,0,90,0,90,0,0,0,0
7943,sle,Sierra Leone,1988,60,0,0,60,0,60,8,0,8,8
7944,sle,Sierra Leone,1989,0,0,0,0,0,0,8,0,8,8
7945,sle,Sierra Leone,1990,125830,0,0,125830,0,125830,8,0,8,8
7946,sle,Sierra Leone,1991,28036,0,0,28036,0,28036,142614,0,142614,142614
7947,sle,Sierra Leone,1992,5866,0,0,5866,0,5866,253591,0,253591,253591
7948,sle,Sierra Leone,1993,16274,0,0,16274,532000,548274,311181,0,311181,843181
7949,sle,Sierra Leone,1994,15866,0,0,15866,782000,797866,275298,0,275298,1057298
7950,sle,Sierra Leone,1995,4677,0,0,4677,654600,659277,379491,0,379491,1034091
7951,sle,Sierra Leone,1996,13536,0,0,13536,654600,668136,375100,0,375100,1029700
7952,sle,Sierra Leone,1997,13015,0,0,13015,670000,683015,329322,0,329322,999322
7953,sle,Sierra Leone,1998,9862,0,0,9862,670000,679862,406070,0,406070,1076070
7954,sle,Sierra Leone,1999,6566,0,0,6566,500000,506566,490047,0,490047,990047
7955,sle,Sierra Leone,2000,6543,458,0,7001,300000,307001,402798,6862,409660,709660
7956,sle,Sierra Leone,2001,10498,273,0,10771,0,10771,179097,9065,188162,188162
7957,sle,Sierra Leone,2002,63491,278,0,63769,0,63769,141473,7465,148938,148938
7958,sle,Sierra Leone,2003,61192,136,0,61328,0,61328,70571,6907,77478,77478
7959,sle,Sierra Leone,2004,65433,136,0,65569,0,65569,41797,8119,49916,49916
7960,sle,Sierra Leone,2005,59962,174,0,60136,0,60136,40473,5925,46398,46398
7961,sle,Sierra Leone,2006,27364,228,0,27592,0,27592,42849,5624,48473,48473
7962,sle,Sierra Leone,2007,8794,226,0,9020,0,9020,32114,4654,36768,36768
7963,sle,Sierra Leone,2008,7825,329,0,8154,0,8154,32517,2615,35132,35132
7964,sle,Sierra Leone,2009,9050,207,0,9257,0,9257,15398,2949,18347,18347
7965,sle,Sierra Leone,2010,8362,204,0,8566,0,8566,11261,1407,12668,12668
7966,sle,Sierra Leone,2011,8091,61,0,8152,0,8152,7985,1204,9189,9189
7967,sle,Sierra Leone,2012,4203,66,0,4269,0,4269,6191,2306,8497,8497
7968,sle,Sierra Leone,2013,2816,36,0,2852,0,2852,5305,2394,7699,7699
7969,sle,Sierra Leone,2014,1371,12,0,1383,0,1383,4988,3151,8139,8139
7970,sle,Sierra Leone,2015,760,12,0,772,0,772,4900,3486,8386,8386
7971,sle,Sierra Leone,2016,683,5,0,688,0,688,4678,4674,9352,9352
7972,sle,Sierra Leone,2017,678,0,0,678,0,678,4496,6236,10732,10732
7973,sle,Sierra Leone,2018,591,0,0,591,0,591,4846,7422,12268,12268
7974,sle,Sierra Leone,2019,441,0,0,441,0,441,5288,7272,12560,12560
7975,sle,Sierra Leone,2020,342,0,0,342,0,342,5734,8384,14118,14118
7976,sle,Sierra Leone,2021,345,0,0,345,0,345,6615,5685,12300,12300
7977,sle,Sierra Leone,2022,0,0,0,0,0,0,6939,6226,13165,13165
7978,sle,Sierra Leone,2023,0,0,0,0,0,0,7445,8160,15605,15605
7979,sle,Sierra Leone,2024,0,0,0,0,0,0,8042,8893,16935,16935
7980,sle,Sierra Leone,2025,0,0,0,0,0,0,8925,8342,17267,17267
7981,slv,El Salvador,1972,100,0,0,100,0,100,0,0,0,0
7982,slv,El Salvador,1973,0,0,0,0,0,0,0,0,0,0
7983,slv,El Salvador,1974,0,0,0,0,0,0,0,0,0,0
7984,slv,El Salvador,1975,0,0,0,0,0,0,0,0,0,0
7985,slv,El Salvador,1976,0,0,0,0,0,0,0,0,0,0
7986,slv,El Salvador,1977,0,0,0,0,0,0,0,0,0,0
7987,slv,El Salvador,1978,0,0,0,0,0,0,0,0,0,0
7988,slv,El Salvador,1979,0,0,0,0,0,0,0,0,0,0
7989,slv,El Salvador,1980,390,0,0,390,0,390,91630,0,91630,91630
7990,slv,El Salvador,1981,0,0,0,0,0,0,304810,0,304810,304810
7991,slv,El Salvador,1982,0,0,0,0,0,0,242400,0,242400,242400
7992,slv,El Salvador,1983,0,0,0,0,0,0,244600,0,244600,244600
7993,slv,El Salvador,1984,0,0,0,0,0,0,243000,0,243000,243000
7994,slv,El Salvador,1985,210,0,0,210,0,210,180605,0,180605,180605
7995,slv,El Salvador,1986,310,0,0,310,0,310,171785,0,171785,171785
7996,slv,El Salvador,1987,300,0,0,300,0,300,167605,0,167605,167605
7997,slv,El Salvador,1988,20350,0,0,20350,0,20350,166393,0,166393,166393
7998,slv,El Salvador,1989,20730,0,0,20730,0,20730,39582,0,39582,39582
7999,slv,El Salvador,1990,20300,0,0,20300,0,20300,30019,0,30019,30019
8000,slv,El Salvador,1991,20099,0,0,20099,0,20099,33048,0,33048,33048
8001,slv,El Salvador,1992,19903,0,0,19903,0,19903,30854,0,30854,30854
8002,slv,El Salvador,1993,161,0,0,161,0,161,26125,0,26125,26125
8003,slv,El Salvador,1994,153,0,0,153,0,153,30736,0,30736,30736
8004,slv,El Salvador,1995,153,0,0,153,0,153,23534,0,23534,23534
8005,slv,El Salvador,1996,148,0,0,148,0,148,19639,0,19639,19639
8006,slv,El Salvador,1997,106,0,0,106,0,106,17124,0,17124,17124
8007,slv,El Salvador,1998,30,0,0,30,0,30,12591,0,12591,12591
8008,slv,El Salvador,1999,21,0,0,21,0,21,12408,0,12408,12408
8009,slv,El Salvador,2000,57,5,0,62,0,62,7753,176478,184231,184231
8010,slv,El Salvador,2001,69,5,0,74,0,74,7147,164987,172134,172134
8011,slv,El Salvador,2002,74,5,0,79,0,79,6630,151584,158214,158214
8012,slv,El Salvador,2003,246,5,0,251,0,251,5658,128655,134313,134313
8013,slv,El Salvador,2004,235,0,0,235,0,235,4497,91767,96264,96264
8014,slv,El Salvador,2005,51,0,0,51,0,51,4283,45203,49486,49486
8015,slv,El Salvador,2006,39,0,0,39,0,39,6390,28779,35169,35169
8016,slv,El Salvador,2007,39,5,0,44,0,44,6026,18609,24635,24635
8017,slv,El Salvador,2008,34,0,0,34,0,34,5154,11152,16306,16306
8018,slv,El Salvador,2009,32,54,0,86,0,86,5053,9744,14797,14797
8019,slv,El Salvador,2010,39,18,0,57,0,57,4978,1543,6521,6521
8020,slv,El Salvador,2011,39,5,0,44,0,44,6725,1633,8358,8358
8021,slv,El Salvador,2012,43,0,0,43,0,43,8173,1646,9819,9819
8022,slv,El Salvador,2013,42,5,0,47,0,47,9634,11260,20894,20894
8023,slv,El Salvador,2014,33,0,0,33,0,33,10968,18035,29003,29003
8024,slv,El Salvador,2015,46,0,0,46,0,46,14778,31450,46228,46228
8025,slv,El Salvador,2016,41,0,0,41,0,41,19617,62163,81780,81780
8026,slv,El Salvador,2017,40,5,0,45,71500,71545,25876,104901,130777,202277
8027,slv,El Salvador,2018,44,16,0,60,71501,71561,32562,119271,151833,223334
8028,slv,El Salvador,2019,48,29,0,77,71500,71577,41816,136277,178093,249593
8029,slv,El Salvador,2020,48,53,0,101,71500,71601,45640,149542,195182,266682
8030,slv,El Salvador,2021,98,66,0,164,71500,71664,52041,153246,205287,276787
8031,slv,El Salvador,2022,104,54,0,158,71500,71658,58621,148758,207379,278879
8032,slv,El Salvador,2023,106,263,0,369,71500,71869,68633,133042,201675,273175
8033,slv,El Salvador,2024,120,272,0,392,71500,71892,71765,136774,208539,280039
8034,slv,El Salvador,2025,182,328,0,510,71500,72010,68182,108289,176471,247971
8035,smr,San Marino,1998,0,0,0,0,0,0,5,0,5,5
8036,smr,San Marino,1999,0,0,0,0,0,0,5,0,5,5
8037,smr,San Marino,2000,0,0,0,0,0,0,5,0,5,5
8038,smr,San Marino,2001,0,0,0,0,0,0,0,0,0,0
8039,smr,San Marino,2002,0,0,0,0,0,0,5,0,5,5
8040,smr,San Marino,2003,0,0,0,0,0,0,0,0,0,0
8041,smr,San Marino,2004,0,0,0,0,0,0,0,0,0,0
8042,smr,San Marino,2005,0,0,0,0,0,0,0,5,5,5
8043,som,Somalia,1975,0,0,0,0,0,0,110,0,110,110
8044,som,Somalia,1976,0,0,0,0,0,0,50,0,50,50
8045,som,Somalia,1977,500000,0,0,500000,0,500000,60,0,60,60
8046,som,Somalia,1978,600000,0,0,600000,0,600000,90,0,90,90
8047,som,Somalia,1979,1175190,0,0,1175190,0,1175190,90,0,90,90
8048,som,Somalia,1980,2000000,0,0,2000000,0,2000000,134,0,134,134
8049,som,Somalia,1981,700000,0,0,700000,0,700000,34,0,34,34
8050,som,Somalia,1982,700000,0,0,700000,0,700000,118,0,118,118
8051,som,Somalia,1983,700000,0,0,700000,0,700000,39,0,39,39
8052,som,Somalia,1984,701300,0,0,701300,0,701300,639,0,639,639
8053,som,Somalia,1985,812000,0,0,812000,0,812000,1830,0,1830,1830
8054,som,Somalia,1986,700000,0,0,700000,0,700000,3142,0,3142,3142
8055,som,Somalia,1987,840100,0,0,840100,0,840100,60162,0,60162,60162
8056,som,Somalia,1988,834000,0,0,834000,0,834000,351993,0,351993,351993
8057,som,Somalia,1989,769630,0,0,769630,0,769630,360309,0,360309,360309
8058,som,Somalia,1990,460000,0,0,460000,0,460000,470174,0,470174,470174
8059,som,Somalia,1991,0,0,0,0,0,0,732596,0,732596,732596
8060,som,Somalia,1992,480,0,0,480,0,480,812196,0,812196,812196
8061,som,Somalia,1993,399,0,0,399,0,399,574612,0,574612,574612
8062,som,Somalia,1994,389,0,0,389,0,389,631420,0,631420,631420
8063,som,Somalia,1995,628,0,0,628,0,628,638695,0,638695,638695
8064,som,Somalia,1996,700,0,0,700,200000,200700,636984,0,636984,836984
8065,som,Somalia,1997,622,0,0,622,200000,200622,608086,0,608086,808086
8066,som,Somalia,1998,338,0,0,338,1603,1941,557953,0,557953,559556
8067,som,Somalia,1999,130,0,0,130,0,130,524604,0,524604,524604
8068,som,Somalia,2000,555,0,0,555,18000,18555,475644,11971,487615,505615
8069,som,Somalia,2001,587,60,0,647,0,647,440120,16195,456315,456315
8070,som,Somalia,2002,193,214,0,407,0,407,432304,13945,446249,446249
8071,som,Somalia,2003,366,190,0,556,0,556,402329,14772,417101,417101
8072,som,Somalia,2004,362,331,0,693,0,693,389287,20517,409804,409804
8073,som,Somalia,2005,498,97,0,595,400000,400595,395544,30466,426010,826010
8074,som,Somalia,2006,669,1215,0,1884,400000,401884,464026,22010,486036,886036
8075,som,Somalia,2007,903,8705,0,9608,1000000,1009608,457345,16424,473769,1473769
8076,som,Somalia,2008,1842,9243,0,11085,1277200,1288285,561145,20519,581664,1858864
8077,som,Somalia,2009,1819,24666,0,26485,1550000,1576485,678296,21059,699355,2249355
8078,som,Somalia,2010,1934,24111,0,26045,1463780,1489825,770141,22811,792952,2256732
8079,som,Somalia,2011,2100,6018,0,8118,1356845,1364963,1077038,31238,1108276,2465121
8080,som,Somalia,2012,2307,8461,0,10768,1132963,1143731,1136709,33680,1170389,2303352
8081,som,Somalia,2013,2426,9877,0,12303,1133000,1145303,1121760,35665,1157425,2290425
8082,som,Somalia,2014,2732,9262,0,11994,1133000,1144994,1106430,49063,1155493,2288493
8083,som,Somalia,2015,8081,10115,0,18196,1133000,1151196,1123144,56664,1179808,2312808
8084,som,Somalia,2016,11579,12792,0,24371,1562554,1586925,1012320,60491,1072811,2635365
8085,som,Somalia,2017,14565,14706,0,29271,2116705,2145976,986386,58320,1044706,3161411
8086,som,Somalia,2018,16738,16361,0,33099,2648001,2681100,949637,55852,1005489,3653490
8087,som,Somalia,2019,17882,17789,0,35671,2648000,2683671,901596,53083,954679,3602679
8088,som,Somalia,2020,11220,13229,0,24449,2967500,2991949,812356,53824,866180,3833680
8089,som,Somalia,2021,13804,16258,0,30062,2967500,2997562,776678,59605,836283,3803783
8090,som,Somalia,2022,16023,18578,0,34601,2967500,3002101,786794,56893,843687,3811187
8091,som,Somalia,2023,17770,20500,0,38270,3860099,3898369,842044,179224,1021268,4881367
8092,som,Somalia,2024,19503,22260,0,41763,3861643,3903406,894120,237183,1131303,4992946
8093,som,Somalia,2025,20967,25702,0,46669,3347408,3394077,892037,236271,1128308,4475716
8094,srb,Serbia,1965,25820,0,0,25820,0,25820,0,0,0,0
8095,srb,Serbia,1966,26100,0,0,26100,0,26100,0,0,0,0
8096,srb,Serbia,1967,26210,0,0,26210,0,26210,0,0,0,0
8097,srb,Serbia,1968,26270,0,0,26270,0,26270,0,0,0,0
8098,srb,Serbia,1969,26120,0,0,26120,0,26120,130,0,130,130
8099,srb,Serbia,1970,26120,0,0,26120,0,26120,150,0,150,150
8100,srb,Serbia,1971,24000,0,0,24000,0,24000,140,0,140,140
8101,srb,Serbia,1972,26700,0,0,26700,0,26700,130,0,130,130
8102,srb,Serbia,1973,26290,0,0,26290,0,26290,130,0,130,130
8103,srb,Serbia,1974,26300,0,0,26300,0,26300,120,0,120,120
8104,srb,Serbia,1975,26300,0,0,26300,0,26300,120,0,120,120
8105,srb,Serbia,1976,26000,0,0,26000,0,26000,0,0,0,0
8106,srb,Serbia,1977,2000,0,0,2000,0,2000,0,0,0,0
8107,srb,Serbia,1978,1970,0,0,1970,0,1970,4200,0,4200,4200
8108,srb,Serbia,1979,1970,0,0,1970,0,1970,0,0,0,0
8109,srb,Serbia,1980,1970,0,0,1970,0,1970,270,0,270,270
8110,srb,Serbia,1981,1920,0,0,1920,0,1920,214,0,214,214
8111,srb,Serbia,1982,2030,0,0,2030,0,2030,177,0,177,177
8112,srb,Serbia,1983,2020,0,0,2020,0,2020,157,0,157,157
8113,srb,Serbia,1984,3150,0,0,3150,0,3150,91,0,91,91
8114,srb,Serbia,1985,3530,0,0,3530,0,3530,91,0,91,91
8115,srb,Serbia,1986,2180,0,0,2180,0,2180,72,0,72,72
8116,srb,Serbia,1987,1400,0,0,1400,0,1400,42,0,42,42
8117,srb,Serbia,1988,850,0,0,850,0,850,99,0,99,99
8118,srb,Serbia,1989,955,0,0,955,0,955,96,0,96,96
8119,srb,Serbia,1990,920,0,0,920,0,920,1745,0,1745,1745
8120,srb,Serbia,1991,517,0,0,517,0,517,45826,0,45826,45826
8121,srb,Serbia,1992,516430,0,0,516430,0,516430,90081,0,90081,90081
8122,srb,Serbia,1993,479110,0,0,479110,0,479110,58255,0,58255,58255
8123,srb,Serbia,1994,450694,0,0,450694,0,450694,54975,0,54975,54975
8124,srb,Serbia,1995,650695,0,0,650695,490,651185,86116,0,86116,86606
8125,srb,Serbia,1996,563210,0,0,563210,487,563697,103963,0,103963,104450
8126,srb,Serbia,1997,550064,0,0,550064,470,550534,106649,0,106649,107119
8127,srb,Serbia,1998,502035,0,0,502035,225000,727035,115289,0,115289,340289
8128,srb,Serbia,1999,501263,0,0,501263,234900,736163,172506,0,172506,407406
8129,srb,Serbia,2000,484390,8,0,484398,267500,751898,146749,49001,195750,463250
8130,srb,Serbia,2001,400306,50,0,400356,263600,663956,144231,50823,195054,458654
8131,srb,Serbia,2002,354400,30,0,354430,261826,616256,327582,17922,345504,607330
8132,srb,Serbia,2003,291397,33,0,291430,251833,543263,296627,14236,310863,562696
8133,srb,Serbia,2004,276677,38,0,276715,248154,524869,237015,9646,246661,494815
8134,srb,Serbia,2005,148259,24,0,148283,246391,394674,189985,18133,208118,454509
8135,srb,Serbia,2006,98995,0,0,98995,227590,326585,174022,19046,193068,420658
8136,srb,Serbia,2007,97991,11,0,98002,226350,324352,165636,14233,179869,406219
8137,srb,Serbia,2008,96735,34,0,96769,225879,322648,185930,14678,200608,426487
8138,srb,Serbia,2009,86348,25,0,86373,224881,311254,195625,12297,207922,432803
8139,srb,Serbia,2010,73604,194,0,73798,228442,302240,183284,16183,199467,427909
8140,srb,Serbia,2011,70702,392,0,71094,228215,299309,161664,15401,177065,405280
8141,srb,Serbia,2012,66367,315,0,66682,227821,294503,158903,16644,175547,403368
8142,srb,Serbia,2013,57079,380,0,57459,227495,284954,48725,22625,71350,298845
8143,srb,Serbia,2014,43749,439,0,44188,223139,267327,45730,45573,91303,314442
8144,srb,Serbia,2015,35326,108,0,35434,220002,255436,38620,53292,91912,311914
8145,srb,Serbia,2016,36517,122,0,36639,219633,256272,36928,21699,58627,278260
8146,srb,Serbia,2017,32205,141,0,32346,217453,249799,33246,12807,46053,263506
8147,srb,Serbia,2018,30944,219,0,31163,215794,246957,32368,9702,42070,257864
8148,srb,Serbia,2019,26427,274,0,26701,214696,241397,31251,7463,38714,253410
8149,srb,Serbia,2020,26085,302,0,26387,213018,239405,29976,7105,37081,250099
8150,srb,Serbia,2021,25644,223,0,25867,211823,237690,31735,6708,38443,250266
8151,srb,Serbia,2022,26521,191,0,26712,210308,237020,30677,6668,37345,247653
8152,srb,Serbia,2023,29365,163,0,29528,209790,239318,29807,5781,35588,245378
8153,srb,Serbia,2024,36068,202,0,36270,209753,246023,31438,6104,37542,247295
8154,srb,Serbia,2025,40863,134,0,40997,209453,250450,29665,3695,33360,242813
8155,ssd,South Sudan,2011,105023,90,0,105113,560161,665274,0,5,5,560166
8156,ssd,South Sudan,2012,202581,32,0,202613,345670,548283,87007,18676,105683,451353
8157,ssd,South Sudan,2013,229587,36,0,229623,331097,560720,114468,30675,145143,476240
8158,ssd,South Sudan,2014,248152,128,0,248280,1645392,1893672,616206,3766,619972,2265364
8159,ssd,South Sudan,2015,263012,835,0,263847,1790427,2054274,778722,4104,782826,2573253
8160,ssd,South Sudan,2016,262558,1790,0,264348,1853924,2118272,1436707,5792,1442499,3296423
8161,ssd,South Sudan,2017,283405,1895,0,285300,1903953,2189253,2439888,6452,2446340,4350293
8162,ssd,South Sudan,2018,291838,2535,0,294373,1878154,2172527,2285301,12701,2298002,4176156
8163,ssd,South Sudan,2019,298309,3677,0,301986,1665815,1967801,2234805,5616,2240421,3906236
8164,ssd,South Sudan,2020,314438,3763,0,318201,1600254,1918455,2188785,4858,2193643,3793897
8165,ssd,South Sudan,2021,333673,4314,0,337987,2017236,2355223,2362759,5037,2367796,4385032
8166,ssd,South Sudan,2022,308369,2137,0,310506,1474679,1785185,2295082,5228,2300310,3774989
8167,ssd,South Sudan,2023,381236,4871,0,386107,1236672,1622779,2292482,24596,2317078,3553750
8168,ssd,South Sudan,2024,514794,2677,0,517471,944631,1462102,2290622,32841,2323463,3268094
8169,ssd,South Sudan,2025,601818,3246,0,605064,1277527,1882591,2386499,123984,2510483,3788010
8170,stp,Sao Tome and Principe,1985,0,0,0,0,0,0,50,0,50,50
8171,stp,Sao Tome and Principe,1986,0,0,0,0,0,0,0,0,0,0
8172,stp,Sao Tome and Principe,1987,0,0,0,0,0,0,0,0,0,0
8173,stp,Sao Tome and Principe,1988,0,0,0,0,0,0,0,0,0,0
8174,stp,Sao Tome and Principe,1989,0,0,0,0,0,0,0,0,0,0
8175,stp,Sao Tome and Principe,1990,0,0,0,0,0,0,0,0,0,0
8176,stp,Sao Tome and Principe,1991,0,0,0,0,0,0,0,0,0,0
8177,stp,Sao Tome and Principe,1992,0,0,0,0,0,0,0,0,0,0
8178,stp,Sao Tome and Principe,1993,0,0,0,0,0,0,0,0,0,0
8179,stp,Sao Tome and Principe,1994,0,0,0,0,0,0,28,0,28,28
8180,stp,Sao Tome and Principe,1995,0,0,0,0,0,0,32,0,32,32
8181,stp,Sao Tome and Principe,1996,0,0,0,0,0,0,47,0,47,47
8182,stp,Sao Tome and Principe,1997,0,0,0,0,0,0,42,0,42,42
8183,stp,Sao Tome and Principe,1998,0,0,0,0,0,0,39,0,39,39
8184,stp,Sao Tome and Principe,1999,0,0,0,0,0,0,29,0,29,29
8185,stp,Sao Tome and Principe,2000,0,0,0,0,0,0,23,6,29,29
8186,stp,Sao Tome and Principe,2001,0,0,0,0,0,0,21,14,35,35
8187,stp,Sao Tome and Principe,2002,0,0,0,0,0,0,41,0,41,41
8188,stp,Sao Tome and Principe,2003,0,0,0,0,0,0,41,0,41,41
8189,stp,Sao Tome and Principe,2004,0,0,0,0,0,0,36,0,36,36
8190,stp,Sao Tome and Principe,2005,0,0,0,0,0,0,23,0,23,23
8191,stp,Sao Tome and Principe,2006,0,0,0,0,0,0,30,0,30,30
8192,stp,Sao Tome and Principe,2007,0,0,0,0,0,0,32,0,32,32
8193,stp,Sao Tome and Principe,2008,0,0,0,0,0,0,32,0,32,32
8194,stp,Sao Tome and Principe,2009,0,0,0,0,0,0,32,0,32,32
8195,stp,Sao Tome and Principe,2010,0,0,0,0,0,0,32,0,32,32
8196,stp,Sao Tome and Principe,2011,0,0,0,0,0,0,32,0,32,32
8197,stp,Sao Tome and Principe,2012,0,0,0,0,0,0,31,0,31,31
8198,stp,Sao Tome and Principe,2013,0,0,0,0,0,0,31,0,31,31
8199,stp,Sao Tome and Principe,2014,0,0,0,0,0,0,24,5,29,29
8200,stp,Sao Tome and Principe,2015,0,0,0,0,0,0,24,10,34,34
8201,stp,Sao Tome and Principe,2016,0,0,0,0,0,0,31,8,39,39
8202,stp,Sao Tome and Principe,2017,0,0,0,0,0,0,31,23,54,54
8203,stp,Sao Tome and Principe,2018,0,0,0,0,0,0,31,25,56,56
8204,stp,Sao Tome and Principe,2019,0,0,0,0,0,0,28,29,57,57
8205,stp,Sao Tome and Principe,2020,0,0,0,0,0,0,28,23,51,51
8206,stp,Sao Tome and Principe,2021,0,0,0,0,0,0,6,25,31,31
8207,stp,Sao Tome and Principe,2022,0,0,0,0,0,0,11,23,34,34
8208,stp,Sao Tome and Principe,2023,0,0,0,0,0,0,11,24,35,35
8209,stp,Sao Tome and Principe,2024,0,0,0,0,0,0,5,20,25,25
8210,stp,Sao Tome and Principe,2025,0,0,0,0,0,0,8,20,28,28
8211,sur,Suriname,1989,0,0,0,0,0,0,6601,0,6601,6601
8212,sur,Suriname,1990,0,0,0,0,0,0,6620,0,6620,6620
8213,sur,Suriname,1991,0,0,0,0,0,0,5921,0,5921,5921
8214,sur,Suriname,1992,52,0,0,52,0,52,2545,0,2545,2545
8215,sur,Suriname,1993,50,0,0,50,0,50,894,0,894,894
8216,sur,Suriname,1994,39,0,0,39,0,39,915,0,915,915
8217,sur,Suriname,1995,0,0,0,0,0,0,817,0,817,817
8218,sur,Suriname,1996,0,0,0,0,0,0,754,0,754,754
8219,sur,Suriname,1997,11,0,0,11,0,11,663,0,663,663
8220,sur,Suriname,1998,0,0,0,0,0,0,491,0,491,491
8221,sur,Suriname,1999,0,0,0,0,0,0,413,0,413,413
8222,sur,Suriname,2000,0,0,0,0,0,0,334,48,382,382
8223,sur,Suriname,2001,0,0,0,0,0,0,239,54,293,293
8224,sur,Suriname,2002,0,0,0,0,0,0,101,44,145,145
8225,sur,Suriname,2003,0,0,0,0,0,0,67,33,100,100
8226,sur,Suriname,2004,0,0,0,0,0,0,47,28,75,75
8227,sur,Suriname,2005,0,0,0,0,0,0,26,21,47,47
8228,sur,Suriname,2006,0,0,0,0,0,0,65,20,85,85
8229,sur,Suriname,2007,0,0,0,0,0,0,62,9,71,71
8230,sur,Suriname,2008,0,0,0,0,0,0,50,11,61,61
8231,sur,Suriname,2009,0,0,0,0,0,0,44,12,56,56
8232,sur,Suriname,2010,0,0,0,0,0,0,24,10,34,34
8233,sur,Suriname,2011,0,0,0,0,0,0,22,5,27,27
8234,sur,Suriname,2012,0,0,0,0,0,0,14,18,32,32
8235,sur,Suriname,2013,0,0,0,0,0,0,17,17,34,34
8236,sur,Suriname,2014,0,0,0,0,0,0,17,46,63,63
8237,sur,Suriname,2015,0,0,0,0,0,0,19,49,68,68
8238,sur,Suriname,2016,0,43,0,43,0,43,16,25,41,41
8239,sur,Suriname,2017,34,67,0,101,0,101,17,44,61,61
8240,sur,Suriname,2018,41,206,0,247,0,247,22,57,79,79
8241,sur,Suriname,2019,44,1426,0,1470,0,1470,17,72,89,89
8242,sur,Suriname,2020,19,1988,0,2007,0,2007,17,146,163,163
8243,sur,Suriname,2021,29,2133,0,2162,0,2162,22,118,140,140
8244,sur,Suriname,2022,25,2546,0,2571,0,2571,35,147,182,182
8245,sur,Suriname,2023,24,2609,0,2633,0,2633,42,179,221,221
8246,sur,Suriname,2024,24,3217,0,3241,0,3241,50,251,301,301
8247,sur,Suriname,2025,24,3191,0,3215,0,3215,56,152,208,208
8248,svk,Slovak Republic,1993,1521,0,0,1521,0,1521,0,0,0,0
8249,svk,Slovak Republic,1994,159,0,0,159,0,159,12,0,12,12
8250,svk,Slovak Republic,1995,2339,0,0,2339,0,2339,24,0,24,24
8251,svk,Slovak Republic,1996,1387,0,0,1387,0,1387,57,0,57,57
8252,svk,Slovak Republic,1997,746,0,0,746,0,746,69,0,69,69
8253,svk,Slovak Republic,1998,418,0,0,418,0,418,143,0,143,143
8254,svk,Slovak Republic,1999,436,0,0,436,0,436,178,0,178,178
8255,svk,Slovak Republic,2000,444,379,0,823,0,823,216,796,1012,1012
8256,svk,Slovak Republic,2001,461,3143,0,3604,0,3604,189,674,863,863
8257,svk,Slovak Republic,2002,443,4497,0,4940,0,4940,596,706,1302,1302
8258,svk,Slovak Republic,2003,412,4634,0,5046,0,5046,668,402,1070,1070
8259,svk,Slovak Republic,2004,396,2905,0,3301,0,3301,618,212,830,830
8260,svk,Slovak Republic,2005,352,2704,0,3056,0,3056,787,201,988,988
8261,svk,Slovak Republic,2006,235,2740,0,2975,0,2975,741,282,1023,1023
8262,svk,Slovak Republic,2007,265,578,0,843,0,843,346,97,443,443
8263,svk,Slovak Republic,2008,301,307,0,608,0,608,333,129,462,462
8264,svk,Slovak Republic,2009,387,254,0,641,0,641,336,348,684,684
8265,svk,Slovak Republic,2010,451,267,0,718,0,718,157,424,581,581
8266,svk,Slovak Republic,2011,535,185,0,720,0,720,271,538,809,809
8267,svk,Slovak Republic,2012,650,194,0,844,0,844,231,624,855,855
8268,svk,Slovak Republic,2013,691,200,0,891,0,891,321,399,720,720
8269,svk,Slovak Republic,2014,791,220,0,1011,0,1011,316,327,643,643
8270,svk,Slovak Republic,2015,816,173,0,989,0,989,325,541,866,866
8271,svk,Slovak Republic,2016,980,38,0,1018,0,1018,792,580,1372,1372
8272,svk,Slovak Republic,2017,912,26,0,938,0,938,913,699,1612,1612
8273,svk,Slovak Republic,2018,938,17,0,955,0,955,1218,390,1608,1608
8274,svk,Slovak Republic,2019,965,5,0,970,0,970,1343,231,1574,1574
8275,svk,Slovak Republic,2020,1006,44,0,1050,0,1050,1368,209,1577,1577
8276,svk,Slovak Republic,2021,1046,43,0,1089,0,1089,1426,171,1597,1597
8277,svk,Slovak Republic,2022,96563,104,0,96667,0,96667,569,213,782,782
8278,svk,Slovak Republic,2023,126866,92,0,126958,0,126958,628,113,741,741
8279,svk,Slovak Republic,2024,144269,80,0,144349,0,144349,664,137,801,801
8280,svk,Slovak Republic,2025,140885,16,0,140901,0,140901,625,91,716,716
8281,svn,Slovenia,1992,74100,0,0,74100,0,74100,0,0,0,0
8282,svn,Slovenia,1993,45000,0,0,45000,0,45000,28429,0,28429,28429
8283,svn,Slovenia,1994,29156,0,0,29156,0,29156,14829,0,14829,14829
8284,svn,Slovenia,1995,22314,0,0,22314,0,22314,12858,0,12858,12858
8285,svn,Slovenia,1996,10014,0,0,10014,0,10014,3369,0,3369,3369
8286,svn,Slovenia,1997,5133,0,0,5133,0,5133,3414,0,3414,3414
8287,svn,Slovenia,1998,3462,0,0,3462,0,3462,3299,0,3299,3299
8288,svn,Slovenia,1999,4380,0,0,4380,0,4380,3293,0,3293,3293
8289,svn,Slovenia,2000,2814,8813,0,11627,0,11627,3278,19,3297,3297
8290,svn,Slovenia,2001,2411,284,0,2695,0,2695,762,22,784,784
8291,svn,Slovenia,2002,384,187,0,571,0,571,853,28,881,881
8292,svn,Slovenia,2003,2065,122,0,2187,0,2187,608,25,633,633
8293,svn,Slovenia,2004,299,310,0,609,0,609,580,11,591,591
8294,svn,Slovenia,2005,243,182,0,425,0,425,154,19,173,173
8295,svn,Slovenia,2006,249,173,0,422,0,422,1757,11,1768,1768
8296,svn,Slovenia,2007,255,44,0,299,0,299,47,9,56,56
8297,svn,Slovenia,2008,257,74,0,331,0,331,49,12,61,61
8298,svn,Slovenia,2009,281,78,0,359,0,359,35,16,51,51
8299,svn,Slovenia,2010,315,112,0,427,0,427,35,15,50,50
8300,svn,Slovenia,2011,134,93,0,227,0,227,30,7,37,37
8301,svn,Slovenia,2012,169,93,0,262,0,262,32,12,44,44
8302,svn,Slovenia,2013,202,5,0,207,0,207,27,11,38,38
8303,svn,Slovenia,2014,251,61,0,312,0,312,25,5,30,30
8304,svn,Slovenia,2015,284,92,0,376,0,376,21,10,31,31
8305,svn,Slovenia,2016,454,309,0,763,0,763,20,12,32,32
8306,svn,Slovenia,2017,611,264,0,875,0,875,17,14,31,31
8307,svn,Slovenia,2018,746,245,0,991,0,991,19,10,29,29
8308,svn,Slovenia,2019,741,308,0,1049,0,1049,19,15,34,34
8309,svn,Slovenia,2020,823,277,0,1100,0,1100,17,5,22,22
8310,svn,Slovenia,2021,839,572,0,1411,0,1411,17,10,27,27
8311,svn,Slovenia,2022,8705,495,0,9200,0,9200,7,31,38,38
8312,svn,Slovenia,2023,10525,1143,0,11668,0,11668,7,91,98,98
8313,svn,Slovenia,2024,12524,845,0,13369,0,13369,17,100,117,117
8314,svn,Slovenia,2025,12513,722,0,13235,0,13235,12,103,115,115
8315,swe,Sweden,1951,44000,0,0,44000,0,44000,0,0,0,0
8316,swe,Sweden,1952,42000,0,0,42000,0,42000,0,0,0,0
8317,swe,Sweden,1953,37000,0,0,37000,0,37000,0,0,0,0
8318,swe,Sweden,1954,33000,0,0,33000,0,33000,0,0,0,0
8319,swe,Sweden,1955,28000,0,0,28000,0,28000,0,0,0,0
8320,swe,Sweden,1956,31000,0,0,31000,0,31000,0,0,0,0
8321,swe,Sweden,1957,33000,0,0,33000,0,33000,0,0,0,0
8322,swe,Sweden,1958,31000,0,0,31000,0,31000,0,0,0,0
8323,swe,Sweden,1959,28000,0,0,28000,0,28000,0,0,0,0
8324,swe,Sweden,1960,26000,0,0,26000,0,26000,0,0,0,0
8325,swe,Sweden,1961,26000,0,0,26000,0,26000,0,0,0,0
8326,swe,Sweden,1962,26000,0,0,26000,0,26000,0,0,0,0
8327,swe,Sweden,1963,26000,0,0,26000,0,26000,0,0,0,0
8328,swe,Sweden,1964,24000,0,0,24000,0,24000,0,0,0,0
8329,swe,Sweden,1965,22000,0,0,22000,0,22000,0,0,0,0
8330,swe,Sweden,1966,20000,0,0,20000,0,20000,0,0,0,0
8331,swe,Sweden,1967,18000,0,0,18000,0,18000,0,0,0,0
8332,swe,Sweden,1968,17000,0,0,17000,0,17000,0,0,0,0
8333,swe,Sweden,1969,17000,0,0,17000,0,17000,0,0,0,0
8334,swe,Sweden,1970,20000,0,0,20000,0,20000,0,0,0,0
8335,swe,Sweden,1971,20000,0,0,20000,0,20000,0,0,0,0
8336,swe,Sweden,1972,20000,0,0,20000,0,20000,0,0,0,0
8337,swe,Sweden,1973,20000,0,0,20000,0,20000,0,0,0,0
8338,swe,Sweden,1974,20000,0,0,20000,0,20000,0,0,0,0
8339,swe,Sweden,1975,20000,0,0,20000,0,20000,0,0,0,0
8340,swe,Sweden,1976,20000,0,0,20000,0,20000,0,0,0,0
8341,swe,Sweden,1977,20000,0,0,20000,0,20000,0,0,0,0
8342,swe,Sweden,1978,20000,0,0,20000,0,20000,0,0,0,0
8343,swe,Sweden,1979,20000,0,0,20000,0,20000,0,0,0,0
8344,swe,Sweden,1980,20000,0,0,20000,0,20000,0,0,0,0
8345,swe,Sweden,1981,20000,0,0,20000,0,20000,0,0,0,0
8346,swe,Sweden,1982,20000,0,0,20000,0,20000,0,0,0,0
8347,swe,Sweden,1983,43000,0,0,43000,0,43000,0,0,0,0
8348,swe,Sweden,1984,90600,0,0,90600,0,90600,0,0,0,0
8349,swe,Sweden,1985,90600,0,0,90600,0,90600,0,0,0,0
8350,swe,Sweden,1986,120000,0,0,120000,0,120000,0,0,0,0
8351,swe,Sweden,1987,130000,0,0,130000,0,130000,0,0,0,0
8352,swe,Sweden,1988,139783,0,0,139783,0,139783,0,0,0,0
8353,swe,Sweden,1989,139783,0,0,139783,0,139783,0,0,0,0
8354,swe,Sweden,1990,109654,0,0,109654,0,109654,0,0,0,0
8355,swe,Sweden,1991,124457,0,0,124457,0,124457,0,0,0,0
8356,swe,Sweden,1992,131069,0,0,131069,0,131069,0,0,0,0
8357,swe,Sweden,1993,162386,0,0,162386,0,162386,0,0,0,0
8358,swe,Sweden,1994,200774,0,0,200774,0,200774,11,0,11,11
8359,swe,Sweden,1995,199194,0,0,199194,0,199194,25,0,25,25
8360,swe,Sweden,1996,191159,0,0,191159,0,191159,37,0,37,37
8361,swe,Sweden,1997,186719,0,0,186719,0,186719,39,0,39,39
8362,swe,Sweden,1998,178782,0,0,178782,0,178782,39,0,39,39
8363,swe,Sweden,1999,159504,0,0,159504,0,159504,30,0,30,30
8364,swe,Sweden,2000,157206,10800,0,168006,0,168006,17,5,22,22
8365,swe,Sweden,2001,146480,17600,0,164080,0,164080,5,8,13,13
8366,swe,Sweden,2002,142170,33277,0,175447,0,175447,27,15,42,42
8367,swe,Sweden,2003,112148,35250,0,147398,0,147398,35,24,59,59
8368,swe,Sweden,2004,73383,28006,0,101389,0,101389,30,7,37,37
8369,swe,Sweden,2005,74889,15670,0,90559,0,90559,75,10,85,85
8370,swe,Sweden,2006,79895,17384,0,97279,0,97279,16,17,33,33
8371,swe,Sweden,2007,75055,27686,0,102741,0,102741,17,5,22,22
8372,swe,Sweden,2008,77016,24075,0,101091,0,101091,16,14,30,30
8373,swe,Sweden,2009,81346,18932,0,100278,0,100278,15,12,27,27
8374,swe,Sweden,2010,82620,18606,0,101226,0,101226,23,28,51,51
8375,swe,Sweden,2011,86603,18106,0,104709,0,104709,23,18,41,41
8376,swe,Sweden,2012,92869,22830,0,115699,0,115699,21,41,62,62
8377,swe,Sweden,2013,114172,27705,0,141877,0,141877,18,10,28,28
8378,swe,Sweden,2014,142197,56748,0,198945,0,198945,18,10,28,28
8379,swe,Sweden,2015,169516,157017,0,326533,0,326533,18,15,33,33
8380,swe,Sweden,2016,230158,83040,0,313198,0,313198,13,17,30,30
8381,swe,Sweden,2017,240954,51588,0,292542,0,292542,14,18,32,32
8382,swe,Sweden,2018,248210,37892,0,286102,0,286102,16,29,45,45
8383,swe,Sweden,2019,253787,28006,0,281793,0,281793,13,35,48,48
8384,swe,Sweden,2020,248372,18603,0,266975,0,266975,8,35,43,43
8385,swe,Sweden,2021,240854,13954,0,254808,0,254808,9,43,52,52
8386,swe,Sweden,2022,277726,14469,0,292195,0,292195,23,82,105,105
8387,swe,Sweden,2023,237632,11271,0,248903,0,248903,23,175,198,198
8388,swe,Sweden,2024,163029,5490,0,168519,0,168519,98,295,393,393
8389,swe,Sweden,2025,144116,4661,0,148777,0,148777,128,195,323,323
8390,swz,Swaziland,1970,135,0,0,135,0,135,0,0,0,0
8391,swz,Swaziland,1971,50,0,0,50,0,50,0,0,0,0
8392,swz,Swaziland,1972,80,0,0,80,0,80,0,0,0,0
8393,swz,Swaziland,1973,100,0,0,100,0,100,0,0,0,0
8394,swz,Swaziland,1974,50,0,0,50,0,50,0,0,0,0
8395,swz,Swaziland,1975,50,0,0,50,0,50,0,0,0,0
8396,swz,Swaziland,1976,80,0,0,80,0,80,0,0,0,0
8397,swz,Swaziland,1977,135,0,0,135,0,135,0,0,0,0
8398,swz,Swaziland,1978,720,0,0,720,0,720,0,0,0,0
8399,swz,Swaziland,1979,5250,0,0,5250,0,5250,0,0,0,0
8400,swz,Swaziland,1980,5470,0,0,5470,0,5470,0,0,0,0
8401,swz,Swaziland,1981,5610,0,0,5610,0,5610,0,0,0,0
8402,swz,Swaziland,1982,7350,0,0,7350,0,7350,0,0,0,0
8403,swz,Swaziland,1983,6230,0,0,6230,0,6230,0,0,0,0
8404,swz,Swaziland,1984,8980,0,0,8980,0,8980,0,0,0,0
8405,swz,Swaziland,1985,10770,0,0,10770,0,10770,0,0,0,0
8406,swz,Swaziland,1986,12130,0,0,12130,0,12130,0,0,0,0
8407,swz,Swaziland,1987,14550,0,0,14550,0,14550,0,0,0,0
8408,swz,Swaziland,1988,29430,0,0,29430,0,29430,0,0,0,0
8409,swz,Swaziland,1989,34908,0,0,34908,0,34908,0,0,0,0
8410,swz,Swaziland,1990,42074,0,0,42074,0,42074,0,0,0,0
8411,swz,Swaziland,1991,49569,0,0,49569,0,49569,0,0,0,0
8412,swz,Swaziland,1992,55580,0,0,55580,0,55580,0,0,0,0
8413,swz,Swaziland,1993,48890,0,0,48890,0,48890,0,0,0,0
8414,swz,Swaziland,1994,645,0,0,645,0,645,11,0,11,11
8415,swz,Swaziland,1995,712,0,0,712,0,712,15,0,15,15
8416,swz,Swaziland,1996,575,0,0,575,0,575,16,0,16,16
8417,swz,Swaziland,1997,591,0,0,591,0,591,17,0,17,17
8418,swz,Swaziland,1998,589,0,0,589,0,589,29,0,29,29
8419,swz,Swaziland,1999,613,0,0,613,0,613,27,0,27,27
8420,swz,Swaziland,2000,690,0,0,690,0,690,16,0,16,16
8421,swz,Swaziland,2001,690,360,0,1050,0,1050,15,5,20,20
8422,swz,Swaziland,2002,653,367,0,1020,0,1020,20,5,25,25
8423,swz,Swaziland,2003,685,326,0,1011,0,1011,0,10,10,10
8424,swz,Swaziland,2004,703,305,0,1008,0,1008,6,10,16,16
8425,swz,Swaziland,2005,763,256,0,1019,0,1019,12,5,17,17
8426,swz,Swaziland,2006,752,256,0,1008,0,1008,16,5,21,21
8427,swz,Swaziland,2007,789,251,0,1040,0,1040,21,64,85,85
8428,swz,Swaziland,2008,775,440,0,1215,0,1215,28,95,123,123
8429,swz,Swaziland,2009,757,603,0,1360,0,1360,28,53,81,81
8430,swz,Swaziland,2010,757,0,0,757,0,757,32,50,82,82
8431,swz,Swaziland,2011,757,0,0,757,0,757,39,131,170,170
8432,swz,Swaziland,2012,499,415,0,914,0,914,59,166,225,225
8433,swz,Swaziland,2013,501,531,0,1032,0,1032,103,146,249,249
8434,swz,Swaziland,2014,511,266,0,777,0,777,151,140,291,291
8435,swz,Swaziland,2015,694,263,0,957,0,957,213,159,372,372
8436,swz,Swaziland,2016,725,377,0,1102,0,1102,224,137,361,361
8437,swz,Swaziland,2017,790,544,0,1334,0,1334,231,40,271,271
8438,swz,Swaziland,2018,874,739,0,1613,0,1613,237,48,285,285
8439,swz,Swaziland,2019,940,963,0,1903,0,1903,224,97,321,321
8440,swz,Swaziland,2020,945,1104,0,2049,0,2049,198,81,279,279
8441,swz,Swaziland,2021,895,646,0,1541,0,1541,165,80,245,245
8442,swz,Swaziland,2022,1173,976,0,2149,0,2149,127,122,249,249
8443,swz,Swaziland,2023,1202,1772,0,2974,0,2974,128,251,379,379
8444,swz,Swaziland,2024,1295,3164,0,4459,0,4459,150,543,693,693
8445,swz,Swaziland,2025,1414,3511,0,4925,0,4925,220,472,692,692
8446,syc,Seychelles,1988,0,0,0,0,0,0,49,0,49,49
8447,syc,Seychelles,1989,0,0,0,0,0,0,49,0,49,49
8448,syc,Seychelles,1990,0,0,0,0,0,0,58,0,58,58
8449,syc,Seychelles,1991,0,0,0,0,0,0,67,0,67,67
8450,syc,Seychelles,1992,0,0,0,0,0,0,52,0,52,52
8451,syc,Seychelles,1993,0,0,0,0,0,0,27,0,27,27
8452,syc,Seychelles,1994,0,0,0,0,0,0,553,0,553,553
8453,syc,Seychelles,1995,0,0,0,0,0,0,339,0,339,339
8454,syc,Seychelles,1996,0,0,0,0,0,0,138,0,138,138
8455,syc,Seychelles,1997,0,0,0,0,0,0,32,0,32,32
8456,syc,Seychelles,1998,0,0,0,0,0,0,38,0,38,38
8457,syc,Seychelles,1999,0,0,0,0,0,0,30,0,30,30
8458,syc,Seychelles,2000,0,0,0,0,0,0,25,12,37,37
8459,syc,Seychelles,2001,0,0,0,0,0,0,14,26,40,40
8460,syc,Seychelles,2002,0,0,0,0,0,0,43,28,71,71
8461,syc,Seychelles,2003,0,0,0,0,0,0,37,13,50,50
8462,syc,Seychelles,2004,0,0,0,0,0,0,47,10,57,57
8463,syc,Seychelles,2005,0,0,0,0,0,0,39,8,47,47
8464,syc,Seychelles,2006,0,0,0,0,0,0,61,5,66,66
8465,syc,Seychelles,2007,0,0,0,0,0,0,54,8,62,62
8466,syc,Seychelles,2008,0,0,0,0,0,0,51,14,65,65
8467,syc,Seychelles,2009,0,0,0,0,0,0,47,7,54,54
8468,syc,Seychelles,2010,0,0,0,0,0,0,47,0,47,47
8469,syc,Seychelles,2011,0,0,0,0,0,0,39,0,39,39
8470,syc,Seychelles,2012,0,0,0,0,0,0,30,0,30,30
8471,syc,Seychelles,2013,0,0,0,0,0,0,24,0,24,24
8472,syc,Seychelles,2014,0,0,0,0,0,0,23,12,35,35
8473,syc,Seychelles,2015,0,0,0,0,0,0,19,20,39,39
8474,syc,Seychelles,2016,0,0,0,0,0,0,10,5,15,15
8475,syc,Seychelles,2017,0,0,0,0,0,0,10,5,15,15
8476,syc,Seychelles,2018,0,0,0,0,0,0,15,0,15,15
8477,syc,Seychelles,2019,0,0,0,0,0,0,15,6,21,21
8478,syc,Seychelles,2020,0,0,0,0,0,0,10,5,15,15
8479,syc,Seychelles,2021,0,0,0,0,0,0,14,0,14,14
8480,syc,Seychelles,2022,0,0,0,0,0,0,9,5,14,14
8481,syc,Seychelles,2023,0,0,0,0,0,0,10,13,23,23
8482,syc,Seychelles,2024,0,0,0,0,0,0,10,18,28,28
8483,syc,Seychelles,2025,0,0,0,0,0,0,10,21,31,31
8484,syr,Syria,1968,0,0,0,0,0,0,1200,0,1200,1200
8485,syr,Syria,1969,0,0,0,0,0,0,1200,0,1200,1200
8486,syr,Syria,1970,0,0,0,0,0,0,0,0,0,0
8487,syr,Syria,1971,0,0,0,0,0,0,0,0,0,0
8488,syr,Syria,1972,0,0,0,0,0,0,0,0,0,0
8489,syr,Syria,1973,0,0,0,0,0,0,0,0,0,0
8490,syr,Syria,1974,0,0,0,0,0,0,0,0,0,0
8491,syr,Syria,1975,0,0,0,0,0,0,0,0,0,0
8492,syr,Syria,1976,0,0,0,0,0,0,0,0,0,0
8493,syr,Syria,1977,0,0,0,0,0,0,0,0,0,0
8494,syr,Syria,1978,170,0,0,170,0,170,0,0,0,0
8495,syr,Syria,1979,200,0,0,200,0,200,500,0,500,500
8496,syr,Syria,1980,350,0,0,350,0,350,500,0,500,500
8497,syr,Syria,1981,1050,0,0,1050,0,1050,505,0,505,505
8498,syr,Syria,1982,26570,0,0,26570,0,26570,505,0,505,505
8499,syr,Syria,1983,40490,0,0,40490,0,40490,526,0,526,526
8500,syr,Syria,1984,34230,0,0,34230,0,34230,529,0,529,529
8501,syr,Syria,1985,47750,0,0,47750,0,47750,2599,0,2599,2599
8502,syr,Syria,1986,1330,0,0,1330,0,1330,534,0,534,534
8503,syr,Syria,1987,0,0,0,0,0,0,20,0,20,20
8504,syr,Syria,1988,280,0,0,280,0,280,881,0,881,881
8505,syr,Syria,1989,0,0,0,0,0,0,397,0,397,397
8506,syr,Syria,1990,4125,0,0,4125,0,4125,2148,0,2148,2148
8507,syr,Syria,1991,4210,0,0,4210,0,4210,3037,0,3037,3037
8508,syr,Syria,1992,6310,0,0,6310,0,6310,4408,0,4408,4408
8509,syr,Syria,1993,38710,0,0,38710,0,38710,5412,0,5412,5412
8510,syr,Syria,1994,40285,0,0,40285,0,40285,7087,0,7087,7087
8511,syr,Syria,1995,36222,0,0,36222,0,36222,7995,0,7995,7995
8512,syr,Syria,1996,27758,0,0,27758,0,27758,8611,0,8611,8611
8513,syr,Syria,1997,22705,0,0,22705,0,22705,8653,0,8653,8653
8514,syr,Syria,1998,20969,0,0,20969,0,20969,8132,0,8132,8132
8515,syr,Syria,1999,6464,0,0,6464,0,6464,6693,0,6693,6693
8516,syr,Syria,2000,3461,2638,0,6099,0,6099,5868,3730,9598,9598
8517,syr,Syria,2001,3348,598,0,3946,0,3946,4861,3853,8714,8714
8518,syr,Syria,2002,2914,489,0,3403,0,3403,18908,4264,23172,23172
8519,syr,Syria,2003,3676,931,0,4607,0,4607,20816,3548,24364,24364
8520,syr,Syria,2004,15600,771,0,16371,0,16371,21430,3781,25211,25211
8521,syr,Syria,2005,26087,1888,0,27975,0,27975,16395,6992,23387,23387
8522,syr,Syria,2006,702202,5187,0,707389,0,707389,12327,7493,19820,19820
8523,syr,Syria,2007,1503767,5862,0,1509629,0,1509629,13684,6849,20533,20533
8524,syr,Syria,2008,1105693,2237,0,1107930,0,1107930,15206,5978,21184,21184
8525,syr,Syria,2009,1054464,3054,0,1057518,0,1057518,17915,5559,23474,23474
8526,syr,Syria,2010,1005471,2435,0,1007906,0,1007906,18451,9739,28190,28190
8527,syr,Syria,2011,755435,1813,0,757248,0,757248,19931,14441,34372,34372
8528,syr,Syria,2012,476496,2216,0,478712,2016500,2495212,729011,26016,755027,2771527
8529,syr,Syria,2013,149286,2480,0,151766,6520800,6672566,2468323,41019,2509342,9030142
8530,syr,Syria,2014,149135,2747,0,151882,7632500,7784382,3887490,79649,3967139,11599639
8531,syr,Syria,2015,21112,5248,0,26360,6563462,6589822,4873236,245857,5119093,11682555
8532,syr,Syria,2016,19807,12484,0,32291,6325978,6358269,5524511,184337,5708848,12034826
8533,syr,Syria,2017,19425,18098,0,37523,6150005,6187528,6310498,147179,6457677,12607682
8534,syr,Syria,2018,18817,18631,0,37448,6183920,6221368,6654374,139576,6793950,12977870
8535,syr,Syria,2019,16213,12065,0,28278,6146994,6175272,6615249,118450,6733699,12880693
8536,syr,Syria,2020,15304,8769,0,24073,6701972,6726045,6702910,107085,6809995,13511967
8537,syr,Syria,2021,14308,8765,0,23073,6865308,6888381,6848865,139754,6988619,13853927
8538,syr,Syria,2022,13121,5538,0,18659,6780994,6799653,6559736,156616,6716352,13497346
8539,syr,Syria,2023,12011,4861,0,16872,7248188,7265060,6355788,182954,6538742,13786930
8540,syr,Syria,2024,11635,4767,0,16402,7408909,7425311,5952174,167334,6119508,13528417
8541,syr,Syria,2025,9885,4144,0,14029,5542227,5556256,4865764,154355,5020119,10562346
8542,tcd,Chad,1970,0,0,0,0,0,0,1900,0,1900,1900
8543,tcd,Chad,1971,0,0,0,0,0,0,1400,0,1400,1400
8544,tcd,Chad,1972,0,0,0,0,0,0,1500,0,1500,1500
8545,tcd,Chad,1973,0,0,0,0,0,0,1500,0,1500,1500
8546,tcd,Chad,1974,0,0,0,0,0,0,0,0,0,0
8547,tcd,Chad,1975,0,0,0,0,0,0,0,0,0,0
8548,tcd,Chad,1976,0,0,0,0,0,0,0,0,0,0
8549,tcd,Chad,1977,0,0,0,0,0,0,0,0,0,0
8550,tcd,Chad,1978,0,0,0,0,0,0,0,0,0,0
8551,tcd,Chad,1979,0,0,0,0,0,0,10000,0,10000,10000
8552,tcd,Chad,1980,0,0,0,0,0,0,221000,0,221000,221000
8553,tcd,Chad,1981,0,0,0,0,0,0,234260,0,234260,234260
8554,tcd,Chad,1982,0,0,0,0,0,0,17010,0,17010,17010
8555,tcd,Chad,1983,0,0,0,0,0,0,16745,0,16745,16745
8556,tcd,Chad,1984,0,0,0,0,0,0,181346,0,181346,181346
8557,tcd,Chad,1985,0,0,0,0,0,0,212158,0,212158,212158
8558,tcd,Chad,1986,0,0,0,0,0,0,170078,0,170078,170078
8559,tcd,Chad,1987,0,0,0,0,0,0,146858,0,146858,146858
8560,tcd,Chad,1988,0,0,0,0,0,0,130790,0,130790,130790
8561,tcd,Chad,1989,0,0,0,0,0,0,125863,0,125863,125863
8562,tcd,Chad,1990,0,0,0,0,0,0,184804,0,184804,184804
8563,tcd,Chad,1991,0,0,0,0,0,0,72317,0,72317,72317
8564,tcd,Chad,1992,70,0,0,70,0,70,66378,0,66378,66378
8565,tcd,Chad,1993,62,0,0,62,0,62,212923,0,212923,212923
8566,tcd,Chad,1994,105,0,0,105,0,105,211968,0,211968,211968
8567,tcd,Chad,1995,100,0,0,100,0,100,59726,0,59726,59726
8568,tcd,Chad,1996,100,0,0,100,0,100,58443,0,58443,58443
8569,tcd,Chad,1997,298,0,0,298,0,298,55026,0,55026,55026
8570,tcd,Chad,1998,8807,0,0,8807,0,8807,61294,0,61294,61294
8571,tcd,Chad,1999,23477,0,0,23477,0,23477,58792,0,58792,58792
8572,tcd,Chad,2000,17689,544,0,18233,0,18233,54955,2422,57377,57377
8573,tcd,Chad,2001,12950,645,0,13595,0,13595,46282,2992,49274,49274
8574,tcd,Chad,2002,33455,1033,0,34488,0,34488,47340,2436,49776,49776
8575,tcd,Chad,2003,146396,162,0,146558,0,146558,52268,2319,54587,54587
8576,tcd,Chad,2004,259880,0,0,259880,0,259880,52645,2540,55185,55185
8577,tcd,Chad,2005,275412,63,0,275475,0,275475,48389,3109,51498,51498
8578,tcd,Chad,2006,286743,10,0,286753,112686,399439,36286,3430,39716,152402
8579,tcd,Chad,2007,294017,44,0,294061,178918,472979,55697,2668,58365,237283
8580,tcd,Chad,2008,330510,51,0,330561,166718,497279,55083,3340,58423,225141
8581,tcd,Chad,2009,338495,59,0,338554,170531,509085,54997,2311,57308,227839
8582,tcd,Chad,2010,347931,105,0,348036,131000,479036,53713,2664,56377,187377
8583,tcd,Chad,2011,366491,162,0,366653,124000,490653,42619,3122,45741,169741
8584,tcd,Chad,2012,373690,173,0,373863,90000,463863,39674,3758,43432,133432
8585,tcd,Chad,2013,434476,303,0,434779,19791,454570,48618,3844,52462,72253
8586,tcd,Chad,2014,452897,1793,0,454690,0,454690,48236,3296,51532,51532
8587,tcd,Chad,2015,369538,2890,0,372428,51999,424427,14921,3267,18188,70187
8588,tcd,Chad,2016,391235,1908,0,393143,124342,517485,14176,3178,17354,141696
8589,tcd,Chad,2017,411475,660,0,412135,99983,512118,16325,3105,19430,119413
8590,tcd,Chad,2018,451203,3467,0,454670,165314,619984,10895,4401,15296,180610
8591,tcd,Chad,2019,442670,3756,0,446426,170278,616704,11163,5335,16498,186776
8592,tcd,Chad,2020,478649,4568,0,483217,336124,819341,10388,6224,16612,352736
8593,tcd,Chad,2021,555782,4705,0,560487,406573,967060,11771,7572,19343,425916
8594,tcd,Chad,2022,592764,4953,0,597717,381289,979006,12811,7091,19902,401191
8595,tcd,Chad,2023,1100921,4916,0,1105837,215928,1321765,10196,40745,50941,266869
8596,tcd,Chad,2024,1278866,7779,0,1286645,220610,1507255,14617,28234,42851,263461
8597,tcd,Chad,2025,1502263,9371,0,1511634,219595,1731229,15281,17111,32392,251987
8598,tgo,Togo,1961,5000,0,0,5000,0,5000,0,0,0,0
8599,tgo,Togo,1962,5000,0,0,5000,0,5000,0,0,0,0
8600,tgo,Togo,1963,5000,0,0,5000,0,5000,0,0,0,0
8601,tgo,Togo,1964,5000,0,0,5000,0,5000,0,0,0,0
8602,tgo,Togo,1965,5000,0,0,5000,0,5000,0,0,0,0
8603,tgo,Togo,1966,0,0,0,0,0,0,0,0,0,0
8604,tgo,Togo,1967,0,0,0,0,0,0,0,0,0,0
8605,tgo,Togo,1968,0,0,0,0,0,0,0,0,0,0
8606,tgo,Togo,1969,200,0,0,200,0,200,0,0,0,0
8607,tgo,Togo,1970,0,0,0,0,0,0,0,0,0,0
8608,tgo,Togo,1971,0,0,0,0,0,0,0,0,0,0
8609,tgo,Togo,1972,0,0,0,0,0,0,0,0,0,0
8610,tgo,Togo,1973,0,0,0,0,0,0,0,0,0,0
8611,tgo,Togo,1974,0,0,0,0,0,0,0,0,0,0
8612,tgo,Togo,1975,0,0,0,0,0,0,0,0,0,0
8613,tgo,Togo,1976,100,0,0,100,0,100,0,0,0,0
8614,tgo,Togo,1977,0,0,0,0,0,0,0,0,0,0
8615,tgo,Togo,1978,0,0,0,0,0,0,0,0,0,0
8616,tgo,Togo,1979,0,0,0,0,0,0,0,0,0,0
8617,tgo,Togo,1980,0,0,0,0,0,0,0,0,0,0
8618,tgo,Togo,1981,0,0,0,0,0,0,0,0,0,0
8619,tgo,Togo,1982,200,0,0,200,0,200,0,0,0,0
8620,tgo,Togo,1983,1770,0,0,1770,0,1770,0,0,0,0
8621,tgo,Togo,1984,1800,0,0,1800,0,1800,0,0,0,0
8622,tgo,Togo,1985,3050,0,0,3050,0,3050,5,0,5,5
8623,tgo,Togo,1986,2610,0,0,2610,0,2610,5,0,5,5
8624,tgo,Togo,1987,3460,0,0,3460,0,3460,5,0,5,5
8625,tgo,Togo,1988,3422,0,0,3422,0,3422,5,0,5,5
8626,tgo,Togo,1989,3401,0,0,3401,0,3401,5,0,5,5
8627,tgo,Togo,1990,3477,0,0,3477,0,3477,5,0,5,5
8628,tgo,Togo,1991,3406,0,0,3406,0,3406,17,0,17,17
8629,tgo,Togo,1992,3353,0,0,3353,0,3353,105,0,105,105
8630,tgo,Togo,1993,3280,0,0,3280,0,3280,291055,0,291055,291055
8631,tgo,Togo,1994,12367,0,0,12367,0,12367,167866,0,167866,167866
8632,tgo,Togo,1995,10877,0,0,10877,0,10877,93152,0,93152,93152
8633,tgo,Togo,1996,12588,0,0,12588,0,12588,25587,0,25587,25587
8634,tgo,Togo,1997,12682,0,0,12682,0,12682,7182,0,7182,7182
8635,tgo,Togo,1998,11816,0,0,11816,0,11816,3500,0,3500,3500
8636,tgo,Togo,1999,12113,0,0,12113,0,12113,3695,0,3695,3695
8637,tgo,Togo,2000,12223,79,0,12302,0,12302,4022,1277,5299,5299
8638,tgo,Togo,2001,12257,76,0,12333,0,12333,4356,1965,6321,6321
8639,tgo,Togo,2002,12295,118,0,12413,0,12413,10441,2778,13219,13219
8640,tgo,Togo,2003,12396,329,0,12725,0,12725,10609,5721,16330,16330
8641,tgo,Togo,2004,11286,372,0,11658,0,11658,10818,5456,16274,16274
8642,tgo,Togo,2005,9288,407,0,9695,3000,12695,51092,7466,58558,61558
8643,tgo,Togo,2006,6330,434,0,6764,0,6764,27318,6588,33906,33906
8644,tgo,Togo,2007,1330,124,0,1454,0,1454,22481,1301,23782,23782
8645,tgo,Togo,2008,9377,448,0,9825,0,9825,16734,1119,17853,17853
8646,tgo,Togo,2009,8534,148,0,8682,0,8682,18363,959,19322,19322
8647,tgo,Togo,2010,14051,144,0,14195,0,14195,18308,1023,19331,19331
8648,tgo,Togo,2011,19271,375,0,19646,0,19646,17853,2974,20827,20827
8649,tgo,Togo,2012,23539,399,0,23938,0,23938,15683,3018,18701,18701
8650,tgo,Togo,2013,20613,426,0,21039,0,21039,10301,1508,11809,11809
8651,tgo,Togo,2014,21773,710,0,22483,0,22483,9271,1691,10962,10962
8652,tgo,Togo,2015,21949,745,0,22694,0,22694,8774,2128,10902,10902
8653,tgo,Togo,2016,12486,777,0,13263,0,13263,8296,2645,10941,10941
8654,tgo,Togo,2017,12425,744,0,13169,0,13169,8115,3762,11877,11877
8655,tgo,Togo,2018,12335,694,0,13029,0,13029,8029,3546,11575,11575
8656,tgo,Togo,2019,11964,692,0,12656,0,12656,8034,3380,11414,11414
8657,tgo,Togo,2020,10798,660,0,11458,0,11458,7704,3330,11034,11034
8658,tgo,Togo,2021,10683,810,0,11493,0,11493,7985,2984,10969,10969
8659,tgo,Togo,2022,9300,576,0,9876,0,9876,7871,2889,10760,10760
8660,tgo,Togo,2023,28240,4400,0,32640,9680,42320,7955,8192,16147,25827
8661,tgo,Togo,2024,47494,1262,0,48756,9680,58436,12685,5251,17936,27616
8662,tgo,Togo,2025,54167,4282,0,58449,10171,68620,12661,5334,17995,28166
8663,tha,Thailand,1975,75760,0,0,75760,0,75760,0,0,0,0
8664,tha,Thailand,1976,82870,0,0,82870,0,82870,0,0,0,0
8665,tha,Thailand,1977,97600,0,0,97600,0,97600,0,0,0,0
8666,tha,Thailand,1978,138950,0,0,138950,0,138950,0,0,0,0
8667,tha,Thailand,1979,151620,0,0,151620,0,151620,0,0,0,0
8668,tha,Thailand,1980,261360,0,0,261360,0,261360,0,0,0,0
8669,tha,Thailand,1981,192990,0,0,192990,0,192990,0,0,0,0
8670,tha,Thailand,1982,168980,0,0,168980,0,168980,0,0,0,0
8671,tha,Thailand,1983,144320,0,0,144320,0,144320,0,0,0,0
8672,tha,Thailand,1984,128500,0,0,128500,0,128500,0,0,0,0
8673,tha,Thailand,1985,130420,0,0,130420,0,130420,0,0,0,0
8674,tha,Thailand,1986,119920,0,0,119920,0,119920,0,0,0,0
8675,tha,Thailand,1987,112740,0,0,112740,0,112740,0,0,0,0
8676,tha,Thailand,1988,107799,0,0,107799,0,107799,0,0,0,0
8677,tha,Thailand,1989,99935,0,0,99935,0,99935,0,0,0,0
8678,tha,Thailand,1990,99821,0,0,99821,0,99821,18,0,18,18
8679,tha,Thailand,1991,88164,0,0,88164,0,88164,29,0,29,29
8680,tha,Thailand,1992,63625,0,0,63625,0,63625,33,0,33,33
8681,tha,Thailand,1993,119232,0,0,119232,0,119232,33,0,33,33
8682,tha,Thailand,1994,100817,0,0,100817,0,100817,135,0,135,135
8683,tha,Thailand,1995,106565,0,0,106565,0,106565,209,0,209,209
8684,tha,Thailand,1996,107962,0,0,107962,0,107962,282,0,282,282
8685,tha,Thailand,1997,169154,0,0,169154,0,169154,268,0,268,268
8686,tha,Thailand,1998,138334,0,0,138334,0,138334,290,0,290,290
8687,tha,Thailand,1999,100133,0,0,100133,0,100133,315,0,315,315
8688,tha,Thailand,2000,104966,360,0,105326,0,105326,213,139,352,352
8689,tha,Thailand,2001,110711,343,0,111054,0,111054,90,156,246,246
8690,tha,Thailand,2002,112614,1051,0,113665,0,113665,342,250,592,592
8691,tha,Thailand,2003,119056,2645,0,121701,0,121701,295,155,450,450
8692,tha,Thailand,2004,121145,1038,0,122183,0,122183,320,90,410,410
8693,tha,Thailand,2005,117050,32137,0,149187,0,149187,424,214,638,638
8694,tha,Thailand,2006,133107,18406,0,151513,0,151513,3323,201,3524,3524
8695,tha,Thailand,2007,125627,13471,0,139098,0,139098,2322,363,2685,2685
8696,tha,Thailand,2008,112916,12563,0,125479,0,125479,1811,406,2217,2217
8697,tha,Thailand,2009,105286,10245,0,115531,0,115531,498,392,890,890
8698,tha,Thailand,2010,96666,10233,0,106899,0,106899,351,217,568,568
8699,tha,Thailand,2011,89245,13331,0,102576,0,102576,365,175,540,540
8700,tha,Thailand,2012,84475,14554,0,99029,0,99029,378,172,550,550
8701,tha,Thailand,2013,136489,4685,0,141174,0,141174,220,173,393,393
8702,tha,Thailand,2014,130227,7917,0,138144,0,138144,223,410,633,633
8703,tha,Thailand,2015,108252,8248,0,116500,0,116500,209,833,1042,1042
8704,tha,Thailand,2016,106431,4986,0,111417,0,111417,147,950,1097,1097
8705,tha,Thailand,2017,104605,2046,0,106651,0,106651,164,1333,1497,1497
8706,tha,Thailand,2018,102234,934,0,103168,0,103168,183,2792,2975,2975
8707,tha,Thailand,2019,97556,837,0,98393,0,98393,173,3531,3704,3704
8708,tha,Thailand,2020,96179,852,0,97031,0,97031,174,3760,3934,3934
8709,tha,Thailand,2021,100510,677,0,101187,0,101187,181,3230,3411,3411
8710,tha,Thailand,2022,94472,926,0,95398,0,95398,210,3203,3413,3413
8711,tha,Thailand,2023,87314,1674,0,88988,0,88988,222,3371,3593,3593
8712,tha,Thailand,2024,84421,2604,0,87025,0,87025,300,4022,4322,4322
8713,tha,Thailand,2025,84017,2880,0,86897,0,86897,327,2656,2983,2983
8714,tjk,Tajikistan,1992,3000,0,0,3000,0,3000,60008,0,60008,60008
8715,tjk,Tajikistan,1993,300,0,0,300,520000,520300,70108,0,70108,590108
8716,tjk,Tajikistan,1994,695,0,0,695,16000,16695,57143,0,57143,73143
8717,tjk,Tajikistan,1995,620,0,0,620,16700,17320,58960,0,58960,75660
8718,tjk,Tajikistan,1996,1166,0,0,1166,25285,26451,107508,0,107508,132793
8719,tjk,Tajikistan,1997,2176,0,0,2176,0,2176,75880,0,75880,75880
8720,tjk,Tajikistan,1998,3634,0,0,3634,0,3634,56350,0,56350,56350
8721,tjk,Tajikistan,1999,4541,0,0,4541,0,4541,45166,0,45166,45166
8722,tjk,Tajikistan,2000,15364,233,0,15597,0,15597,59937,635,60572,60572
8723,tjk,Tajikistan,2001,15346,381,0,15727,0,15727,56107,394,56501,56501
8724,tjk,Tajikistan,2002,3437,365,0,3802,0,3802,63264,217,63481,63481
8725,tjk,Tajikistan,2003,3304,433,0,3737,0,3737,58935,200,59135,59135
8726,tjk,Tajikistan,2004,1835,458,0,2293,0,2293,56776,157,56933,56933
8727,tjk,Tajikistan,2005,1020,22,0,1042,0,1042,54753,152,54905,54905
8728,tjk,Tajikistan,2006,930,238,0,1168,0,1168,646,119,765,765
8729,tjk,Tajikistan,2007,1136,142,0,1278,0,1278,887,93,980,980
8730,tjk,Tajikistan,2008,1800,41,0,1841,0,1841,541,140,681,681
8731,tjk,Tajikistan,2009,2678,1510,0,4188,0,4188,556,260,816,816
8732,tjk,Tajikistan,2010,3131,1654,0,4785,0,4785,573,324,897,897
8733,tjk,Tajikistan,2011,3322,2026,0,5348,0,5348,604,371,975,975
8734,tjk,Tajikistan,2012,2248,2140,0,4388,0,4388,669,445,1114,1114
8735,tjk,Tajikistan,2013,2050,2270,0,4320,0,4320,657,604,1261,1261
8736,tjk,Tajikistan,2014,2027,123,0,2150,0,2150,722,838,1560,1560
8737,tjk,Tajikistan,2015,1963,286,0,2249,0,2249,790,1451,2241,2241
8738,tjk,Tajikistan,2016,2724,431,0,3155,0,3155,932,3198,4130,4130
8739,tjk,Tajikistan,2017,2521,440,0,2961,0,2961,1369,3617,4986,4986
8740,tjk,Tajikistan,2018,2654,315,0,2969,0,2969,1695,3192,4887,4887
8741,tjk,Tajikistan,2019,3788,1413,0,5201,0,5201,1987,2661,4648,4648
8742,tjk,Tajikistan,2020,5578,408,0,5986,0,5986,2219,2459,4678,4678
8743,tjk,Tajikistan,2021,10724,3046,0,13770,0,13770,2412,2023,4435,4435
8744,tjk,Tajikistan,2022,8608,1113,0,9721,0,9721,2951,3646,6597,6597
8745,tjk,Tajikistan,2023,10092,1387,0,11479,0,11479,3720,6001,9721,9721
8746,tjk,Tajikistan,2024,12157,3034,0,15191,0,15191,4045,7945,11990,11990
8747,tjk,Tajikistan,2025,8620,3238,1550,13408,0,13408,4163,6420,10583,10583
8748,tkm,Turkmenistan,1993,15400,0,0,15400,0,15400,0,0,0,0
8749,tkm,Turkmenistan,1994,15400,0,0,15400,0,15400,7,0,7,7
8750,tkm,Turkmenistan,1995,23324,0,0,23324,0,23324,45,0,45,45
8751,tkm,Turkmenistan,1996,15582,0,0,15582,0,15582,2936,0,2936,2936
8752,tkm,Turkmenistan,1997,15787,0,0,15787,0,15787,3179,0,3179,3179
8753,tkm,Turkmenistan,1998,14626,0,0,14626,0,14626,1562,0,1562,1562
8754,tkm,Turkmenistan,1999,18461,0,0,18461,0,18461,1051,0,1051,1051
8755,tkm,Turkmenistan,2000,14188,566,0,14754,0,14754,299,15,314,314
8756,tkm,Turkmenistan,2001,14003,489,0,14492,0,14492,305,36,341,341
8757,tkm,Turkmenistan,2002,13691,0,0,13691,0,13691,797,124,921,921
8758,tkm,Turkmenistan,2003,13509,5,0,13514,0,13514,836,159,995,995
8759,tkm,Turkmenistan,2004,13252,0,0,13252,0,13252,815,180,995,995
8760,tkm,Turkmenistan,2005,11965,0,0,11965,0,11965,818,170,988,988
8761,tkm,Turkmenistan,2006,751,0,0,751,0,751,689,146,835,835
8762,tkm,Turkmenistan,2007,126,16,0,142,0,142,667,134,801,801
8763,tkm,Turkmenistan,2008,81,0,0,81,0,81,735,110,845,845
8764,tkm,Turkmenistan,2009,62,0,0,62,0,62,734,77,811,811
8765,tkm,Turkmenistan,2010,64,0,0,64,0,64,723,47,770,770
8766,tkm,Turkmenistan,2011,59,0,0,59,0,59,711,70,781,781
8767,tkm,Turkmenistan,2012,46,0,0,46,0,46,708,125,833,833
8768,tkm,Turkmenistan,2013,45,0,0,45,0,45,502,317,819,819
8769,tkm,Turkmenistan,2014,34,0,0,34,0,34,470,743,1213,1213
8770,tkm,Turkmenistan,2015,25,0,0,25,0,25,446,1205,1651,1651
8771,tkm,Turkmenistan,2016,26,0,0,26,0,26,371,1069,1440,1440
8772,tkm,Turkmenistan,2017,22,0,0,22,0,22,365,1115,1480,1480
8773,tkm,Turkmenistan,2018,21,0,0,21,0,21,457,1264,1721,1721
8774,tkm,Turkmenistan,2019,21,0,0,21,0,21,478,576,1054,1054
8775,tkm,Turkmenistan,2020,20,0,0,20,0,20,498,585,1083,1083
8776,tkm,Turkmenistan,2021,16,0,0,16,0,16,563,722,1285,1285
8777,tkm,Turkmenistan,2022,14,0,0,14,0,14,2240,863,3103,3103
8778,tkm,Turkmenistan,2023,3614,0,0,3614,0,3614,1848,1833,3681,3681
8779,tkm,Turkmenistan,2024,3409,0,0,3409,0,3409,2580,2327,4907,4907
8780,tkm,Turkmenistan,2025,9,0,3200,3209,0,3209,1864,1663,3527,3527
8781,tls,Timor-Leste,1999,0,0,0,0,0,0,162472,0,162472,162472
8782,tls,Timor-Leste,2000,0,0,0,0,0,0,122202,19,122221,122221
8783,tls,Timor-Leste,2001,0,6,0,6,0,6,73042,20,73062,73062
8784,tls,Timor-Leste,2002,0,5,0,5,0,5,28097,513,28610,28610
8785,tls,Timor-Leste,2003,0,12,0,12,0,12,127,5,132,132
8786,tls,Timor-Leste,2004,0,8,0,8,0,8,221,0,221,221
8787,tls,Timor-Leste,2005,0,8,0,8,0,8,251,0,251,251
8788,tls,Timor-Leste,2006,0,0,0,0,155231,155231,251,8,259,155490
8789,tls,Timor-Leste,2007,0,0,0,0,62625,62625,6,0,6,62631
8790,tls,Timor-Leste,2008,0,12,0,12,15860,15872,7,0,7,15867
8791,tls,Timor-Leste,2009,0,5,0,5,0,5,7,0,7,7
8792,tls,Timor-Leste,2010,0,0,0,0,0,0,8,0,8,8
8793,tls,Timor-Leste,2011,0,0,0,0,0,0,8,0,8,8
8794,tls,Timor-Leste,2012,0,0,0,0,0,0,8,6,14,14
8795,tls,Timor-Leste,2013,0,0,0,0,0,0,8,10,18,18
8796,tls,Timor-Leste,2014,0,0,0,0,0,0,13,7,20,20
8797,tls,Timor-Leste,2015,0,0,0,0,0,0,19,5,24,24
8798,tls,Timor-Leste,2016,0,0,0,0,0,0,19,0,19,19
8799,tls,Timor-Leste,2017,0,0,0,0,0,0,13,5,18,18
8800,tls,Timor-Leste,2018,0,0,0,0,0,0,12,10,22,22
8801,tls,Timor-Leste,2019,0,0,0,0,0,0,17,41,58,58
8802,tls,Timor-Leste,2020,0,0,0,0,0,0,11,324,335,335
8803,tls,Timor-Leste,2021,0,0,0,0,0,0,11,368,379,379
8804,tls,Timor-Leste,2022,0,0,0,0,0,0,6,690,696,696
8805,tls,Timor-Leste,2023,0,0,0,0,0,0,0,1085,1085,1085
8806,tls,Timor-Leste,2024,0,0,0,0,0,0,5,1453,1458,1458
8807,tls,Timor-Leste,2025,0,0,0,0,0,0,15,1520,1535,1535
8808,ton,Tonga,1996,0,0,0,0,0,0,5,0,5,5
8809,ton,Tonga,1997,0,0,0,0,0,0,5,0,5,5
8810,ton,Tonga,1998,0,0,0,0,0,0,0,0,0,0
8811,ton,Tonga,1999,0,0,0,0,0,0,0,0,0,0
8812,ton,Tonga,2000,0,0,0,0,0,0,5,22,27,27
8813,ton,Tonga,2001,0,0,0,0,0,0,0,47,47,47
8814,ton,Tonga,2002,0,0,0,0,0,0,7,65,72,72
8815,ton,Tonga,2003,0,0,0,0,0,0,11,38,49,49
8816,ton,Tonga,2004,0,0,0,0,0,0,5,13,18,18
8817,ton,Tonga,2005,0,0,0,0,0,0,0,6,6,6
8818,ton,Tonga,2006,0,0,0,0,0,0,5,14,19,19
8819,ton,Tonga,2007,0,0,0,0,0,0,0,14,14,14
8820,ton,Tonga,2008,0,0,0,0,0,0,5,21,26,26
8821,ton,Tonga,2009,0,0,0,0,0,0,5,21,26,26
8822,ton,Tonga,2010,0,0,0,0,0,0,5,10,15,15
8823,ton,Tonga,2011,0,0,0,0,0,0,7,21,28,28
8824,ton,Tonga,2012,0,0,0,0,0,0,11,39,50,50
8825,ton,Tonga,2013,0,0,0,0,0,0,16,61,77,77
8826,ton,Tonga,2014,0,0,0,0,0,0,19,82,101,101
8827,ton,Tonga,2015,0,0,0,0,0,0,22,62,84,84
8828,ton,Tonga,2016,0,0,0,0,0,0,25,77,102,102
8829,ton,Tonga,2017,0,0,0,0,0,0,34,106,140,140
8830,ton,Tonga,2018,0,0,0,0,0,0,32,170,202,202
8831,ton,Tonga,2019,0,0,0,0,0,0,32,419,451,451
8832,ton,Tonga,2020,0,0,0,0,0,0,31,731,762,762
8833,ton,Tonga,2021,0,0,0,0,0,0,28,816,844,844
8834,ton,Tonga,2022,0,0,0,0,0,0,30,1308,1338,1338
8835,ton,Tonga,2023,0,0,0,0,0,0,41,1327,1368,1368
8836,ton,Tonga,2024,0,0,0,0,0,0,42,1712,1754,1754
8837,ton,Tonga,2025,0,0,0,0,0,0,65,1324,1389,1389
8838,tto,Trinidad and Tobago,1994,0,0,0,0,0,0,12,0,12,12
8839,tto,Trinidad and Tobago,1995,0,0,0,0,0,0,12,0,12,12
8840,tto,Trinidad and Tobago,1996,0,0,0,0,0,0,17,0,17,17
8841,tto,Trinidad and Tobago,1997,0,0,0,0,0,0,20,0,20,20
8842,tto,Trinidad and Tobago,1998,0,0,0,0,0,0,25,0,25,25
8843,tto,Trinidad and Tobago,1999,0,0,0,0,0,0,24,0,24,24
8844,tto,Trinidad and Tobago,2000,0,0,0,0,0,0,24,117,141,141
8845,tto,Trinidad and Tobago,2001,0,0,0,0,0,0,16,179,195,195
8846,tto,Trinidad and Tobago,2002,0,0,0,0,0,0,35,321,356,356
8847,tto,Trinidad and Tobago,2003,0,0,0,0,0,0,39,288,327,327
8848,tto,Trinidad and Tobago,2004,0,0,0,0,0,0,38,172,210,210
8849,tto,Trinidad and Tobago,2005,0,0,0,0,0,0,61,209,270,270
8850,tto,Trinidad and Tobago,2006,0,0,0,0,0,0,151,158,309,309
8851,tto,Trinidad and Tobago,2007,15,96,0,111,0,111,210,175,385,385
8852,tto,Trinidad and Tobago,2008,36,93,0,129,0,129,228,241,469,469
8853,tto,Trinidad and Tobago,2009,41,192,0,233,0,233,239,271,510,510
8854,tto,Trinidad and Tobago,2010,20,96,0,116,0,116,252,146,398,398
8855,tto,Trinidad and Tobago,2011,15,5,0,20,0,20,296,103,399,399
8856,tto,Trinidad and Tobago,2012,13,0,0,13,0,13,335,90,425,425
8857,tto,Trinidad and Tobago,2013,10,38,0,48,0,48,336,127,463,463
8858,tto,Trinidad and Tobago,2014,76,80,0,156,0,156,371,173,544,544
8859,tto,Trinidad and Tobago,2015,105,87,0,192,0,192,369,195,564,564
8860,tto,Trinidad and Tobago,2016,104,202,0,306,0,306,295,241,536,536
8861,tto,Trinidad and Tobago,2017,282,1975,0,2257,0,2257,310,303,613,613
8862,tto,Trinidad and Tobago,2018,784,9937,31843,42564,0,42564,323,305,628,628
8863,tto,Trinidad and Tobago,2019,2308,17364,7664,27336,0,27336,307,408,715,715
8864,tto,Trinidad and Tobago,2020,3179,19926,4663,27768,0,27768,295,414,709,709
8865,tto,Trinidad and Tobago,2021,3571,21622,8403,33596,0,33596,285,508,793,793
8866,tto,Trinidad and Tobago,2022,3424,20369,14178,37971,0,37971,296,627,923,923
8867,tto,Trinidad and Tobago,2023,3205,28617,7906,39728,0,39728,351,819,1170,1170
8868,tto,Trinidad and Tobago,2024,3328,20806,7922,32056,0,32056,474,1110,1584,1584
8869,tto,Trinidad and Tobago,2025,1877,23369,3856,29102,0,29102,576,704,1280,1280
8870,tun,Tunisia,1951,2000,0,0,2000,0,2000,0,0,0,0
8871,tun,Tunisia,1952,0,0,0,0,0,0,0,0,0,0
8872,tun,Tunisia,1953,0,0,0,0,0,0,0,0,0,0
8873,tun,Tunisia,1954,2000,0,0,2000,0,2000,0,0,0,0
8874,tun,Tunisia,1955,0,0,0,0,0,0,0,0,0,0
8875,tun,Tunisia,1956,0,0,0,0,0,0,0,0,0,0
8876,tun,Tunisia,1957,0,0,0,0,0,0,0,0,0,0
8877,tun,Tunisia,1958,1000,0,0,1000,0,1000,0,0,0,0
8878,tun,Tunisia,1959,1000,0,0,1000,0,1000,0,0,0,0
8879,tun,Tunisia,1960,1000,0,0,1000,0,1000,0,0,0,0
8880,tun,Tunisia,1961,1000,0,0,1000,0,1000,0,0,0,0
8881,tun,Tunisia,1962,1000,0,0,1000,0,1000,0,0,0,0
8882,tun,Tunisia,1963,1000,0,0,1000,0,1000,0,0,0,0
8883,tun,Tunisia,1964,1000,0,0,1000,0,1000,0,0,0,0
8884,tun,Tunisia,1965,500,0,0,500,0,500,0,0,0,0
8885,tun,Tunisia,1966,0,0,0,0,0,0,0,0,0,0
8886,tun,Tunisia,1967,0,0,0,0,0,0,0,0,0,0
8887,tun,Tunisia,1968,1000,0,0,1000,0,1000,0,0,0,0
8888,tun,Tunisia,1969,0,0,0,0,0,0,0,0,0,0
8889,tun,Tunisia,1970,0,0,0,0,0,0,0,0,0,0
8890,tun,Tunisia,1971,100,0,0,100,0,100,0,0,0,0
8891,tun,Tunisia,1972,0,0,0,0,0,0,0,0,0,0
8892,tun,Tunisia,1973,70,0,0,70,0,70,0,0,0,0
8893,tun,Tunisia,1974,0,0,0,0,0,0,0,0,0,0
8894,tun,Tunisia,1975,0,0,0,0,0,0,0,0,0,0
8895,tun,Tunisia,1976,0,0,0,0,0,0,0,0,0,0
8896,tun,Tunisia,1977,0,0,0,0,0,0,0,0,0,0
8897,tun,Tunisia,1978,0,0,0,0,0,0,0,0,0,0
8898,tun,Tunisia,1979,0,0,0,0,0,0,0,0,0,0
8899,tun,Tunisia,1980,0,0,0,0,0,0,0,0,0,0
8900,tun,Tunisia,1981,0,0,0,0,0,0,0,0,0,0
8901,tun,Tunisia,1982,0,0,0,0,0,0,0,0,0,0
8902,tun,Tunisia,1983,0,0,0,0,0,0,5,0,5,5
8903,tun,Tunisia,1984,0,0,0,0,0,0,6,0,6,6
8904,tun,Tunisia,1985,0,0,0,0,0,0,6,0,6,6
8905,tun,Tunisia,1986,0,0,0,0,0,0,6,0,6,6
8906,tun,Tunisia,1987,0,0,0,0,0,0,6,0,6,6
8907,tun,Tunisia,1988,0,0,0,0,0,0,7,0,7,7
8908,tun,Tunisia,1989,0,0,0,0,0,0,7,0,7,7
8909,tun,Tunisia,1990,30,0,0,30,0,30,40,0,40,40
8910,tun,Tunisia,1991,130,0,0,130,0,130,61,0,61,61
8911,tun,Tunisia,1992,111,0,0,111,0,111,88,0,88,88
8912,tun,Tunisia,1993,99,0,0,99,0,99,106,0,106,106
8913,tun,Tunisia,1994,11,0,0,11,0,11,208,0,208,208
8914,tun,Tunisia,1995,195,0,0,195,0,195,327,0,327,327
8915,tun,Tunisia,1996,172,0,0,172,0,172,410,0,410,410
8916,tun,Tunisia,1997,497,0,0,497,0,497,703,0,703,703
8917,tun,Tunisia,1998,525,0,0,525,0,525,931,0,931,931
8918,tun,Tunisia,1999,444,0,0,444,0,444,1236,0,1236,1236
8919,tun,Tunisia,2000,428,5,0,433,0,433,1205,366,1571,1571
8920,tun,Tunisia,2001,92,17,0,109,0,109,1364,396,1760,1760
8921,tun,Tunisia,2002,93,10,0,103,0,103,2543,432,2975,2975
8922,tun,Tunisia,2003,87,6,0,93,0,93,2562,370,2932,2932
8923,tun,Tunisia,2004,83,5,0,88,0,88,2511,343,2854,2854
8924,tun,Tunisia,2005,81,28,0,109,0,109,3120,357,3477,3477
8925,tun,Tunisia,2006,85,66,0,151,0,151,2835,358,3193,3193
8926,tun,Tunisia,2007,93,52,0,145,0,145,2488,334,2822,2822
8927,tun,Tunisia,2008,90,45,0,135,0,135,2334,352,2686,2686
8928,tun,Tunisia,2009,86,32,0,118,0,118,2237,488,2725,2725
8929,tun,Tunisia,2010,86,24,0,110,0,110,2159,537,2696,2696
8930,tun,Tunisia,2011,4085,544,0,4629,0,4629,1930,1598,3528,3528
8931,tun,Tunisia,2012,1433,335,0,1768,0,1768,1918,2279,4197,4197
8932,tun,Tunisia,2013,727,351,0,1078,0,1078,1359,1785,3144,3144
8933,tun,Tunisia,2014,895,223,0,1118,0,1118,1476,1782,3258,3258
8934,tun,Tunisia,2015,659,80,0,739,0,739,1554,2329,3883,3883
8935,tun,Tunisia,2016,646,30,0,676,0,676,1687,2062,3749,3749
8936,tun,Tunisia,2017,726,36,0,762,0,762,1826,2330,4156,4156
8937,tun,Tunisia,2018,1061,250,0,1311,0,1311,1985,2749,4734,4734
8938,tun,Tunisia,2019,1732,1517,0,3249,0,3249,2068,2668,4736,4736
8939,tun,Tunisia,2020,2580,3700,0,6280,0,6280,1636,2829,4465,4465
8940,tun,Tunisia,2021,3186,6140,0,9326,0,9326,2201,4012,6213,6213
8941,tun,Tunisia,2022,3299,5630,0,8929,0,8929,2691,7923,10614,10614
8942,tun,Tunisia,2023,3994,11093,0,15087,0,15087,2800,9194,11994,11994
8943,tun,Tunisia,2024,2955,9620,0,12575,0,12575,3593,11415,15008,15008
8944,tun,Tunisia,2025,2386,5523,0,7909,0,7909,3711,10338,14049,14049
8945,tur,Turkey,1951,2700,0,0,2700,0,2700,0,0,0,0
8946,tur,Turkey,1952,2000,0,0,2000,0,2000,0,0,0,0
8947,tur,Turkey,1953,2000,0,0,2000,0,2000,0,0,0,0
8948,tur,Turkey,1954,2500,0,0,2500,0,2500,0,0,0,0
8949,tur,Turkey,1955,2200,0,0,2200,0,2200,0,0,0,0
8950,tur,Turkey,1956,2100,0,0,2100,0,2100,0,0,0,0
8951,tur,Turkey,1957,2200,0,0,2200,0,2200,0,0,0,0
8952,tur,Turkey,1958,2150,0,0,2150,0,2150,0,0,0,0
8953,tur,Turkey,1959,2150,0,0,2150,0,2150,0,0,0,0
8954,tur,Turkey,1960,2200,0,0,2200,0,2200,0,0,0,0
8955,tur,Turkey,1961,2300,0,0,2300,0,2300,0,0,0,0
8956,tur,Turkey,1962,2300,0,0,2300,0,2300,0,0,0,0
8957,tur,Turkey,1963,2300,0,0,2300,0,2300,0,0,0,0
8958,tur,Turkey,1964,2300,0,0,2300,0,2300,0,0,0,0
8959,tur,Turkey,1965,2000,0,0,2000,0,2000,0,0,0,0
8960,tur,Turkey,1966,1900,0,0,1900,0,1900,0,0,0,0
8961,tur,Turkey,1967,1850,0,0,1850,0,1850,0,0,0,0
8962,tur,Turkey,1968,1980,0,0,1980,0,1980,0,0,0,0
8963,tur,Turkey,1969,1400,0,0,1400,0,1400,0,0,0,0
8964,tur,Turkey,1970,1170,0,0,1170,0,1170,0,0,0,0
8965,tur,Turkey,1971,1150,0,0,1150,0,1150,0,0,0,0
8966,tur,Turkey,1972,1160,0,0,1160,0,1160,250,0,250,250
8967,tur,Turkey,1973,1160,0,0,1160,0,1160,0,0,0,0
8968,tur,Turkey,1974,1060,0,0,1060,0,1060,0,0,0,0
8969,tur,Turkey,1975,1060,0,0,1060,0,1060,0,0,0,0
8970,tur,Turkey,1976,1060,0,0,1060,0,1060,0,0,0,0
8971,tur,Turkey,1977,1050,0,0,1050,0,1050,70,0,70,70
8972,tur,Turkey,1978,1070,0,0,1070,0,1070,60,0,60,60
8973,tur,Turkey,1979,1060,0,0,1060,0,1060,60,0,60,60
8974,tur,Turkey,1980,6100,0,0,6100,0,6100,0,0,0,0
8975,tur,Turkey,1981,1180,0,0,1180,0,1180,0,0,0,0
8976,tur,Turkey,1982,1670,0,0,1670,0,1670,300,0,300,300
8977,tur,Turkey,1983,1320,0,0,1320,0,1320,540,0,540,540
8978,tur,Turkey,1984,2600,0,0,2600,0,2600,1040,0,1040,1040
8979,tur,Turkey,1985,1790,0,0,1790,0,1790,810,0,810,810
8980,tur,Turkey,1986,1920,0,0,1920,0,1920,850,0,850,850
8981,tur,Turkey,1987,2200,0,0,2200,0,2200,1085,0,1085,1085
8982,tur,Turkey,1988,4450,0,0,4450,0,4450,150,0,150,150
8983,tur,Turkey,1989,33067,0,0,33067,0,33067,2764,0,2764,2764
8984,tur,Turkey,1990,28000,0,0,28000,0,28000,5508,0,5508,5508
8985,tur,Turkey,1991,30462,0,0,30462,0,30462,6452,0,6452,6452
8986,tur,Turkey,1992,28477,0,0,28477,0,28477,10089,0,10089,10089
8987,tur,Turkey,1993,23267,0,0,23267,0,23267,16767,0,16767,16767
8988,tur,Turkey,1994,24927,0,0,24927,0,24927,28872,0,28872,28872
8989,tur,Turkey,1995,12841,0,0,12841,0,12841,44866,0,44866,44866
8990,tur,Turkey,1996,8166,0,0,8166,0,8166,50355,0,50355,50355
8991,tur,Turkey,1997,2448,0,0,2448,0,2448,47339,0,47339,47339
8992,tur,Turkey,1998,2529,0,0,2529,0,2529,45019,0,45019,45019
8993,tur,Turkey,1999,2810,0,0,2810,0,2810,44012,0,44012,44012
8994,tur,Turkey,2000,3096,5200,0,8296,0,8296,47154,10231,57385,57385
8995,tur,Turkey,2001,3466,4168,0,7634,0,7634,47085,13326,60411,60411
8996,tur,Turkey,2002,3302,2577,0,5879,0,5879,193697,12516,206213,206213
8997,tur,Turkey,2003,2488,3448,0,5936,0,5936,185086,8527,193613,193613
8998,tur,Turkey,2004,3029,3929,0,6958,0,6958,174572,5282,179854,179854
8999,tur,Turkey,2005,2395,4870,0,7265,0,7265,170557,11310,181867,181867
9000,tur,Turkey,2006,2624,6202,0,8826,0,8826,227236,12187,239423,239423
9001,tur,Turkey,2007,6941,5166,0,12107,0,12107,221937,9172,231109,231109
9002,tur,Turkey,2008,11090,7107,0,18197,0,18197,214365,8531,222896,222896
9003,tur,Turkey,2009,10339,5969,0,16308,0,16308,146378,9273,155651,155651
9004,tur,Turkey,2010,10025,6699,0,16724,0,16724,146785,7493,154278,154278
9005,tur,Turkey,2011,14457,10936,0,25393,0,25393,139763,6885,146648,146648
9006,tur,Turkey,2012,267063,23785,0,290848,0,290848,135353,8857,144210,144210
9007,tur,Turkey,2013,609931,52448,0,662379,0,662379,66558,10552,77110,77110
9008,tur,Turkey,2014,1587365,106357,0,1693722,0,1693722,63882,11189,75071,75071
9009,tur,Turkey,2015,2541348,212368,0,2753716,0,2753716,59545,12073,71618,71618
9010,tur,Turkey,2016,2869419,245926,0,3115345,0,3115345,57915,23236,81151,81151
9011,tur,Turkey,2017,3480350,308838,0,3789188,0,3789188,61383,33801,95184,95184
9012,tur,Turkey,2018,3681688,311699,0,3993387,0,3993387,68900,42915,111815,111815
9013,tur,Turkey,2019,3579531,328257,0,3907788,0,3907788,83239,46941,130180,130180
9014,tur,Turkey,2020,3652362,322188,0,3974550,0,3974550,93730,44517,138247,138247
9015,tur,Turkey,2021,3759817,304970,0,4064787,0,4064787,105019,46327,151346,151346
9016,tur,Turkey,2022,3568259,272336,0,3840595,0,3840595,93537,82737,176274,176274
9017,tur,Turkey,2023,3251127,222069,0,3473196,0,3473196,127738,153142,280880,280880
9018,tur,Turkey,2024,2940735,154083,0,3094818,0,3094818,139640,158221,297861,297861
9019,tur,Turkey,2025,2390414,102497,0,2492911,0,2492911,149405,117576,266981,266981
9020,tuv,Tuvalu,1995,0,0,0,0,0,0,5,0,5,5
9021,tuv,Tuvalu,1996,0,0,0,0,0,0,5,0,5,5
9022,tuv,Tuvalu,1997,0,0,0,0,0,0,5,0,5,5
9023,tuv,Tuvalu,1998,0,0,0,0,0,0,5,0,5,5
9024,tuv,Tuvalu,1999,0,0,0,0,0,0,5,0,5,5
9025,tuv,Tuvalu,2000,0,0,0,0,0,0,5,0,5,5
9026,tuv,Tuvalu,2001,0,0,0,0,0,0,5,0,5,5
9027,tuv,Tuvalu,2002,0,0,0,0,0,0,5,0,5,5
9028,tuv,Tuvalu,2003,0,0,0,0,0,0,5,0,5,5
9029,tuv,Tuvalu,2004,0,0,0,0,0,0,5,0,5,5
9030,tuv,Tuvalu,2005,0,0,0,0,0,0,0,0,0,0
9031,tuv,Tuvalu,2006,0,0,0,0,0,0,5,0,5,5
9032,tuv,Tuvalu,2007,0,0,0,0,0,0,0,0,0,0
9033,tuv,Tuvalu,2008,0,0,0,0,0,0,0,0,0,0
9034,tuv,Tuvalu,2009,0,0,0,0,0,0,0,0,0,0
9035,tuv,Tuvalu,2010,0,0,0,0,0,0,0,0,0,0
9036,tuv,Tuvalu,2011,0,0,0,0,0,0,0,0,0,0
9037,tuv,Tuvalu,2012,0,0,0,0,0,0,0,5,5,5
9038,tuv,Tuvalu,2013,0,0,0,0,0,0,0,0,0,0
9039,tuv,Tuvalu,2014,0,0,0,0,0,0,0,0,0,0
9040,tuv,Tuvalu,2015,0,0,0,0,0,0,0,0,0,0
9041,tuv,Tuvalu,2016,0,0,0,0,0,0,0,0,0,0
9042,tuv,Tuvalu,2017,0,0,0,0,0,0,0,0,0,0
9043,tuv,Tuvalu,2018,0,0,0,0,0,0,0,0,0,0
9044,tuv,Tuvalu,2019,0,0,0,0,0,0,0,0,0,0
9045,tuv,Tuvalu,2020,0,0,0,0,0,0,0,0,0,0
9046,tuv,Tuvalu,2021,0,0,0,0,0,0,0,0,0,0
9047,tuv,Tuvalu,2022,0,0,0,0,0,0,0,0,0,0
9048,tuv,Tuvalu,2023,0,0,0,0,0,0,0,5,5,5
9049,tuv,Tuvalu,2024,0,0,0,0,0,0,0,11,11,11
9050,tuv,Tuvalu,2025,0,0,0,0,0,0,0,10,10,10
9051,tza,Tanzania,1961,12000,0,0,12000,0,12000,0,0,0,0
9052,tza,Tanzania,1962,12000,0,0,12000,0,12000,0,0,0,0
9053,tza,Tanzania,1963,12000,0,0,12000,0,12000,0,0,0,0
9054,tza,Tanzania,1964,25000,0,0,25000,0,25000,0,0,0,0
9055,tza,Tanzania,1965,29000,0,0,29000,0,29000,0,0,0,0
9056,tza,Tanzania,1966,33950,0,0,33950,0,33950,0,0,0,0
9057,tza,Tanzania,1967,39800,0,0,39800,0,39800,0,0,0,0
9058,tza,Tanzania,1968,46000,0,0,46000,0,46000,0,0,0,0
9059,tza,Tanzania,1969,54550,0,0,54550,0,54550,0,0,0,0
9060,tza,Tanzania,1970,71500,0,0,71500,0,71500,0,0,0,0
9061,tza,Tanzania,1971,71240,0,0,71240,0,71240,0,0,0,0
9062,tza,Tanzania,1972,165000,0,0,165000,0,165000,0,0,0,0
9063,tza,Tanzania,1973,180860,0,0,180860,0,180860,0,0,0,0
9064,tza,Tanzania,1974,193190,0,0,193190,0,193190,320,0,320,320
9065,tza,Tanzania,1975,171160,0,0,171160,0,171160,0,0,0,0
9066,tza,Tanzania,1976,154000,0,0,154000,0,154000,90,0,90,90
9067,tza,Tanzania,1977,164610,0,0,164610,0,164610,300,0,300,300
9068,tza,Tanzania,1978,160960,0,0,160960,0,160960,300,0,300,300
9069,tza,Tanzania,1979,160820,0,0,160820,0,160820,600,0,600,600
9070,tza,Tanzania,1980,159610,0,0,159610,0,159610,300,0,300,300
9071,tza,Tanzania,1981,164180,0,0,164180,0,164180,3000,0,3000,3000
9072,tza,Tanzania,1982,158960,0,0,158960,0,158960,500,0,500,500
9073,tza,Tanzania,1983,180100,0,0,180100,0,180100,500,0,500,500
9074,tza,Tanzania,1984,179910,0,0,179910,0,179910,500,0,500,500
9075,tza,Tanzania,1985,214480,0,0,214480,0,214480,0,0,0,0
9076,tza,Tanzania,1986,223500,0,0,223500,0,223500,0,0,0,0
9077,tza,Tanzania,1987,266200,0,0,266200,0,266200,2000,0,2000,2000
9078,tza,Tanzania,1988,265154,0,0,265154,0,265154,5,0,5,5
9079,tza,Tanzania,1989,265128,0,0,265128,0,265128,10,0,10,10
9080,tza,Tanzania,1990,265184,0,0,265184,0,265184,10,0,10,10
9081,tza,Tanzania,1991,288103,0,0,288103,0,288103,13,0,13,13
9082,tza,Tanzania,1992,292148,0,0,292148,0,292148,19,0,19,19
9083,tza,Tanzania,1993,564520,0,0,564520,0,564520,32,0,32,32
9084,tza,Tanzania,1994,883250,0,0,883250,0,883250,62,0,62,62
9085,tza,Tanzania,1995,829671,0,0,829671,0,829671,69,0,69,69
9086,tza,Tanzania,1996,498732,0,0,498732,0,498732,66,0,66,66
9087,tza,Tanzania,1997,570367,0,0,570367,0,570367,59,0,59,59
9088,tza,Tanzania,1998,543881,0,0,543881,0,543881,100,0,100,100
9089,tza,Tanzania,1999,622203,0,0,622203,0,622203,117,0,117,117
9090,tza,Tanzania,2000,680862,21418,0,702280,0,702280,310,801,1111,1111
9091,tza,Tanzania,2001,646899,21327,0,668226,0,668226,369,807,1176,1176
9092,tza,Tanzania,2002,689373,165,0,689538,0,689538,578,2485,3063,3063
9093,tza,Tanzania,2003,649770,161,0,649931,0,649931,703,3562,4265,4265
9094,tza,Tanzania,2004,602088,161,0,602249,0,602249,982,4339,5321,5321
9095,tza,Tanzania,2005,548824,301,0,549125,0,549125,1542,5236,6778,6778
9096,tza,Tanzania,2006,485295,376,0,485671,0,485671,1665,205,1870,1870
9097,tza,Tanzania,2007,435630,309,0,435939,0,435939,1250,2906,4156,4156
9098,tza,Tanzania,2008,321908,255,0,322163,0,322163,1262,2898,4160,4160
9099,tza,Tanzania,2009,118731,843,0,119574,0,119574,1191,204,1395,1395
9100,tza,Tanzania,2010,109286,1246,0,110532,0,110532,1135,194,1329,1329
9101,tza,Tanzania,2011,131243,707,0,131950,0,131950,1154,553,1707,1707
9102,tza,Tanzania,2012,101021,521,0,101542,0,101542,1109,807,1916,1916
9103,tza,Tanzania,2013,102099,407,0,102506,0,102506,1033,1017,2050,2050
9104,tza,Tanzania,2014,88492,883,0,89375,0,89375,843,1056,1899,1899
9105,tza,Tanzania,2015,211845,2150,0,213995,0,213995,810,1577,2387,2387
9106,tza,Tanzania,2016,281498,8539,0,290037,0,290037,579,1215,1794,1794
9107,tza,Tanzania,2017,308528,44172,0,352700,0,352700,655,1455,2110,2110
9108,tza,Tanzania,2018,278322,39659,0,317981,0,317981,723,1659,2382,2382
9109,tza,Tanzania,2019,242171,29554,0,271725,0,271725,695,1963,2658,2658
9110,tza,Tanzania,2020,234645,28748,0,263393,0,263393,689,1900,2589,2589
9111,tza,Tanzania,2021,207101,27769,0,234870,0,234870,752,1841,2593,2593
9112,tza,Tanzania,2022,206229,28745,0,234974,0,234974,790,1916,2706,2706
9113,tza,Tanzania,2023,188953,40143,0,229096,0,229096,935,2954,3889,3889
9114,tza,Tanzania,2024,176859,41264,0,218123,0,218123,1259,3900,5159,5159
9115,tza,Tanzania,2025,171142,43262,0,214404,0,214404,1592,2777,4369,4369
9116,uga,Uganda,1961,52000,0,0,52000,0,52000,0,0,0,0
9117,uga,Uganda,1962,52000,0,0,52000,0,52000,0,0,0,0
9118,uga,Uganda,1963,59000,0,0,59000,0,59000,0,0,0,0
9119,uga,Uganda,1964,113000,0,0,113000,0,113000,0,0,0,0
9120,uga,Uganda,1965,137400,0,0,137400,0,137400,0,0,0,0
9121,uga,Uganda,1966,156000,0,0,156000,0,156000,0,0,0,0
9122,uga,Uganda,1967,162760,0,0,162760,0,162760,0,0,0,0
9123,uga,Uganda,1968,175730,0,0,175730,0,175730,0,0,0,0
9124,uga,Uganda,1969,177260,0,0,177260,0,177260,0,0,0,0
9125,uga,Uganda,1970,179800,0,0,179800,0,179800,0,0,0,0
9126,uga,Uganda,1971,180920,0,0,180920,0,180920,0,0,0,0
9127,uga,Uganda,1972,166560,0,0,166560,0,166560,0,0,0,0
9128,uga,Uganda,1973,113900,0,0,113900,0,113900,950,0,950,950
9129,uga,Uganda,1974,118510,0,0,118510,0,118510,2630,0,2630,2630
9130,uga,Uganda,1975,112630,0,0,112630,0,112630,2510,0,2510,2510
9131,uga,Uganda,1976,112930,0,0,112930,0,112930,3250,0,3250,3250
9132,uga,Uganda,1977,113570,0,0,113570,0,113570,8000,0,8000,8000
9133,uga,Uganda,1978,113680,0,0,113680,0,113680,8820,0,8820,8820
9134,uga,Uganda,1979,112680,0,0,112680,0,112680,88710,0,88710,88710
9135,uga,Uganda,1980,113000,0,0,113000,0,113000,224301,0,224301,224301
9136,uga,Uganda,1981,113000,0,0,113000,0,113000,176691,0,176691,176691
9137,uga,Uganda,1982,113000,0,0,113000,0,113000,271285,0,271285,271285
9138,uga,Uganda,1983,132970,0,0,132970,0,132970,315346,0,315346,315346
9139,uga,Uganda,1984,151000,0,0,151000,0,151000,293991,0,293991,293991
9140,uga,Uganda,1985,151000,0,0,151000,0,151000,306060,0,306060,306060
9141,uga,Uganda,1986,144060,0,0,144060,0,144060,238652,0,238652,238652
9142,uga,Uganda,1987,88670,0,0,88670,0,88670,111071,0,111071,111071
9143,uga,Uganda,1988,103102,0,0,103102,0,103102,21975,0,21975,21975
9144,uga,Uganda,1989,129961,0,0,129961,0,129961,21358,0,21358,21358
9145,uga,Uganda,1990,145718,0,0,145718,0,145718,58820,0,58820,58820
9146,uga,Uganda,1991,162521,0,0,162521,0,162521,39386,0,39386,39386
9147,uga,Uganda,1992,196290,0,0,196290,0,196290,32456,0,32456,32456
9148,uga,Uganda,1993,286500,0,0,286500,0,286500,33406,0,33406,33406
9149,uga,Uganda,1994,286500,0,0,286500,0,286500,31446,0,31446,31446
9150,uga,Uganda,1995,229348,0,0,229348,0,229348,24161,0,24161,24161
9151,uga,Uganda,1996,264294,0,0,264294,0,264294,28335,0,28335,28335
9152,uga,Uganda,1997,188512,0,0,188512,0,188512,55232,0,55232,55232
9153,uga,Uganda,1998,204543,0,0,204543,0,204543,13294,0,13294,13294
9154,uga,Uganda,1999,218191,0,0,218191,0,218191,13929,0,13929,13929
9155,uga,Uganda,2000,236622,2466,0,239088,0,239088,32405,1050,33455,33455
9156,uga,Uganda,2001,199735,629,0,200364,0,200364,40133,943,41076,41076
9157,uga,Uganda,2002,217301,544,0,217845,0,217845,40414,2030,42444,42444
9158,uga,Uganda,2003,230904,723,0,231627,0,231627,35240,2818,38058,38058
9159,uga,Uganda,2004,250477,1806,0,252283,0,252283,31955,3202,35157,35157
9160,uga,Uganda,2005,257252,1806,0,259058,0,259058,34208,4297,38505,38505
9161,uga,Uganda,2006,272003,5812,0,277815,1586174,1863989,21735,1344,23079,1609253
9162,uga,Uganda,2007,228956,5776,0,234732,1235992,1470724,21325,3130,24455,1260447
9163,uga,Uganda,2008,162132,9248,0,171380,853000,1024380,7533,3127,10660,863660
9164,uga,Uganda,2009,127340,11551,0,138891,446300,585191,7543,898,8441,454741
9165,uga,Uganda,2010,135799,20803,0,156602,125598,282200,6421,929,7350,132948
9166,uga,Uganda,2011,139442,23449,0,162891,29776,192667,5658,1970,7628,37404
9167,uga,Uganda,2012,197872,28061,0,225933,0,225933,5588,3076,8664,8664
9168,uga,Uganda,2013,220548,24216,0,244764,0,244764,8166,3754,11920,11920
9169,uga,Uganda,2014,385503,35468,0,420971,0,420971,7177,4748,11925,11925
9170,uga,Uganda,2015,477187,35768,0,512955,0,512955,6311,6426,12737,12737
9171,uga,Uganda,2016,940825,41872,0,982697,0,982697,6229,5328,11557,11557
9172,uga,Uganda,2017,1350495,44635,0,1395130,0,1395130,6409,10156,16565,16565
9173,uga,Uganda,2018,1165646,25269,0,1190915,0,1190915,7034,10956,17990,17990
9174,uga,Uganda,2019,1359458,21658,0,1381116,0,1381116,7301,11433,18734,18734
9175,uga,Uganda,2020,1421133,25236,0,1446369,0,1446369,7442,11742,19184,19184
9176,uga,Uganda,2021,1529903,43388,0,1573291,0,1573291,7887,11824,19711,19711
9177,uga,Uganda,2022,1463523,32166,0,1495689,0,1495689,7572,11833,19405,19405
9178,uga,Uganda,2023,1577498,37657,0,1615155,0,1615155,8376,14989,23365,23365
9179,uga,Uganda,2024,1759492,37105,0,1796597,0,1796597,10384,18311,28695,28695
9180,uga,Uganda,2025,1936719,35249,0,1971968,0,1971968,12792,11401,24193,24193
9181,ukr,Ukraine,1992,0,0,0,0,0,0,39,0,39,39
9182,ukr,Ukraine,1993,0,0,0,0,0,0,133,0,133,133
9183,ukr,Ukraine,1994,5193,0,0,5193,0,5193,917,0,917,917
9184,ukr,Ukraine,1995,5193,0,0,5193,0,5193,1702,0,1702,1702
9185,ukr,Ukraine,1996,3585,0,0,3585,0,3585,6106,0,6106,6106
9186,ukr,Ukraine,1997,4566,0,0,4566,0,4566,6348,0,6348,6348
9187,ukr,Ukraine,1998,6101,0,0,6101,0,6101,4599,0,4599,4599
9188,ukr,Ukraine,1999,2687,0,0,2687,0,2687,12235,0,12235,12235
9189,ukr,Ukraine,2000,2927,75,0,3002,0,3002,19310,3038,22348,22348
9190,ukr,Ukraine,2001,2958,171,0,3129,0,3129,26712,5896,32608,32608
9191,ukr,Ukraine,2002,2940,400,0,3340,0,3340,85258,4872,90130,90130
9192,ukr,Ukraine,2003,2851,874,0,3725,0,3725,94141,2850,96991,96991
9193,ukr,Ukraine,2004,2442,1803,0,4245,0,4245,89582,2642,92224,92224
9194,ukr,Ukraine,2005,2334,1591,0,3925,0,3925,84223,2664,86887,86887
9195,ukr,Ukraine,2006,2267,1157,0,3424,0,3424,63716,3478,67194,67194
9196,ukr,Ukraine,2007,7272,1283,0,8555,0,8555,25980,2418,28398,28398
9197,ukr,Ukraine,2008,7189,1300,0,8489,0,8489,28416,1900,30316,30316
9198,ukr,Ukraine,2009,7321,2030,0,9351,0,9351,24512,1530,26042,26042
9199,ukr,Ukraine,2010,3016,2949,0,5965,0,5965,25102,1250,26352,26352
9200,ukr,Ukraine,2011,3168,3589,0,6757,0,6757,25372,1039,26411,26411
9201,ukr,Ukraine,2012,2790,5062,0,7852,0,7852,25248,1209,26457,26457
9202,ukr,Ukraine,2013,2956,5458,0,8414,0,8414,5154,1631,6785,6785
9203,ukr,Ukraine,2014,3206,5889,0,9095,823000,832095,237617,15085,252702,1075702
9204,ukr,Ukraine,2015,3261,6479,0,9740,1600000,1609740,321399,22350,343749,1943749
9205,ukr,Ukraine,2016,3292,6536,0,9828,1800000,1809828,239062,34638,273700,2073700
9206,ukr,Ukraine,2017,3241,6210,0,9451,1800000,1809451,139581,37670,177251,1977251
9207,ukr,Ukraine,2018,2606,6389,0,8995,1500002,1508997,93248,31965,125213,1625215
9208,ukr,Ukraine,2019,2166,2386,0,4552,734000,738552,59844,27991,87835,821835
9209,ukr,Ukraine,2020,2249,2359,0,4608,734000,738608,35156,21426,56582,790582
9210,ukr,Ukraine,2021,2382,2719,0,5101,854000,859101,27562,19426,46988,900988
9211,ukr,Ukraine,2022,2520,502,0,3022,5914000,5917022,5684177,34637,5718814,11632814
9212,ukr,Ukraine,2023,2512,498,0,3010,3689000,3692010,5960362,33988,5994350,9683350
9213,ukr,Ukraine,2024,2389,487,0,2876,3665000,3667876,5120036,44349,5164385,8829385
9214,ukr,Ukraine,2025,2370,443,0,2813,3712000,3714813,5224131,26583,5250714,8962714
9215,ury,Uruguay,1970,1500,0,0,1500,0,1500,0,0,0,0
9216,ury,Uruguay,1971,1500,0,0,1500,0,1500,0,0,0,0
9217,ury,Uruguay,1972,1500,0,0,1500,0,1500,0,0,0,0
9218,ury,Uruguay,1973,0,0,0,0,0,0,0,0,0,0
9219,ury,Uruguay,1974,1250,0,0,1250,0,1250,3000,0,3000,3000
9220,ury,Uruguay,1975,0,0,0,0,0,0,570,0,570,570
9221,ury,Uruguay,1976,0,0,0,0,0,0,1160,0,1160,1160
9222,ury,Uruguay,1977,2000,0,0,2000,0,2000,0,0,0,0
9223,ury,Uruguay,1978,2000,0,0,2000,0,2000,0,0,0,0
9224,ury,Uruguay,1979,2000,0,0,2000,0,2000,0,0,0,0
9225,ury,Uruguay,1980,1700,0,0,1700,0,1700,24,0,24,24
9226,ury,Uruguay,1981,1700,0,0,1700,0,1700,24,0,24,24
9227,ury,Uruguay,1982,60,0,0,60,0,60,525,0,525,525
9228,ury,Uruguay,1983,150,0,0,150,0,150,25,0,25,25
9229,ury,Uruguay,1984,0,0,0,0,0,0,165,0,165,165
9230,ury,Uruguay,1985,110,0,0,110,0,110,537,0,537,537
9231,ury,Uruguay,1986,70,0,0,70,0,70,47,0,47,47
9232,ury,Uruguay,1987,110,0,0,110,0,110,39,0,39,39
9233,ury,Uruguay,1988,110,0,0,110,0,110,33,0,33,33
9234,ury,Uruguay,1989,110,0,0,110,0,110,203,0,203,203
9235,ury,Uruguay,1990,87,0,0,87,0,87,843,0,843,843
9236,ury,Uruguay,1991,81,0,0,81,0,81,601,0,601,601
9237,ury,Uruguay,1992,90,0,0,90,0,90,431,0,431,431
9238,ury,Uruguay,1993,131,0,0,131,0,131,164,0,164,164
9239,ury,Uruguay,1994,116,0,0,116,0,116,363,0,363,363
9240,ury,Uruguay,1995,121,0,0,121,0,121,263,0,263,263
9241,ury,Uruguay,1996,130,0,0,130,0,130,202,0,202,202
9242,ury,Uruguay,1997,134,0,0,134,0,134,87,0,87,87
9243,ury,Uruguay,1998,163,0,0,163,0,163,72,0,72,72
9244,ury,Uruguay,1999,83,0,0,83,0,83,36,0,36,36
9245,ury,Uruguay,2000,74,0,0,74,0,74,48,162,210,210
9246,ury,Uruguay,2001,86,0,0,86,0,86,45,311,356,356
9247,ury,Uruguay,2002,97,0,0,97,0,97,60,510,570,570
9248,ury,Uruguay,2003,84,5,0,89,0,89,59,541,600,600
9249,ury,Uruguay,2004,87,5,0,92,0,92,76,129,205,205
9250,ury,Uruguay,2005,114,0,0,114,0,114,107,63,170,170
9251,ury,Uruguay,2006,117,22,0,139,0,139,158,54,212,212
9252,ury,Uruguay,2007,130,29,0,159,0,159,193,31,224,224
9253,ury,Uruguay,2008,133,33,0,166,0,166,194,52,246,246
9254,ury,Uruguay,2009,162,32,0,194,0,194,183,60,243,243
9255,ury,Uruguay,2010,181,33,0,214,0,214,185,49,234,234
9256,ury,Uruguay,2011,165,49,0,214,0,214,183,41,224,224
9257,ury,Uruguay,2012,170,40,0,210,0,210,168,33,201,201
9258,ury,Uruguay,2013,190,38,0,228,0,228,144,22,166,166
9259,ury,Uruguay,2014,254,51,0,305,0,305,119,42,161,161
9260,ury,Uruguay,2015,292,69,0,361,0,361,84,62,146,146
9261,ury,Uruguay,2016,299,352,0,651,0,651,23,103,126,126
9262,ury,Uruguay,2017,334,2089,0,2423,0,2423,12,174,186,186
9263,ury,Uruguay,2018,379,6404,11605,18388,0,18388,7,203,210,210
9264,ury,Uruguay,2019,498,13742,14362,28602,0,28602,15,311,326,326
9265,ury,Uruguay,2020,664,10631,14063,25358,0,25358,15,435,450,450
9266,ury,Uruguay,2021,877,13519,14995,29391,0,29391,45,648,693,693
9267,ury,Uruguay,2022,1115,16479,23023,40617,0,40617,82,578,660,660
9268,ury,Uruguay,2023,1285,24173,28628,54086,0,54086,93,818,911,911
9269,ury,Uruguay,2024,1322,30827,35951,68100,0,68100,131,989,1120,1120
9270,ury,Uruguay,2025,3195,27288,20833,51316,0,51316,126,536,662,662
9271,usa,United States,1951,350000,0,0,350000,0,350000,0,0,0,0
9272,usa,United States,1952,500000,0,0,500000,0,500000,0,0,0,0
9273,usa,United States,1953,500000,0,0,500000,0,500000,0,0,0,0
9274,usa,United States,1954,500000,0,0,500000,0,500000,0,0,0,0
9275,usa,United States,1955,500000,0,0,500000,0,500000,0,0,0,0
9276,usa,United States,1956,500000,0,0,500000,0,500000,0,0,0,0
9277,usa,United States,1957,500000,0,0,500000,0,500000,0,0,0,0
9278,usa,United States,1958,500000,0,0,500000,0,500000,0,0,0,0
9279,usa,United States,1959,500000,0,0,500000,0,500000,0,0,0,0
9280,usa,United States,1960,500000,0,0,500000,0,500000,0,0,0,0
9281,usa,United States,1961,500000,0,0,500000,0,500000,0,0,0,0
9282,usa,United States,1962,500000,0,0,500000,0,500000,0,0,0,0
9283,usa,United States,1963,500000,0,0,500000,0,500000,0,0,0,0
9284,usa,United States,1964,500000,0,0,500000,0,500000,0,0,0,0
9285,usa,United States,1965,510000,0,0,510000,0,510000,0,0,0,0
9286,usa,United States,1966,500000,0,0,500000,0,500000,0,0,0,0
9287,usa,United States,1967,480000,0,0,480000,0,480000,0,0,0,0
9288,usa,United States,1968,498000,0,0,498000,0,498000,0,0,0,0
9289,usa,United States,1969,500000,0,0,500000,0,500000,0,0,0,0
9290,usa,United States,1970,500000,0,0,500000,0,500000,0,0,0,0
9291,usa,United States,1971,530000,0,0,530000,0,530000,0,0,0,0
9292,usa,United States,1972,530000,0,0,530000,0,530000,0,0,0,0
9293,usa,United States,1973,530000,0,0,530000,0,530000,0,0,0,0
9294,usa,United States,1974,530000,0,0,530000,0,530000,0,0,0,0
9295,usa,United States,1975,530000,0,0,530000,0,530000,0,0,0,0
9296,usa,United States,1976,500000,0,0,500000,0,500000,0,0,0,0
9297,usa,United States,1977,684700,0,0,684700,0,684700,0,0,0,0
9298,usa,United States,1978,734000,0,0,734000,0,734000,0,0,0,0
9299,usa,United States,1979,734000,0,0,734000,0,734000,0,0,0,0
9300,usa,United States,1980,403684,0,0,403684,0,403684,0,0,0,0
9301,usa,United States,1981,537375,0,0,537375,0,537375,0,0,0,0
9302,usa,United States,1982,620257,0,0,620257,0,620257,0,0,0,0
9303,usa,United States,1983,655532,0,0,655532,0,655532,0,0,0,0
9304,usa,United States,1984,626909,0,0,626909,0,626909,0,0,0,0
9305,usa,United States,1985,492806,0,0,492806,0,492806,0,0,0,0
9306,usa,United States,1986,398633,0,0,398633,0,398633,0,0,0,0
9307,usa,United States,1987,365726,0,0,365726,0,365726,0,0,0,0
9308,usa,United States,1988,377769,0,0,377769,0,377769,0,0,0,0
9309,usa,United States,1989,411496,0,0,411496,0,411496,0,0,0,0
9310,usa,United States,1990,464887,0,0,464887,0,464887,0,0,0,0
9311,usa,United States,1991,513885,0,0,513885,0,513885,8,0,8,8
9312,usa,United States,1992,579938,0,0,579938,0,579938,8,0,8,8
9313,usa,United States,1993,623056,0,0,623056,0,623056,10,0,10,10
9314,usa,United States,1994,631046,0,0,631046,0,631046,364,0,364,364
9315,usa,United States,1995,623279,0,0,623279,0,623279,243,0,243,243
9316,usa,United States,1996,607005,0,0,607005,0,607005,141,0,141,141
9317,usa,United States,1997,563813,0,0,563813,0,563813,75,0,75,75
9318,usa,United States,1998,533951,0,0,533951,0,533951,50,0,50,50
9319,usa,United States,1999,521134,0,0,521134,0,521134,38,0,38,38
9320,usa,United States,2000,508209,386303,0,894512,0,894512,173,86,259,259
9321,usa,United States,2001,515851,395849,0,911700,0,911700,220,110,330,330
9322,usa,United States,2002,485173,395358,0,880531,0,880531,383,233,616,616
9323,usa,United States,2003,452536,350860,0,803396,0,803396,394,345,739,739
9324,usa,United States,2004,420788,263675,0,684463,0,684463,451,266,717,717
9325,usa,United States,2005,379330,169706,0,549036,0,549036,676,255,931,931
9326,usa,United States,2006,843434,124194,0,967628,0,967628,1353,390,1743,1743
9327,usa,United States,2007,281154,83855,0,365009,0,365009,2164,1100,3264,3264
9328,usa,United States,2008,279468,69188,0,348656,0,348656,2126,1740,3866,3866
9329,usa,United States,2009,275393,63758,0,339151,0,339151,2367,1443,3810,3810
9330,usa,United States,2010,264505,6276,0,270781,0,270781,3019,866,3885,3885
9331,usa,United States,2011,264752,11700,0,276452,0,276452,3775,591,4366,4366
9332,usa,United States,2012,262006,18946,0,280952,0,280952,4454,417,4871,4871
9333,usa,United States,2013,263653,84317,0,347970,0,347970,4755,283,5038,5038
9334,usa,United States,2014,267214,187815,0,455029,0,455029,4980,164,5144,5144
9335,usa,United States,2015,273198,286177,0,559375,0,559375,4824,245,5069,5069
9336,usa,United States,2016,272963,439864,0,712827,0,712827,302,286,588,588
9337,usa,United States,2017,287135,642719,0,929854,0,929854,310,2196,2506,2506
9338,usa,United States,2018,313242,718992,0,1032234,0,1032234,332,2834,3166,3166
9339,usa,United States,2019,341715,847608,0,1189323,0,1189323,297,2940,3237,3237
9340,usa,United States,2020,340846,997996,0,1338842,0,1338842,349,2491,2840,2840
9341,usa,United States,2021,339179,1303181,0,1642360,0,1642360,426,1662,2088,2088
9342,usa,United States,2022,363059,1798790,0,2161849,0,2161849,1327,2115,3442,3442
9343,usa,United States,2023,409202,2601468,0,3010670,0,3010670,1229,2051,3280,3280
9344,usa,United States,2024,435333,3184162,0,3619495,0,3619495,4004,2409,6413,6413
9345,usa,United States,2025,457647,3718945,0,4176592,0,4176592,3667,3779,7446,7446
9346,uzb,Uzbekistan,1993,8000,0,0,8000,0,8000,0,0,0,0
9347,uzb,Uzbekistan,1994,8000,0,0,8000,0,8000,29060,0,29060,29060
9348,uzb,Uzbekistan,1995,2623,0,0,2623,0,2623,142,0,142,142
9349,uzb,Uzbekistan,1996,2894,0,0,2894,0,2894,69745,0,69745,69745
9350,uzb,Uzbekistan,1997,3150,0,0,3150,0,3150,69068,0,69068,69068
9351,uzb,Uzbekistan,1998,1070,0,0,1070,0,1070,51722,0,51722,51722
9352,uzb,Uzbekistan,1999,1015,0,0,1015,0,1015,45527,0,45527,45527
9353,uzb,Uzbekistan,2000,38349,1243,0,39592,0,39592,3628,372,4000,4000
9354,uzb,Uzbekistan,2001,39579,1335,0,40914,0,40914,3454,662,4116,4116
9355,uzb,Uzbekistan,2002,44933,1075,0,46008,0,46008,6882,1532,8414,8414
9356,uzb,Uzbekistan,2003,44683,967,0,45650,0,45650,7394,1524,8918,8918
9357,uzb,Uzbekistan,2004,44452,475,0,44927,0,44927,7292,1332,8624,8624
9358,uzb,Uzbekistan,2005,43949,582,0,44531,0,44531,8322,1465,9787,9787
9359,uzb,Uzbekistan,2006,1415,0,0,1415,0,1415,9095,2151,11246,11246
9360,uzb,Uzbekistan,2007,1052,0,0,1052,0,1052,5658,1835,7493,7493
9361,uzb,Uzbekistan,2008,819,0,0,819,0,819,6297,1838,8135,8135
9362,uzb,Uzbekistan,2009,556,0,0,556,0,556,6662,1576,8238,8238
9363,uzb,Uzbekistan,2010,309,0,0,309,0,309,8841,1612,10453,10453
9364,uzb,Uzbekistan,2011,216,0,0,216,0,216,12667,1503,14170,14170
9365,uzb,Uzbekistan,2012,178,0,0,178,0,178,11593,1429,13022,13022
9366,uzb,Uzbekistan,2013,143,0,0,143,0,143,4953,1776,6729,6729
9367,uzb,Uzbekistan,2014,123,0,0,123,0,123,4790,1975,6765,6765
9368,uzb,Uzbekistan,2015,106,0,0,106,0,106,4197,2659,6856,6856
9369,uzb,Uzbekistan,2016,26,0,0,26,0,26,3824,3087,6911,6911
9370,uzb,Uzbekistan,2017,20,0,0,20,0,20,3405,3541,6946,6946
9371,uzb,Uzbekistan,2018,13,0,0,13,0,13,3276,4606,7882,7882
9372,uzb,Uzbekistan,2019,13,0,0,13,0,13,3217,5002,8219,8219
9373,uzb,Uzbekistan,2020,13,0,0,13,0,13,3112,5171,8283,8283
9374,uzb,Uzbekistan,2021,13032,0,0,13032,0,13032,3014,4946,7960,7960
9375,uzb,Uzbekistan,2022,13026,0,0,13026,0,13026,4347,8720,13067,13067
9376,uzb,Uzbekistan,2023,9405,0,0,9405,0,9405,4440,17459,21899,21899
9377,uzb,Uzbekistan,2024,8505,0,0,8505,0,8505,5152,22765,27917,27917
9378,uzb,Uzbekistan,2025,5,0,7700,7705,0,7705,5164,17404,22568,22568
9379,vct,St. Vincent and the Grenadines,1994,0,0,0,0,0,0,7,0,7,7
9380,vct,St. Vincent and the Grenadines,1995,0,0,0,0,0,0,7,0,7,7
9381,vct,St. Vincent and the Grenadines,1996,0,0,0,0,0,0,13,0,13,13
9382,vct,St. Vincent and the Grenadines,1997,0,0,0,0,0,0,13,0,13,13
9383,vct,St. Vincent and the Grenadines,1998,0,0,0,0,0,0,24,0,24,24
9384,vct,St. Vincent and the Grenadines,1999,0,0,0,0,0,0,36,0,36,36
9385,vct,St. Vincent and the Grenadines,2000,0,0,0,0,0,0,48,78,126,126
9386,vct,St. Vincent and the Grenadines,2001,0,0,0,0,0,0,67,174,241,241
9387,vct,St. Vincent and the Grenadines,2002,0,0,0,0,0,0,81,510,591,591
9388,vct,St. Vincent and the Grenadines,2003,0,0,0,0,0,0,105,419,524,524
9389,vct,St. Vincent and the Grenadines,2004,0,0,0,0,0,0,181,213,394,394
9390,vct,St. Vincent and the Grenadines,2005,0,0,0,0,0,0,279,353,632,632
9391,vct,St. Vincent and the Grenadines,2006,0,0,0,0,0,0,386,318,704,704
9392,vct,St. Vincent and the Grenadines,2007,0,0,0,0,0,0,644,504,1148,1148
9393,vct,St. Vincent and the Grenadines,2008,0,0,0,0,0,0,748,744,1492,1492
9394,vct,St. Vincent and the Grenadines,2009,0,0,0,0,0,0,847,1072,1919,1919
9395,vct,St. Vincent and the Grenadines,2010,0,0,0,0,0,0,946,1047,1993,1993
9396,vct,St. Vincent and the Grenadines,2011,0,0,0,0,0,0,1126,905,2031,2031
9397,vct,St. Vincent and the Grenadines,2012,0,0,0,0,0,0,1315,486,1801,1801
9398,vct,St. Vincent and the Grenadines,2013,0,0,0,0,0,0,1535,223,1758,1758
9399,vct,St. Vincent and the Grenadines,2014,0,0,0,0,0,0,1736,45,1781,1781
9400,vct,St. Vincent and the Grenadines,2015,0,0,0,0,0,0,1823,43,1866,1866
9401,vct,St. Vincent and the Grenadines,2016,0,0,0,0,0,0,1335,131,1466,1466
9402,vct,St. Vincent and the Grenadines,2017,0,0,0,0,0,0,1311,136,1447,1447
9403,vct,St. Vincent and the Grenadines,2018,0,0,0,0,0,0,1258,56,1314,1314
9404,vct,St. Vincent and the Grenadines,2019,0,0,38,38,0,38,979,77,1056,1056
9405,vct,St. Vincent and the Grenadines,2020,0,0,14,14,0,14,742,38,780,780
9406,vct,St. Vincent and the Grenadines,2021,0,0,5,5,0,5,467,85,552,552
9407,vct,St. Vincent and the Grenadines,2022,0,0,0,0,0,0,136,120,256,256
9408,vct,St. Vincent and the Grenadines,2023,0,0,0,0,0,0,157,165,322,322
9409,vct,St. Vincent and the Grenadines,2024,0,0,0,0,0,0,186,229,415,415
9410,vct,St. Vincent and the Grenadines,2025,0,0,0,0,0,0,194,129,323,323
9411,ven,Venezuela,1969,15000,0,0,15000,0,15000,0,0,0,0
9412,ven,Venezuela,1970,15000,0,0,15000,0,15000,0,0,0,0
9413,ven,Venezuela,1971,15000,0,0,15000,0,15000,0,0,0,0
9414,ven,Venezuela,1972,14700,0,0,14700,0,14700,0,0,0,0
9415,ven,Venezuela,1973,15400,0,0,15400,0,15400,0,0,0,0
9416,ven,Venezuela,1974,14350,0,0,14350,0,14350,0,0,0,0
9417,ven,Venezuela,1975,0,0,0,0,0,0,0,0,0,0
9418,ven,Venezuela,1976,0,0,0,0,0,0,0,0,0,0
9419,ven,Venezuela,1977,16000,0,0,16000,0,16000,0,0,0,0
9420,ven,Venezuela,1978,16000,0,0,16000,0,16000,0,0,0,0
9421,ven,Venezuela,1979,16000,0,0,16000,0,16000,0,0,0,0
9422,ven,Venezuela,1980,17800,0,0,17800,0,17800,0,0,0,0
9423,ven,Venezuela,1981,17000,0,0,17000,0,17000,0,0,0,0
9424,ven,Venezuela,1982,850,0,0,850,0,850,0,0,0,0
9425,ven,Venezuela,1983,1100,0,0,1100,0,1100,0,0,0,0
9426,ven,Venezuela,1984,1420,0,0,1420,0,1420,0,0,0,0
9427,ven,Venezuela,1985,1890,0,0,1890,0,1890,0,0,0,0
9428,ven,Venezuela,1986,1800,0,0,1800,0,1800,0,0,0,0
9429,ven,Venezuela,1987,1900,0,0,1900,0,1900,0,0,0,0
9430,ven,Venezuela,1988,2007,0,0,2007,0,2007,0,0,0,0
9431,ven,Venezuela,1989,2118,0,0,2118,0,2118,0,0,0,0
9432,ven,Venezuela,1990,1750,0,0,1750,0,1750,0,0,0,0
9433,ven,Venezuela,1991,1720,0,0,1720,0,1720,0,0,0,0
9434,ven,Venezuela,1992,1990,0,0,1990,0,1990,5,0,5,5
9435,ven,Venezuela,1993,2225,0,0,2225,0,2225,135,0,135,135
9436,ven,Venezuela,1994,2172,0,0,2172,0,2172,370,0,370,370
9437,ven,Venezuela,1995,1612,0,0,1612,0,1612,478,0,478,478
9438,ven,Venezuela,1996,1591,0,0,1591,0,1591,558,0,558,558
9439,ven,Venezuela,1997,290,0,0,290,0,290,606,0,606,606
9440,ven,Venezuela,1998,157,0,0,157,0,157,568,0,568,568
9441,ven,Venezuela,1999,186,0,0,186,0,186,554,0,554,554
9442,ven,Venezuela,2000,130,72,0,202,0,202,469,172,641,641
9443,ven,Venezuela,2001,62,303,0,365,0,365,464,334,798,798
9444,ven,Venezuela,2002,62,1008,0,1070,0,1070,525,779,1304,1304
9445,ven,Venezuela,2003,62,2282,0,2344,0,2344,598,2016,2614,2614
9446,ven,Venezuela,2004,245,3897,0,4142,0,4142,1251,2682,3933,3933
9447,ven,Venezuela,2005,409,5906,0,6315,0,6315,2581,2816,5397,5397
9448,ven,Venezuela,2006,716,7750,0,8466,0,8466,3821,2367,6188,6188
9449,ven,Venezuela,2007,200904,9588,0,210492,0,210492,5089,1751,6840,6840
9450,ven,Venezuela,2008,201160,11928,0,213088,0,213088,5801,1518,7319,7319
9451,ven,Venezuela,2009,201310,14357,0,215667,0,215667,6216,1571,7787,7787
9452,ven,Venezuela,2010,201544,15844,0,217388,0,217388,6697,626,7323,7323
9453,ven,Venezuela,2011,202013,17356,0,219369,0,219369,7575,570,8145,8145
9454,ven,Venezuela,2012,203635,900,0,204535,0,204535,8204,496,8700,8700
9455,ven,Venezuela,2013,204331,1057,0,205388,0,205388,8396,1154,9550,9550
9456,ven,Venezuela,2014,173591,410,0,174001,0,174001,8009,4822,12831,12831
9457,ven,Venezuela,2015,173745,217,0,173962,0,173962,7455,15087,22542,22542
9458,ven,Venezuela,2016,172047,900,0,172947,0,172947,7543,45074,52617,52617
9459,ven,Venezuela,2017,122804,904,0,123708,0,123708,9272,148096,157368,157368
9460,ven,Venezuela,2018,67283,142,0,67425,0,67425,21047,464223,3078217,3078217
9461,ven,Venezuela,2019,67749,49,0,67798,0,67798,93239,794491,4469932,4469932
9462,ven,Venezuela,2020,68089,284,0,68373,0,68373,171112,851265,4884479,4884479
9463,ven,Venezuela,2021,39328,516,0,39844,0,39844,199202,971106,5576740,5576740
9464,ven,Venezuela,2022,29341,1045,0,30386,0,30386,230393,1137162,6585011,6585011
9465,ven,Venezuela,2023,29336,1578,0,30914,0,30914,347695,1200130,7303188,7303188
9466,ven,Venezuela,2024,19333,1578,0,20911,0,20911,370169,1360041,7605569,7605569
9467,ven,Venezuela,2025,14333,1577,0,15910,0,15910,417010,1181156,7640872,7640872
9468,vnm,Vietnam,1964,0,0,0,0,0,0,10000,0,10000,10000
9469,vnm,Vietnam,1965,0,0,0,0,0,0,15000,0,15000,15000
9470,vnm,Vietnam,1966,0,0,0,0,0,0,17000,0,17000,17000
9471,vnm,Vietnam,1967,0,0,0,0,0,0,20000,0,20000,20000
9472,vnm,Vietnam,1968,0,0,0,0,0,0,22000,0,22000,22000
9473,vnm,Vietnam,1969,0,0,0,0,0,0,22000,0,22000,22000
9474,vnm,Vietnam,1970,0,0,0,0,0,0,20000,0,20000,20000
9475,vnm,Vietnam,1971,57000,0,0,57000,0,57000,0,0,0,0
9476,vnm,Vietnam,1972,55000,0,0,55000,0,55000,0,0,0,0
9477,vnm,Vietnam,1973,35000,0,0,35000,0,35000,0,0,0,0
9478,vnm,Vietnam,1974,0,0,0,0,0,0,0,0,0,0
9479,vnm,Vietnam,1975,0,0,0,0,0,0,2110,0,2110,2110
9480,vnm,Vietnam,1976,0,0,0,0,0,0,4000,0,4000,4000
9481,vnm,Vietnam,1977,60000,0,0,60000,0,60000,14380,0,14380,14380
9482,vnm,Vietnam,1978,150000,0,0,150000,0,150000,124210,0,124210,124210
9483,vnm,Vietnam,1979,35000,0,0,35000,0,35000,397290,0,397290,397290
9484,vnm,Vietnam,1980,33000,0,0,33000,0,33000,346928,0,346928,346928
9485,vnm,Vietnam,1981,30000,0,0,30000,0,30000,312548,0,312548,312548
9486,vnm,Vietnam,1982,25960,0,0,25960,0,25960,325343,0,325343,325343
9487,vnm,Vietnam,1983,21070,0,0,21070,0,21070,328399,0,328399,328399
9488,vnm,Vietnam,1984,21000,0,0,21000,0,21000,328095,0,328095,328095
9489,vnm,Vietnam,1985,25000,0,0,25000,0,25000,326617,0,326617,326617
9490,vnm,Vietnam,1986,27200,0,0,27200,0,27200,326668,0,326668,326668
9491,vnm,Vietnam,1987,25000,0,0,25000,0,25000,325717,0,325717,325717
9492,vnm,Vietnam,1988,27000,0,0,27000,0,27000,440379,0,440379,440379
9493,vnm,Vietnam,1989,23060,0,0,23060,0,23060,456936,0,456936,456936
9494,vnm,Vietnam,1990,21150,0,0,21150,0,21150,496029,0,496029,496029
9495,vnm,Vietnam,1991,20148,0,0,20148,0,20148,498323,0,498323,498323
9496,vnm,Vietnam,1992,16263,0,0,16263,0,16263,517111,0,517111,517111
9497,vnm,Vietnam,1993,5084,0,0,5084,0,5084,527625,0,527625,527625
9498,vnm,Vietnam,1994,5000,0,0,5000,0,5000,539095,0,539095,539095
9499,vnm,Vietnam,1995,34400,0,0,34400,0,34400,543536,0,543536,543536
9500,vnm,Vietnam,1996,34400,0,0,34400,0,34400,518335,0,518335,518335
9501,vnm,Vietnam,1997,15000,0,0,15000,0,15000,476795,0,476795,476795
9502,vnm,Vietnam,1998,15000,0,0,15000,0,15000,435437,0,435437,435437
9503,vnm,Vietnam,1999,15000,0,0,15000,0,15000,405378,0,405378,405378
9504,vnm,Vietnam,2000,15945,0,0,15945,0,15945,370753,1525,372278,372278
9505,vnm,Vietnam,2001,15945,0,0,15945,0,15945,353211,3471,356682,356682
9506,vnm,Vietnam,2002,15945,0,0,15945,0,15945,373732,2092,375824,375824
9507,vnm,Vietnam,2003,15360,0,0,15360,0,15360,363170,1247,364417,364417
9508,vnm,Vietnam,2004,2360,0,0,2360,0,2360,349793,1075,350868,350868
9509,vnm,Vietnam,2005,2357,0,0,2357,0,2357,358268,1699,359967,359967
9510,vnm,Vietnam,2006,2357,0,0,2357,0,2357,374278,1762,376040,376040
9511,vnm,Vietnam,2007,2357,0,0,2357,0,2357,327770,1775,329545,329545
9512,vnm,Vietnam,2008,2357,0,0,2357,0,2357,328175,1706,329881,329881
9513,vnm,Vietnam,2009,2357,0,0,2357,0,2357,339299,1191,340490,340490
9514,vnm,Vietnam,2010,1928,0,0,1928,0,1928,338707,1123,339830,339830
9515,vnm,Vietnam,2011,990,0,0,990,0,990,337828,1304,339132,339132
9516,vnm,Vietnam,2012,0,0,0,0,0,0,336936,1394,338330,338330
9517,vnm,Vietnam,2013,0,0,0,0,0,0,314109,1999,316108,316108
9518,vnm,Vietnam,2014,0,0,0,0,0,0,313420,3132,316552,316552
9519,vnm,Vietnam,2015,0,0,0,0,0,0,313152,4373,317525,317525
9520,vnm,Vietnam,2016,0,0,0,0,0,0,329341,4538,333879,333879
9521,vnm,Vietnam,2017,0,0,0,0,0,0,334064,7115,341179,341179
9522,vnm,Vietnam,2018,0,0,0,0,0,0,334464,5571,340035,340035
9523,vnm,Vietnam,2019,0,0,0,0,0,0,316441,8095,324536,324536
9524,vnm,Vietnam,2020,0,0,0,0,0,0,316728,9440,326168,326168
9525,vnm,Vietnam,2021,0,0,0,0,0,0,317737,10345,328082,328082
9526,vnm,Vietnam,2022,0,0,0,0,0,0,17507,10627,28134,28134
9527,vnm,Vietnam,2023,19,0,0,19,0,19,18339,13179,31518,31518
9528,vnm,Vietnam,2024,19,0,0,19,0,19,19961,22594,42555,42555
9529,vnm,Vietnam,2025,13,0,0,13,0,13,20636,19253,39889,39889
9530,vut,Vanuatu,2008,5,0,0,5,0,5,0,0,0,0
9531,vut,Vanuatu,2009,5,0,0,5,0,5,0,0,0,0
9532,vut,Vanuatu,2010,5,0,0,5,0,5,0,0,0,0
9533,vut,Vanuatu,2011,0,0,0,0,0,0,0,0,0,0
9534,vut,Vanuatu,2012,0,0,0,0,0,0,0,0,0,0
9535,vut,Vanuatu,2013,0,0,0,0,0,0,0,0,0,0
9536,vut,Vanuatu,2014,0,0,0,0,0,0,0,0,0,0
9537,vut,Vanuatu,2015,0,0,0,0,0,0,0,0,0,0
9538,vut,Vanuatu,2016,0,0,0,0,0,0,0,0,0,0
9539,vut,Vanuatu,2017,0,0,0,0,0,0,0,14,14,14
9540,vut,Vanuatu,2018,0,0,0,0,0,0,0,52,52,52
9541,vut,Vanuatu,2019,0,0,0,0,0,0,0,75,75,75
9542,vut,Vanuatu,2020,0,0,0,0,0,0,0,158,158,158
9543,vut,Vanuatu,2021,0,5,0,5,0,5,0,172,172,172
9544,vut,Vanuatu,2022,0,0,0,0,0,0,5,705,710,710
9545,vut,Vanuatu,2023,0,5,0,5,0,5,5,725,730,730
9546,vut,Vanuatu,2024,0,0,0,0,0,0,5,1151,1156,1156
9547,vut,Vanuatu,2025,0,7,0,7,0,7,13,961,974,974
9548,wsm,Samoa,2001,0,0,0,0,0,0,0,6,6,6
9549,wsm,Samoa,2002,0,0,0,0,0,0,0,5,5,5
9550,wsm,Samoa,2003,0,0,0,0,0,0,0,0,0,0
9551,wsm,Samoa,2004,0,0,0,0,0,0,0,0,0,0
9552,wsm,Samoa,2005,0,0,0,0,0,0,0,0,0,0
9553,wsm,Samoa,2006,0,0,0,0,0,0,0,0,0,0
9554,wsm,Samoa,2007,0,0,0,0,0,0,0,0,0,0
9555,wsm,Samoa,2008,0,0,0,0,0,0,5,0,5,5
9556,wsm,Samoa,2009,0,0,0,0,0,0,0,0,0,0
9557,wsm,Samoa,2010,0,0,0,0,0,0,0,0,0,0
9558,wsm,Samoa,2011,0,0,0,0,0,0,0,0,0,0
9559,wsm,Samoa,2012,0,0,0,0,0,0,0,11,11,11
9560,wsm,Samoa,2013,0,0,0,0,0,0,0,7,7,7
9561,wsm,Samoa,2014,0,0,0,0,0,0,0,7,7,7
9562,wsm,Samoa,2015,0,5,0,5,0,5,0,9,9,9
9563,wsm,Samoa,2016,5,0,0,5,0,5,0,10,10,10
9564,wsm,Samoa,2017,5,0,0,5,0,5,0,11,11,11
9565,wsm,Samoa,2018,5,0,0,5,0,5,0,42,42,42
9566,wsm,Samoa,2019,0,0,0,0,0,0,0,84,84,84
9567,wsm,Samoa,2020,0,0,0,0,0,0,0,133,133,133
9568,wsm,Samoa,2021,0,0,0,0,0,0,5,160,165,165
9569,wsm,Samoa,2022,0,0,0,0,0,0,8,395,403,403
9570,wsm,Samoa,2023,0,0,0,0,0,0,16,375,391,391
9571,wsm,Samoa,2024,0,0,0,0,0,0,8,484,492,492
9572,wsm,Samoa,2025,0,0,0,0,0,0,17,496,513,513
9573,yem,Yemen,1977,50,0,0,50,0,50,0,0,0,0
9574,yem,Yemen,1978,15050,0,0,15050,0,15050,15000,0,15000,15000
9575,yem,Yemen,1979,15360,0,0,15360,0,15360,15000,0,15000,15000
9576,yem,Yemen,1980,15550,0,0,15550,0,15550,15000,0,15000,15000
9577,yem,Yemen,1981,1030,0,0,1030,0,1030,0,0,0,0
9578,yem,Yemen,1982,1400,0,0,1400,0,1400,0,0,0,0
9579,yem,Yemen,1983,3680,0,0,3680,0,3680,0,0,0,0
9580,yem,Yemen,1984,4280,0,0,4280,0,4280,0,0,0,0
9581,yem,Yemen,1985,5000,0,0,5000,0,5000,0,0,0,0
9582,yem,Yemen,1986,105000,0,0,105000,0,105000,100000,0,100000,100000
9583,yem,Yemen,1987,73000,0,0,73000,0,73000,70000,0,70000,70000
9584,yem,Yemen,1988,78157,0,0,78157,0,78157,77000,0,77000,77000
9585,yem,Yemen,1989,80130,0,0,80130,0,80130,77000,0,77000,77000
9586,yem,Yemen,1990,2938,0,0,2938,0,2938,5,0,5,5
9587,yem,Yemen,1991,29977,0,0,29977,0,29977,74,0,74,74
9588,yem,Yemen,1992,59680,0,0,59680,0,59680,31,0,31,31
9589,yem,Yemen,1993,54450,0,0,54450,0,54450,37,0,37,37
9590,yem,Yemen,1994,48305,0,0,48305,0,48305,151,0,151,151
9591,yem,Yemen,1995,53453,0,0,53453,0,53453,366,0,366,366
9592,yem,Yemen,1996,53546,0,0,53546,0,53546,1154,0,1154,1154
9593,yem,Yemen,1997,40965,0,0,40965,0,40965,1721,0,1721,1721
9594,yem,Yemen,1998,61380,0,0,61380,0,61380,1928,0,1928,1928
9595,yem,Yemen,1999,60477,0,0,60477,0,60477,2021,0,2021,2021
9596,yem,Yemen,2000,60543,1406,0,61949,0,61949,2104,848,2952,2952
9597,yem,Yemen,2001,69462,2359,0,71821,0,71821,1976,743,2719,2719
9598,yem,Yemen,2002,82795,2091,0,84886,0,84886,1595,633,2228,2228
9599,yem,Yemen,2003,61876,616,0,62492,0,62492,1588,474,2062,2062
9600,yem,Yemen,2004,66379,1272,0,67651,0,67651,1599,338,1937,1937
9601,yem,Yemen,2005,81932,797,0,82729,0,82729,1322,411,1733,1733
9602,yem,Yemen,2006,95791,861,0,96652,0,96652,1364,351,1715,1715
9603,yem,Yemen,2007,117358,713,0,118071,77000,195071,1621,306,1927,78927
9604,yem,Yemen,2008,140166,826,0,140992,100000,240992,1764,464,2228,102228
9605,yem,Yemen,2009,170850,1356,0,172206,250000,422206,1927,602,2529,252529
9606,yem,Yemen,2010,190088,2547,0,192635,220994,413629,2070,614,2684,223678
9607,yem,Yemen,2011,214736,5870,0,220606,347295,567901,2321,1152,3473,350768
9608,yem,Yemen,2012,237176,6474,0,243650,385320,628970,2582,1581,4163,389483
9609,yem,Yemen,2013,241281,8190,0,249471,306614,556085,2413,1868,4281,310895
9610,yem,Yemen,2014,257637,8667,0,266304,334093,600397,2623,2716,5339,339432
9611,yem,Yemen,2015,267163,9857,0,277020,2532032,2809052,15901,10056,25957,2557989
9612,yem,Yemen,2016,269778,9088,0,278866,2025060,2303926,18427,15870,34297,2059357
9613,yem,Yemen,2017,270913,9763,0,280676,2014062,2294738,23555,24629,48184,2062246
9614,yem,Yemen,2018,264359,8805,0,273164,2144719,2417883,31145,35876,67021,2211740
9615,yem,Yemen,2019,268503,10669,0,279172,3625716,3904888,36522,34328,70850,3696566
9616,yem,Yemen,2020,166906,10693,0,177599,4002012,4179611,32433,34870,67303,4069315
9617,yem,Yemen,2021,89467,12593,0,102060,4288739,4390799,37615,35462,73077,4361816
9618,yem,Yemen,2022,77458,13225,0,90683,4523022,4613705,40147,33524,73671,4596693
9619,yem,Yemen,2023,55568,15259,0,70827,4516341,4587168,48044,33521,81565,4597906
9620,yem,Yemen,2024,46827,14094,0,60921,4795983,4856904,51384,32810,84194,4880177
9621,yem,Yemen,2025,49107,14642,0,63749,4795983,4859732,57327,25860,83187,4879170
9622,zaf,South Africa,1966,0,0,0,0,0,0,390,0,390,390
9623,zaf,South Africa,1967,0,0,0,0,0,0,450,0,450,450
9624,zaf,South Africa,1968,0,0,0,0,0,0,740,0,740,740
9625,zaf,South Africa,1969,0,0,0,0,0,0,290,0,290,290
9626,zaf,South Africa,1970,0,0,0,0,0,0,460,0,460,460
9627,zaf,South Africa,1971,0,0,0,0,0,0,850,0,850,850
9628,zaf,South Africa,1972,0,0,0,0,0,0,790,0,790,790
9629,zaf,South Africa,1973,0,0,0,0,0,0,940,0,940,940
9630,zaf,South Africa,1974,0,0,0,0,0,0,1380,0,1380,1380
9631,zaf,South Africa,1975,0,0,0,0,0,0,1360,0,1360,1360
9632,zaf,South Africa,1976,0,0,0,0,0,0,2180,0,2180,2180
9633,zaf,South Africa,1977,0,0,0,0,0,0,2395,0,2395,2395
9634,zaf,South Africa,1978,0,0,0,0,0,0,3840,0,3840,3840
9635,zaf,South Africa,1979,0,0,0,0,0,0,7280,0,7280,7280
9636,zaf,South Africa,1980,0,0,0,0,0,0,24250,0,24250,24250
9637,zaf,South Africa,1981,0,0,0,0,0,0,24900,0,24900,24900
9638,zaf,South Africa,1982,0,0,0,0,0,0,28430,0,28430,28430
9639,zaf,South Africa,1983,0,0,0,0,0,0,34520,0,34520,34520
9640,zaf,South Africa,1984,0,0,0,0,0,0,38560,0,38560,38560
9641,zaf,South Africa,1985,0,0,0,0,0,0,38110,0,38110,38110
9642,zaf,South Africa,1986,0,0,0,0,0,0,33220,0,33220,33220
9643,zaf,South Africa,1987,0,0,0,0,0,0,26150,0,26150,26150
9644,zaf,South Africa,1988,0,0,0,0,0,0,24906,0,24906,24906
9645,zaf,South Africa,1989,0,0,0,0,0,0,17135,0,17135,17135
9646,zaf,South Africa,1990,0,0,0,0,0,0,14781,0,14781,14781
9647,zaf,South Africa,1991,0,0,0,0,0,0,11205,0,11205,11205
9648,zaf,South Africa,1992,0,0,0,0,0,0,9241,0,9241,9241
9649,zaf,South Africa,1993,250000,0,0,250000,0,250000,9087,0,9087,9087
9650,zaf,South Africa,1994,91894,0,0,91894,0,91894,1514,0,1514,1514
9651,zaf,South Africa,1995,101408,0,0,101408,0,101408,492,0,492,492
9652,zaf,South Africa,1996,22645,0,0,22645,0,22645,286,0,286,286
9653,zaf,South Africa,1997,6816,0,0,6816,0,6816,241,0,241,241
9654,zaf,South Africa,1998,8387,0,0,8387,0,8387,184,0,184,184
9655,zaf,South Africa,1999,14539,0,0,14539,0,14539,190,0,190,190
9656,zaf,South Africa,2000,15058,15139,0,30197,0,30197,168,98,266,266
9657,zaf,South Africa,2001,18594,11413,0,30007,0,30007,131,178,309,309
9658,zaf,South Africa,2002,23336,52447,0,75783,0,75783,271,182,453,453
9659,zaf,South Africa,2003,26552,84089,0,110641,0,110641,284,274,558,558
9660,zaf,South Africa,2004,27675,115224,0,142899,0,142899,261,542,803,803
9661,zaf,South Africa,2005,29716,140095,0,169811,0,169811,259,153,412,412
9662,zaf,South Africa,2006,35086,131107,0,166193,0,166193,501,149,650,650
9663,zaf,South Africa,2007,36732,170864,0,207596,0,207596,474,108,582,582
9664,zaf,South Africa,2008,43542,227124,0,270666,0,270666,449,138,587,587
9665,zaf,South Africa,2009,47972,309794,0,357766,0,357766,380,162,542,542
9666,zaf,South Africa,2010,57899,171702,0,229601,0,229601,374,210,584,584
9667,zaf,South Africa,2011,57899,219341,0,277240,0,277240,422,200,622,622
9668,zaf,South Africa,2012,65225,230420,0,295645,0,295645,413,221,634,634
9669,zaf,South Africa,2013,65976,237231,0,303207,0,303207,424,352,776,776
9670,zaf,South Africa,2014,112182,463909,0,576091,0,576091,422,531,953,953
9671,zaf,South Africa,2015,121635,1096021,0,1217656,0,1217656,447,844,1291,1291
9672,zaf,South Africa,2016,91018,218275,0,309293,0,309293,452,1075,1527,1527
9673,zaf,South Africa,2017,88694,191333,0,280027,0,280027,461,1608,2069,2069
9674,zaf,South Africa,2018,89285,184193,0,273478,0,273478,482,2399,2881,2881
9675,zaf,South Africa,2019,78395,188235,0,266630,0,266630,441,2839,3280,3280
9676,zaf,South Africa,2020,76729,173461,0,250190,0,250190,474,3230,3704,3704
9677,zaf,South Africa,2021,75512,167411,0,242923,0,242923,643,3556,4199,4199
9678,zaf,South Africa,2022,66596,84316,0,150912,0,150912,784,3474,4258,4258
9679,zaf,South Africa,2023,67145,86911,0,154056,0,154056,919,4163,5082,5082
9680,zaf,South Africa,2024,71171,100313,0,171484,0,171484,1174,4907,6081,6081
9681,zaf,South Africa,2025,55177,82358,0,137535,0,137535,1319,2575,3894,3894
9682,zmb,Zambia,1965,5000,0,0,5000,0,5000,0,0,0,0
9683,zmb,Zambia,1966,6290,0,0,6290,0,6290,0,0,0,0
9684,zmb,Zambia,1967,10710,0,0,10710,0,10710,0,0,0,0
9685,zmb,Zambia,1968,13190,0,0,13190,0,13190,15000,0,15000,15000
9686,zmb,Zambia,1969,12640,0,0,12640,0,12640,13000,0,13000,13000
9687,zmb,Zambia,1970,16000,0,0,16000,0,16000,9000,0,9000,9000
9688,zmb,Zambia,1971,17000,0,0,17000,0,17000,750,0,750,750
9689,zmb,Zambia,1972,25000,0,0,25000,0,25000,750,0,750,750
9690,zmb,Zambia,1973,37310,0,0,37310,0,37310,750,0,750,750
9691,zmb,Zambia,1974,40430,0,0,40430,0,40430,4000,0,4000,4000
9692,zmb,Zambia,1975,36050,0,0,36050,0,36050,750,0,750,750
9693,zmb,Zambia,1976,34070,0,0,34070,0,34070,750,0,750,750
9694,zmb,Zambia,1977,64900,0,0,64900,0,64900,0,0,0,0
9695,zmb,Zambia,1978,79140,0,0,79140,0,79140,0,0,0,0
9696,zmb,Zambia,1979,57790,0,0,57790,0,57790,1000,0,1000,1000
9697,zmb,Zambia,1980,36410,0,0,36410,0,36410,1210,0,1210,1210
9698,zmb,Zambia,1981,40560,0,0,40560,0,40560,1200,0,1200,1200
9699,zmb,Zambia,1982,89110,0,0,89110,0,89110,1200,0,1200,1200
9700,zmb,Zambia,1983,103000,0,0,103000,0,103000,1200,0,1200,1200
9701,zmb,Zambia,1984,96480,0,0,96480,0,96480,0,0,0,0
9702,zmb,Zambia,1985,103780,0,0,103780,0,103780,0,0,0,0
9703,zmb,Zambia,1986,138270,0,0,138270,0,138270,0,0,0,0
9704,zmb,Zambia,1987,144100,0,0,144100,0,144100,0,0,0,0
9705,zmb,Zambia,1988,143568,0,0,143568,0,143568,0,0,0,0
9706,zmb,Zambia,1989,137180,0,0,137180,0,137180,0,0,0,0
9707,zmb,Zambia,1990,138049,0,0,138049,0,138049,0,0,0,0
9708,zmb,Zambia,1991,140676,0,0,140676,0,140676,0,0,0,0
9709,zmb,Zambia,1992,142104,0,0,142104,0,142104,1990,0,1990,1990
9710,zmb,Zambia,1993,141126,0,0,141126,0,141126,1573,0,1573,1573
9711,zmb,Zambia,1994,141126,0,0,141126,0,141126,15,0,15,15
9712,zmb,Zambia,1995,129965,0,0,129965,0,129965,22,0,22,22
9713,zmb,Zambia,1996,131139,0,0,131139,0,131139,39,0,39,39
9714,zmb,Zambia,1997,165072,0,0,165072,0,165072,62,0,62,62
9715,zmb,Zambia,1998,168564,0,0,168564,0,168564,75,0,75,75
9716,zmb,Zambia,1999,206386,0,0,206386,0,206386,86,0,86,86
9717,zmb,Zambia,2000,250940,261,0,251201,0,251201,91,117,208,208
9718,zmb,Zambia,2001,284173,500,0,284673,0,284673,55,103,158,158
9719,zmb,Zambia,2002,246765,945,0,247710,0,247710,84,172,256,256
9720,zmb,Zambia,2003,226697,180,0,226877,0,226877,95,260,355,355
9721,zmb,Zambia,2004,173907,86,0,173993,0,173993,119,373,492,492
9722,zmb,Zambia,2005,155718,146,0,155864,0,155864,146,478,624,624
9723,zmb,Zambia,2006,120253,215,0,120468,0,120468,199,65,264,264
9724,zmb,Zambia,2007,112931,25,0,112956,0,112956,192,492,684,684
9725,zmb,Zambia,2008,83484,56,0,83540,0,83540,191,490,681,681
9726,zmb,Zambia,2009,56786,76,0,56862,0,56862,201,46,247,247
9727,zmb,Zambia,2010,47853,324,0,48177,0,48177,221,42,263,263
9728,zmb,Zambia,2011,45627,1018,0,46645,0,46645,234,182,416,416
9729,zmb,Zambia,2012,25647,1190,0,26837,0,26837,240,244,484,484
9730,zmb,Zambia,2013,23584,2217,0,25801,0,25801,230,294,524,524
9731,zmb,Zambia,2014,25566,2174,0,27740,0,27740,309,293,602,602
9732,zmb,Zambia,2015,26434,2408,0,28842,0,28842,334,427,761,761
9733,zmb,Zambia,2016,29338,3318,0,32656,0,32656,256,294,550,550
9734,zmb,Zambia,2017,41266,4675,0,45941,0,45941,260,164,424,424
9735,zmb,Zambia,2018,49877,3300,0,53177,0,53177,266,254,520,520
9736,zmb,Zambia,2019,57518,5067,0,62585,0,62585,259,459,718,718
9737,zmb,Zambia,2020,66070,4293,0,70363,0,70363,252,475,727,727
9738,zmb,Zambia,2021,75154,4394,0,79548,0,79548,255,489,744,744
9739,zmb,Zambia,2022,61159,2774,0,63933,0,63933,296,471,767,767
9740,zmb,Zambia,2023,72411,5549,0,77960,0,77960,324,628,952,952
9741,zmb,Zambia,2024,79275,9643,0,88918,0,88918,337,983,1320,1320
9742,zmb,Zambia,2025,83225,12906,0,96131,0,96131,346,546,892,892
9743,zwe,Zimbabwe,1975,0,0,0,0,0,0,14720,0,14720,14720
9744,zwe,Zimbabwe,1976,0,0,0,0,0,0,31220,0,31220,31220
9745,zwe,Zimbabwe,1977,0,0,0,0,0,0,76520,0,76520,76520
9746,zwe,Zimbabwe,1978,0,0,0,0,0,0,163160,0,163160,163160
9747,zwe,Zimbabwe,1979,0,0,0,0,0,0,197640,0,197640,197640
9748,zwe,Zimbabwe,1980,50,0,0,50,0,50,160,0,160,160
9749,zwe,Zimbabwe,1981,5100,0,0,5100,0,5100,190,0,190,190
9750,zwe,Zimbabwe,1982,20200,0,0,20200,0,20200,0,0,0,0
9751,zwe,Zimbabwe,1983,50390,0,0,50390,0,50390,3200,0,3200,3200
9752,zwe,Zimbabwe,1984,50500,0,0,50500,0,50500,3760,0,3760,3760
9753,zwe,Zimbabwe,1985,62800,0,0,62800,0,62800,4250,0,4250,4250
9754,zwe,Zimbabwe,1986,65180,0,0,65180,0,65180,3230,0,3230,3230
9755,zwe,Zimbabwe,1987,123610,0,0,123610,0,123610,3830,0,3830,3830
9756,zwe,Zimbabwe,1988,174483,0,0,174483,0,174483,629,0,629,629
9757,zwe,Zimbabwe,1989,175350,0,0,175350,0,175350,5,0,5,5
9758,zwe,Zimbabwe,1990,190950,0,0,190950,0,190950,5,0,5,5
9759,zwe,Zimbabwe,1991,197627,0,0,197627,0,197627,128,0,128,128
9760,zwe,Zimbabwe,1992,237713,0,0,237713,0,237713,8,0,8,8
9761,zwe,Zimbabwe,1993,100476,0,0,100476,0,100476,14,0,14,14
9762,zwe,Zimbabwe,1994,2194,0,0,2194,0,2194,38,0,38,38
9763,zwe,Zimbabwe,1995,515,0,0,515,0,515,37,0,37,37
9764,zwe,Zimbabwe,1996,594,0,0,594,0,594,36,0,36,36
9765,zwe,Zimbabwe,1997,800,0,0,800,0,800,37,0,37,37
9766,zwe,Zimbabwe,1998,1656,0,0,1656,0,1656,40,0,40,40
9767,zwe,Zimbabwe,1999,2071,0,0,2071,0,2071,40,0,40,40
9768,zwe,Zimbabwe,2000,4127,62,0,4189,0,4189,109,204,313,313
9769,zwe,Zimbabwe,2001,8708,766,0,9474,0,9474,257,2694,2951,2951
9770,zwe,Zimbabwe,2002,9433,540,0,9973,0,9973,4024,1158,5182,5182
9771,zwe,Zimbabwe,2003,12721,553,0,13274,0,13274,7154,3471,10625,10625
9772,zwe,Zimbabwe,2004,6875,0,0,6875,0,6875,9557,9398,18955,18955
9773,zwe,Zimbabwe,2005,13850,118,0,13968,0,13968,11246,17330,28576,28576
9774,zwe,Zimbabwe,2006,3519,296,0,3815,0,3815,12774,1207,13981,13981
9775,zwe,Zimbabwe,2007,3984,546,0,4530,0,4530,14366,34318,48684,48684
9776,zwe,Zimbabwe,2008,3465,525,0,3990,0,3990,16824,34776,51600,51600
9777,zwe,Zimbabwe,2009,3991,629,0,4620,0,4620,22441,1394,23835,23835
9778,zwe,Zimbabwe,2010,4432,414,0,4846,0,4846,24080,1001,25081,25081
9779,zwe,Zimbabwe,2011,4559,774,0,5333,54278,59611,25033,36685,61718,115996
9780,zwe,Zimbabwe,2012,4354,432,0,4786,57926,62712,22082,41723,63805,121731
9781,zwe,Zimbabwe,2013,6387,479,0,6866,60139,67005,19719,41822,61541,121680
9782,zwe,Zimbabwe,2014,6076,642,0,6718,0,6718,22478,42419,64897,64897
9783,zwe,Zimbabwe,2015,6943,257,0,7200,0,7200,21332,57376,78708,78708
9784,zwe,Zimbabwe,2016,7423,948,0,8371,0,8371,18141,43191,61332,61332
9785,zwe,Zimbabwe,2017,7566,8392,0,15958,0,15958,17420,21760,39180,39180
9786,zwe,Zimbabwe,2018,7795,10207,0,18002,0,18002,15618,17121,32739,32739
9787,zwe,Zimbabwe,2019,8956,11532,0,20488,270000,290488,10045,16177,26222,296222
9788,zwe,Zimbabwe,2020,9261,11929,0,21190,0,21190,8575,14614,23189,23189
9789,zwe,Zimbabwe,2021,9483,11951,0,21434,0,21434,8115,13513,21628,21628
9790,zwe,Zimbabwe,2022,10475,11670,0,22145,0,22145,7017,7478,14495,14495
9791,zwe,Zimbabwe,2023,10114,12451,0,22565,0,22565,7460,9125,16585,16585
9792,zwe,Zimbabwe,2024,9240,13192,0,22432,0,22432,8002,10349,18351,18351
9793,zwe,Zimbabwe,2025,8570,9495,0,18065,0,18065,6632,6373,13005,13005
