,geo,name,time,Female Head of State
0,afg,Afghanistan,1953,Never had a female head of state
1,afg,Afghanistan,1954,Never had a female head of state
2,afg,Afghanistan,1955,Never had a female head of state
3,afg,Afghanistan,1956,Never had a female head of state
4,afg,Afghanistan,1957,Never had a female head of state
5,afg,Afghanistan,1958,Never had a female head of state
6,afg,Afghanistan,1959,Never had a female head of state
7,afg,Afghanistan,1960,Never had a female head of state
8,afg,Afghanistan,1961,Never had a female head of state
9,afg,Afghanistan,1962,Never had a female head of state
10,afg,Afghanistan,1963,Never had a female head of state
11,afg,Afghanistan,1964,Never had a female head of state
12,afg,Afghanistan,1965,Never had a female head of state
13,afg,Afghanistan,1966,Never had a female head of state
14,afg,Afghanistan,1967,Never had a female head of state
15,afg,Afghanistan,1968,Never had a female head of state
16,afg,Afghanistan,1969,Never had a female head of state
17,afg,Afghanistan,1970,Never had a female head of state
18,afg,Afghanistan,1971,Never had a female head of state
19,afg,Afghanistan,1972,Never had a female head of state
20,afg,Afghanistan,1973,Never had a female head of state
21,afg,Afghanistan,1974,Never had a female head of state
22,afg,Afghanistan,1975,Never had a female head of state
23,afg,Afghanistan,1976,Never had a female head of state
24,afg,Afghanistan,1977,Never had a female head of state
25,afg,Afghanistan,1978,Never had a female head of state
26,afg,Afghanistan,1979,Never had a female head of state
27,afg,Afghanistan,1980,Never had a female head of state
28,afg,Afghanistan,1981,Never had a female head of state
29,afg,Afghanistan,1982,Never had a female head of state
30,afg,Afghanistan,1983,Never had a female head of state
31,afg,Afghanistan,1984,Never had a female head of state
32,afg,Afghanistan,1985,Never had a female head of state
33,afg,Afghanistan,1986,Never had a female head of state
34,afg,Afghanistan,1987,Never had a female head of state
35,afg,Afghanistan,1988,Never had a female head of state
36,afg,Afghanistan,1989,Never had a female head of state
37,afg,Afghanistan,1990,Never had a female head of state
38,afg,Afghanistan,1991,Never had a female head of state
39,afg,Afghanistan,1992,Never had a female head of state
40,afg,Afghanistan,1993,Never had a female head of state
41,afg,Afghanistan,1994,Never had a female head of state
42,afg,Afghanistan,1995,Never had a female head of state
43,afg,Afghanistan,1996,Never had a female head of state
44,afg,Afghanistan,1997,Never had a female head of state
45,afg,Afghanistan,1998,Never had a female head of state
46,afg,Afghanistan,1999,Never had a female head of state
47,afg,Afghanistan,2000,Never had a female head of state
48,afg,Afghanistan,2001,Never had a female head of state
49,afg,Afghanistan,2002,Never had a female head of state
50,afg,Afghanistan,2003,Never had a female head of state
51,afg,Afghanistan,2004,Never had a female head of state
52,afg,Afghanistan,2005,Never had a female head of state
53,afg,Afghanistan,2006,Never had a female head of state
54,afg,Afghanistan,2007,Never had a female head of state
55,afg,Afghanistan,2008,Never had a female head of state
56,afg,Afghanistan,2009,Never had a female head of state
57,afg,Afghanistan,2010,Never had a female head of state
58,afg,Afghanistan,2011,Never had a female head of state
59,afg,Afghanistan,2012,Never had a female head of state
60,afg,Afghanistan,2013,Never had a female head of state
61,afg,Afghanistan,2014,Never had a female head of state
62,afg,Afghanistan,2015,Never had a female head of state
63,afg,Afghanistan,2016,Never had a female head of state
64,afg,Afghanistan,2017,Never had a female head of state
65,afg,Afghanistan,2018,Never had a female head of state
66,afg,Afghanistan,2019,Never had a female head of state
67,afg,Afghanistan,2020,Never had a female head of state
68,afg,Afghanistan,2021,Never had a female head of state
69,afg,Afghanistan,2022,Never had a female head of state
70,afg,Afghanistan,2023,Never had a female head of state
71,afg,Afghanistan,2024,Never had a female head of state
72,afg,Afghanistan,2025,Never had a female head of state
73,alb,Albania,1953,Never had a female head of state
74,alb,Albania,1954,Never had a female head of state
75,alb,Albania,1955,Never had a female head of state
76,alb,Albania,1956,Never had a female head of state
77,alb,Albania,1957,Never had a female head of state
78,alb,Albania,1958,Never had a female head of state
79,alb,Albania,1959,Never had a female head of state
80,alb,Albania,1960,Never had a female head of state
81,alb,Albania,1961,Never had a female head of state
82,alb,Albania,1962,Never had a female head of state
83,alb,Albania,1963,Never had a female head of state
84,alb,Albania,1964,Never had a female head of state
85,alb,Albania,1965,Never had a female head of state
86,alb,Albania,1966,Never had a female head of state
87,alb,Albania,1967,Never had a female head of state
88,alb,Albania,1968,Never had a female head of state
89,alb,Albania,1969,Never had a female head of state
90,alb,Albania,1970,Never had a female head of state
91,alb,Albania,1971,Never had a female head of state
92,alb,Albania,1972,Never had a female head of state
93,alb,Albania,1973,Never had a female head of state
94,alb,Albania,1974,Never had a female head of state
95,alb,Albania,1975,Never had a female head of state
96,alb,Albania,1976,Never had a female head of state
97,alb,Albania,1977,Never had a female head of state
98,alb,Albania,1978,Never had a female head of state
99,alb,Albania,1979,Never had a female head of state
100,alb,Albania,1980,Never had a female head of state
101,alb,Albania,1981,Never had a female head of state
102,alb,Albania,1982,Never had a female head of state
103,alb,Albania,1983,Never had a female head of state
104,alb,Albania,1984,Never had a female head of state
105,alb,Albania,1985,Never had a female head of state
106,alb,Albania,1986,Never had a female head of state
107,alb,Albania,1987,Never had a female head of state
108,alb,Albania,1988,Never had a female head of state
109,alb,Albania,1989,Never had a female head of state
110,alb,Albania,1990,Never had a female head of state
111,alb,Albania,1991,Never had a female head of state
112,alb,Albania,1992,Never had a female head of state
113,alb,Albania,1993,Never had a female head of state
114,alb,Albania,1994,Never had a female head of state
115,alb,Albania,1995,Never had a female head of state
116,alb,Albania,1996,Never had a female head of state
117,alb,Albania,1997,Never had a female head of state
118,alb,Albania,1998,Never had a female head of state
119,alb,Albania,1999,Never had a female head of state
120,alb,Albania,2000,Never had a female head of state
121,alb,Albania,2001,Never had a female head of state
122,alb,Albania,2002,Never had a female head of state
123,alb,Albania,2003,Never had a female head of state
124,alb,Albania,2004,Never had a female head of state
125,alb,Albania,2005,Never had a female head of state
126,alb,Albania,2006,Never had a female head of state
127,alb,Albania,2007,Never had a female head of state
128,alb,Albania,2008,Never had a female head of state
129,alb,Albania,2009,Never had a female head of state
130,alb,Albania,2010,Never had a female head of state
131,alb,Albania,2011,Never had a female head of state
132,alb,Albania,2012,Never had a female head of state
133,alb,Albania,2013,Never had a female head of state
134,alb,Albania,2014,Never had a female head of state
135,alb,Albania,2015,Never had a female head of state
136,alb,Albania,2016,Never had a female head of state
137,alb,Albania,2017,Never had a female head of state
138,alb,Albania,2018,Never had a female head of state
139,alb,Albania,2019,Never had a female head of state
140,alb,Albania,2020,Never had a female head of state
141,alb,Albania,2021,Never had a female head of state
142,alb,Albania,2022,Never had a female head of state
143,alb,Albania,2023,Never had a female head of state
144,alb,Albania,2024,Never had a female head of state
145,alb,Albania,2025,Never had a female head of state
146,dza,Algeria,1953,Never had a female head of state
147,dza,Algeria,1954,Never had a female head of state
148,dza,Algeria,1955,Never had a female head of state
149,dza,Algeria,1956,Never had a female head of state
150,dza,Algeria,1957,Never had a female head of state
151,dza,Algeria,1958,Never had a female head of state
152,dza,Algeria,1959,Never had a female head of state
153,dza,Algeria,1960,Never had a female head of state
154,dza,Algeria,1961,Never had a female head of state
155,dza,Algeria,1962,Never had a female head of state
156,dza,Algeria,1963,Never had a female head of state
157,dza,Algeria,1964,Never had a female head of state
158,dza,Algeria,1965,Never had a female head of state
159,dza,Algeria,1966,Never had a female head of state
160,dza,Algeria,1967,Never had a female head of state
161,dza,Algeria,1968,Never had a female head of state
162,dza,Algeria,1969,Never had a female head of state
163,dza,Algeria,1970,Never had a female head of state
164,dza,Algeria,1971,Never had a female head of state
165,dza,Algeria,1972,Never had a female head of state
166,dza,Algeria,1973,Never had a female head of state
167,dza,Algeria,1974,Never had a female head of state
168,dza,Algeria,1975,Never had a female head of state
169,dza,Algeria,1976,Never had a female head of state
170,dza,Algeria,1977,Never had a female head of state
171,dza,Algeria,1978,Never had a female head of state
172,dza,Algeria,1979,Never had a female head of state
173,dza,Algeria,1980,Never had a female head of state
174,dza,Algeria,1981,Never had a female head of state
175,dza,Algeria,1982,Never had a female head of state
176,dza,Algeria,1983,Never had a female head of state
177,dza,Algeria,1984,Never had a female head of state
178,dza,Algeria,1985,Never had a female head of state
179,dza,Algeria,1986,Never had a female head of state
180,dza,Algeria,1987,Never had a female head of state
181,dza,Algeria,1988,Never had a female head of state
182,dza,Algeria,1989,Never had a female head of state
183,dza,Algeria,1990,Never had a female head of state
184,dza,Algeria,1991,Never had a female head of state
185,dza,Algeria,1992,Never had a female head of state
186,dza,Algeria,1993,Never had a female head of state
187,dza,Algeria,1994,Never had a female head of state
188,dza,Algeria,1995,Never had a female head of state
189,dza,Algeria,1996,Never had a female head of state
190,dza,Algeria,1997,Never had a female head of state
191,dza,Algeria,1998,Never had a female head of state
192,dza,Algeria,1999,Never had a female head of state
193,dza,Algeria,2000,Never had a female head of state
194,dza,Algeria,2001,Never had a female head of state
195,dza,Algeria,2002,Never had a female head of state
196,dza,Algeria,2003,Never had a female head of state
197,dza,Algeria,2004,Never had a female head of state
198,dza,Algeria,2005,Never had a female head of state
199,dza,Algeria,2006,Never had a female head of state
200,dza,Algeria,2007,Never had a female head of state
201,dza,Algeria,2008,Never had a female head of state
202,dza,Algeria,2009,Never had a female head of state
203,dza,Algeria,2010,Never had a female head of state
204,dza,Algeria,2011,Never had a female head of state
205,dza,Algeria,2012,Never had a female head of state
206,dza,Algeria,2013,Never had a female head of state
207,dza,Algeria,2014,Never had a female head of state
208,dza,Algeria,2015,Never had a female head of state
209,dza,Algeria,2016,Never had a female head of state
210,dza,Algeria,2017,Never had a female head of state
211,dza,Algeria,2018,Never had a female head of state
212,dza,Algeria,2019,Never had a female head of state
213,dza,Algeria,2020,Never had a female head of state
214,dza,Algeria,2021,Never had a female head of state
215,dza,Algeria,2022,Never had a female head of state
216,dza,Algeria,2023,Never had a female head of state
217,dza,Algeria,2024,Never had a female head of state
218,dza,Algeria,2025,Never had a female head of state
219,and,Andorra,1953,Never had a female head of state
220,and,Andorra,1954,Never had a female head of state
221,and,Andorra,1955,Never had a female head of state
222,and,Andorra,1956,Never had a female head of state
223,and,Andorra,1957,Never had a female head of state
224,and,Andorra,1958,Never had a female head of state
225,and,Andorra,1959,Never had a female head of state
226,and,Andorra,1960,Never had a female head of state
227,and,Andorra,1961,Never had a female head of state
228,and,Andorra,1962,Never had a female head of state
229,and,Andorra,1963,Never had a female head of state
230,and,Andorra,1964,Never had a female head of state
231,and,Andorra,1965,Never had a female head of state
232,and,Andorra,1966,Never had a female head of state
233,and,Andorra,1967,Never had a female head of state
234,and,Andorra,1968,Never had a female head of state
235,and,Andorra,1969,Never had a female head of state
236,and,Andorra,1970,Never had a female head of state
237,and,Andorra,1971,Never had a female head of state
238,and,Andorra,1972,Never had a female head of state
239,and,Andorra,1973,Never had a female head of state
240,and,Andorra,1974,Never had a female head of state
241,and,Andorra,1975,Never had a female head of state
242,and,Andorra,1976,Never had a female head of state
243,and,Andorra,1977,Never had a female head of state
244,and,Andorra,1978,Never had a female head of state
245,and,Andorra,1979,Never had a female head of state
246,and,Andorra,1980,Never had a female head of state
247,and,Andorra,1981,Never had a female head of state
248,and,Andorra,1982,Never had a female head of state
249,and,Andorra,1983,Never had a female head of state
250,and,Andorra,1984,Never had a female head of state
251,and,Andorra,1985,Never had a female head of state
252,and,Andorra,1986,Never had a female head of state
253,and,Andorra,1987,Never had a female head of state
254,and,Andorra,1988,Never had a female head of state
255,and,Andorra,1989,Never had a female head of state
256,and,Andorra,1990,Never had a female head of state
257,and,Andorra,1991,Never had a female head of state
258,and,Andorra,1992,Never had a female head of state
259,and,Andorra,1993,Never had a female head of state
260,and,Andorra,1994,Never had a female head of state
261,and,Andorra,1995,Never had a female head of state
262,and,Andorra,1996,Never had a female head of state
263,and,Andorra,1997,Never had a female head of state
264,and,Andorra,1998,Never had a female head of state
265,and,Andorra,1999,Never had a female head of state
266,and,Andorra,2000,Never had a female head of state
267,and,Andorra,2001,Never had a female head of state
268,and,Andorra,2002,Never had a female head of state
269,and,Andorra,2003,Never had a female head of state
270,and,Andorra,2004,Never had a female head of state
271,and,Andorra,2005,Never had a female head of state
272,and,Andorra,2006,Never had a female head of state
273,and,Andorra,2007,Never had a female head of state
274,and,Andorra,2008,Never had a female head of state
275,and,Andorra,2009,Never had a female head of state
276,and,Andorra,2010,Never had a female head of state
277,and,Andorra,2011,Never had a female head of state
278,and,Andorra,2012,Never had a female head of state
279,and,Andorra,2013,Never had a female head of state
280,and,Andorra,2014,Never had a female head of state
281,and,Andorra,2015,Never had a female head of state
282,and,Andorra,2016,Never had a female head of state
283,and,Andorra,2017,Never had a female head of state
284,and,Andorra,2018,Never had a female head of state
285,and,Andorra,2019,Never had a female head of state
286,and,Andorra,2020,Never had a female head of state
287,and,Andorra,2021,Never had a female head of state
288,and,Andorra,2022,Never had a female head of state
289,and,Andorra,2023,Never had a female head of state
290,and,Andorra,2024,Never had a female head of state
291,and,Andorra,2025,Never had a female head of state
292,ago,Angola,1953,Never had a female head of state
293,ago,Angola,1954,Never had a female head of state
294,ago,Angola,1955,Never had a female head of state
295,ago,Angola,1956,Never had a female head of state
296,ago,Angola,1957,Never had a female head of state
297,ago,Angola,1958,Never had a female head of state
298,ago,Angola,1959,Never had a female head of state
299,ago,Angola,1960,Never had a female head of state
300,ago,Angola,1961,Never had a female head of state
301,ago,Angola,1962,Never had a female head of state
302,ago,Angola,1963,Never had a female head of state
303,ago,Angola,1964,Never had a female head of state
304,ago,Angola,1965,Never had a female head of state
305,ago,Angola,1966,Never had a female head of state
306,ago,Angola,1967,Never had a female head of state
307,ago,Angola,1968,Never had a female head of state
308,ago,Angola,1969,Never had a female head of state
309,ago,Angola,1970,Never had a female head of state
310,ago,Angola,1971,Never had a female head of state
311,ago,Angola,1972,Never had a female head of state
312,ago,Angola,1973,Never had a female head of state
313,ago,Angola,1974,Never had a female head of state
314,ago,Angola,1975,Never had a female head of state
315,ago,Angola,1976,Never had a female head of state
316,ago,Angola,1977,Never had a female head of state
317,ago,Angola,1978,Never had a female head of state
318,ago,Angola,1979,Never had a female head of state
319,ago,Angola,1980,Never had a female head of state
320,ago,Angola,1981,Never had a female head of state
321,ago,Angola,1982,Never had a female head of state
322,ago,Angola,1983,Never had a female head of state
323,ago,Angola,1984,Never had a female head of state
324,ago,Angola,1985,Never had a female head of state
325,ago,Angola,1986,Never had a female head of state
326,ago,Angola,1987,Never had a female head of state
327,ago,Angola,1988,Never had a female head of state
328,ago,Angola,1989,Never had a female head of state
329,ago,Angola,1990,Never had a female head of state
330,ago,Angola,1991,Never had a female head of state
331,ago,Angola,1992,Never had a female head of state
332,ago,Angola,1993,Never had a female head of state
333,ago,Angola,1994,Never had a female head of state
334,ago,Angola,1995,Never had a female head of state
335,ago,Angola,1996,Never had a female head of state
336,ago,Angola,1997,Never had a female head of state
337,ago,Angola,1998,Never had a female head of state
338,ago,Angola,1999,Never had a female head of state
339,ago,Angola,2000,Never had a female head of state
340,ago,Angola,2001,Never had a female head of state
341,ago,Angola,2002,Never had a female head of state
342,ago,Angola,2003,Never had a female head of state
343,ago,Angola,2004,Never had a female head of state
344,ago,Angola,2005,Never had a female head of state
345,ago,Angola,2006,Never had a female head of state
346,ago,Angola,2007,Never had a female head of state
347,ago,Angola,2008,Never had a female head of state
348,ago,Angola,2009,Never had a female head of state
349,ago,Angola,2010,Never had a female head of state
350,ago,Angola,2011,Never had a female head of state
351,ago,Angola,2012,Never had a female head of state
352,ago,Angola,2013,Never had a female head of state
353,ago,Angola,2014,Never had a female head of state
354,ago,Angola,2015,Never had a female head of state
355,ago,Angola,2016,Never had a female head of state
356,ago,Angola,2017,Never had a female head of state
357,ago,Angola,2018,Never had a female head of state
358,ago,Angola,2019,Never had a female head of state
359,ago,Angola,2020,Never had a female head of state
360,ago,Angola,2021,Never had a female head of state
361,ago,Angola,2022,Never had a female head of state
362,ago,Angola,2023,Never had a female head of state
363,ago,Angola,2024,Never had a female head of state
364,ago,Angola,2025,Never had a female head of state
365,atg,Antigua and Barbuda,1953,Never had a female head of state
366,atg,Antigua and Barbuda,1954,Never had a female head of state
367,atg,Antigua and Barbuda,1955,Never had a female head of state
368,atg,Antigua and Barbuda,1956,Never had a female head of state
369,atg,Antigua and Barbuda,1957,Never had a female head of state
370,atg,Antigua and Barbuda,1958,Never had a female head of state
371,atg,Antigua and Barbuda,1959,Never had a female head of state
372,atg,Antigua and Barbuda,1960,Never had a female head of state
373,atg,Antigua and Barbuda,1961,Never had a female head of state
374,atg,Antigua and Barbuda,1962,Never had a female head of state
375,atg,Antigua and Barbuda,1963,Never had a female head of state
376,atg,Antigua and Barbuda,1964,Never had a female head of state
377,atg,Antigua and Barbuda,1965,Never had a female head of state
378,atg,Antigua and Barbuda,1966,Never had a female head of state
379,atg,Antigua and Barbuda,1967,Never had a female head of state
380,atg,Antigua and Barbuda,1968,Never had a female head of state
381,atg,Antigua and Barbuda,1969,Never had a female head of state
382,atg,Antigua and Barbuda,1970,Never had a female head of state
383,atg,Antigua and Barbuda,1971,Never had a female head of state
384,atg,Antigua and Barbuda,1972,Never had a female head of state
385,atg,Antigua and Barbuda,1973,Never had a female head of state
386,atg,Antigua and Barbuda,1974,Never had a female head of state
387,atg,Antigua and Barbuda,1975,Never had a female head of state
388,atg,Antigua and Barbuda,1976,Never had a female head of state
389,atg,Antigua and Barbuda,1977,Never had a female head of state
390,atg,Antigua and Barbuda,1978,Never had a female head of state
391,atg,Antigua and Barbuda,1979,Never had a female head of state
392,atg,Antigua and Barbuda,1980,Never had a female head of state
393,atg,Antigua and Barbuda,1981,Never had a female head of state
394,atg,Antigua and Barbuda,1982,Never had a female head of state
395,atg,Antigua and Barbuda,1983,Never had a female head of state
396,atg,Antigua and Barbuda,1984,Never had a female head of state
397,atg,Antigua and Barbuda,1985,Never had a female head of state
398,atg,Antigua and Barbuda,1986,Never had a female head of state
399,atg,Antigua and Barbuda,1987,Never had a female head of state
400,atg,Antigua and Barbuda,1988,Never had a female head of state
401,atg,Antigua and Barbuda,1989,Never had a female head of state
402,atg,Antigua and Barbuda,1990,Never had a female head of state
403,atg,Antigua and Barbuda,1991,Never had a female head of state
404,atg,Antigua and Barbuda,1992,Never had a female head of state
405,atg,Antigua and Barbuda,1993,Never had a female head of state
406,atg,Antigua and Barbuda,1994,Never had a female head of state
407,atg,Antigua and Barbuda,1995,Never had a female head of state
408,atg,Antigua and Barbuda,1996,Never had a female head of state
409,atg,Antigua and Barbuda,1997,Never had a female head of state
410,atg,Antigua and Barbuda,1998,Never had a female head of state
411,atg,Antigua and Barbuda,1999,Never had a female head of state
412,atg,Antigua and Barbuda,2000,Never had a female head of state
413,atg,Antigua and Barbuda,2001,Never had a female head of state
414,atg,Antigua and Barbuda,2002,Never had a female head of state
415,atg,Antigua and Barbuda,2003,Never had a female head of state
416,atg,Antigua and Barbuda,2004,Never had a female head of state
417,atg,Antigua and Barbuda,2005,Never had a female head of state
418,atg,Antigua and Barbuda,2006,Never had a female head of state
419,atg,Antigua and Barbuda,2007,Never had a female head of state
420,atg,Antigua and Barbuda,2008,Never had a female head of state
421,atg,Antigua and Barbuda,2009,Never had a female head of state
422,atg,Antigua and Barbuda,2010,Never had a female head of state
423,atg,Antigua and Barbuda,2011,Never had a female head of state
424,atg,Antigua and Barbuda,2012,Never had a female head of state
425,atg,Antigua and Barbuda,2013,Never had a female head of state
426,atg,Antigua and Barbuda,2014,Never had a female head of state
427,atg,Antigua and Barbuda,2015,Never had a female head of state
428,atg,Antigua and Barbuda,2016,Never had a female head of state
429,atg,Antigua and Barbuda,2017,Never had a female head of state
430,atg,Antigua and Barbuda,2018,Never had a female head of state
431,atg,Antigua and Barbuda,2019,Never had a female head of state
432,atg,Antigua and Barbuda,2020,Never had a female head of state
433,atg,Antigua and Barbuda,2021,Never had a female head of state
434,atg,Antigua and Barbuda,2022,Never had a female head of state
435,atg,Antigua and Barbuda,2023,Never had a female head of state
436,atg,Antigua and Barbuda,2024,Never had a female head of state
437,atg,Antigua and Barbuda,2025,Never had a female head of state
438,arg,Argentina,1953,Never had a female head of state
439,arg,Argentina,1954,Never had a female head of state
440,arg,Argentina,1955,Never had a female head of state
441,arg,Argentina,1956,Never had a female head of state
442,arg,Argentina,1957,Never had a female head of state
443,arg,Argentina,1958,Never had a female head of state
444,arg,Argentina,1959,Never had a female head of state
445,arg,Argentina,1960,Never had a female head of state
446,arg,Argentina,1961,Never had a female head of state
447,arg,Argentina,1962,Never had a female head of state
448,arg,Argentina,1963,Never had a female head of state
449,arg,Argentina,1964,Never had a female head of state
450,arg,Argentina,1965,Never had a female head of state
451,arg,Argentina,1966,Never had a female head of state
452,arg,Argentina,1967,Never had a female head of state
453,arg,Argentina,1968,Never had a female head of state
454,arg,Argentina,1969,Never had a female head of state
455,arg,Argentina,1970,Never had a female head of state
456,arg,Argentina,1971,Never had a female head of state
457,arg,Argentina,1972,Never had a female head of state
458,arg,Argentina,1973,Never had a female head of state
459,arg,Argentina,1974,Had a female head of state
460,arg,Argentina,1975,Had a female head of state
461,arg,Argentina,1976,Had a female head of state
462,arg,Argentina,1977,Had a female head of state
463,arg,Argentina,1978,Had a female head of state
464,arg,Argentina,1979,Had a female head of state
465,arg,Argentina,1980,Had a female head of state
466,arg,Argentina,1981,Had a female head of state
467,arg,Argentina,1982,Had a female head of state
468,arg,Argentina,1983,Had a female head of state
469,arg,Argentina,1984,Had a female head of state
470,arg,Argentina,1985,Had a female head of state
471,arg,Argentina,1986,Had a female head of state
472,arg,Argentina,1987,Had a female head of state
473,arg,Argentina,1988,Had a female head of state
474,arg,Argentina,1989,Had a female head of state
475,arg,Argentina,1990,Had a female head of state
476,arg,Argentina,1991,Had a female head of state
477,arg,Argentina,1992,Had a female head of state
478,arg,Argentina,1993,Had a female head of state
479,arg,Argentina,1994,Had a female head of state
480,arg,Argentina,1995,Had a female head of state
481,arg,Argentina,1996,Had a female head of state
482,arg,Argentina,1997,Had a female head of state
483,arg,Argentina,1998,Had a female head of state
484,arg,Argentina,1999,Had a female head of state
485,arg,Argentina,2000,Had a female head of state
486,arg,Argentina,2001,Had a female head of state
487,arg,Argentina,2002,Had a female head of state
488,arg,Argentina,2003,Had a female head of state
489,arg,Argentina,2004,Had a female head of state
490,arg,Argentina,2005,Had a female head of state
491,arg,Argentina,2006,Had a female head of state
492,arg,Argentina,2007,Had a female head of state
493,arg,Argentina,2008,Had a female head of state
494,arg,Argentina,2009,Had a female head of state
495,arg,Argentina,2010,Had a female head of state
496,arg,Argentina,2011,Had a female head of state
497,arg,Argentina,2012,Had a female head of state
498,arg,Argentina,2013,Had a female head of state
499,arg,Argentina,2014,Had a female head of state
500,arg,Argentina,2015,Had a female head of state
501,arg,Argentina,2016,Had a female head of state
502,arg,Argentina,2017,Had a female head of state
503,arg,Argentina,2018,Had a female head of state
504,arg,Argentina,2019,Had a female head of state
505,arg,Argentina,2020,Had a female head of state
506,arg,Argentina,2021,Had a female head of state
507,arg,Argentina,2022,Had a female head of state
508,arg,Argentina,2023,Had a female head of state
509,arg,Argentina,2024,Had a female head of state
510,arg,Argentina,2025,Had a female head of state
511,arm,Armenia,1953,Never had a female head of state
512,arm,Armenia,1954,Never had a female head of state
513,arm,Armenia,1955,Never had a female head of state
514,arm,Armenia,1956,Never had a female head of state
515,arm,Armenia,1957,Never had a female head of state
516,arm,Armenia,1958,Never had a female head of state
517,arm,Armenia,1959,Never had a female head of state
518,arm,Armenia,1960,Never had a female head of state
519,arm,Armenia,1961,Never had a female head of state
520,arm,Armenia,1962,Never had a female head of state
521,arm,Armenia,1963,Never had a female head of state
522,arm,Armenia,1964,Never had a female head of state
523,arm,Armenia,1965,Never had a female head of state
524,arm,Armenia,1966,Never had a female head of state
525,arm,Armenia,1967,Never had a female head of state
526,arm,Armenia,1968,Never had a female head of state
527,arm,Armenia,1969,Never had a female head of state
528,arm,Armenia,1970,Never had a female head of state
529,arm,Armenia,1971,Never had a female head of state
530,arm,Armenia,1972,Never had a female head of state
531,arm,Armenia,1973,Never had a female head of state
532,arm,Armenia,1974,Never had a female head of state
533,arm,Armenia,1975,Never had a female head of state
534,arm,Armenia,1976,Never had a female head of state
535,arm,Armenia,1977,Never had a female head of state
536,arm,Armenia,1978,Never had a female head of state
537,arm,Armenia,1979,Never had a female head of state
538,arm,Armenia,1980,Never had a female head of state
539,arm,Armenia,1981,Never had a female head of state
540,arm,Armenia,1982,Never had a female head of state
541,arm,Armenia,1983,Never had a female head of state
542,arm,Armenia,1984,Never had a female head of state
543,arm,Armenia,1985,Never had a female head of state
544,arm,Armenia,1986,Never had a female head of state
545,arm,Armenia,1987,Never had a female head of state
546,arm,Armenia,1988,Never had a female head of state
547,arm,Armenia,1989,Never had a female head of state
548,arm,Armenia,1990,Never had a female head of state
549,arm,Armenia,1991,Never had a female head of state
550,arm,Armenia,1992,Never had a female head of state
551,arm,Armenia,1993,Never had a female head of state
552,arm,Armenia,1994,Never had a female head of state
553,arm,Armenia,1995,Never had a female head of state
554,arm,Armenia,1996,Never had a female head of state
555,arm,Armenia,1997,Never had a female head of state
556,arm,Armenia,1998,Never had a female head of state
557,arm,Armenia,1999,Never had a female head of state
558,arm,Armenia,2000,Never had a female head of state
559,arm,Armenia,2001,Never had a female head of state
560,arm,Armenia,2002,Never had a female head of state
561,arm,Armenia,2003,Never had a female head of state
562,arm,Armenia,2004,Never had a female head of state
563,arm,Armenia,2005,Never had a female head of state
564,arm,Armenia,2006,Never had a female head of state
565,arm,Armenia,2007,Never had a female head of state
566,arm,Armenia,2008,Never had a female head of state
567,arm,Armenia,2009,Never had a female head of state
568,arm,Armenia,2010,Never had a female head of state
569,arm,Armenia,2011,Never had a female head of state
570,arm,Armenia,2012,Never had a female head of state
571,arm,Armenia,2013,Never had a female head of state
572,arm,Armenia,2014,Never had a female head of state
573,arm,Armenia,2015,Never had a female head of state
574,arm,Armenia,2016,Never had a female head of state
575,arm,Armenia,2017,Never had a female head of state
576,arm,Armenia,2018,Never had a female head of state
577,arm,Armenia,2019,Never had a female head of state
578,arm,Armenia,2020,Never had a female head of state
579,arm,Armenia,2021,Never had a female head of state
580,arm,Armenia,2022,Never had a female head of state
581,arm,Armenia,2023,Never had a female head of state
582,arm,Armenia,2024,Never had a female head of state
583,arm,Armenia,2025,Never had a female head of state
584,aus,Australia,1953,Never had a female head of state
585,aus,Australia,1954,Never had a female head of state
586,aus,Australia,1955,Never had a female head of state
587,aus,Australia,1956,Never had a female head of state
588,aus,Australia,1957,Never had a female head of state
589,aus,Australia,1958,Never had a female head of state
590,aus,Australia,1959,Never had a female head of state
591,aus,Australia,1960,Never had a female head of state
592,aus,Australia,1961,Never had a female head of state
593,aus,Australia,1962,Never had a female head of state
594,aus,Australia,1963,Never had a female head of state
595,aus,Australia,1964,Never had a female head of state
596,aus,Australia,1965,Never had a female head of state
597,aus,Australia,1966,Never had a female head of state
598,aus,Australia,1967,Never had a female head of state
599,aus,Australia,1968,Never had a female head of state
600,aus,Australia,1969,Never had a female head of state
601,aus,Australia,1970,Never had a female head of state
602,aus,Australia,1971,Never had a female head of state
603,aus,Australia,1972,Never had a female head of state
604,aus,Australia,1973,Never had a female head of state
605,aus,Australia,1974,Never had a female head of state
606,aus,Australia,1975,Never had a female head of state
607,aus,Australia,1976,Never had a female head of state
608,aus,Australia,1977,Never had a female head of state
609,aus,Australia,1978,Never had a female head of state
610,aus,Australia,1979,Never had a female head of state
611,aus,Australia,1980,Never had a female head of state
612,aus,Australia,1981,Never had a female head of state
613,aus,Australia,1982,Never had a female head of state
614,aus,Australia,1983,Never had a female head of state
615,aus,Australia,1984,Never had a female head of state
616,aus,Australia,1985,Never had a female head of state
617,aus,Australia,1986,Never had a female head of state
618,aus,Australia,1987,Never had a female head of state
619,aus,Australia,1988,Never had a female head of state
620,aus,Australia,1989,Never had a female head of state
621,aus,Australia,1990,Never had a female head of state
622,aus,Australia,1991,Never had a female head of state
623,aus,Australia,1992,Never had a female head of state
624,aus,Australia,1993,Never had a female head of state
625,aus,Australia,1994,Never had a female head of state
626,aus,Australia,1995,Never had a female head of state
627,aus,Australia,1996,Never had a female head of state
628,aus,Australia,1997,Never had a female head of state
629,aus,Australia,1998,Never had a female head of state
630,aus,Australia,1999,Never had a female head of state
631,aus,Australia,2000,Never had a female head of state
632,aus,Australia,2001,Never had a female head of state
633,aus,Australia,2002,Never had a female head of state
634,aus,Australia,2003,Never had a female head of state
635,aus,Australia,2004,Never had a female head of state
636,aus,Australia,2005,Never had a female head of state
637,aus,Australia,2006,Never had a female head of state
638,aus,Australia,2007,Never had a female head of state
639,aus,Australia,2008,Never had a female head of state
640,aus,Australia,2009,Never had a female head of state
641,aus,Australia,2010,Had a female head of state
642,aus,Australia,2011,Had a female head of state
643,aus,Australia,2012,Had a female head of state
644,aus,Australia,2013,Had a female head of state
645,aus,Australia,2014,Had a female head of state
646,aus,Australia,2015,Had a female head of state
647,aus,Australia,2016,Had a female head of state
648,aus,Australia,2017,Had a female head of state
649,aus,Australia,2018,Had a female head of state
650,aus,Australia,2019,Had a female head of state
651,aus,Australia,2020,Had a female head of state
652,aus,Australia,2021,Had a female head of state
653,aus,Australia,2022,Had a female head of state
654,aus,Australia,2023,Had a female head of state
655,aus,Australia,2024,Had a female head of state
656,aus,Australia,2025,Had a female head of state
657,aut,Austria,1953,Never had a female head of state
658,aut,Austria,1954,Never had a female head of state
659,aut,Austria,1955,Never had a female head of state
660,aut,Austria,1956,Never had a female head of state
661,aut,Austria,1957,Never had a female head of state
662,aut,Austria,1958,Never had a female head of state
663,aut,Austria,1959,Never had a female head of state
664,aut,Austria,1960,Never had a female head of state
665,aut,Austria,1961,Never had a female head of state
666,aut,Austria,1962,Never had a female head of state
667,aut,Austria,1963,Never had a female head of state
668,aut,Austria,1964,Never had a female head of state
669,aut,Austria,1965,Never had a female head of state
670,aut,Austria,1966,Never had a female head of state
671,aut,Austria,1967,Never had a female head of state
672,aut,Austria,1968,Never had a female head of state
673,aut,Austria,1969,Never had a female head of state
674,aut,Austria,1970,Never had a female head of state
675,aut,Austria,1971,Never had a female head of state
676,aut,Austria,1972,Never had a female head of state
677,aut,Austria,1973,Never had a female head of state
678,aut,Austria,1974,Never had a female head of state
679,aut,Austria,1975,Never had a female head of state
680,aut,Austria,1976,Never had a female head of state
681,aut,Austria,1977,Never had a female head of state
682,aut,Austria,1978,Never had a female head of state
683,aut,Austria,1979,Never had a female head of state
684,aut,Austria,1980,Never had a female head of state
685,aut,Austria,1981,Never had a female head of state
686,aut,Austria,1982,Never had a female head of state
687,aut,Austria,1983,Never had a female head of state
688,aut,Austria,1984,Never had a female head of state
689,aut,Austria,1985,Never had a female head of state
690,aut,Austria,1986,Never had a female head of state
691,aut,Austria,1987,Never had a female head of state
692,aut,Austria,1988,Never had a female head of state
693,aut,Austria,1989,Never had a female head of state
694,aut,Austria,1990,Never had a female head of state
695,aut,Austria,1991,Never had a female head of state
696,aut,Austria,1992,Never had a female head of state
697,aut,Austria,1993,Never had a female head of state
698,aut,Austria,1994,Never had a female head of state
699,aut,Austria,1995,Never had a female head of state
700,aut,Austria,1996,Never had a female head of state
701,aut,Austria,1997,Never had a female head of state
702,aut,Austria,1998,Never had a female head of state
703,aut,Austria,1999,Never had a female head of state
704,aut,Austria,2000,Never had a female head of state
705,aut,Austria,2001,Never had a female head of state
706,aut,Austria,2002,Never had a female head of state
707,aut,Austria,2003,Never had a female head of state
708,aut,Austria,2004,Had a female head of state
709,aut,Austria,2005,Had a female head of state
710,aut,Austria,2006,Had a female head of state
711,aut,Austria,2007,Had a female head of state
712,aut,Austria,2008,Had a female head of state
713,aut,Austria,2009,Had a female head of state
714,aut,Austria,2010,Had a female head of state
715,aut,Austria,2011,Had a female head of state
716,aut,Austria,2012,Had a female head of state
717,aut,Austria,2013,Had a female head of state
718,aut,Austria,2014,Had a female head of state
719,aut,Austria,2015,Had a female head of state
720,aut,Austria,2016,Had a female head of state
721,aut,Austria,2017,Had a female head of state
722,aut,Austria,2018,Had a female head of state
723,aut,Austria,2019,Had a female head of state
724,aut,Austria,2020,Had a female head of state
725,aut,Austria,2021,Had a female head of state
726,aut,Austria,2022,Had a female head of state
727,aut,Austria,2023,Had a female head of state
728,aut,Austria,2024,Had a female head of state
729,aut,Austria,2025,Had a female head of state
730,aze,Azerbaijan,1953,Never had a female head of state
731,aze,Azerbaijan,1954,Never had a female head of state
732,aze,Azerbaijan,1955,Never had a female head of state
733,aze,Azerbaijan,1956,Never had a female head of state
734,aze,Azerbaijan,1957,Never had a female head of state
735,aze,Azerbaijan,1958,Never had a female head of state
736,aze,Azerbaijan,1959,Never had a female head of state
737,aze,Azerbaijan,1960,Never had a female head of state
738,aze,Azerbaijan,1961,Never had a female head of state
739,aze,Azerbaijan,1962,Never had a female head of state
740,aze,Azerbaijan,1963,Never had a female head of state
741,aze,Azerbaijan,1964,Never had a female head of state
742,aze,Azerbaijan,1965,Never had a female head of state
743,aze,Azerbaijan,1966,Never had a female head of state
744,aze,Azerbaijan,1967,Never had a female head of state
745,aze,Azerbaijan,1968,Never had a female head of state
746,aze,Azerbaijan,1969,Never had a female head of state
747,aze,Azerbaijan,1970,Never had a female head of state
748,aze,Azerbaijan,1971,Never had a female head of state
749,aze,Azerbaijan,1972,Never had a female head of state
750,aze,Azerbaijan,1973,Never had a female head of state
751,aze,Azerbaijan,1974,Never had a female head of state
752,aze,Azerbaijan,1975,Never had a female head of state
753,aze,Azerbaijan,1976,Never had a female head of state
754,aze,Azerbaijan,1977,Never had a female head of state
755,aze,Azerbaijan,1978,Never had a female head of state
756,aze,Azerbaijan,1979,Never had a female head of state
757,aze,Azerbaijan,1980,Never had a female head of state
758,aze,Azerbaijan,1981,Never had a female head of state
759,aze,Azerbaijan,1982,Never had a female head of state
760,aze,Azerbaijan,1983,Never had a female head of state
761,aze,Azerbaijan,1984,Never had a female head of state
762,aze,Azerbaijan,1985,Never had a female head of state
763,aze,Azerbaijan,1986,Never had a female head of state
764,aze,Azerbaijan,1987,Never had a female head of state
765,aze,Azerbaijan,1988,Never had a female head of state
766,aze,Azerbaijan,1989,Never had a female head of state
767,aze,Azerbaijan,1990,Never had a female head of state
768,aze,Azerbaijan,1991,Never had a female head of state
769,aze,Azerbaijan,1992,Never had a female head of state
770,aze,Azerbaijan,1993,Never had a female head of state
771,aze,Azerbaijan,1994,Never had a female head of state
772,aze,Azerbaijan,1995,Never had a female head of state
773,aze,Azerbaijan,1996,Never had a female head of state
774,aze,Azerbaijan,1997,Never had a female head of state
775,aze,Azerbaijan,1998,Never had a female head of state
776,aze,Azerbaijan,1999,Never had a female head of state
777,aze,Azerbaijan,2000,Never had a female head of state
778,aze,Azerbaijan,2001,Never had a female head of state
779,aze,Azerbaijan,2002,Never had a female head of state
780,aze,Azerbaijan,2003,Never had a female head of state
781,aze,Azerbaijan,2004,Never had a female head of state
782,aze,Azerbaijan,2005,Never had a female head of state
783,aze,Azerbaijan,2006,Never had a female head of state
784,aze,Azerbaijan,2007,Never had a female head of state
785,aze,Azerbaijan,2008,Never had a female head of state
786,aze,Azerbaijan,2009,Never had a female head of state
787,aze,Azerbaijan,2010,Never had a female head of state
788,aze,Azerbaijan,2011,Never had a female head of state
789,aze,Azerbaijan,2012,Never had a female head of state
790,aze,Azerbaijan,2013,Never had a female head of state
791,aze,Azerbaijan,2014,Never had a female head of state
792,aze,Azerbaijan,2015,Never had a female head of state
793,aze,Azerbaijan,2016,Never had a female head of state
794,aze,Azerbaijan,2017,Never had a female head of state
795,aze,Azerbaijan,2018,Never had a female head of state
796,aze,Azerbaijan,2019,Never had a female head of state
797,aze,Azerbaijan,2020,Never had a female head of state
798,aze,Azerbaijan,2021,Never had a female head of state
799,aze,Azerbaijan,2022,Never had a female head of state
800,aze,Azerbaijan,2023,Never had a female head of state
801,aze,Azerbaijan,2024,Never had a female head of state
802,aze,Azerbaijan,2025,Never had a female head of state
803,bhs,Bahamas,1953,Never had a female head of state
804,bhs,Bahamas,1954,Never had a female head of state
805,bhs,Bahamas,1955,Never had a female head of state
806,bhs,Bahamas,1956,Never had a female head of state
807,bhs,Bahamas,1957,Never had a female head of state
808,bhs,Bahamas,1958,Never had a female head of state
809,bhs,Bahamas,1959,Never had a female head of state
810,bhs,Bahamas,1960,Never had a female head of state
811,bhs,Bahamas,1961,Never had a female head of state
812,bhs,Bahamas,1962,Never had a female head of state
813,bhs,Bahamas,1963,Never had a female head of state
814,bhs,Bahamas,1964,Never had a female head of state
815,bhs,Bahamas,1965,Never had a female head of state
816,bhs,Bahamas,1966,Never had a female head of state
817,bhs,Bahamas,1967,Never had a female head of state
818,bhs,Bahamas,1968,Never had a female head of state
819,bhs,Bahamas,1969,Never had a female head of state
820,bhs,Bahamas,1970,Never had a female head of state
821,bhs,Bahamas,1971,Never had a female head of state
822,bhs,Bahamas,1972,Never had a female head of state
823,bhs,Bahamas,1973,Never had a female head of state
824,bhs,Bahamas,1974,Never had a female head of state
825,bhs,Bahamas,1975,Never had a female head of state
826,bhs,Bahamas,1976,Never had a female head of state
827,bhs,Bahamas,1977,Never had a female head of state
828,bhs,Bahamas,1978,Never had a female head of state
829,bhs,Bahamas,1979,Never had a female head of state
830,bhs,Bahamas,1980,Never had a female head of state
831,bhs,Bahamas,1981,Never had a female head of state
832,bhs,Bahamas,1982,Never had a female head of state
833,bhs,Bahamas,1983,Never had a female head of state
834,bhs,Bahamas,1984,Never had a female head of state
835,bhs,Bahamas,1985,Never had a female head of state
836,bhs,Bahamas,1986,Never had a female head of state
837,bhs,Bahamas,1987,Never had a female head of state
838,bhs,Bahamas,1988,Never had a female head of state
839,bhs,Bahamas,1989,Never had a female head of state
840,bhs,Bahamas,1990,Never had a female head of state
841,bhs,Bahamas,1991,Never had a female head of state
842,bhs,Bahamas,1992,Never had a female head of state
843,bhs,Bahamas,1993,Never had a female head of state
844,bhs,Bahamas,1994,Never had a female head of state
845,bhs,Bahamas,1995,Never had a female head of state
846,bhs,Bahamas,1996,Never had a female head of state
847,bhs,Bahamas,1997,Never had a female head of state
848,bhs,Bahamas,1998,Never had a female head of state
849,bhs,Bahamas,1999,Never had a female head of state
850,bhs,Bahamas,2000,Never had a female head of state
851,bhs,Bahamas,2001,Never had a female head of state
852,bhs,Bahamas,2002,Never had a female head of state
853,bhs,Bahamas,2003,Never had a female head of state
854,bhs,Bahamas,2004,Never had a female head of state
855,bhs,Bahamas,2005,Never had a female head of state
856,bhs,Bahamas,2006,Never had a female head of state
857,bhs,Bahamas,2007,Never had a female head of state
858,bhs,Bahamas,2008,Never had a female head of state
859,bhs,Bahamas,2009,Never had a female head of state
860,bhs,Bahamas,2010,Never had a female head of state
861,bhs,Bahamas,2011,Never had a female head of state
862,bhs,Bahamas,2012,Never had a female head of state
863,bhs,Bahamas,2013,Never had a female head of state
864,bhs,Bahamas,2014,Never had a female head of state
865,bhs,Bahamas,2015,Never had a female head of state
866,bhs,Bahamas,2016,Never had a female head of state
867,bhs,Bahamas,2017,Never had a female head of state
868,bhs,Bahamas,2018,Never had a female head of state
869,bhs,Bahamas,2019,Never had a female head of state
870,bhs,Bahamas,2020,Never had a female head of state
871,bhs,Bahamas,2021,Never had a female head of state
872,bhs,Bahamas,2022,Never had a female head of state
873,bhs,Bahamas,2023,Never had a female head of state
874,bhs,Bahamas,2024,Never had a female head of state
875,bhs,Bahamas,2025,Never had a female head of state
876,bhr,Bahrain,1953,Never had a female head of state
877,bhr,Bahrain,1954,Never had a female head of state
878,bhr,Bahrain,1955,Never had a female head of state
879,bhr,Bahrain,1956,Never had a female head of state
880,bhr,Bahrain,1957,Never had a female head of state
881,bhr,Bahrain,1958,Never had a female head of state
882,bhr,Bahrain,1959,Never had a female head of state
883,bhr,Bahrain,1960,Never had a female head of state
884,bhr,Bahrain,1961,Never had a female head of state
885,bhr,Bahrain,1962,Never had a female head of state
886,bhr,Bahrain,1963,Never had a female head of state
887,bhr,Bahrain,1964,Never had a female head of state
888,bhr,Bahrain,1965,Never had a female head of state
889,bhr,Bahrain,1966,Never had a female head of state
890,bhr,Bahrain,1967,Never had a female head of state
891,bhr,Bahrain,1968,Never had a female head of state
892,bhr,Bahrain,1969,Never had a female head of state
893,bhr,Bahrain,1970,Never had a female head of state
894,bhr,Bahrain,1971,Never had a female head of state
895,bhr,Bahrain,1972,Never had a female head of state
896,bhr,Bahrain,1973,Never had a female head of state
897,bhr,Bahrain,1974,Never had a female head of state
898,bhr,Bahrain,1975,Never had a female head of state
899,bhr,Bahrain,1976,Never had a female head of state
900,bhr,Bahrain,1977,Never had a female head of state
901,bhr,Bahrain,1978,Never had a female head of state
902,bhr,Bahrain,1979,Never had a female head of state
903,bhr,Bahrain,1980,Never had a female head of state
904,bhr,Bahrain,1981,Never had a female head of state
905,bhr,Bahrain,1982,Never had a female head of state
906,bhr,Bahrain,1983,Never had a female head of state
907,bhr,Bahrain,1984,Never had a female head of state
908,bhr,Bahrain,1985,Never had a female head of state
909,bhr,Bahrain,1986,Never had a female head of state
910,bhr,Bahrain,1987,Never had a female head of state
911,bhr,Bahrain,1988,Never had a female head of state
912,bhr,Bahrain,1989,Never had a female head of state
913,bhr,Bahrain,1990,Never had a female head of state
914,bhr,Bahrain,1991,Never had a female head of state
915,bhr,Bahrain,1992,Never had a female head of state
916,bhr,Bahrain,1993,Never had a female head of state
917,bhr,Bahrain,1994,Never had a female head of state
918,bhr,Bahrain,1995,Never had a female head of state
919,bhr,Bahrain,1996,Never had a female head of state
920,bhr,Bahrain,1997,Never had a female head of state
921,bhr,Bahrain,1998,Never had a female head of state
922,bhr,Bahrain,1999,Never had a female head of state
923,bhr,Bahrain,2000,Never had a female head of state
924,bhr,Bahrain,2001,Never had a female head of state
925,bhr,Bahrain,2002,Never had a female head of state
926,bhr,Bahrain,2003,Never had a female head of state
927,bhr,Bahrain,2004,Never had a female head of state
928,bhr,Bahrain,2005,Never had a female head of state
929,bhr,Bahrain,2006,Never had a female head of state
930,bhr,Bahrain,2007,Never had a female head of state
931,bhr,Bahrain,2008,Never had a female head of state
932,bhr,Bahrain,2009,Never had a female head of state
933,bhr,Bahrain,2010,Never had a female head of state
934,bhr,Bahrain,2011,Never had a female head of state
935,bhr,Bahrain,2012,Never had a female head of state
936,bhr,Bahrain,2013,Never had a female head of state
937,bhr,Bahrain,2014,Never had a female head of state
938,bhr,Bahrain,2015,Never had a female head of state
939,bhr,Bahrain,2016,Never had a female head of state
940,bhr,Bahrain,2017,Never had a female head of state
941,bhr,Bahrain,2018,Never had a female head of state
942,bhr,Bahrain,2019,Never had a female head of state
943,bhr,Bahrain,2020,Never had a female head of state
944,bhr,Bahrain,2021,Never had a female head of state
945,bhr,Bahrain,2022,Never had a female head of state
946,bhr,Bahrain,2023,Never had a female head of state
947,bhr,Bahrain,2024,Never had a female head of state
948,bhr,Bahrain,2025,Never had a female head of state
949,bgd,Bangladesh,1953,Never had a female head of state
950,bgd,Bangladesh,1954,Never had a female head of state
951,bgd,Bangladesh,1955,Never had a female head of state
952,bgd,Bangladesh,1956,Never had a female head of state
953,bgd,Bangladesh,1957,Never had a female head of state
954,bgd,Bangladesh,1958,Never had a female head of state
955,bgd,Bangladesh,1959,Never had a female head of state
956,bgd,Bangladesh,1960,Never had a female head of state
957,bgd,Bangladesh,1961,Never had a female head of state
958,bgd,Bangladesh,1962,Never had a female head of state
959,bgd,Bangladesh,1963,Never had a female head of state
960,bgd,Bangladesh,1964,Never had a female head of state
961,bgd,Bangladesh,1965,Never had a female head of state
962,bgd,Bangladesh,1966,Never had a female head of state
963,bgd,Bangladesh,1967,Never had a female head of state
964,bgd,Bangladesh,1968,Never had a female head of state
965,bgd,Bangladesh,1969,Never had a female head of state
966,bgd,Bangladesh,1970,Never had a female head of state
967,bgd,Bangladesh,1971,Never had a female head of state
968,bgd,Bangladesh,1972,Never had a female head of state
969,bgd,Bangladesh,1973,Never had a female head of state
970,bgd,Bangladesh,1974,Never had a female head of state
971,bgd,Bangladesh,1975,Never had a female head of state
972,bgd,Bangladesh,1976,Never had a female head of state
973,bgd,Bangladesh,1977,Never had a female head of state
974,bgd,Bangladesh,1978,Never had a female head of state
975,bgd,Bangladesh,1979,Never had a female head of state
976,bgd,Bangladesh,1980,Never had a female head of state
977,bgd,Bangladesh,1981,Never had a female head of state
978,bgd,Bangladesh,1982,Never had a female head of state
979,bgd,Bangladesh,1983,Never had a female head of state
980,bgd,Bangladesh,1984,Never had a female head of state
981,bgd,Bangladesh,1985,Never had a female head of state
982,bgd,Bangladesh,1986,Never had a female head of state
983,bgd,Bangladesh,1987,Never had a female head of state
984,bgd,Bangladesh,1988,Never had a female head of state
985,bgd,Bangladesh,1989,Never had a female head of state
986,bgd,Bangladesh,1990,Never had a female head of state
987,bgd,Bangladesh,1991,Had a female head of state
988,bgd,Bangladesh,1992,Had a female head of state
989,bgd,Bangladesh,1993,Had a female head of state
990,bgd,Bangladesh,1994,Had a female head of state
991,bgd,Bangladesh,1995,Had a female head of state
992,bgd,Bangladesh,1996,Had a female head of state
993,bgd,Bangladesh,1997,Had a female head of state
994,bgd,Bangladesh,1998,Had a female head of state
995,bgd,Bangladesh,1999,Had a female head of state
996,bgd,Bangladesh,2000,Had a female head of state
997,bgd,Bangladesh,2001,Had a female head of state
998,bgd,Bangladesh,2002,Had a female head of state
999,bgd,Bangladesh,2003,Had a female head of state
1000,bgd,Bangladesh,2004,Had a female head of state
1001,bgd,Bangladesh,2005,Had a female head of state
1002,bgd,Bangladesh,2006,Had a female head of state
1003,bgd,Bangladesh,2007,Had a female head of state
1004,bgd,Bangladesh,2008,Had a female head of state
1005,bgd,Bangladesh,2009,Had a female head of state
1006,bgd,Bangladesh,2010,Had a female head of state
1007,bgd,Bangladesh,2011,Had a female head of state
1008,bgd,Bangladesh,2012,Had a female head of state
1009,bgd,Bangladesh,2013,Had a female head of state
1010,bgd,Bangladesh,2014,Had a female head of state
1011,bgd,Bangladesh,2015,Had a female head of state
1012,bgd,Bangladesh,2016,Had a female head of state
1013,bgd,Bangladesh,2017,Had a female head of state
1014,bgd,Bangladesh,2018,Had a female head of state
1015,bgd,Bangladesh,2019,Had a female head of state
1016,bgd,Bangladesh,2020,Had a female head of state
1017,bgd,Bangladesh,2021,Had a female head of state
1018,bgd,Bangladesh,2022,Had a female head of state
1019,bgd,Bangladesh,2023,Had a female head of state
1020,bgd,Bangladesh,2024,Had a female head of state
1021,bgd,Bangladesh,2025,Had a female head of state
1022,brb,Barbados,1953,Never had a female head of state
1023,brb,Barbados,1954,Never had a female head of state
1024,brb,Barbados,1955,Never had a female head of state
1025,brb,Barbados,1956,Never had a female head of state
1026,brb,Barbados,1957,Never had a female head of state
1027,brb,Barbados,1958,Never had a female head of state
1028,brb,Barbados,1959,Never had a female head of state
1029,brb,Barbados,1960,Never had a female head of state
1030,brb,Barbados,1961,Never had a female head of state
1031,brb,Barbados,1962,Never had a female head of state
1032,brb,Barbados,1963,Never had a female head of state
1033,brb,Barbados,1964,Never had a female head of state
1034,brb,Barbados,1965,Never had a female head of state
1035,brb,Barbados,1966,Never had a female head of state
1036,brb,Barbados,1967,Never had a female head of state
1037,brb,Barbados,1968,Never had a female head of state
1038,brb,Barbados,1969,Never had a female head of state
1039,brb,Barbados,1970,Never had a female head of state
1040,brb,Barbados,1971,Never had a female head of state
1041,brb,Barbados,1972,Never had a female head of state
1042,brb,Barbados,1973,Never had a female head of state
1043,brb,Barbados,1974,Never had a female head of state
1044,brb,Barbados,1975,Never had a female head of state
1045,brb,Barbados,1976,Never had a female head of state
1046,brb,Barbados,1977,Never had a female head of state
1047,brb,Barbados,1978,Never had a female head of state
1048,brb,Barbados,1979,Never had a female head of state
1049,brb,Barbados,1980,Never had a female head of state
1050,brb,Barbados,1981,Never had a female head of state
1051,brb,Barbados,1982,Never had a female head of state
1052,brb,Barbados,1983,Never had a female head of state
1053,brb,Barbados,1984,Never had a female head of state
1054,brb,Barbados,1985,Never had a female head of state
1055,brb,Barbados,1986,Never had a female head of state
1056,brb,Barbados,1987,Never had a female head of state
1057,brb,Barbados,1988,Never had a female head of state
1058,brb,Barbados,1989,Never had a female head of state
1059,brb,Barbados,1990,Never had a female head of state
1060,brb,Barbados,1991,Never had a female head of state
1061,brb,Barbados,1992,Never had a female head of state
1062,brb,Barbados,1993,Never had a female head of state
1063,brb,Barbados,1994,Never had a female head of state
1064,brb,Barbados,1995,Never had a female head of state
1065,brb,Barbados,1996,Never had a female head of state
1066,brb,Barbados,1997,Never had a female head of state
1067,brb,Barbados,1998,Never had a female head of state
1068,brb,Barbados,1999,Never had a female head of state
1069,brb,Barbados,2000,Never had a female head of state
1070,brb,Barbados,2001,Never had a female head of state
1071,brb,Barbados,2002,Never had a female head of state
1072,brb,Barbados,2003,Never had a female head of state
1073,brb,Barbados,2004,Never had a female head of state
1074,brb,Barbados,2005,Never had a female head of state
1075,brb,Barbados,2006,Never had a female head of state
1076,brb,Barbados,2007,Never had a female head of state
1077,brb,Barbados,2008,Never had a female head of state
1078,brb,Barbados,2009,Never had a female head of state
1079,brb,Barbados,2010,Never had a female head of state
1080,brb,Barbados,2011,Never had a female head of state
1081,brb,Barbados,2012,Never had a female head of state
1082,brb,Barbados,2013,Never had a female head of state
1083,brb,Barbados,2014,Never had a female head of state
1084,brb,Barbados,2015,Never had a female head of state
1085,brb,Barbados,2016,Never had a female head of state
1086,brb,Barbados,2017,Never had a female head of state
1087,brb,Barbados,2018,Had a female head of state
1088,brb,Barbados,2019,Had a female head of state
1089,brb,Barbados,2020,Had a female head of state
1090,brb,Barbados,2021,Had a female head of state
1091,brb,Barbados,2022,Had a female head of state
1092,brb,Barbados,2023,Had a female head of state
1093,brb,Barbados,2024,Had a female head of state
1094,brb,Barbados,2025,Had a female head of state
1095,blr,Belarus,1953,Never had a female head of state
1096,blr,Belarus,1954,Never had a female head of state
1097,blr,Belarus,1955,Never had a female head of state
1098,blr,Belarus,1956,Never had a female head of state
1099,blr,Belarus,1957,Never had a female head of state
1100,blr,Belarus,1958,Never had a female head of state
1101,blr,Belarus,1959,Never had a female head of state
1102,blr,Belarus,1960,Never had a female head of state
1103,blr,Belarus,1961,Never had a female head of state
1104,blr,Belarus,1962,Never had a female head of state
1105,blr,Belarus,1963,Never had a female head of state
1106,blr,Belarus,1964,Never had a female head of state
1107,blr,Belarus,1965,Never had a female head of state
1108,blr,Belarus,1966,Never had a female head of state
1109,blr,Belarus,1967,Never had a female head of state
1110,blr,Belarus,1968,Never had a female head of state
1111,blr,Belarus,1969,Never had a female head of state
1112,blr,Belarus,1970,Never had a female head of state
1113,blr,Belarus,1971,Never had a female head of state
1114,blr,Belarus,1972,Never had a female head of state
1115,blr,Belarus,1973,Never had a female head of state
1116,blr,Belarus,1974,Never had a female head of state
1117,blr,Belarus,1975,Never had a female head of state
1118,blr,Belarus,1976,Never had a female head of state
1119,blr,Belarus,1977,Never had a female head of state
1120,blr,Belarus,1978,Never had a female head of state
1121,blr,Belarus,1979,Never had a female head of state
1122,blr,Belarus,1980,Never had a female head of state
1123,blr,Belarus,1981,Never had a female head of state
1124,blr,Belarus,1982,Never had a female head of state
1125,blr,Belarus,1983,Never had a female head of state
1126,blr,Belarus,1984,Never had a female head of state
1127,blr,Belarus,1985,Never had a female head of state
1128,blr,Belarus,1986,Never had a female head of state
1129,blr,Belarus,1987,Never had a female head of state
1130,blr,Belarus,1988,Never had a female head of state
1131,blr,Belarus,1989,Never had a female head of state
1132,blr,Belarus,1990,Never had a female head of state
1133,blr,Belarus,1991,Never had a female head of state
1134,blr,Belarus,1992,Never had a female head of state
1135,blr,Belarus,1993,Never had a female head of state
1136,blr,Belarus,1994,Never had a female head of state
1137,blr,Belarus,1995,Never had a female head of state
1138,blr,Belarus,1996,Never had a female head of state
1139,blr,Belarus,1997,Never had a female head of state
1140,blr,Belarus,1998,Never had a female head of state
1141,blr,Belarus,1999,Never had a female head of state
1142,blr,Belarus,2000,Never had a female head of state
1143,blr,Belarus,2001,Never had a female head of state
1144,blr,Belarus,2002,Never had a female head of state
1145,blr,Belarus,2003,Never had a female head of state
1146,blr,Belarus,2004,Never had a female head of state
1147,blr,Belarus,2005,Never had a female head of state
1148,blr,Belarus,2006,Never had a female head of state
1149,blr,Belarus,2007,Never had a female head of state
1150,blr,Belarus,2008,Never had a female head of state
1151,blr,Belarus,2009,Never had a female head of state
1152,blr,Belarus,2010,Never had a female head of state
1153,blr,Belarus,2011,Never had a female head of state
1154,blr,Belarus,2012,Never had a female head of state
1155,blr,Belarus,2013,Never had a female head of state
1156,blr,Belarus,2014,Never had a female head of state
1157,blr,Belarus,2015,Never had a female head of state
1158,blr,Belarus,2016,Never had a female head of state
1159,blr,Belarus,2017,Never had a female head of state
1160,blr,Belarus,2018,Never had a female head of state
1161,blr,Belarus,2019,Never had a female head of state
1162,blr,Belarus,2020,Never had a female head of state
1163,blr,Belarus,2021,Never had a female head of state
1164,blr,Belarus,2022,Never had a female head of state
1165,blr,Belarus,2023,Never had a female head of state
1166,blr,Belarus,2024,Never had a female head of state
1167,blr,Belarus,2025,Never had a female head of state
1168,bel,Belgium,1953,Never had a female head of state
1169,bel,Belgium,1954,Never had a female head of state
1170,bel,Belgium,1955,Never had a female head of state
1171,bel,Belgium,1956,Never had a female head of state
1172,bel,Belgium,1957,Never had a female head of state
1173,bel,Belgium,1958,Never had a female head of state
1174,bel,Belgium,1959,Never had a female head of state
1175,bel,Belgium,1960,Never had a female head of state
1176,bel,Belgium,1961,Never had a female head of state
1177,bel,Belgium,1962,Never had a female head of state
1178,bel,Belgium,1963,Never had a female head of state
1179,bel,Belgium,1964,Never had a female head of state
1180,bel,Belgium,1965,Never had a female head of state
1181,bel,Belgium,1966,Never had a female head of state
1182,bel,Belgium,1967,Never had a female head of state
1183,bel,Belgium,1968,Never had a female head of state
1184,bel,Belgium,1969,Never had a female head of state
1185,bel,Belgium,1970,Never had a female head of state
1186,bel,Belgium,1971,Never had a female head of state
1187,bel,Belgium,1972,Never had a female head of state
1188,bel,Belgium,1973,Never had a female head of state
1189,bel,Belgium,1974,Never had a female head of state
1190,bel,Belgium,1975,Never had a female head of state
1191,bel,Belgium,1976,Never had a female head of state
1192,bel,Belgium,1977,Never had a female head of state
1193,bel,Belgium,1978,Never had a female head of state
1194,bel,Belgium,1979,Never had a female head of state
1195,bel,Belgium,1980,Never had a female head of state
1196,bel,Belgium,1981,Never had a female head of state
1197,bel,Belgium,1982,Never had a female head of state
1198,bel,Belgium,1983,Never had a female head of state
1199,bel,Belgium,1984,Never had a female head of state
1200,bel,Belgium,1985,Never had a female head of state
1201,bel,Belgium,1986,Never had a female head of state
1202,bel,Belgium,1987,Never had a female head of state
1203,bel,Belgium,1988,Never had a female head of state
1204,bel,Belgium,1989,Never had a female head of state
1205,bel,Belgium,1990,Never had a female head of state
1206,bel,Belgium,1991,Never had a female head of state
1207,bel,Belgium,1992,Never had a female head of state
1208,bel,Belgium,1993,Never had a female head of state
1209,bel,Belgium,1994,Never had a female head of state
1210,bel,Belgium,1995,Never had a female head of state
1211,bel,Belgium,1996,Never had a female head of state
1212,bel,Belgium,1997,Never had a female head of state
1213,bel,Belgium,1998,Never had a female head of state
1214,bel,Belgium,1999,Never had a female head of state
1215,bel,Belgium,2000,Never had a female head of state
1216,bel,Belgium,2001,Never had a female head of state
1217,bel,Belgium,2002,Never had a female head of state
1218,bel,Belgium,2003,Never had a female head of state
1219,bel,Belgium,2004,Never had a female head of state
1220,bel,Belgium,2005,Never had a female head of state
1221,bel,Belgium,2006,Never had a female head of state
1222,bel,Belgium,2007,Never had a female head of state
1223,bel,Belgium,2008,Never had a female head of state
1224,bel,Belgium,2009,Never had a female head of state
1225,bel,Belgium,2010,Never had a female head of state
1226,bel,Belgium,2011,Never had a female head of state
1227,bel,Belgium,2012,Never had a female head of state
1228,bel,Belgium,2013,Never had a female head of state
1229,bel,Belgium,2014,Never had a female head of state
1230,bel,Belgium,2015,Never had a female head of state
1231,bel,Belgium,2016,Never had a female head of state
1232,bel,Belgium,2017,Never had a female head of state
1233,bel,Belgium,2018,Never had a female head of state
1234,bel,Belgium,2019,Had a female head of state
1235,bel,Belgium,2020,Had a female head of state
1236,bel,Belgium,2021,Had a female head of state
1237,bel,Belgium,2022,Had a female head of state
1238,bel,Belgium,2023,Had a female head of state
1239,bel,Belgium,2024,Had a female head of state
1240,bel,Belgium,2025,Had a female head of state
1241,blz,Belize,1953,Never had a female head of state
1242,blz,Belize,1954,Never had a female head of state
1243,blz,Belize,1955,Never had a female head of state
1244,blz,Belize,1956,Never had a female head of state
1245,blz,Belize,1957,Never had a female head of state
1246,blz,Belize,1958,Never had a female head of state
1247,blz,Belize,1959,Never had a female head of state
1248,blz,Belize,1960,Never had a female head of state
1249,blz,Belize,1961,Never had a female head of state
1250,blz,Belize,1962,Never had a female head of state
1251,blz,Belize,1963,Never had a female head of state
1252,blz,Belize,1964,Never had a female head of state
1253,blz,Belize,1965,Never had a female head of state
1254,blz,Belize,1966,Never had a female head of state
1255,blz,Belize,1967,Never had a female head of state
1256,blz,Belize,1968,Never had a female head of state
1257,blz,Belize,1969,Never had a female head of state
1258,blz,Belize,1970,Never had a female head of state
1259,blz,Belize,1971,Never had a female head of state
1260,blz,Belize,1972,Never had a female head of state
1261,blz,Belize,1973,Never had a female head of state
1262,blz,Belize,1974,Never had a female head of state
1263,blz,Belize,1975,Never had a female head of state
1264,blz,Belize,1976,Never had a female head of state
1265,blz,Belize,1977,Never had a female head of state
1266,blz,Belize,1978,Never had a female head of state
1267,blz,Belize,1979,Never had a female head of state
1268,blz,Belize,1980,Never had a female head of state
1269,blz,Belize,1981,Never had a female head of state
1270,blz,Belize,1982,Never had a female head of state
1271,blz,Belize,1983,Never had a female head of state
1272,blz,Belize,1984,Never had a female head of state
1273,blz,Belize,1985,Never had a female head of state
1274,blz,Belize,1986,Never had a female head of state
1275,blz,Belize,1987,Never had a female head of state
1276,blz,Belize,1988,Never had a female head of state
1277,blz,Belize,1989,Never had a female head of state
1278,blz,Belize,1990,Never had a female head of state
1279,blz,Belize,1991,Never had a female head of state
1280,blz,Belize,1992,Never had a female head of state
1281,blz,Belize,1993,Never had a female head of state
1282,blz,Belize,1994,Never had a female head of state
1283,blz,Belize,1995,Never had a female head of state
1284,blz,Belize,1996,Never had a female head of state
1285,blz,Belize,1997,Never had a female head of state
1286,blz,Belize,1998,Never had a female head of state
1287,blz,Belize,1999,Never had a female head of state
1288,blz,Belize,2000,Never had a female head of state
1289,blz,Belize,2001,Never had a female head of state
1290,blz,Belize,2002,Never had a female head of state
1291,blz,Belize,2003,Never had a female head of state
1292,blz,Belize,2004,Never had a female head of state
1293,blz,Belize,2005,Never had a female head of state
1294,blz,Belize,2006,Never had a female head of state
1295,blz,Belize,2007,Never had a female head of state
1296,blz,Belize,2008,Never had a female head of state
1297,blz,Belize,2009,Never had a female head of state
1298,blz,Belize,2010,Never had a female head of state
1299,blz,Belize,2011,Never had a female head of state
1300,blz,Belize,2012,Never had a female head of state
1301,blz,Belize,2013,Never had a female head of state
1302,blz,Belize,2014,Never had a female head of state
1303,blz,Belize,2015,Never had a female head of state
1304,blz,Belize,2016,Never had a female head of state
1305,blz,Belize,2017,Never had a female head of state
1306,blz,Belize,2018,Never had a female head of state
1307,blz,Belize,2019,Never had a female head of state
1308,blz,Belize,2020,Never had a female head of state
1309,blz,Belize,2021,Never had a female head of state
1310,blz,Belize,2022,Never had a female head of state
1311,blz,Belize,2023,Never had a female head of state
1312,blz,Belize,2024,Never had a female head of state
1313,blz,Belize,2025,Never had a female head of state
1314,ben,Benin,1953,Never had a female head of state
1315,ben,Benin,1954,Never had a female head of state
1316,ben,Benin,1955,Never had a female head of state
1317,ben,Benin,1956,Never had a female head of state
1318,ben,Benin,1957,Never had a female head of state
1319,ben,Benin,1958,Never had a female head of state
1320,ben,Benin,1959,Never had a female head of state
1321,ben,Benin,1960,Never had a female head of state
1322,ben,Benin,1961,Never had a female head of state
1323,ben,Benin,1962,Never had a female head of state
1324,ben,Benin,1963,Never had a female head of state
1325,ben,Benin,1964,Never had a female head of state
1326,ben,Benin,1965,Never had a female head of state
1327,ben,Benin,1966,Never had a female head of state
1328,ben,Benin,1967,Never had a female head of state
1329,ben,Benin,1968,Never had a female head of state
1330,ben,Benin,1969,Never had a female head of state
1331,ben,Benin,1970,Never had a female head of state
1332,ben,Benin,1971,Never had a female head of state
1333,ben,Benin,1972,Never had a female head of state
1334,ben,Benin,1973,Never had a female head of state
1335,ben,Benin,1974,Never had a female head of state
1336,ben,Benin,1975,Never had a female head of state
1337,ben,Benin,1976,Never had a female head of state
1338,ben,Benin,1977,Never had a female head of state
1339,ben,Benin,1978,Never had a female head of state
1340,ben,Benin,1979,Never had a female head of state
1341,ben,Benin,1980,Never had a female head of state
1342,ben,Benin,1981,Never had a female head of state
1343,ben,Benin,1982,Never had a female head of state
1344,ben,Benin,1983,Never had a female head of state
1345,ben,Benin,1984,Never had a female head of state
1346,ben,Benin,1985,Never had a female head of state
1347,ben,Benin,1986,Never had a female head of state
1348,ben,Benin,1987,Never had a female head of state
1349,ben,Benin,1988,Never had a female head of state
1350,ben,Benin,1989,Never had a female head of state
1351,ben,Benin,1990,Never had a female head of state
1352,ben,Benin,1991,Never had a female head of state
1353,ben,Benin,1992,Never had a female head of state
1354,ben,Benin,1993,Never had a female head of state
1355,ben,Benin,1994,Never had a female head of state
1356,ben,Benin,1995,Never had a female head of state
1357,ben,Benin,1996,Never had a female head of state
1358,ben,Benin,1997,Never had a female head of state
1359,ben,Benin,1998,Never had a female head of state
1360,ben,Benin,1999,Never had a female head of state
1361,ben,Benin,2000,Never had a female head of state
1362,ben,Benin,2001,Never had a female head of state
1363,ben,Benin,2002,Never had a female head of state
1364,ben,Benin,2003,Never had a female head of state
1365,ben,Benin,2004,Never had a female head of state
1366,ben,Benin,2005,Never had a female head of state
1367,ben,Benin,2006,Never had a female head of state
1368,ben,Benin,2007,Never had a female head of state
1369,ben,Benin,2008,Never had a female head of state
1370,ben,Benin,2009,Never had a female head of state
1371,ben,Benin,2010,Never had a female head of state
1372,ben,Benin,2011,Never had a female head of state
1373,ben,Benin,2012,Never had a female head of state
1374,ben,Benin,2013,Never had a female head of state
1375,ben,Benin,2014,Never had a female head of state
1376,ben,Benin,2015,Never had a female head of state
1377,ben,Benin,2016,Never had a female head of state
1378,ben,Benin,2017,Never had a female head of state
1379,ben,Benin,2018,Never had a female head of state
1380,ben,Benin,2019,Never had a female head of state
1381,ben,Benin,2020,Never had a female head of state
1382,ben,Benin,2021,Never had a female head of state
1383,ben,Benin,2022,Never had a female head of state
1384,ben,Benin,2023,Never had a female head of state
1385,ben,Benin,2024,Never had a female head of state
1386,ben,Benin,2025,Never had a female head of state
1387,btn,Bhutan,1953,Never had a female head of state
1388,btn,Bhutan,1954,Never had a female head of state
1389,btn,Bhutan,1955,Never had a female head of state
1390,btn,Bhutan,1956,Never had a female head of state
1391,btn,Bhutan,1957,Never had a female head of state
1392,btn,Bhutan,1958,Never had a female head of state
1393,btn,Bhutan,1959,Never had a female head of state
1394,btn,Bhutan,1960,Never had a female head of state
1395,btn,Bhutan,1961,Never had a female head of state
1396,btn,Bhutan,1962,Never had a female head of state
1397,btn,Bhutan,1963,Never had a female head of state
1398,btn,Bhutan,1964,Never had a female head of state
1399,btn,Bhutan,1965,Never had a female head of state
1400,btn,Bhutan,1966,Never had a female head of state
1401,btn,Bhutan,1967,Never had a female head of state
1402,btn,Bhutan,1968,Never had a female head of state
1403,btn,Bhutan,1969,Never had a female head of state
1404,btn,Bhutan,1970,Never had a female head of state
1405,btn,Bhutan,1971,Never had a female head of state
1406,btn,Bhutan,1972,Never had a female head of state
1407,btn,Bhutan,1973,Never had a female head of state
1408,btn,Bhutan,1974,Never had a female head of state
1409,btn,Bhutan,1975,Never had a female head of state
1410,btn,Bhutan,1976,Never had a female head of state
1411,btn,Bhutan,1977,Never had a female head of state
1412,btn,Bhutan,1978,Never had a female head of state
1413,btn,Bhutan,1979,Never had a female head of state
1414,btn,Bhutan,1980,Never had a female head of state
1415,btn,Bhutan,1981,Never had a female head of state
1416,btn,Bhutan,1982,Never had a female head of state
1417,btn,Bhutan,1983,Never had a female head of state
1418,btn,Bhutan,1984,Never had a female head of state
1419,btn,Bhutan,1985,Never had a female head of state
1420,btn,Bhutan,1986,Never had a female head of state
1421,btn,Bhutan,1987,Never had a female head of state
1422,btn,Bhutan,1988,Never had a female head of state
1423,btn,Bhutan,1989,Never had a female head of state
1424,btn,Bhutan,1990,Never had a female head of state
1425,btn,Bhutan,1991,Never had a female head of state
1426,btn,Bhutan,1992,Never had a female head of state
1427,btn,Bhutan,1993,Never had a female head of state
1428,btn,Bhutan,1994,Never had a female head of state
1429,btn,Bhutan,1995,Never had a female head of state
1430,btn,Bhutan,1996,Never had a female head of state
1431,btn,Bhutan,1997,Never had a female head of state
1432,btn,Bhutan,1998,Never had a female head of state
1433,btn,Bhutan,1999,Never had a female head of state
1434,btn,Bhutan,2000,Never had a female head of state
1435,btn,Bhutan,2001,Never had a female head of state
1436,btn,Bhutan,2002,Never had a female head of state
1437,btn,Bhutan,2003,Never had a female head of state
1438,btn,Bhutan,2004,Never had a female head of state
1439,btn,Bhutan,2005,Never had a female head of state
1440,btn,Bhutan,2006,Never had a female head of state
1441,btn,Bhutan,2007,Never had a female head of state
1442,btn,Bhutan,2008,Never had a female head of state
1443,btn,Bhutan,2009,Never had a female head of state
1444,btn,Bhutan,2010,Never had a female head of state
1445,btn,Bhutan,2011,Never had a female head of state
1446,btn,Bhutan,2012,Never had a female head of state
1447,btn,Bhutan,2013,Never had a female head of state
1448,btn,Bhutan,2014,Never had a female head of state
1449,btn,Bhutan,2015,Never had a female head of state
1450,btn,Bhutan,2016,Never had a female head of state
1451,btn,Bhutan,2017,Never had a female head of state
1452,btn,Bhutan,2018,Never had a female head of state
1453,btn,Bhutan,2019,Never had a female head of state
1454,btn,Bhutan,2020,Never had a female head of state
1455,btn,Bhutan,2021,Never had a female head of state
1456,btn,Bhutan,2022,Never had a female head of state
1457,btn,Bhutan,2023,Never had a female head of state
1458,btn,Bhutan,2024,Never had a female head of state
1459,btn,Bhutan,2025,Never had a female head of state
1460,bol,Bolivia,1953,Never had a female head of state
1461,bol,Bolivia,1954,Never had a female head of state
1462,bol,Bolivia,1955,Never had a female head of state
1463,bol,Bolivia,1956,Never had a female head of state
1464,bol,Bolivia,1957,Never had a female head of state
1465,bol,Bolivia,1958,Never had a female head of state
1466,bol,Bolivia,1959,Never had a female head of state
1467,bol,Bolivia,1960,Never had a female head of state
1468,bol,Bolivia,1961,Never had a female head of state
1469,bol,Bolivia,1962,Never had a female head of state
1470,bol,Bolivia,1963,Never had a female head of state
1471,bol,Bolivia,1964,Never had a female head of state
1472,bol,Bolivia,1965,Never had a female head of state
1473,bol,Bolivia,1966,Never had a female head of state
1474,bol,Bolivia,1967,Never had a female head of state
1475,bol,Bolivia,1968,Never had a female head of state
1476,bol,Bolivia,1969,Never had a female head of state
1477,bol,Bolivia,1970,Never had a female head of state
1478,bol,Bolivia,1971,Never had a female head of state
1479,bol,Bolivia,1972,Never had a female head of state
1480,bol,Bolivia,1973,Never had a female head of state
1481,bol,Bolivia,1974,Never had a female head of state
1482,bol,Bolivia,1975,Never had a female head of state
1483,bol,Bolivia,1976,Never had a female head of state
1484,bol,Bolivia,1977,Never had a female head of state
1485,bol,Bolivia,1978,Never had a female head of state
1486,bol,Bolivia,1979,Had a female head of state
1487,bol,Bolivia,1980,Had a female head of state
1488,bol,Bolivia,1981,Had a female head of state
1489,bol,Bolivia,1982,Had a female head of state
1490,bol,Bolivia,1983,Had a female head of state
1491,bol,Bolivia,1984,Had a female head of state
1492,bol,Bolivia,1985,Had a female head of state
1493,bol,Bolivia,1986,Had a female head of state
1494,bol,Bolivia,1987,Had a female head of state
1495,bol,Bolivia,1988,Had a female head of state
1496,bol,Bolivia,1989,Had a female head of state
1497,bol,Bolivia,1990,Had a female head of state
1498,bol,Bolivia,1991,Had a female head of state
1499,bol,Bolivia,1992,Had a female head of state
1500,bol,Bolivia,1993,Had a female head of state
1501,bol,Bolivia,1994,Had a female head of state
1502,bol,Bolivia,1995,Had a female head of state
1503,bol,Bolivia,1996,Had a female head of state
1504,bol,Bolivia,1997,Had a female head of state
1505,bol,Bolivia,1998,Had a female head of state
1506,bol,Bolivia,1999,Had a female head of state
1507,bol,Bolivia,2000,Had a female head of state
1508,bol,Bolivia,2001,Had a female head of state
1509,bol,Bolivia,2002,Had a female head of state
1510,bol,Bolivia,2003,Had a female head of state
1511,bol,Bolivia,2004,Had a female head of state
1512,bol,Bolivia,2005,Had a female head of state
1513,bol,Bolivia,2006,Had a female head of state
1514,bol,Bolivia,2007,Had a female head of state
1515,bol,Bolivia,2008,Had a female head of state
1516,bol,Bolivia,2009,Had a female head of state
1517,bol,Bolivia,2010,Had a female head of state
1518,bol,Bolivia,2011,Had a female head of state
1519,bol,Bolivia,2012,Had a female head of state
1520,bol,Bolivia,2013,Had a female head of state
1521,bol,Bolivia,2014,Had a female head of state
1522,bol,Bolivia,2015,Had a female head of state
1523,bol,Bolivia,2016,Had a female head of state
1524,bol,Bolivia,2017,Had a female head of state
1525,bol,Bolivia,2018,Had a female head of state
1526,bol,Bolivia,2019,Had a female head of state
1527,bol,Bolivia,2020,Had a female head of state
1528,bol,Bolivia,2021,Had a female head of state
1529,bol,Bolivia,2022,Had a female head of state
1530,bol,Bolivia,2023,Had a female head of state
1531,bol,Bolivia,2024,Had a female head of state
1532,bol,Bolivia,2025,Had a female head of state
1533,bih,Bosnia and Herzegovina,1953,Never had a female head of state
1534,bih,Bosnia and Herzegovina,1954,Never had a female head of state
1535,bih,Bosnia and Herzegovina,1955,Never had a female head of state
1536,bih,Bosnia and Herzegovina,1956,Never had a female head of state
1537,bih,Bosnia and Herzegovina,1957,Never had a female head of state
1538,bih,Bosnia and Herzegovina,1958,Never had a female head of state
1539,bih,Bosnia and Herzegovina,1959,Never had a female head of state
1540,bih,Bosnia and Herzegovina,1960,Never had a female head of state
1541,bih,Bosnia and Herzegovina,1961,Never had a female head of state
1542,bih,Bosnia and Herzegovina,1962,Never had a female head of state
1543,bih,Bosnia and Herzegovina,1963,Never had a female head of state
1544,bih,Bosnia and Herzegovina,1964,Never had a female head of state
1545,bih,Bosnia and Herzegovina,1965,Never had a female head of state
1546,bih,Bosnia and Herzegovina,1966,Never had a female head of state
1547,bih,Bosnia and Herzegovina,1967,Never had a female head of state
1548,bih,Bosnia and Herzegovina,1968,Never had a female head of state
1549,bih,Bosnia and Herzegovina,1969,Never had a female head of state
1550,bih,Bosnia and Herzegovina,1970,Never had a female head of state
1551,bih,Bosnia and Herzegovina,1971,Never had a female head of state
1552,bih,Bosnia and Herzegovina,1972,Never had a female head of state
1553,bih,Bosnia and Herzegovina,1973,Never had a female head of state
1554,bih,Bosnia and Herzegovina,1974,Never had a female head of state
1555,bih,Bosnia and Herzegovina,1975,Never had a female head of state
1556,bih,Bosnia and Herzegovina,1976,Never had a female head of state
1557,bih,Bosnia and Herzegovina,1977,Never had a female head of state
1558,bih,Bosnia and Herzegovina,1978,Never had a female head of state
1559,bih,Bosnia and Herzegovina,1979,Never had a female head of state
1560,bih,Bosnia and Herzegovina,1980,Never had a female head of state
1561,bih,Bosnia and Herzegovina,1981,Never had a female head of state
1562,bih,Bosnia and Herzegovina,1982,Never had a female head of state
1563,bih,Bosnia and Herzegovina,1983,Never had a female head of state
1564,bih,Bosnia and Herzegovina,1984,Never had a female head of state
1565,bih,Bosnia and Herzegovina,1985,Never had a female head of state
1566,bih,Bosnia and Herzegovina,1986,Never had a female head of state
1567,bih,Bosnia and Herzegovina,1987,Never had a female head of state
1568,bih,Bosnia and Herzegovina,1988,Never had a female head of state
1569,bih,Bosnia and Herzegovina,1989,Never had a female head of state
1570,bih,Bosnia and Herzegovina,1990,Never had a female head of state
1571,bih,Bosnia and Herzegovina,1991,Never had a female head of state
1572,bih,Bosnia and Herzegovina,1992,Never had a female head of state
1573,bih,Bosnia and Herzegovina,1993,Never had a female head of state
1574,bih,Bosnia and Herzegovina,1994,Never had a female head of state
1575,bih,Bosnia and Herzegovina,1995,Never had a female head of state
1576,bih,Bosnia and Herzegovina,1996,Never had a female head of state
1577,bih,Bosnia and Herzegovina,1997,Never had a female head of state
1578,bih,Bosnia and Herzegovina,1998,Never had a female head of state
1579,bih,Bosnia and Herzegovina,1999,Never had a female head of state
1580,bih,Bosnia and Herzegovina,2000,Never had a female head of state
1581,bih,Bosnia and Herzegovina,2001,Never had a female head of state
1582,bih,Bosnia and Herzegovina,2002,Never had a female head of state
1583,bih,Bosnia and Herzegovina,2003,Never had a female head of state
1584,bih,Bosnia and Herzegovina,2004,Never had a female head of state
1585,bih,Bosnia and Herzegovina,2005,Never had a female head of state
1586,bih,Bosnia and Herzegovina,2006,Never had a female head of state
1587,bih,Bosnia and Herzegovina,2007,Never had a female head of state
1588,bih,Bosnia and Herzegovina,2008,Never had a female head of state
1589,bih,Bosnia and Herzegovina,2009,Never had a female head of state
1590,bih,Bosnia and Herzegovina,2010,Never had a female head of state
1591,bih,Bosnia and Herzegovina,2011,Never had a female head of state
1592,bih,Bosnia and Herzegovina,2012,Never had a female head of state
1593,bih,Bosnia and Herzegovina,2013,Never had a female head of state
1594,bih,Bosnia and Herzegovina,2014,Never had a female head of state
1595,bih,Bosnia and Herzegovina,2015,Never had a female head of state
1596,bih,Bosnia and Herzegovina,2016,Never had a female head of state
1597,bih,Bosnia and Herzegovina,2017,Never had a female head of state
1598,bih,Bosnia and Herzegovina,2018,Never had a female head of state
1599,bih,Bosnia and Herzegovina,2019,Never had a female head of state
1600,bih,Bosnia and Herzegovina,2020,Never had a female head of state
1601,bih,Bosnia and Herzegovina,2021,Never had a female head of state
1602,bih,Bosnia and Herzegovina,2022,Never had a female head of state
1603,bih,Bosnia and Herzegovina,2023,Had a female head of state
1604,bih,Bosnia and Herzegovina,2024,Had a female head of state
1605,bih,Bosnia and Herzegovina,2025,Had a female head of state
1606,bwa,Botswana,1953,Never had a female head of state
1607,bwa,Botswana,1954,Never had a female head of state
1608,bwa,Botswana,1955,Never had a female head of state
1609,bwa,Botswana,1956,Never had a female head of state
1610,bwa,Botswana,1957,Never had a female head of state
1611,bwa,Botswana,1958,Never had a female head of state
1612,bwa,Botswana,1959,Never had a female head of state
1613,bwa,Botswana,1960,Never had a female head of state
1614,bwa,Botswana,1961,Never had a female head of state
1615,bwa,Botswana,1962,Never had a female head of state
1616,bwa,Botswana,1963,Never had a female head of state
1617,bwa,Botswana,1964,Never had a female head of state
1618,bwa,Botswana,1965,Never had a female head of state
1619,bwa,Botswana,1966,Never had a female head of state
1620,bwa,Botswana,1967,Never had a female head of state
1621,bwa,Botswana,1968,Never had a female head of state
1622,bwa,Botswana,1969,Never had a female head of state
1623,bwa,Botswana,1970,Never had a female head of state
1624,bwa,Botswana,1971,Never had a female head of state
1625,bwa,Botswana,1972,Never had a female head of state
1626,bwa,Botswana,1973,Never had a female head of state
1627,bwa,Botswana,1974,Never had a female head of state
1628,bwa,Botswana,1975,Never had a female head of state
1629,bwa,Botswana,1976,Never had a female head of state
1630,bwa,Botswana,1977,Never had a female head of state
1631,bwa,Botswana,1978,Never had a female head of state
1632,bwa,Botswana,1979,Never had a female head of state
1633,bwa,Botswana,1980,Never had a female head of state
1634,bwa,Botswana,1981,Never had a female head of state
1635,bwa,Botswana,1982,Never had a female head of state
1636,bwa,Botswana,1983,Never had a female head of state
1637,bwa,Botswana,1984,Never had a female head of state
1638,bwa,Botswana,1985,Never had a female head of state
1639,bwa,Botswana,1986,Never had a female head of state
1640,bwa,Botswana,1987,Never had a female head of state
1641,bwa,Botswana,1988,Never had a female head of state
1642,bwa,Botswana,1989,Never had a female head of state
1643,bwa,Botswana,1990,Never had a female head of state
1644,bwa,Botswana,1991,Never had a female head of state
1645,bwa,Botswana,1992,Never had a female head of state
1646,bwa,Botswana,1993,Never had a female head of state
1647,bwa,Botswana,1994,Never had a female head of state
1648,bwa,Botswana,1995,Never had a female head of state
1649,bwa,Botswana,1996,Never had a female head of state
1650,bwa,Botswana,1997,Never had a female head of state
1651,bwa,Botswana,1998,Never had a female head of state
1652,bwa,Botswana,1999,Never had a female head of state
1653,bwa,Botswana,2000,Never had a female head of state
1654,bwa,Botswana,2001,Never had a female head of state
1655,bwa,Botswana,2002,Never had a female head of state
1656,bwa,Botswana,2003,Never had a female head of state
1657,bwa,Botswana,2004,Never had a female head of state
1658,bwa,Botswana,2005,Never had a female head of state
1659,bwa,Botswana,2006,Never had a female head of state
1660,bwa,Botswana,2007,Never had a female head of state
1661,bwa,Botswana,2008,Never had a female head of state
1662,bwa,Botswana,2009,Never had a female head of state
1663,bwa,Botswana,2010,Never had a female head of state
1664,bwa,Botswana,2011,Never had a female head of state
1665,bwa,Botswana,2012,Never had a female head of state
1666,bwa,Botswana,2013,Never had a female head of state
1667,bwa,Botswana,2014,Never had a female head of state
1668,bwa,Botswana,2015,Never had a female head of state
1669,bwa,Botswana,2016,Never had a female head of state
1670,bwa,Botswana,2017,Never had a female head of state
1671,bwa,Botswana,2018,Never had a female head of state
1672,bwa,Botswana,2019,Never had a female head of state
1673,bwa,Botswana,2020,Never had a female head of state
1674,bwa,Botswana,2021,Never had a female head of state
1675,bwa,Botswana,2022,Never had a female head of state
1676,bwa,Botswana,2023,Never had a female head of state
1677,bwa,Botswana,2024,Never had a female head of state
1678,bwa,Botswana,2025,Never had a female head of state
1679,bra,Brazil,1953,Never had a female head of state
1680,bra,Brazil,1954,Never had a female head of state
1681,bra,Brazil,1955,Never had a female head of state
1682,bra,Brazil,1956,Never had a female head of state
1683,bra,Brazil,1957,Never had a female head of state
1684,bra,Brazil,1958,Never had a female head of state
1685,bra,Brazil,1959,Never had a female head of state
1686,bra,Brazil,1960,Never had a female head of state
1687,bra,Brazil,1961,Never had a female head of state
1688,bra,Brazil,1962,Never had a female head of state
1689,bra,Brazil,1963,Never had a female head of state
1690,bra,Brazil,1964,Never had a female head of state
1691,bra,Brazil,1965,Never had a female head of state
1692,bra,Brazil,1966,Never had a female head of state
1693,bra,Brazil,1967,Never had a female head of state
1694,bra,Brazil,1968,Never had a female head of state
1695,bra,Brazil,1969,Never had a female head of state
1696,bra,Brazil,1970,Never had a female head of state
1697,bra,Brazil,1971,Never had a female head of state
1698,bra,Brazil,1972,Never had a female head of state
1699,bra,Brazil,1973,Never had a female head of state
1700,bra,Brazil,1974,Never had a female head of state
1701,bra,Brazil,1975,Never had a female head of state
1702,bra,Brazil,1976,Never had a female head of state
1703,bra,Brazil,1977,Never had a female head of state
1704,bra,Brazil,1978,Never had a female head of state
1705,bra,Brazil,1979,Never had a female head of state
1706,bra,Brazil,1980,Never had a female head of state
1707,bra,Brazil,1981,Never had a female head of state
1708,bra,Brazil,1982,Never had a female head of state
1709,bra,Brazil,1983,Never had a female head of state
1710,bra,Brazil,1984,Never had a female head of state
1711,bra,Brazil,1985,Never had a female head of state
1712,bra,Brazil,1986,Never had a female head of state
1713,bra,Brazil,1987,Never had a female head of state
1714,bra,Brazil,1988,Never had a female head of state
1715,bra,Brazil,1989,Never had a female head of state
1716,bra,Brazil,1990,Never had a female head of state
1717,bra,Brazil,1991,Never had a female head of state
1718,bra,Brazil,1992,Never had a female head of state
1719,bra,Brazil,1993,Never had a female head of state
1720,bra,Brazil,1994,Never had a female head of state
1721,bra,Brazil,1995,Never had a female head of state
1722,bra,Brazil,1996,Never had a female head of state
1723,bra,Brazil,1997,Never had a female head of state
1724,bra,Brazil,1998,Never had a female head of state
1725,bra,Brazil,1999,Never had a female head of state
1726,bra,Brazil,2000,Never had a female head of state
1727,bra,Brazil,2001,Never had a female head of state
1728,bra,Brazil,2002,Never had a female head of state
1729,bra,Brazil,2003,Never had a female head of state
1730,bra,Brazil,2004,Never had a female head of state
1731,bra,Brazil,2005,Never had a female head of state
1732,bra,Brazil,2006,Never had a female head of state
1733,bra,Brazil,2007,Never had a female head of state
1734,bra,Brazil,2008,Never had a female head of state
1735,bra,Brazil,2009,Never had a female head of state
1736,bra,Brazil,2010,Never had a female head of state
1737,bra,Brazil,2011,Had a female head of state
1738,bra,Brazil,2012,Had a female head of state
1739,bra,Brazil,2013,Had a female head of state
1740,bra,Brazil,2014,Had a female head of state
1741,bra,Brazil,2015,Had a female head of state
1742,bra,Brazil,2016,Had a female head of state
1743,bra,Brazil,2017,Had a female head of state
1744,bra,Brazil,2018,Had a female head of state
1745,bra,Brazil,2019,Had a female head of state
1746,bra,Brazil,2020,Had a female head of state
1747,bra,Brazil,2021,Had a female head of state
1748,bra,Brazil,2022,Had a female head of state
1749,bra,Brazil,2023,Had a female head of state
1750,bra,Brazil,2024,Had a female head of state
1751,bra,Brazil,2025,Had a female head of state
1752,brn,Brunei,1953,Never had a female head of state
1753,brn,Brunei,1954,Never had a female head of state
1754,brn,Brunei,1955,Never had a female head of state
1755,brn,Brunei,1956,Never had a female head of state
1756,brn,Brunei,1957,Never had a female head of state
1757,brn,Brunei,1958,Never had a female head of state
1758,brn,Brunei,1959,Never had a female head of state
1759,brn,Brunei,1960,Never had a female head of state
1760,brn,Brunei,1961,Never had a female head of state
1761,brn,Brunei,1962,Never had a female head of state
1762,brn,Brunei,1963,Never had a female head of state
1763,brn,Brunei,1964,Never had a female head of state
1764,brn,Brunei,1965,Never had a female head of state
1765,brn,Brunei,1966,Never had a female head of state
1766,brn,Brunei,1967,Never had a female head of state
1767,brn,Brunei,1968,Never had a female head of state
1768,brn,Brunei,1969,Never had a female head of state
1769,brn,Brunei,1970,Never had a female head of state
1770,brn,Brunei,1971,Never had a female head of state
1771,brn,Brunei,1972,Never had a female head of state
1772,brn,Brunei,1973,Never had a female head of state
1773,brn,Brunei,1974,Never had a female head of state
1774,brn,Brunei,1975,Never had a female head of state
1775,brn,Brunei,1976,Never had a female head of state
1776,brn,Brunei,1977,Never had a female head of state
1777,brn,Brunei,1978,Never had a female head of state
1778,brn,Brunei,1979,Never had a female head of state
1779,brn,Brunei,1980,Never had a female head of state
1780,brn,Brunei,1981,Never had a female head of state
1781,brn,Brunei,1982,Never had a female head of state
1782,brn,Brunei,1983,Never had a female head of state
1783,brn,Brunei,1984,Never had a female head of state
1784,brn,Brunei,1985,Never had a female head of state
1785,brn,Brunei,1986,Never had a female head of state
1786,brn,Brunei,1987,Never had a female head of state
1787,brn,Brunei,1988,Never had a female head of state
1788,brn,Brunei,1989,Never had a female head of state
1789,brn,Brunei,1990,Never had a female head of state
1790,brn,Brunei,1991,Never had a female head of state
1791,brn,Brunei,1992,Never had a female head of state
1792,brn,Brunei,1993,Never had a female head of state
1793,brn,Brunei,1994,Never had a female head of state
1794,brn,Brunei,1995,Never had a female head of state
1795,brn,Brunei,1996,Never had a female head of state
1796,brn,Brunei,1997,Never had a female head of state
1797,brn,Brunei,1998,Never had a female head of state
1798,brn,Brunei,1999,Never had a female head of state
1799,brn,Brunei,2000,Never had a female head of state
1800,brn,Brunei,2001,Never had a female head of state
1801,brn,Brunei,2002,Never had a female head of state
1802,brn,Brunei,2003,Never had a female head of state
1803,brn,Brunei,2004,Never had a female head of state
1804,brn,Brunei,2005,Never had a female head of state
1805,brn,Brunei,2006,Never had a female head of state
1806,brn,Brunei,2007,Never had a female head of state
1807,brn,Brunei,2008,Never had a female head of state
1808,brn,Brunei,2009,Never had a female head of state
1809,brn,Brunei,2010,Never had a female head of state
1810,brn,Brunei,2011,Never had a female head of state
1811,brn,Brunei,2012,Never had a female head of state
1812,brn,Brunei,2013,Never had a female head of state
1813,brn,Brunei,2014,Never had a female head of state
1814,brn,Brunei,2015,Never had a female head of state
1815,brn,Brunei,2016,Never had a female head of state
1816,brn,Brunei,2017,Never had a female head of state
1817,brn,Brunei,2018,Never had a female head of state
1818,brn,Brunei,2019,Never had a female head of state
1819,brn,Brunei,2020,Never had a female head of state
1820,brn,Brunei,2021,Never had a female head of state
1821,brn,Brunei,2022,Never had a female head of state
1822,brn,Brunei,2023,Never had a female head of state
1823,brn,Brunei,2024,Never had a female head of state
1824,brn,Brunei,2025,Never had a female head of state
1825,bgr,Bulgaria,1953,Never had a female head of state
1826,bgr,Bulgaria,1954,Never had a female head of state
1827,bgr,Bulgaria,1955,Never had a female head of state
1828,bgr,Bulgaria,1956,Never had a female head of state
1829,bgr,Bulgaria,1957,Never had a female head of state
1830,bgr,Bulgaria,1958,Never had a female head of state
1831,bgr,Bulgaria,1959,Never had a female head of state
1832,bgr,Bulgaria,1960,Never had a female head of state
1833,bgr,Bulgaria,1961,Never had a female head of state
1834,bgr,Bulgaria,1962,Never had a female head of state
1835,bgr,Bulgaria,1963,Never had a female head of state
1836,bgr,Bulgaria,1964,Never had a female head of state
1837,bgr,Bulgaria,1965,Never had a female head of state
1838,bgr,Bulgaria,1966,Never had a female head of state
1839,bgr,Bulgaria,1967,Never had a female head of state
1840,bgr,Bulgaria,1968,Never had a female head of state
1841,bgr,Bulgaria,1969,Never had a female head of state
1842,bgr,Bulgaria,1970,Never had a female head of state
1843,bgr,Bulgaria,1971,Never had a female head of state
1844,bgr,Bulgaria,1972,Never had a female head of state
1845,bgr,Bulgaria,1973,Never had a female head of state
1846,bgr,Bulgaria,1974,Never had a female head of state
1847,bgr,Bulgaria,1975,Never had a female head of state
1848,bgr,Bulgaria,1976,Never had a female head of state
1849,bgr,Bulgaria,1977,Never had a female head of state
1850,bgr,Bulgaria,1978,Never had a female head of state
1851,bgr,Bulgaria,1979,Never had a female head of state
1852,bgr,Bulgaria,1980,Never had a female head of state
1853,bgr,Bulgaria,1981,Never had a female head of state
1854,bgr,Bulgaria,1982,Never had a female head of state
1855,bgr,Bulgaria,1983,Never had a female head of state
1856,bgr,Bulgaria,1984,Never had a female head of state
1857,bgr,Bulgaria,1985,Never had a female head of state
1858,bgr,Bulgaria,1986,Never had a female head of state
1859,bgr,Bulgaria,1987,Never had a female head of state
1860,bgr,Bulgaria,1988,Never had a female head of state
1861,bgr,Bulgaria,1989,Never had a female head of state
1862,bgr,Bulgaria,1990,Never had a female head of state
1863,bgr,Bulgaria,1991,Never had a female head of state
1864,bgr,Bulgaria,1992,Never had a female head of state
1865,bgr,Bulgaria,1993,Never had a female head of state
1866,bgr,Bulgaria,1994,Had a female head of state
1867,bgr,Bulgaria,1995,Had a female head of state
1868,bgr,Bulgaria,1996,Had a female head of state
1869,bgr,Bulgaria,1997,Had a female head of state
1870,bgr,Bulgaria,1998,Had a female head of state
1871,bgr,Bulgaria,1999,Had a female head of state
1872,bgr,Bulgaria,2000,Had a female head of state
1873,bgr,Bulgaria,2001,Had a female head of state
1874,bgr,Bulgaria,2002,Had a female head of state
1875,bgr,Bulgaria,2003,Had a female head of state
1876,bgr,Bulgaria,2004,Had a female head of state
1877,bgr,Bulgaria,2005,Had a female head of state
1878,bgr,Bulgaria,2006,Had a female head of state
1879,bgr,Bulgaria,2007,Had a female head of state
1880,bgr,Bulgaria,2008,Had a female head of state
1881,bgr,Bulgaria,2009,Had a female head of state
1882,bgr,Bulgaria,2010,Had a female head of state
1883,bgr,Bulgaria,2011,Had a female head of state
1884,bgr,Bulgaria,2012,Had a female head of state
1885,bgr,Bulgaria,2013,Had a female head of state
1886,bgr,Bulgaria,2014,Had a female head of state
1887,bgr,Bulgaria,2015,Had a female head of state
1888,bgr,Bulgaria,2016,Had a female head of state
1889,bgr,Bulgaria,2017,Had a female head of state
1890,bgr,Bulgaria,2018,Had a female head of state
1891,bgr,Bulgaria,2019,Had a female head of state
1892,bgr,Bulgaria,2020,Had a female head of state
1893,bgr,Bulgaria,2021,Had a female head of state
1894,bgr,Bulgaria,2022,Had a female head of state
1895,bgr,Bulgaria,2023,Had a female head of state
1896,bgr,Bulgaria,2024,Had a female head of state
1897,bgr,Bulgaria,2025,Had a female head of state
1898,bfa,Burkina Faso,1953,Never had a female head of state
1899,bfa,Burkina Faso,1954,Never had a female head of state
1900,bfa,Burkina Faso,1955,Never had a female head of state
1901,bfa,Burkina Faso,1956,Never had a female head of state
1902,bfa,Burkina Faso,1957,Never had a female head of state
1903,bfa,Burkina Faso,1958,Never had a female head of state
1904,bfa,Burkina Faso,1959,Never had a female head of state
1905,bfa,Burkina Faso,1960,Never had a female head of state
1906,bfa,Burkina Faso,1961,Never had a female head of state
1907,bfa,Burkina Faso,1962,Never had a female head of state
1908,bfa,Burkina Faso,1963,Never had a female head of state
1909,bfa,Burkina Faso,1964,Never had a female head of state
1910,bfa,Burkina Faso,1965,Never had a female head of state
1911,bfa,Burkina Faso,1966,Never had a female head of state
1912,bfa,Burkina Faso,1967,Never had a female head of state
1913,bfa,Burkina Faso,1968,Never had a female head of state
1914,bfa,Burkina Faso,1969,Never had a female head of state
1915,bfa,Burkina Faso,1970,Never had a female head of state
1916,bfa,Burkina Faso,1971,Never had a female head of state
1917,bfa,Burkina Faso,1972,Never had a female head of state
1918,bfa,Burkina Faso,1973,Never had a female head of state
1919,bfa,Burkina Faso,1974,Never had a female head of state
1920,bfa,Burkina Faso,1975,Never had a female head of state
1921,bfa,Burkina Faso,1976,Never had a female head of state
1922,bfa,Burkina Faso,1977,Never had a female head of state
1923,bfa,Burkina Faso,1978,Never had a female head of state
1924,bfa,Burkina Faso,1979,Never had a female head of state
1925,bfa,Burkina Faso,1980,Never had a female head of state
1926,bfa,Burkina Faso,1981,Never had a female head of state
1927,bfa,Burkina Faso,1982,Never had a female head of state
1928,bfa,Burkina Faso,1983,Never had a female head of state
1929,bfa,Burkina Faso,1984,Never had a female head of state
1930,bfa,Burkina Faso,1985,Never had a female head of state
1931,bfa,Burkina Faso,1986,Never had a female head of state
1932,bfa,Burkina Faso,1987,Never had a female head of state
1933,bfa,Burkina Faso,1988,Never had a female head of state
1934,bfa,Burkina Faso,1989,Never had a female head of state
1935,bfa,Burkina Faso,1990,Never had a female head of state
1936,bfa,Burkina Faso,1991,Never had a female head of state
1937,bfa,Burkina Faso,1992,Never had a female head of state
1938,bfa,Burkina Faso,1993,Never had a female head of state
1939,bfa,Burkina Faso,1994,Never had a female head of state
1940,bfa,Burkina Faso,1995,Never had a female head of state
1941,bfa,Burkina Faso,1996,Never had a female head of state
1942,bfa,Burkina Faso,1997,Never had a female head of state
1943,bfa,Burkina Faso,1998,Never had a female head of state
1944,bfa,Burkina Faso,1999,Never had a female head of state
1945,bfa,Burkina Faso,2000,Never had a female head of state
1946,bfa,Burkina Faso,2001,Never had a female head of state
1947,bfa,Burkina Faso,2002,Never had a female head of state
1948,bfa,Burkina Faso,2003,Never had a female head of state
1949,bfa,Burkina Faso,2004,Never had a female head of state
1950,bfa,Burkina Faso,2005,Never had a female head of state
1951,bfa,Burkina Faso,2006,Never had a female head of state
1952,bfa,Burkina Faso,2007,Never had a female head of state
1953,bfa,Burkina Faso,2008,Never had a female head of state
1954,bfa,Burkina Faso,2009,Never had a female head of state
1955,bfa,Burkina Faso,2010,Never had a female head of state
1956,bfa,Burkina Faso,2011,Never had a female head of state
1957,bfa,Burkina Faso,2012,Never had a female head of state
1958,bfa,Burkina Faso,2013,Never had a female head of state
1959,bfa,Burkina Faso,2014,Never had a female head of state
1960,bfa,Burkina Faso,2015,Never had a female head of state
1961,bfa,Burkina Faso,2016,Never had a female head of state
1962,bfa,Burkina Faso,2017,Never had a female head of state
1963,bfa,Burkina Faso,2018,Never had a female head of state
1964,bfa,Burkina Faso,2019,Never had a female head of state
1965,bfa,Burkina Faso,2020,Never had a female head of state
1966,bfa,Burkina Faso,2021,Never had a female head of state
1967,bfa,Burkina Faso,2022,Never had a female head of state
1968,bfa,Burkina Faso,2023,Never had a female head of state
1969,bfa,Burkina Faso,2024,Never had a female head of state
1970,bfa,Burkina Faso,2025,Never had a female head of state
1971,bdi,Burundi,1953,Never had a female head of state
1972,bdi,Burundi,1954,Never had a female head of state
1973,bdi,Burundi,1955,Never had a female head of state
1974,bdi,Burundi,1956,Never had a female head of state
1975,bdi,Burundi,1957,Never had a female head of state
1976,bdi,Burundi,1958,Never had a female head of state
1977,bdi,Burundi,1959,Never had a female head of state
1978,bdi,Burundi,1960,Never had a female head of state
1979,bdi,Burundi,1961,Never had a female head of state
1980,bdi,Burundi,1962,Never had a female head of state
1981,bdi,Burundi,1963,Never had a female head of state
1982,bdi,Burundi,1964,Never had a female head of state
1983,bdi,Burundi,1965,Never had a female head of state
1984,bdi,Burundi,1966,Never had a female head of state
1985,bdi,Burundi,1967,Never had a female head of state
1986,bdi,Burundi,1968,Never had a female head of state
1987,bdi,Burundi,1969,Never had a female head of state
1988,bdi,Burundi,1970,Never had a female head of state
1989,bdi,Burundi,1971,Never had a female head of state
1990,bdi,Burundi,1972,Never had a female head of state
1991,bdi,Burundi,1973,Never had a female head of state
1992,bdi,Burundi,1974,Never had a female head of state
1993,bdi,Burundi,1975,Never had a female head of state
1994,bdi,Burundi,1976,Never had a female head of state
1995,bdi,Burundi,1977,Never had a female head of state
1996,bdi,Burundi,1978,Never had a female head of state
1997,bdi,Burundi,1979,Never had a female head of state
1998,bdi,Burundi,1980,Never had a female head of state
1999,bdi,Burundi,1981,Never had a female head of state
2000,bdi,Burundi,1982,Never had a female head of state
2001,bdi,Burundi,1983,Never had a female head of state
2002,bdi,Burundi,1984,Never had a female head of state
2003,bdi,Burundi,1985,Never had a female head of state
2004,bdi,Burundi,1986,Never had a female head of state
2005,bdi,Burundi,1987,Never had a female head of state
2006,bdi,Burundi,1988,Never had a female head of state
2007,bdi,Burundi,1989,Never had a female head of state
2008,bdi,Burundi,1990,Never had a female head of state
2009,bdi,Burundi,1991,Never had a female head of state
2010,bdi,Burundi,1992,Never had a female head of state
2011,bdi,Burundi,1993,Had a female head of state
2012,bdi,Burundi,1994,Had a female head of state
2013,bdi,Burundi,1995,Had a female head of state
2014,bdi,Burundi,1996,Had a female head of state
2015,bdi,Burundi,1997,Had a female head of state
2016,bdi,Burundi,1998,Had a female head of state
2017,bdi,Burundi,1999,Had a female head of state
2018,bdi,Burundi,2000,Had a female head of state
2019,bdi,Burundi,2001,Had a female head of state
2020,bdi,Burundi,2002,Had a female head of state
2021,bdi,Burundi,2003,Had a female head of state
2022,bdi,Burundi,2004,Had a female head of state
2023,bdi,Burundi,2005,Had a female head of state
2024,bdi,Burundi,2006,Had a female head of state
2025,bdi,Burundi,2007,Had a female head of state
2026,bdi,Burundi,2008,Had a female head of state
2027,bdi,Burundi,2009,Had a female head of state
2028,bdi,Burundi,2010,Had a female head of state
2029,bdi,Burundi,2011,Had a female head of state
2030,bdi,Burundi,2012,Had a female head of state
2031,bdi,Burundi,2013,Had a female head of state
2032,bdi,Burundi,2014,Had a female head of state
2033,bdi,Burundi,2015,Had a female head of state
2034,bdi,Burundi,2016,Had a female head of state
2035,bdi,Burundi,2017,Had a female head of state
2036,bdi,Burundi,2018,Had a female head of state
2037,bdi,Burundi,2019,Had a female head of state
2038,bdi,Burundi,2020,Had a female head of state
2039,bdi,Burundi,2021,Had a female head of state
2040,bdi,Burundi,2022,Had a female head of state
2041,bdi,Burundi,2023,Had a female head of state
2042,bdi,Burundi,2024,Had a female head of state
2043,bdi,Burundi,2025,Had a female head of state
2044,khm,Cambodia,1953,Never had a female head of state
2045,khm,Cambodia,1954,Never had a female head of state
2046,khm,Cambodia,1955,Never had a female head of state
2047,khm,Cambodia,1956,Never had a female head of state
2048,khm,Cambodia,1957,Never had a female head of state
2049,khm,Cambodia,1958,Never had a female head of state
2050,khm,Cambodia,1959,Never had a female head of state
2051,khm,Cambodia,1960,Never had a female head of state
2052,khm,Cambodia,1961,Never had a female head of state
2053,khm,Cambodia,1962,Never had a female head of state
2054,khm,Cambodia,1963,Never had a female head of state
2055,khm,Cambodia,1964,Never had a female head of state
2056,khm,Cambodia,1965,Never had a female head of state
2057,khm,Cambodia,1966,Never had a female head of state
2058,khm,Cambodia,1967,Never had a female head of state
2059,khm,Cambodia,1968,Never had a female head of state
2060,khm,Cambodia,1969,Never had a female head of state
2061,khm,Cambodia,1970,Never had a female head of state
2062,khm,Cambodia,1971,Never had a female head of state
2063,khm,Cambodia,1972,Never had a female head of state
2064,khm,Cambodia,1973,Never had a female head of state
2065,khm,Cambodia,1974,Never had a female head of state
2066,khm,Cambodia,1975,Never had a female head of state
2067,khm,Cambodia,1976,Never had a female head of state
2068,khm,Cambodia,1977,Never had a female head of state
2069,khm,Cambodia,1978,Never had a female head of state
2070,khm,Cambodia,1979,Never had a female head of state
2071,khm,Cambodia,1980,Never had a female head of state
2072,khm,Cambodia,1981,Never had a female head of state
2073,khm,Cambodia,1982,Never had a female head of state
2074,khm,Cambodia,1983,Never had a female head of state
2075,khm,Cambodia,1984,Never had a female head of state
2076,khm,Cambodia,1985,Never had a female head of state
2077,khm,Cambodia,1986,Never had a female head of state
2078,khm,Cambodia,1987,Never had a female head of state
2079,khm,Cambodia,1988,Never had a female head of state
2080,khm,Cambodia,1989,Never had a female head of state
2081,khm,Cambodia,1990,Never had a female head of state
2082,khm,Cambodia,1991,Never had a female head of state
2083,khm,Cambodia,1992,Never had a female head of state
2084,khm,Cambodia,1993,Never had a female head of state
2085,khm,Cambodia,1994,Never had a female head of state
2086,khm,Cambodia,1995,Never had a female head of state
2087,khm,Cambodia,1996,Never had a female head of state
2088,khm,Cambodia,1997,Never had a female head of state
2089,khm,Cambodia,1998,Never had a female head of state
2090,khm,Cambodia,1999,Never had a female head of state
2091,khm,Cambodia,2000,Never had a female head of state
2092,khm,Cambodia,2001,Never had a female head of state
2093,khm,Cambodia,2002,Never had a female head of state
2094,khm,Cambodia,2003,Never had a female head of state
2095,khm,Cambodia,2004,Never had a female head of state
2096,khm,Cambodia,2005,Never had a female head of state
2097,khm,Cambodia,2006,Never had a female head of state
2098,khm,Cambodia,2007,Never had a female head of state
2099,khm,Cambodia,2008,Never had a female head of state
2100,khm,Cambodia,2009,Never had a female head of state
2101,khm,Cambodia,2010,Never had a female head of state
2102,khm,Cambodia,2011,Never had a female head of state
2103,khm,Cambodia,2012,Never had a female head of state
2104,khm,Cambodia,2013,Never had a female head of state
2105,khm,Cambodia,2014,Never had a female head of state
2106,khm,Cambodia,2015,Never had a female head of state
2107,khm,Cambodia,2016,Never had a female head of state
2108,khm,Cambodia,2017,Never had a female head of state
2109,khm,Cambodia,2018,Never had a female head of state
2110,khm,Cambodia,2019,Never had a female head of state
2111,khm,Cambodia,2020,Never had a female head of state
2112,khm,Cambodia,2021,Never had a female head of state
2113,khm,Cambodia,2022,Never had a female head of state
2114,khm,Cambodia,2023,Never had a female head of state
2115,khm,Cambodia,2024,Never had a female head of state
2116,khm,Cambodia,2025,Never had a female head of state
2117,cmr,Cameroon,1953,Never had a female head of state
2118,cmr,Cameroon,1954,Never had a female head of state
2119,cmr,Cameroon,1955,Never had a female head of state
2120,cmr,Cameroon,1956,Never had a female head of state
2121,cmr,Cameroon,1957,Never had a female head of state
2122,cmr,Cameroon,1958,Never had a female head of state
2123,cmr,Cameroon,1959,Never had a female head of state
2124,cmr,Cameroon,1960,Never had a female head of state
2125,cmr,Cameroon,1961,Never had a female head of state
2126,cmr,Cameroon,1962,Never had a female head of state
2127,cmr,Cameroon,1963,Never had a female head of state
2128,cmr,Cameroon,1964,Never had a female head of state
2129,cmr,Cameroon,1965,Never had a female head of state
2130,cmr,Cameroon,1966,Never had a female head of state
2131,cmr,Cameroon,1967,Never had a female head of state
2132,cmr,Cameroon,1968,Never had a female head of state
2133,cmr,Cameroon,1969,Never had a female head of state
2134,cmr,Cameroon,1970,Never had a female head of state
2135,cmr,Cameroon,1971,Never had a female head of state
2136,cmr,Cameroon,1972,Never had a female head of state
2137,cmr,Cameroon,1973,Never had a female head of state
2138,cmr,Cameroon,1974,Never had a female head of state
2139,cmr,Cameroon,1975,Never had a female head of state
2140,cmr,Cameroon,1976,Never had a female head of state
2141,cmr,Cameroon,1977,Never had a female head of state
2142,cmr,Cameroon,1978,Never had a female head of state
2143,cmr,Cameroon,1979,Never had a female head of state
2144,cmr,Cameroon,1980,Never had a female head of state
2145,cmr,Cameroon,1981,Never had a female head of state
2146,cmr,Cameroon,1982,Never had a female head of state
2147,cmr,Cameroon,1983,Never had a female head of state
2148,cmr,Cameroon,1984,Never had a female head of state
2149,cmr,Cameroon,1985,Never had a female head of state
2150,cmr,Cameroon,1986,Never had a female head of state
2151,cmr,Cameroon,1987,Never had a female head of state
2152,cmr,Cameroon,1988,Never had a female head of state
2153,cmr,Cameroon,1989,Never had a female head of state
2154,cmr,Cameroon,1990,Never had a female head of state
2155,cmr,Cameroon,1991,Never had a female head of state
2156,cmr,Cameroon,1992,Never had a female head of state
2157,cmr,Cameroon,1993,Never had a female head of state
2158,cmr,Cameroon,1994,Never had a female head of state
2159,cmr,Cameroon,1995,Never had a female head of state
2160,cmr,Cameroon,1996,Never had a female head of state
2161,cmr,Cameroon,1997,Never had a female head of state
2162,cmr,Cameroon,1998,Never had a female head of state
2163,cmr,Cameroon,1999,Never had a female head of state
2164,cmr,Cameroon,2000,Never had a female head of state
2165,cmr,Cameroon,2001,Never had a female head of state
2166,cmr,Cameroon,2002,Never had a female head of state
2167,cmr,Cameroon,2003,Never had a female head of state
2168,cmr,Cameroon,2004,Never had a female head of state
2169,cmr,Cameroon,2005,Never had a female head of state
2170,cmr,Cameroon,2006,Never had a female head of state
2171,cmr,Cameroon,2007,Never had a female head of state
2172,cmr,Cameroon,2008,Never had a female head of state
2173,cmr,Cameroon,2009,Never had a female head of state
2174,cmr,Cameroon,2010,Never had a female head of state
2175,cmr,Cameroon,2011,Never had a female head of state
2176,cmr,Cameroon,2012,Never had a female head of state
2177,cmr,Cameroon,2013,Never had a female head of state
2178,cmr,Cameroon,2014,Never had a female head of state
2179,cmr,Cameroon,2015,Never had a female head of state
2180,cmr,Cameroon,2016,Never had a female head of state
2181,cmr,Cameroon,2017,Never had a female head of state
2182,cmr,Cameroon,2018,Never had a female head of state
2183,cmr,Cameroon,2019,Never had a female head of state
2184,cmr,Cameroon,2020,Never had a female head of state
2185,cmr,Cameroon,2021,Never had a female head of state
2186,cmr,Cameroon,2022,Never had a female head of state
2187,cmr,Cameroon,2023,Never had a female head of state
2188,cmr,Cameroon,2024,Never had a female head of state
2189,cmr,Cameroon,2025,Never had a female head of state
2190,can,Canada,1953,Never had a female head of state
2191,can,Canada,1954,Never had a female head of state
2192,can,Canada,1955,Never had a female head of state
2193,can,Canada,1956,Never had a female head of state
2194,can,Canada,1957,Never had a female head of state
2195,can,Canada,1958,Never had a female head of state
2196,can,Canada,1959,Never had a female head of state
2197,can,Canada,1960,Never had a female head of state
2198,can,Canada,1961,Never had a female head of state
2199,can,Canada,1962,Never had a female head of state
2200,can,Canada,1963,Never had a female head of state
2201,can,Canada,1964,Never had a female head of state
2202,can,Canada,1965,Never had a female head of state
2203,can,Canada,1966,Never had a female head of state
2204,can,Canada,1967,Never had a female head of state
2205,can,Canada,1968,Never had a female head of state
2206,can,Canada,1969,Never had a female head of state
2207,can,Canada,1970,Never had a female head of state
2208,can,Canada,1971,Never had a female head of state
2209,can,Canada,1972,Never had a female head of state
2210,can,Canada,1973,Never had a female head of state
2211,can,Canada,1974,Never had a female head of state
2212,can,Canada,1975,Never had a female head of state
2213,can,Canada,1976,Never had a female head of state
2214,can,Canada,1977,Never had a female head of state
2215,can,Canada,1978,Never had a female head of state
2216,can,Canada,1979,Never had a female head of state
2217,can,Canada,1980,Never had a female head of state
2218,can,Canada,1981,Never had a female head of state
2219,can,Canada,1982,Never had a female head of state
2220,can,Canada,1983,Never had a female head of state
2221,can,Canada,1984,Never had a female head of state
2222,can,Canada,1985,Never had a female head of state
2223,can,Canada,1986,Never had a female head of state
2224,can,Canada,1987,Never had a female head of state
2225,can,Canada,1988,Never had a female head of state
2226,can,Canada,1989,Never had a female head of state
2227,can,Canada,1990,Never had a female head of state
2228,can,Canada,1991,Never had a female head of state
2229,can,Canada,1992,Never had a female head of state
2230,can,Canada,1993,Had a female head of state
2231,can,Canada,1994,Had a female head of state
2232,can,Canada,1995,Had a female head of state
2233,can,Canada,1996,Had a female head of state
2234,can,Canada,1997,Had a female head of state
2235,can,Canada,1998,Had a female head of state
2236,can,Canada,1999,Had a female head of state
2237,can,Canada,2000,Had a female head of state
2238,can,Canada,2001,Had a female head of state
2239,can,Canada,2002,Had a female head of state
2240,can,Canada,2003,Had a female head of state
2241,can,Canada,2004,Had a female head of state
2242,can,Canada,2005,Had a female head of state
2243,can,Canada,2006,Had a female head of state
2244,can,Canada,2007,Had a female head of state
2245,can,Canada,2008,Had a female head of state
2246,can,Canada,2009,Had a female head of state
2247,can,Canada,2010,Had a female head of state
2248,can,Canada,2011,Had a female head of state
2249,can,Canada,2012,Had a female head of state
2250,can,Canada,2013,Had a female head of state
2251,can,Canada,2014,Had a female head of state
2252,can,Canada,2015,Had a female head of state
2253,can,Canada,2016,Had a female head of state
2254,can,Canada,2017,Had a female head of state
2255,can,Canada,2018,Had a female head of state
2256,can,Canada,2019,Had a female head of state
2257,can,Canada,2020,Had a female head of state
2258,can,Canada,2021,Had a female head of state
2259,can,Canada,2022,Had a female head of state
2260,can,Canada,2023,Had a female head of state
2261,can,Canada,2024,Had a female head of state
2262,can,Canada,2025,Had a female head of state
2263,cpv,Cape Verde,1953,Never had a female head of state
2264,cpv,Cape Verde,1954,Never had a female head of state
2265,cpv,Cape Verde,1955,Never had a female head of state
2266,cpv,Cape Verde,1956,Never had a female head of state
2267,cpv,Cape Verde,1957,Never had a female head of state
2268,cpv,Cape Verde,1958,Never had a female head of state
2269,cpv,Cape Verde,1959,Never had a female head of state
2270,cpv,Cape Verde,1960,Never had a female head of state
2271,cpv,Cape Verde,1961,Never had a female head of state
2272,cpv,Cape Verde,1962,Never had a female head of state
2273,cpv,Cape Verde,1963,Never had a female head of state
2274,cpv,Cape Verde,1964,Never had a female head of state
2275,cpv,Cape Verde,1965,Never had a female head of state
2276,cpv,Cape Verde,1966,Never had a female head of state
2277,cpv,Cape Verde,1967,Never had a female head of state
2278,cpv,Cape Verde,1968,Never had a female head of state
2279,cpv,Cape Verde,1969,Never had a female head of state
2280,cpv,Cape Verde,1970,Never had a female head of state
2281,cpv,Cape Verde,1971,Never had a female head of state
2282,cpv,Cape Verde,1972,Never had a female head of state
2283,cpv,Cape Verde,1973,Never had a female head of state
2284,cpv,Cape Verde,1974,Never had a female head of state
2285,cpv,Cape Verde,1975,Never had a female head of state
2286,cpv,Cape Verde,1976,Never had a female head of state
2287,cpv,Cape Verde,1977,Never had a female head of state
2288,cpv,Cape Verde,1978,Never had a female head of state
2289,cpv,Cape Verde,1979,Never had a female head of state
2290,cpv,Cape Verde,1980,Never had a female head of state
2291,cpv,Cape Verde,1981,Never had a female head of state
2292,cpv,Cape Verde,1982,Never had a female head of state
2293,cpv,Cape Verde,1983,Never had a female head of state
2294,cpv,Cape Verde,1984,Never had a female head of state
2295,cpv,Cape Verde,1985,Never had a female head of state
2296,cpv,Cape Verde,1986,Never had a female head of state
2297,cpv,Cape Verde,1987,Never had a female head of state
2298,cpv,Cape Verde,1988,Never had a female head of state
2299,cpv,Cape Verde,1989,Never had a female head of state
2300,cpv,Cape Verde,1990,Never had a female head of state
2301,cpv,Cape Verde,1991,Never had a female head of state
2302,cpv,Cape Verde,1992,Never had a female head of state
2303,cpv,Cape Verde,1993,Never had a female head of state
2304,cpv,Cape Verde,1994,Never had a female head of state
2305,cpv,Cape Verde,1995,Never had a female head of state
2306,cpv,Cape Verde,1996,Never had a female head of state
2307,cpv,Cape Verde,1997,Never had a female head of state
2308,cpv,Cape Verde,1998,Never had a female head of state
2309,cpv,Cape Verde,1999,Never had a female head of state
2310,cpv,Cape Verde,2000,Never had a female head of state
2311,cpv,Cape Verde,2001,Never had a female head of state
2312,cpv,Cape Verde,2002,Never had a female head of state
2313,cpv,Cape Verde,2003,Never had a female head of state
2314,cpv,Cape Verde,2004,Never had a female head of state
2315,cpv,Cape Verde,2005,Never had a female head of state
2316,cpv,Cape Verde,2006,Never had a female head of state
2317,cpv,Cape Verde,2007,Never had a female head of state
2318,cpv,Cape Verde,2008,Never had a female head of state
2319,cpv,Cape Verde,2009,Never had a female head of state
2320,cpv,Cape Verde,2010,Never had a female head of state
2321,cpv,Cape Verde,2011,Never had a female head of state
2322,cpv,Cape Verde,2012,Never had a female head of state
2323,cpv,Cape Verde,2013,Never had a female head of state
2324,cpv,Cape Verde,2014,Never had a female head of state
2325,cpv,Cape Verde,2015,Never had a female head of state
2326,cpv,Cape Verde,2016,Never had a female head of state
2327,cpv,Cape Verde,2017,Never had a female head of state
2328,cpv,Cape Verde,2018,Never had a female head of state
2329,cpv,Cape Verde,2019,Never had a female head of state
2330,cpv,Cape Verde,2020,Never had a female head of state
2331,cpv,Cape Verde,2021,Never had a female head of state
2332,cpv,Cape Verde,2022,Never had a female head of state
2333,cpv,Cape Verde,2023,Never had a female head of state
2334,cpv,Cape Verde,2024,Never had a female head of state
2335,cpv,Cape Verde,2025,Never had a female head of state
2336,caf,Central African Republic,1953,Never had a female head of state
2337,caf,Central African Republic,1954,Never had a female head of state
2338,caf,Central African Republic,1955,Never had a female head of state
2339,caf,Central African Republic,1956,Never had a female head of state
2340,caf,Central African Republic,1957,Never had a female head of state
2341,caf,Central African Republic,1958,Never had a female head of state
2342,caf,Central African Republic,1959,Never had a female head of state
2343,caf,Central African Republic,1960,Never had a female head of state
2344,caf,Central African Republic,1961,Never had a female head of state
2345,caf,Central African Republic,1962,Never had a female head of state
2346,caf,Central African Republic,1963,Never had a female head of state
2347,caf,Central African Republic,1964,Never had a female head of state
2348,caf,Central African Republic,1965,Never had a female head of state
2349,caf,Central African Republic,1966,Never had a female head of state
2350,caf,Central African Republic,1967,Never had a female head of state
2351,caf,Central African Republic,1968,Never had a female head of state
2352,caf,Central African Republic,1969,Never had a female head of state
2353,caf,Central African Republic,1970,Never had a female head of state
2354,caf,Central African Republic,1971,Never had a female head of state
2355,caf,Central African Republic,1972,Never had a female head of state
2356,caf,Central African Republic,1973,Never had a female head of state
2357,caf,Central African Republic,1974,Never had a female head of state
2358,caf,Central African Republic,1975,Had a female head of state
2359,caf,Central African Republic,1976,Had a female head of state
2360,caf,Central African Republic,1977,Had a female head of state
2361,caf,Central African Republic,1978,Had a female head of state
2362,caf,Central African Republic,1979,Had a female head of state
2363,caf,Central African Republic,1980,Had a female head of state
2364,caf,Central African Republic,1981,Had a female head of state
2365,caf,Central African Republic,1982,Had a female head of state
2366,caf,Central African Republic,1983,Had a female head of state
2367,caf,Central African Republic,1984,Had a female head of state
2368,caf,Central African Republic,1985,Had a female head of state
2369,caf,Central African Republic,1986,Had a female head of state
2370,caf,Central African Republic,1987,Had a female head of state
2371,caf,Central African Republic,1988,Had a female head of state
2372,caf,Central African Republic,1989,Had a female head of state
2373,caf,Central African Republic,1990,Had a female head of state
2374,caf,Central African Republic,1991,Had a female head of state
2375,caf,Central African Republic,1992,Had a female head of state
2376,caf,Central African Republic,1993,Had a female head of state
2377,caf,Central African Republic,1994,Had a female head of state
2378,caf,Central African Republic,1995,Had a female head of state
2379,caf,Central African Republic,1996,Had a female head of state
2380,caf,Central African Republic,1997,Had a female head of state
2381,caf,Central African Republic,1998,Had a female head of state
2382,caf,Central African Republic,1999,Had a female head of state
2383,caf,Central African Republic,2000,Had a female head of state
2384,caf,Central African Republic,2001,Had a female head of state
2385,caf,Central African Republic,2002,Had a female head of state
2386,caf,Central African Republic,2003,Had a female head of state
2387,caf,Central African Republic,2004,Had a female head of state
2388,caf,Central African Republic,2005,Had a female head of state
2389,caf,Central African Republic,2006,Had a female head of state
2390,caf,Central African Republic,2007,Had a female head of state
2391,caf,Central African Republic,2008,Had a female head of state
2392,caf,Central African Republic,2009,Had a female head of state
2393,caf,Central African Republic,2010,Had a female head of state
2394,caf,Central African Republic,2011,Had a female head of state
2395,caf,Central African Republic,2012,Had a female head of state
2396,caf,Central African Republic,2013,Had a female head of state
2397,caf,Central African Republic,2014,Had a female head of state
2398,caf,Central African Republic,2015,Had a female head of state
2399,caf,Central African Republic,2016,Had a female head of state
2400,caf,Central African Republic,2017,Had a female head of state
2401,caf,Central African Republic,2018,Had a female head of state
2402,caf,Central African Republic,2019,Had a female head of state
2403,caf,Central African Republic,2020,Had a female head of state
2404,caf,Central African Republic,2021,Had a female head of state
2405,caf,Central African Republic,2022,Had a female head of state
2406,caf,Central African Republic,2023,Had a female head of state
2407,caf,Central African Republic,2024,Had a female head of state
2408,caf,Central African Republic,2025,Had a female head of state
2409,tcd,Chad,1953,Never had a female head of state
2410,tcd,Chad,1954,Never had a female head of state
2411,tcd,Chad,1955,Never had a female head of state
2412,tcd,Chad,1956,Never had a female head of state
2413,tcd,Chad,1957,Never had a female head of state
2414,tcd,Chad,1958,Never had a female head of state
2415,tcd,Chad,1959,Never had a female head of state
2416,tcd,Chad,1960,Never had a female head of state
2417,tcd,Chad,1961,Never had a female head of state
2418,tcd,Chad,1962,Never had a female head of state
2419,tcd,Chad,1963,Never had a female head of state
2420,tcd,Chad,1964,Never had a female head of state
2421,tcd,Chad,1965,Never had a female head of state
2422,tcd,Chad,1966,Never had a female head of state
2423,tcd,Chad,1967,Never had a female head of state
2424,tcd,Chad,1968,Never had a female head of state
2425,tcd,Chad,1969,Never had a female head of state
2426,tcd,Chad,1970,Never had a female head of state
2427,tcd,Chad,1971,Never had a female head of state
2428,tcd,Chad,1972,Never had a female head of state
2429,tcd,Chad,1973,Never had a female head of state
2430,tcd,Chad,1974,Never had a female head of state
2431,tcd,Chad,1975,Never had a female head of state
2432,tcd,Chad,1976,Never had a female head of state
2433,tcd,Chad,1977,Never had a female head of state
2434,tcd,Chad,1978,Never had a female head of state
2435,tcd,Chad,1979,Never had a female head of state
2436,tcd,Chad,1980,Never had a female head of state
2437,tcd,Chad,1981,Never had a female head of state
2438,tcd,Chad,1982,Never had a female head of state
2439,tcd,Chad,1983,Never had a female head of state
2440,tcd,Chad,1984,Never had a female head of state
2441,tcd,Chad,1985,Never had a female head of state
2442,tcd,Chad,1986,Never had a female head of state
2443,tcd,Chad,1987,Never had a female head of state
2444,tcd,Chad,1988,Never had a female head of state
2445,tcd,Chad,1989,Never had a female head of state
2446,tcd,Chad,1990,Never had a female head of state
2447,tcd,Chad,1991,Never had a female head of state
2448,tcd,Chad,1992,Never had a female head of state
2449,tcd,Chad,1993,Never had a female head of state
2450,tcd,Chad,1994,Never had a female head of state
2451,tcd,Chad,1995,Never had a female head of state
2452,tcd,Chad,1996,Never had a female head of state
2453,tcd,Chad,1997,Never had a female head of state
2454,tcd,Chad,1998,Never had a female head of state
2455,tcd,Chad,1999,Never had a female head of state
2456,tcd,Chad,2000,Never had a female head of state
2457,tcd,Chad,2001,Never had a female head of state
2458,tcd,Chad,2002,Never had a female head of state
2459,tcd,Chad,2003,Never had a female head of state
2460,tcd,Chad,2004,Never had a female head of state
2461,tcd,Chad,2005,Never had a female head of state
2462,tcd,Chad,2006,Never had a female head of state
2463,tcd,Chad,2007,Never had a female head of state
2464,tcd,Chad,2008,Never had a female head of state
2465,tcd,Chad,2009,Never had a female head of state
2466,tcd,Chad,2010,Never had a female head of state
2467,tcd,Chad,2011,Never had a female head of state
2468,tcd,Chad,2012,Never had a female head of state
2469,tcd,Chad,2013,Never had a female head of state
2470,tcd,Chad,2014,Never had a female head of state
2471,tcd,Chad,2015,Never had a female head of state
2472,tcd,Chad,2016,Never had a female head of state
2473,tcd,Chad,2017,Never had a female head of state
2474,tcd,Chad,2018,Never had a female head of state
2475,tcd,Chad,2019,Never had a female head of state
2476,tcd,Chad,2020,Never had a female head of state
2477,tcd,Chad,2021,Never had a female head of state
2478,tcd,Chad,2022,Never had a female head of state
2479,tcd,Chad,2023,Never had a female head of state
2480,tcd,Chad,2024,Never had a female head of state
2481,tcd,Chad,2025,Never had a female head of state
2482,chl,Chile,1953,Never had a female head of state
2483,chl,Chile,1954,Never had a female head of state
2484,chl,Chile,1955,Never had a female head of state
2485,chl,Chile,1956,Never had a female head of state
2486,chl,Chile,1957,Never had a female head of state
2487,chl,Chile,1958,Never had a female head of state
2488,chl,Chile,1959,Never had a female head of state
2489,chl,Chile,1960,Never had a female head of state
2490,chl,Chile,1961,Never had a female head of state
2491,chl,Chile,1962,Never had a female head of state
2492,chl,Chile,1963,Never had a female head of state
2493,chl,Chile,1964,Never had a female head of state
2494,chl,Chile,1965,Never had a female head of state
2495,chl,Chile,1966,Never had a female head of state
2496,chl,Chile,1967,Never had a female head of state
2497,chl,Chile,1968,Never had a female head of state
2498,chl,Chile,1969,Never had a female head of state
2499,chl,Chile,1970,Never had a female head of state
2500,chl,Chile,1971,Never had a female head of state
2501,chl,Chile,1972,Never had a female head of state
2502,chl,Chile,1973,Never had a female head of state
2503,chl,Chile,1974,Never had a female head of state
2504,chl,Chile,1975,Never had a female head of state
2505,chl,Chile,1976,Never had a female head of state
2506,chl,Chile,1977,Never had a female head of state
2507,chl,Chile,1978,Never had a female head of state
2508,chl,Chile,1979,Never had a female head of state
2509,chl,Chile,1980,Never had a female head of state
2510,chl,Chile,1981,Never had a female head of state
2511,chl,Chile,1982,Never had a female head of state
2512,chl,Chile,1983,Never had a female head of state
2513,chl,Chile,1984,Never had a female head of state
2514,chl,Chile,1985,Never had a female head of state
2515,chl,Chile,1986,Never had a female head of state
2516,chl,Chile,1987,Never had a female head of state
2517,chl,Chile,1988,Never had a female head of state
2518,chl,Chile,1989,Never had a female head of state
2519,chl,Chile,1990,Never had a female head of state
2520,chl,Chile,1991,Never had a female head of state
2521,chl,Chile,1992,Never had a female head of state
2522,chl,Chile,1993,Never had a female head of state
2523,chl,Chile,1994,Never had a female head of state
2524,chl,Chile,1995,Never had a female head of state
2525,chl,Chile,1996,Never had a female head of state
2526,chl,Chile,1997,Never had a female head of state
2527,chl,Chile,1998,Never had a female head of state
2528,chl,Chile,1999,Never had a female head of state
2529,chl,Chile,2000,Never had a female head of state
2530,chl,Chile,2001,Never had a female head of state
2531,chl,Chile,2002,Never had a female head of state
2532,chl,Chile,2003,Never had a female head of state
2533,chl,Chile,2004,Never had a female head of state
2534,chl,Chile,2005,Never had a female head of state
2535,chl,Chile,2006,Had a female head of state
2536,chl,Chile,2007,Had a female head of state
2537,chl,Chile,2008,Had a female head of state
2538,chl,Chile,2009,Had a female head of state
2539,chl,Chile,2010,Had a female head of state
2540,chl,Chile,2011,Had a female head of state
2541,chl,Chile,2012,Had a female head of state
2542,chl,Chile,2013,Had a female head of state
2543,chl,Chile,2014,Had a female head of state
2544,chl,Chile,2015,Had a female head of state
2545,chl,Chile,2016,Had a female head of state
2546,chl,Chile,2017,Had a female head of state
2547,chl,Chile,2018,Had a female head of state
2548,chl,Chile,2019,Had a female head of state
2549,chl,Chile,2020,Had a female head of state
2550,chl,Chile,2021,Had a female head of state
2551,chl,Chile,2022,Had a female head of state
2552,chl,Chile,2023,Had a female head of state
2553,chl,Chile,2024,Had a female head of state
2554,chl,Chile,2025,Had a female head of state
2555,chn,China,1953,Never had a female head of state
2556,chn,China,1954,Never had a female head of state
2557,chn,China,1955,Never had a female head of state
2558,chn,China,1956,Never had a female head of state
2559,chn,China,1957,Never had a female head of state
2560,chn,China,1958,Never had a female head of state
2561,chn,China,1959,Never had a female head of state
2562,chn,China,1960,Never had a female head of state
2563,chn,China,1961,Never had a female head of state
2564,chn,China,1962,Never had a female head of state
2565,chn,China,1963,Never had a female head of state
2566,chn,China,1964,Never had a female head of state
2567,chn,China,1965,Never had a female head of state
2568,chn,China,1966,Never had a female head of state
2569,chn,China,1967,Never had a female head of state
2570,chn,China,1968,Had a female head of state
2571,chn,China,1969,Had a female head of state
2572,chn,China,1970,Had a female head of state
2573,chn,China,1971,Had a female head of state
2574,chn,China,1972,Had a female head of state
2575,chn,China,1973,Had a female head of state
2576,chn,China,1974,Had a female head of state
2577,chn,China,1975,Had a female head of state
2578,chn,China,1976,Had a female head of state
2579,chn,China,1977,Had a female head of state
2580,chn,China,1978,Had a female head of state
2581,chn,China,1979,Had a female head of state
2582,chn,China,1980,Had a female head of state
2583,chn,China,1981,Had a female head of state
2584,chn,China,1982,Had a female head of state
2585,chn,China,1983,Had a female head of state
2586,chn,China,1984,Had a female head of state
2587,chn,China,1985,Had a female head of state
2588,chn,China,1986,Had a female head of state
2589,chn,China,1987,Had a female head of state
2590,chn,China,1988,Had a female head of state
2591,chn,China,1989,Had a female head of state
2592,chn,China,1990,Had a female head of state
2593,chn,China,1991,Had a female head of state
2594,chn,China,1992,Had a female head of state
2595,chn,China,1993,Had a female head of state
2596,chn,China,1994,Had a female head of state
2597,chn,China,1995,Had a female head of state
2598,chn,China,1996,Had a female head of state
2599,chn,China,1997,Had a female head of state
2600,chn,China,1998,Had a female head of state
2601,chn,China,1999,Had a female head of state
2602,chn,China,2000,Had a female head of state
2603,chn,China,2001,Had a female head of state
2604,chn,China,2002,Had a female head of state
2605,chn,China,2003,Had a female head of state
2606,chn,China,2004,Had a female head of state
2607,chn,China,2005,Had a female head of state
2608,chn,China,2006,Had a female head of state
2609,chn,China,2007,Had a female head of state
2610,chn,China,2008,Had a female head of state
2611,chn,China,2009,Had a female head of state
2612,chn,China,2010,Had a female head of state
2613,chn,China,2011,Had a female head of state
2614,chn,China,2012,Had a female head of state
2615,chn,China,2013,Had a female head of state
2616,chn,China,2014,Had a female head of state
2617,chn,China,2015,Had a female head of state
2618,chn,China,2016,Had a female head of state
2619,chn,China,2017,Had a female head of state
2620,chn,China,2018,Had a female head of state
2621,chn,China,2019,Had a female head of state
2622,chn,China,2020,Had a female head of state
2623,chn,China,2021,Had a female head of state
2624,chn,China,2022,Had a female head of state
2625,chn,China,2023,Had a female head of state
2626,chn,China,2024,Had a female head of state
2627,chn,China,2025,Had a female head of state
2628,col,Colombia,1953,Never had a female head of state
2629,col,Colombia,1954,Never had a female head of state
2630,col,Colombia,1955,Never had a female head of state
2631,col,Colombia,1956,Never had a female head of state
2632,col,Colombia,1957,Never had a female head of state
2633,col,Colombia,1958,Never had a female head of state
2634,col,Colombia,1959,Never had a female head of state
2635,col,Colombia,1960,Never had a female head of state
2636,col,Colombia,1961,Never had a female head of state
2637,col,Colombia,1962,Never had a female head of state
2638,col,Colombia,1963,Never had a female head of state
2639,col,Colombia,1964,Never had a female head of state
2640,col,Colombia,1965,Never had a female head of state
2641,col,Colombia,1966,Never had a female head of state
2642,col,Colombia,1967,Never had a female head of state
2643,col,Colombia,1968,Never had a female head of state
2644,col,Colombia,1969,Never had a female head of state
2645,col,Colombia,1970,Never had a female head of state
2646,col,Colombia,1971,Never had a female head of state
2647,col,Colombia,1972,Never had a female head of state
2648,col,Colombia,1973,Never had a female head of state
2649,col,Colombia,1974,Never had a female head of state
2650,col,Colombia,1975,Never had a female head of state
2651,col,Colombia,1976,Never had a female head of state
2652,col,Colombia,1977,Never had a female head of state
2653,col,Colombia,1978,Never had a female head of state
2654,col,Colombia,1979,Never had a female head of state
2655,col,Colombia,1980,Never had a female head of state
2656,col,Colombia,1981,Never had a female head of state
2657,col,Colombia,1982,Never had a female head of state
2658,col,Colombia,1983,Never had a female head of state
2659,col,Colombia,1984,Never had a female head of state
2660,col,Colombia,1985,Never had a female head of state
2661,col,Colombia,1986,Never had a female head of state
2662,col,Colombia,1987,Never had a female head of state
2663,col,Colombia,1988,Never had a female head of state
2664,col,Colombia,1989,Never had a female head of state
2665,col,Colombia,1990,Never had a female head of state
2666,col,Colombia,1991,Never had a female head of state
2667,col,Colombia,1992,Never had a female head of state
2668,col,Colombia,1993,Never had a female head of state
2669,col,Colombia,1994,Never had a female head of state
2670,col,Colombia,1995,Never had a female head of state
2671,col,Colombia,1996,Never had a female head of state
2672,col,Colombia,1997,Never had a female head of state
2673,col,Colombia,1998,Never had a female head of state
2674,col,Colombia,1999,Never had a female head of state
2675,col,Colombia,2000,Never had a female head of state
2676,col,Colombia,2001,Never had a female head of state
2677,col,Colombia,2002,Never had a female head of state
2678,col,Colombia,2003,Never had a female head of state
2679,col,Colombia,2004,Never had a female head of state
2680,col,Colombia,2005,Never had a female head of state
2681,col,Colombia,2006,Never had a female head of state
2682,col,Colombia,2007,Never had a female head of state
2683,col,Colombia,2008,Never had a female head of state
2684,col,Colombia,2009,Never had a female head of state
2685,col,Colombia,2010,Never had a female head of state
2686,col,Colombia,2011,Never had a female head of state
2687,col,Colombia,2012,Never had a female head of state
2688,col,Colombia,2013,Never had a female head of state
2689,col,Colombia,2014,Never had a female head of state
2690,col,Colombia,2015,Never had a female head of state
2691,col,Colombia,2016,Never had a female head of state
2692,col,Colombia,2017,Never had a female head of state
2693,col,Colombia,2018,Never had a female head of state
2694,col,Colombia,2019,Never had a female head of state
2695,col,Colombia,2020,Never had a female head of state
2696,col,Colombia,2021,Never had a female head of state
2697,col,Colombia,2022,Never had a female head of state
2698,col,Colombia,2023,Never had a female head of state
2699,col,Colombia,2024,Never had a female head of state
2700,col,Colombia,2025,Never had a female head of state
2701,com,Comoros,1953,Never had a female head of state
2702,com,Comoros,1954,Never had a female head of state
2703,com,Comoros,1955,Never had a female head of state
2704,com,Comoros,1956,Never had a female head of state
2705,com,Comoros,1957,Never had a female head of state
2706,com,Comoros,1958,Never had a female head of state
2707,com,Comoros,1959,Never had a female head of state
2708,com,Comoros,1960,Never had a female head of state
2709,com,Comoros,1961,Never had a female head of state
2710,com,Comoros,1962,Never had a female head of state
2711,com,Comoros,1963,Never had a female head of state
2712,com,Comoros,1964,Never had a female head of state
2713,com,Comoros,1965,Never had a female head of state
2714,com,Comoros,1966,Never had a female head of state
2715,com,Comoros,1967,Never had a female head of state
2716,com,Comoros,1968,Never had a female head of state
2717,com,Comoros,1969,Never had a female head of state
2718,com,Comoros,1970,Never had a female head of state
2719,com,Comoros,1971,Never had a female head of state
2720,com,Comoros,1972,Never had a female head of state
2721,com,Comoros,1973,Never had a female head of state
2722,com,Comoros,1974,Never had a female head of state
2723,com,Comoros,1975,Never had a female head of state
2724,com,Comoros,1976,Never had a female head of state
2725,com,Comoros,1977,Never had a female head of state
2726,com,Comoros,1978,Never had a female head of state
2727,com,Comoros,1979,Never had a female head of state
2728,com,Comoros,1980,Never had a female head of state
2729,com,Comoros,1981,Never had a female head of state
2730,com,Comoros,1982,Never had a female head of state
2731,com,Comoros,1983,Never had a female head of state
2732,com,Comoros,1984,Never had a female head of state
2733,com,Comoros,1985,Never had a female head of state
2734,com,Comoros,1986,Never had a female head of state
2735,com,Comoros,1987,Never had a female head of state
2736,com,Comoros,1988,Never had a female head of state
2737,com,Comoros,1989,Never had a female head of state
2738,com,Comoros,1990,Never had a female head of state
2739,com,Comoros,1991,Never had a female head of state
2740,com,Comoros,1992,Never had a female head of state
2741,com,Comoros,1993,Never had a female head of state
2742,com,Comoros,1994,Never had a female head of state
2743,com,Comoros,1995,Never had a female head of state
2744,com,Comoros,1996,Never had a female head of state
2745,com,Comoros,1997,Never had a female head of state
2746,com,Comoros,1998,Never had a female head of state
2747,com,Comoros,1999,Never had a female head of state
2748,com,Comoros,2000,Never had a female head of state
2749,com,Comoros,2001,Never had a female head of state
2750,com,Comoros,2002,Never had a female head of state
2751,com,Comoros,2003,Never had a female head of state
2752,com,Comoros,2004,Never had a female head of state
2753,com,Comoros,2005,Never had a female head of state
2754,com,Comoros,2006,Never had a female head of state
2755,com,Comoros,2007,Never had a female head of state
2756,com,Comoros,2008,Never had a female head of state
2757,com,Comoros,2009,Never had a female head of state
2758,com,Comoros,2010,Never had a female head of state
2759,com,Comoros,2011,Never had a female head of state
2760,com,Comoros,2012,Never had a female head of state
2761,com,Comoros,2013,Never had a female head of state
2762,com,Comoros,2014,Never had a female head of state
2763,com,Comoros,2015,Never had a female head of state
2764,com,Comoros,2016,Never had a female head of state
2765,com,Comoros,2017,Never had a female head of state
2766,com,Comoros,2018,Never had a female head of state
2767,com,Comoros,2019,Never had a female head of state
2768,com,Comoros,2020,Never had a female head of state
2769,com,Comoros,2021,Never had a female head of state
2770,com,Comoros,2022,Never had a female head of state
2771,com,Comoros,2023,Never had a female head of state
2772,com,Comoros,2024,Never had a female head of state
2773,com,Comoros,2025,Never had a female head of state
2774,cod,"Congo, Dem. Rep.",1953,Never had a female head of state
2775,cod,"Congo, Dem. Rep.",1954,Never had a female head of state
2776,cod,"Congo, Dem. Rep.",1955,Never had a female head of state
2777,cod,"Congo, Dem. Rep.",1956,Never had a female head of state
2778,cod,"Congo, Dem. Rep.",1957,Never had a female head of state
2779,cod,"Congo, Dem. Rep.",1958,Never had a female head of state
2780,cod,"Congo, Dem. Rep.",1959,Never had a female head of state
2781,cod,"Congo, Dem. Rep.",1960,Never had a female head of state
2782,cod,"Congo, Dem. Rep.",1961,Never had a female head of state
2783,cod,"Congo, Dem. Rep.",1962,Never had a female head of state
2784,cod,"Congo, Dem. Rep.",1963,Never had a female head of state
2785,cod,"Congo, Dem. Rep.",1964,Never had a female head of state
2786,cod,"Congo, Dem. Rep.",1965,Never had a female head of state
2787,cod,"Congo, Dem. Rep.",1966,Never had a female head of state
2788,cod,"Congo, Dem. Rep.",1967,Never had a female head of state
2789,cod,"Congo, Dem. Rep.",1968,Never had a female head of state
2790,cod,"Congo, Dem. Rep.",1969,Never had a female head of state
2791,cod,"Congo, Dem. Rep.",1970,Never had a female head of state
2792,cod,"Congo, Dem. Rep.",1971,Never had a female head of state
2793,cod,"Congo, Dem. Rep.",1972,Never had a female head of state
2794,cod,"Congo, Dem. Rep.",1973,Never had a female head of state
2795,cod,"Congo, Dem. Rep.",1974,Never had a female head of state
2796,cod,"Congo, Dem. Rep.",1975,Never had a female head of state
2797,cod,"Congo, Dem. Rep.",1976,Never had a female head of state
2798,cod,"Congo, Dem. Rep.",1977,Never had a female head of state
2799,cod,"Congo, Dem. Rep.",1978,Never had a female head of state
2800,cod,"Congo, Dem. Rep.",1979,Never had a female head of state
2801,cod,"Congo, Dem. Rep.",1980,Never had a female head of state
2802,cod,"Congo, Dem. Rep.",1981,Never had a female head of state
2803,cod,"Congo, Dem. Rep.",1982,Never had a female head of state
2804,cod,"Congo, Dem. Rep.",1983,Never had a female head of state
2805,cod,"Congo, Dem. Rep.",1984,Never had a female head of state
2806,cod,"Congo, Dem. Rep.",1985,Never had a female head of state
2807,cod,"Congo, Dem. Rep.",1986,Never had a female head of state
2808,cod,"Congo, Dem. Rep.",1987,Never had a female head of state
2809,cod,"Congo, Dem. Rep.",1988,Never had a female head of state
2810,cod,"Congo, Dem. Rep.",1989,Never had a female head of state
2811,cod,"Congo, Dem. Rep.",1990,Never had a female head of state
2812,cod,"Congo, Dem. Rep.",1991,Never had a female head of state
2813,cod,"Congo, Dem. Rep.",1992,Never had a female head of state
2814,cod,"Congo, Dem. Rep.",1993,Never had a female head of state
2815,cod,"Congo, Dem. Rep.",1994,Never had a female head of state
2816,cod,"Congo, Dem. Rep.",1995,Never had a female head of state
2817,cod,"Congo, Dem. Rep.",1996,Never had a female head of state
2818,cod,"Congo, Dem. Rep.",1997,Never had a female head of state
2819,cod,"Congo, Dem. Rep.",1998,Never had a female head of state
2820,cod,"Congo, Dem. Rep.",1999,Never had a female head of state
2821,cod,"Congo, Dem. Rep.",2000,Never had a female head of state
2822,cod,"Congo, Dem. Rep.",2001,Never had a female head of state
2823,cod,"Congo, Dem. Rep.",2002,Never had a female head of state
2824,cod,"Congo, Dem. Rep.",2003,Never had a female head of state
2825,cod,"Congo, Dem. Rep.",2004,Never had a female head of state
2826,cod,"Congo, Dem. Rep.",2005,Never had a female head of state
2827,cod,"Congo, Dem. Rep.",2006,Never had a female head of state
2828,cod,"Congo, Dem. Rep.",2007,Never had a female head of state
2829,cod,"Congo, Dem. Rep.",2008,Never had a female head of state
2830,cod,"Congo, Dem. Rep.",2009,Never had a female head of state
2831,cod,"Congo, Dem. Rep.",2010,Never had a female head of state
2832,cod,"Congo, Dem. Rep.",2011,Never had a female head of state
2833,cod,"Congo, Dem. Rep.",2012,Never had a female head of state
2834,cod,"Congo, Dem. Rep.",2013,Never had a female head of state
2835,cod,"Congo, Dem. Rep.",2014,Never had a female head of state
2836,cod,"Congo, Dem. Rep.",2015,Never had a female head of state
2837,cod,"Congo, Dem. Rep.",2016,Never had a female head of state
2838,cod,"Congo, Dem. Rep.",2017,Never had a female head of state
2839,cod,"Congo, Dem. Rep.",2018,Never had a female head of state
2840,cod,"Congo, Dem. Rep.",2019,Never had a female head of state
2841,cod,"Congo, Dem. Rep.",2020,Never had a female head of state
2842,cod,"Congo, Dem. Rep.",2021,Never had a female head of state
2843,cod,"Congo, Dem. Rep.",2022,Never had a female head of state
2844,cod,"Congo, Dem. Rep.",2023,Never had a female head of state
2845,cod,"Congo, Dem. Rep.",2024,Had a female head of state
2846,cod,"Congo, Dem. Rep.",2025,Had a female head of state
2847,cog,"Congo, Rep.",1953,Never had a female head of state
2848,cog,"Congo, Rep.",1954,Never had a female head of state
2849,cog,"Congo, Rep.",1955,Never had a female head of state
2850,cog,"Congo, Rep.",1956,Never had a female head of state
2851,cog,"Congo, Rep.",1957,Never had a female head of state
2852,cog,"Congo, Rep.",1958,Never had a female head of state
2853,cog,"Congo, Rep.",1959,Never had a female head of state
2854,cog,"Congo, Rep.",1960,Never had a female head of state
2855,cog,"Congo, Rep.",1961,Never had a female head of state
2856,cog,"Congo, Rep.",1962,Never had a female head of state
2857,cog,"Congo, Rep.",1963,Never had a female head of state
2858,cog,"Congo, Rep.",1964,Never had a female head of state
2859,cog,"Congo, Rep.",1965,Never had a female head of state
2860,cog,"Congo, Rep.",1966,Never had a female head of state
2861,cog,"Congo, Rep.",1967,Never had a female head of state
2862,cog,"Congo, Rep.",1968,Never had a female head of state
2863,cog,"Congo, Rep.",1969,Never had a female head of state
2864,cog,"Congo, Rep.",1970,Never had a female head of state
2865,cog,"Congo, Rep.",1971,Never had a female head of state
2866,cog,"Congo, Rep.",1972,Never had a female head of state
2867,cog,"Congo, Rep.",1973,Never had a female head of state
2868,cog,"Congo, Rep.",1974,Never had a female head of state
2869,cog,"Congo, Rep.",1975,Never had a female head of state
2870,cog,"Congo, Rep.",1976,Never had a female head of state
2871,cog,"Congo, Rep.",1977,Never had a female head of state
2872,cog,"Congo, Rep.",1978,Never had a female head of state
2873,cog,"Congo, Rep.",1979,Never had a female head of state
2874,cog,"Congo, Rep.",1980,Never had a female head of state
2875,cog,"Congo, Rep.",1981,Never had a female head of state
2876,cog,"Congo, Rep.",1982,Never had a female head of state
2877,cog,"Congo, Rep.",1983,Never had a female head of state
2878,cog,"Congo, Rep.",1984,Never had a female head of state
2879,cog,"Congo, Rep.",1985,Never had a female head of state
2880,cog,"Congo, Rep.",1986,Never had a female head of state
2881,cog,"Congo, Rep.",1987,Never had a female head of state
2882,cog,"Congo, Rep.",1988,Never had a female head of state
2883,cog,"Congo, Rep.",1989,Never had a female head of state
2884,cog,"Congo, Rep.",1990,Never had a female head of state
2885,cog,"Congo, Rep.",1991,Never had a female head of state
2886,cog,"Congo, Rep.",1992,Never had a female head of state
2887,cog,"Congo, Rep.",1993,Never had a female head of state
2888,cog,"Congo, Rep.",1994,Never had a female head of state
2889,cog,"Congo, Rep.",1995,Never had a female head of state
2890,cog,"Congo, Rep.",1996,Never had a female head of state
2891,cog,"Congo, Rep.",1997,Never had a female head of state
2892,cog,"Congo, Rep.",1998,Never had a female head of state
2893,cog,"Congo, Rep.",1999,Never had a female head of state
2894,cog,"Congo, Rep.",2000,Never had a female head of state
2895,cog,"Congo, Rep.",2001,Never had a female head of state
2896,cog,"Congo, Rep.",2002,Never had a female head of state
2897,cog,"Congo, Rep.",2003,Never had a female head of state
2898,cog,"Congo, Rep.",2004,Never had a female head of state
2899,cog,"Congo, Rep.",2005,Never had a female head of state
2900,cog,"Congo, Rep.",2006,Never had a female head of state
2901,cog,"Congo, Rep.",2007,Never had a female head of state
2902,cog,"Congo, Rep.",2008,Never had a female head of state
2903,cog,"Congo, Rep.",2009,Never had a female head of state
2904,cog,"Congo, Rep.",2010,Never had a female head of state
2905,cog,"Congo, Rep.",2011,Never had a female head of state
2906,cog,"Congo, Rep.",2012,Never had a female head of state
2907,cog,"Congo, Rep.",2013,Never had a female head of state
2908,cog,"Congo, Rep.",2014,Never had a female head of state
2909,cog,"Congo, Rep.",2015,Never had a female head of state
2910,cog,"Congo, Rep.",2016,Never had a female head of state
2911,cog,"Congo, Rep.",2017,Never had a female head of state
2912,cog,"Congo, Rep.",2018,Never had a female head of state
2913,cog,"Congo, Rep.",2019,Never had a female head of state
2914,cog,"Congo, Rep.",2020,Never had a female head of state
2915,cog,"Congo, Rep.",2021,Never had a female head of state
2916,cog,"Congo, Rep.",2022,Never had a female head of state
2917,cog,"Congo, Rep.",2023,Never had a female head of state
2918,cog,"Congo, Rep.",2024,Never had a female head of state
2919,cog,"Congo, Rep.",2025,Never had a female head of state
2920,cri,Costa Rica,1953,Never had a female head of state
2921,cri,Costa Rica,1954,Never had a female head of state
2922,cri,Costa Rica,1955,Never had a female head of state
2923,cri,Costa Rica,1956,Never had a female head of state
2924,cri,Costa Rica,1957,Never had a female head of state
2925,cri,Costa Rica,1958,Never had a female head of state
2926,cri,Costa Rica,1959,Never had a female head of state
2927,cri,Costa Rica,1960,Never had a female head of state
2928,cri,Costa Rica,1961,Never had a female head of state
2929,cri,Costa Rica,1962,Never had a female head of state
2930,cri,Costa Rica,1963,Never had a female head of state
2931,cri,Costa Rica,1964,Never had a female head of state
2932,cri,Costa Rica,1965,Never had a female head of state
2933,cri,Costa Rica,1966,Never had a female head of state
2934,cri,Costa Rica,1967,Never had a female head of state
2935,cri,Costa Rica,1968,Never had a female head of state
2936,cri,Costa Rica,1969,Never had a female head of state
2937,cri,Costa Rica,1970,Never had a female head of state
2938,cri,Costa Rica,1971,Never had a female head of state
2939,cri,Costa Rica,1972,Never had a female head of state
2940,cri,Costa Rica,1973,Never had a female head of state
2941,cri,Costa Rica,1974,Never had a female head of state
2942,cri,Costa Rica,1975,Never had a female head of state
2943,cri,Costa Rica,1976,Never had a female head of state
2944,cri,Costa Rica,1977,Never had a female head of state
2945,cri,Costa Rica,1978,Never had a female head of state
2946,cri,Costa Rica,1979,Never had a female head of state
2947,cri,Costa Rica,1980,Never had a female head of state
2948,cri,Costa Rica,1981,Never had a female head of state
2949,cri,Costa Rica,1982,Never had a female head of state
2950,cri,Costa Rica,1983,Never had a female head of state
2951,cri,Costa Rica,1984,Never had a female head of state
2952,cri,Costa Rica,1985,Never had a female head of state
2953,cri,Costa Rica,1986,Never had a female head of state
2954,cri,Costa Rica,1987,Never had a female head of state
2955,cri,Costa Rica,1988,Never had a female head of state
2956,cri,Costa Rica,1989,Never had a female head of state
2957,cri,Costa Rica,1990,Never had a female head of state
2958,cri,Costa Rica,1991,Never had a female head of state
2959,cri,Costa Rica,1992,Never had a female head of state
2960,cri,Costa Rica,1993,Never had a female head of state
2961,cri,Costa Rica,1994,Never had a female head of state
2962,cri,Costa Rica,1995,Never had a female head of state
2963,cri,Costa Rica,1996,Never had a female head of state
2964,cri,Costa Rica,1997,Never had a female head of state
2965,cri,Costa Rica,1998,Never had a female head of state
2966,cri,Costa Rica,1999,Never had a female head of state
2967,cri,Costa Rica,2000,Never had a female head of state
2968,cri,Costa Rica,2001,Never had a female head of state
2969,cri,Costa Rica,2002,Never had a female head of state
2970,cri,Costa Rica,2003,Never had a female head of state
2971,cri,Costa Rica,2004,Never had a female head of state
2972,cri,Costa Rica,2005,Never had a female head of state
2973,cri,Costa Rica,2006,Never had a female head of state
2974,cri,Costa Rica,2007,Never had a female head of state
2975,cri,Costa Rica,2008,Never had a female head of state
2976,cri,Costa Rica,2009,Never had a female head of state
2977,cri,Costa Rica,2010,Had a female head of state
2978,cri,Costa Rica,2011,Had a female head of state
2979,cri,Costa Rica,2012,Had a female head of state
2980,cri,Costa Rica,2013,Had a female head of state
2981,cri,Costa Rica,2014,Had a female head of state
2982,cri,Costa Rica,2015,Had a female head of state
2983,cri,Costa Rica,2016,Had a female head of state
2984,cri,Costa Rica,2017,Had a female head of state
2985,cri,Costa Rica,2018,Had a female head of state
2986,cri,Costa Rica,2019,Had a female head of state
2987,cri,Costa Rica,2020,Had a female head of state
2988,cri,Costa Rica,2021,Had a female head of state
2989,cri,Costa Rica,2022,Had a female head of state
2990,cri,Costa Rica,2023,Had a female head of state
2991,cri,Costa Rica,2024,Had a female head of state
2992,cri,Costa Rica,2025,Had a female head of state
2993,civ,Cote d'Ivoire,1953,Never had a female head of state
2994,civ,Cote d'Ivoire,1954,Never had a female head of state
2995,civ,Cote d'Ivoire,1955,Never had a female head of state
2996,civ,Cote d'Ivoire,1956,Never had a female head of state
2997,civ,Cote d'Ivoire,1957,Never had a female head of state
2998,civ,Cote d'Ivoire,1958,Never had a female head of state
2999,civ,Cote d'Ivoire,1959,Never had a female head of state
3000,civ,Cote d'Ivoire,1960,Never had a female head of state
3001,civ,Cote d'Ivoire,1961,Never had a female head of state
3002,civ,Cote d'Ivoire,1962,Never had a female head of state
3003,civ,Cote d'Ivoire,1963,Never had a female head of state
3004,civ,Cote d'Ivoire,1964,Never had a female head of state
3005,civ,Cote d'Ivoire,1965,Never had a female head of state
3006,civ,Cote d'Ivoire,1966,Never had a female head of state
3007,civ,Cote d'Ivoire,1967,Never had a female head of state
3008,civ,Cote d'Ivoire,1968,Never had a female head of state
3009,civ,Cote d'Ivoire,1969,Never had a female head of state
3010,civ,Cote d'Ivoire,1970,Never had a female head of state
3011,civ,Cote d'Ivoire,1971,Never had a female head of state
3012,civ,Cote d'Ivoire,1972,Never had a female head of state
3013,civ,Cote d'Ivoire,1973,Never had a female head of state
3014,civ,Cote d'Ivoire,1974,Never had a female head of state
3015,civ,Cote d'Ivoire,1975,Never had a female head of state
3016,civ,Cote d'Ivoire,1976,Never had a female head of state
3017,civ,Cote d'Ivoire,1977,Never had a female head of state
3018,civ,Cote d'Ivoire,1978,Never had a female head of state
3019,civ,Cote d'Ivoire,1979,Never had a female head of state
3020,civ,Cote d'Ivoire,1980,Never had a female head of state
3021,civ,Cote d'Ivoire,1981,Never had a female head of state
3022,civ,Cote d'Ivoire,1982,Never had a female head of state
3023,civ,Cote d'Ivoire,1983,Never had a female head of state
3024,civ,Cote d'Ivoire,1984,Never had a female head of state
3025,civ,Cote d'Ivoire,1985,Never had a female head of state
3026,civ,Cote d'Ivoire,1986,Never had a female head of state
3027,civ,Cote d'Ivoire,1987,Never had a female head of state
3028,civ,Cote d'Ivoire,1988,Never had a female head of state
3029,civ,Cote d'Ivoire,1989,Never had a female head of state
3030,civ,Cote d'Ivoire,1990,Never had a female head of state
3031,civ,Cote d'Ivoire,1991,Never had a female head of state
3032,civ,Cote d'Ivoire,1992,Never had a female head of state
3033,civ,Cote d'Ivoire,1993,Never had a female head of state
3034,civ,Cote d'Ivoire,1994,Never had a female head of state
3035,civ,Cote d'Ivoire,1995,Never had a female head of state
3036,civ,Cote d'Ivoire,1996,Never had a female head of state
3037,civ,Cote d'Ivoire,1997,Never had a female head of state
3038,civ,Cote d'Ivoire,1998,Never had a female head of state
3039,civ,Cote d'Ivoire,1999,Never had a female head of state
3040,civ,Cote d'Ivoire,2000,Never had a female head of state
3041,civ,Cote d'Ivoire,2001,Never had a female head of state
3042,civ,Cote d'Ivoire,2002,Never had a female head of state
3043,civ,Cote d'Ivoire,2003,Never had a female head of state
3044,civ,Cote d'Ivoire,2004,Never had a female head of state
3045,civ,Cote d'Ivoire,2005,Never had a female head of state
3046,civ,Cote d'Ivoire,2006,Never had a female head of state
3047,civ,Cote d'Ivoire,2007,Never had a female head of state
3048,civ,Cote d'Ivoire,2008,Never had a female head of state
3049,civ,Cote d'Ivoire,2009,Never had a female head of state
3050,civ,Cote d'Ivoire,2010,Never had a female head of state
3051,civ,Cote d'Ivoire,2011,Never had a female head of state
3052,civ,Cote d'Ivoire,2012,Never had a female head of state
3053,civ,Cote d'Ivoire,2013,Never had a female head of state
3054,civ,Cote d'Ivoire,2014,Never had a female head of state
3055,civ,Cote d'Ivoire,2015,Never had a female head of state
3056,civ,Cote d'Ivoire,2016,Never had a female head of state
3057,civ,Cote d'Ivoire,2017,Never had a female head of state
3058,civ,Cote d'Ivoire,2018,Never had a female head of state
3059,civ,Cote d'Ivoire,2019,Never had a female head of state
3060,civ,Cote d'Ivoire,2020,Never had a female head of state
3061,civ,Cote d'Ivoire,2021,Never had a female head of state
3062,civ,Cote d'Ivoire,2022,Never had a female head of state
3063,civ,Cote d'Ivoire,2023,Never had a female head of state
3064,civ,Cote d'Ivoire,2024,Never had a female head of state
3065,civ,Cote d'Ivoire,2025,Never had a female head of state
3066,hrv,Croatia,1953,Never had a female head of state
3067,hrv,Croatia,1954,Never had a female head of state
3068,hrv,Croatia,1955,Never had a female head of state
3069,hrv,Croatia,1956,Never had a female head of state
3070,hrv,Croatia,1957,Never had a female head of state
3071,hrv,Croatia,1958,Never had a female head of state
3072,hrv,Croatia,1959,Never had a female head of state
3073,hrv,Croatia,1960,Never had a female head of state
3074,hrv,Croatia,1961,Never had a female head of state
3075,hrv,Croatia,1962,Never had a female head of state
3076,hrv,Croatia,1963,Never had a female head of state
3077,hrv,Croatia,1964,Never had a female head of state
3078,hrv,Croatia,1965,Never had a female head of state
3079,hrv,Croatia,1966,Never had a female head of state
3080,hrv,Croatia,1967,Never had a female head of state
3081,hrv,Croatia,1968,Never had a female head of state
3082,hrv,Croatia,1969,Never had a female head of state
3083,hrv,Croatia,1970,Never had a female head of state
3084,hrv,Croatia,1971,Never had a female head of state
3085,hrv,Croatia,1972,Never had a female head of state
3086,hrv,Croatia,1973,Never had a female head of state
3087,hrv,Croatia,1974,Never had a female head of state
3088,hrv,Croatia,1975,Never had a female head of state
3089,hrv,Croatia,1976,Never had a female head of state
3090,hrv,Croatia,1977,Never had a female head of state
3091,hrv,Croatia,1978,Never had a female head of state
3092,hrv,Croatia,1979,Never had a female head of state
3093,hrv,Croatia,1980,Never had a female head of state
3094,hrv,Croatia,1981,Never had a female head of state
3095,hrv,Croatia,1982,Never had a female head of state
3096,hrv,Croatia,1983,Never had a female head of state
3097,hrv,Croatia,1984,Never had a female head of state
3098,hrv,Croatia,1985,Never had a female head of state
3099,hrv,Croatia,1986,Never had a female head of state
3100,hrv,Croatia,1987,Never had a female head of state
3101,hrv,Croatia,1988,Never had a female head of state
3102,hrv,Croatia,1989,Never had a female head of state
3103,hrv,Croatia,1990,Never had a female head of state
3104,hrv,Croatia,1991,Never had a female head of state
3105,hrv,Croatia,1992,Never had a female head of state
3106,hrv,Croatia,1993,Never had a female head of state
3107,hrv,Croatia,1994,Never had a female head of state
3108,hrv,Croatia,1995,Never had a female head of state
3109,hrv,Croatia,1996,Never had a female head of state
3110,hrv,Croatia,1997,Never had a female head of state
3111,hrv,Croatia,1998,Never had a female head of state
3112,hrv,Croatia,1999,Never had a female head of state
3113,hrv,Croatia,2000,Never had a female head of state
3114,hrv,Croatia,2001,Never had a female head of state
3115,hrv,Croatia,2002,Never had a female head of state
3116,hrv,Croatia,2003,Never had a female head of state
3117,hrv,Croatia,2004,Never had a female head of state
3118,hrv,Croatia,2005,Never had a female head of state
3119,hrv,Croatia,2006,Never had a female head of state
3120,hrv,Croatia,2007,Never had a female head of state
3121,hrv,Croatia,2008,Never had a female head of state
3122,hrv,Croatia,2009,Had a female head of state
3123,hrv,Croatia,2010,Had a female head of state
3124,hrv,Croatia,2011,Had a female head of state
3125,hrv,Croatia,2012,Had a female head of state
3126,hrv,Croatia,2013,Had a female head of state
3127,hrv,Croatia,2014,Had a female head of state
3128,hrv,Croatia,2015,Had a female head of state
3129,hrv,Croatia,2016,Had a female head of state
3130,hrv,Croatia,2017,Had a female head of state
3131,hrv,Croatia,2018,Had a female head of state
3132,hrv,Croatia,2019,Had a female head of state
3133,hrv,Croatia,2020,Had a female head of state
3134,hrv,Croatia,2021,Had a female head of state
3135,hrv,Croatia,2022,Had a female head of state
3136,hrv,Croatia,2023,Had a female head of state
3137,hrv,Croatia,2024,Had a female head of state
3138,hrv,Croatia,2025,Had a female head of state
3139,cub,Cuba,1953,Never had a female head of state
3140,cub,Cuba,1954,Never had a female head of state
3141,cub,Cuba,1955,Never had a female head of state
3142,cub,Cuba,1956,Never had a female head of state
3143,cub,Cuba,1957,Never had a female head of state
3144,cub,Cuba,1958,Never had a female head of state
3145,cub,Cuba,1959,Never had a female head of state
3146,cub,Cuba,1960,Never had a female head of state
3147,cub,Cuba,1961,Never had a female head of state
3148,cub,Cuba,1962,Never had a female head of state
3149,cub,Cuba,1963,Never had a female head of state
3150,cub,Cuba,1964,Never had a female head of state
3151,cub,Cuba,1965,Never had a female head of state
3152,cub,Cuba,1966,Never had a female head of state
3153,cub,Cuba,1967,Never had a female head of state
3154,cub,Cuba,1968,Never had a female head of state
3155,cub,Cuba,1969,Never had a female head of state
3156,cub,Cuba,1970,Never had a female head of state
3157,cub,Cuba,1971,Never had a female head of state
3158,cub,Cuba,1972,Never had a female head of state
3159,cub,Cuba,1973,Never had a female head of state
3160,cub,Cuba,1974,Never had a female head of state
3161,cub,Cuba,1975,Never had a female head of state
3162,cub,Cuba,1976,Never had a female head of state
3163,cub,Cuba,1977,Never had a female head of state
3164,cub,Cuba,1978,Never had a female head of state
3165,cub,Cuba,1979,Never had a female head of state
3166,cub,Cuba,1980,Never had a female head of state
3167,cub,Cuba,1981,Never had a female head of state
3168,cub,Cuba,1982,Never had a female head of state
3169,cub,Cuba,1983,Never had a female head of state
3170,cub,Cuba,1984,Never had a female head of state
3171,cub,Cuba,1985,Never had a female head of state
3172,cub,Cuba,1986,Never had a female head of state
3173,cub,Cuba,1987,Never had a female head of state
3174,cub,Cuba,1988,Never had a female head of state
3175,cub,Cuba,1989,Never had a female head of state
3176,cub,Cuba,1990,Never had a female head of state
3177,cub,Cuba,1991,Never had a female head of state
3178,cub,Cuba,1992,Never had a female head of state
3179,cub,Cuba,1993,Never had a female head of state
3180,cub,Cuba,1994,Never had a female head of state
3181,cub,Cuba,1995,Never had a female head of state
3182,cub,Cuba,1996,Never had a female head of state
3183,cub,Cuba,1997,Never had a female head of state
3184,cub,Cuba,1998,Never had a female head of state
3185,cub,Cuba,1999,Never had a female head of state
3186,cub,Cuba,2000,Never had a female head of state
3187,cub,Cuba,2001,Never had a female head of state
3188,cub,Cuba,2002,Never had a female head of state
3189,cub,Cuba,2003,Never had a female head of state
3190,cub,Cuba,2004,Never had a female head of state
3191,cub,Cuba,2005,Never had a female head of state
3192,cub,Cuba,2006,Never had a female head of state
3193,cub,Cuba,2007,Never had a female head of state
3194,cub,Cuba,2008,Never had a female head of state
3195,cub,Cuba,2009,Never had a female head of state
3196,cub,Cuba,2010,Never had a female head of state
3197,cub,Cuba,2011,Never had a female head of state
3198,cub,Cuba,2012,Never had a female head of state
3199,cub,Cuba,2013,Never had a female head of state
3200,cub,Cuba,2014,Never had a female head of state
3201,cub,Cuba,2015,Never had a female head of state
3202,cub,Cuba,2016,Never had a female head of state
3203,cub,Cuba,2017,Never had a female head of state
3204,cub,Cuba,2018,Never had a female head of state
3205,cub,Cuba,2019,Never had a female head of state
3206,cub,Cuba,2020,Never had a female head of state
3207,cub,Cuba,2021,Never had a female head of state
3208,cub,Cuba,2022,Never had a female head of state
3209,cub,Cuba,2023,Never had a female head of state
3210,cub,Cuba,2024,Never had a female head of state
3211,cub,Cuba,2025,Never had a female head of state
3212,cyp,Cyprus,1953,Never had a female head of state
3213,cyp,Cyprus,1954,Never had a female head of state
3214,cyp,Cyprus,1955,Never had a female head of state
3215,cyp,Cyprus,1956,Never had a female head of state
3216,cyp,Cyprus,1957,Never had a female head of state
3217,cyp,Cyprus,1958,Never had a female head of state
3218,cyp,Cyprus,1959,Never had a female head of state
3219,cyp,Cyprus,1960,Never had a female head of state
3220,cyp,Cyprus,1961,Never had a female head of state
3221,cyp,Cyprus,1962,Never had a female head of state
3222,cyp,Cyprus,1963,Never had a female head of state
3223,cyp,Cyprus,1964,Never had a female head of state
3224,cyp,Cyprus,1965,Never had a female head of state
3225,cyp,Cyprus,1966,Never had a female head of state
3226,cyp,Cyprus,1967,Never had a female head of state
3227,cyp,Cyprus,1968,Never had a female head of state
3228,cyp,Cyprus,1969,Never had a female head of state
3229,cyp,Cyprus,1970,Never had a female head of state
3230,cyp,Cyprus,1971,Never had a female head of state
3231,cyp,Cyprus,1972,Never had a female head of state
3232,cyp,Cyprus,1973,Never had a female head of state
3233,cyp,Cyprus,1974,Never had a female head of state
3234,cyp,Cyprus,1975,Never had a female head of state
3235,cyp,Cyprus,1976,Never had a female head of state
3236,cyp,Cyprus,1977,Never had a female head of state
3237,cyp,Cyprus,1978,Never had a female head of state
3238,cyp,Cyprus,1979,Never had a female head of state
3239,cyp,Cyprus,1980,Never had a female head of state
3240,cyp,Cyprus,1981,Never had a female head of state
3241,cyp,Cyprus,1982,Never had a female head of state
3242,cyp,Cyprus,1983,Never had a female head of state
3243,cyp,Cyprus,1984,Never had a female head of state
3244,cyp,Cyprus,1985,Never had a female head of state
3245,cyp,Cyprus,1986,Never had a female head of state
3246,cyp,Cyprus,1987,Never had a female head of state
3247,cyp,Cyprus,1988,Never had a female head of state
3248,cyp,Cyprus,1989,Never had a female head of state
3249,cyp,Cyprus,1990,Never had a female head of state
3250,cyp,Cyprus,1991,Never had a female head of state
3251,cyp,Cyprus,1992,Never had a female head of state
3252,cyp,Cyprus,1993,Never had a female head of state
3253,cyp,Cyprus,1994,Never had a female head of state
3254,cyp,Cyprus,1995,Never had a female head of state
3255,cyp,Cyprus,1996,Never had a female head of state
3256,cyp,Cyprus,1997,Never had a female head of state
3257,cyp,Cyprus,1998,Never had a female head of state
3258,cyp,Cyprus,1999,Never had a female head of state
3259,cyp,Cyprus,2000,Never had a female head of state
3260,cyp,Cyprus,2001,Never had a female head of state
3261,cyp,Cyprus,2002,Never had a female head of state
3262,cyp,Cyprus,2003,Never had a female head of state
3263,cyp,Cyprus,2004,Never had a female head of state
3264,cyp,Cyprus,2005,Never had a female head of state
3265,cyp,Cyprus,2006,Never had a female head of state
3266,cyp,Cyprus,2007,Never had a female head of state
3267,cyp,Cyprus,2008,Never had a female head of state
3268,cyp,Cyprus,2009,Never had a female head of state
3269,cyp,Cyprus,2010,Never had a female head of state
3270,cyp,Cyprus,2011,Never had a female head of state
3271,cyp,Cyprus,2012,Never had a female head of state
3272,cyp,Cyprus,2013,Never had a female head of state
3273,cyp,Cyprus,2014,Never had a female head of state
3274,cyp,Cyprus,2015,Never had a female head of state
3275,cyp,Cyprus,2016,Never had a female head of state
3276,cyp,Cyprus,2017,Never had a female head of state
3277,cyp,Cyprus,2018,Never had a female head of state
3278,cyp,Cyprus,2019,Never had a female head of state
3279,cyp,Cyprus,2020,Never had a female head of state
3280,cyp,Cyprus,2021,Never had a female head of state
3281,cyp,Cyprus,2022,Never had a female head of state
3282,cyp,Cyprus,2023,Never had a female head of state
3283,cyp,Cyprus,2024,Never had a female head of state
3284,cyp,Cyprus,2025,Never had a female head of state
3285,cze,Czech Republic,1953,Never had a female head of state
3286,cze,Czech Republic,1954,Never had a female head of state
3287,cze,Czech Republic,1955,Never had a female head of state
3288,cze,Czech Republic,1956,Never had a female head of state
3289,cze,Czech Republic,1957,Never had a female head of state
3290,cze,Czech Republic,1958,Never had a female head of state
3291,cze,Czech Republic,1959,Never had a female head of state
3292,cze,Czech Republic,1960,Never had a female head of state
3293,cze,Czech Republic,1961,Never had a female head of state
3294,cze,Czech Republic,1962,Never had a female head of state
3295,cze,Czech Republic,1963,Never had a female head of state
3296,cze,Czech Republic,1964,Never had a female head of state
3297,cze,Czech Republic,1965,Never had a female head of state
3298,cze,Czech Republic,1966,Never had a female head of state
3299,cze,Czech Republic,1967,Never had a female head of state
3300,cze,Czech Republic,1968,Never had a female head of state
3301,cze,Czech Republic,1969,Never had a female head of state
3302,cze,Czech Republic,1970,Never had a female head of state
3303,cze,Czech Republic,1971,Never had a female head of state
3304,cze,Czech Republic,1972,Never had a female head of state
3305,cze,Czech Republic,1973,Never had a female head of state
3306,cze,Czech Republic,1974,Never had a female head of state
3307,cze,Czech Republic,1975,Never had a female head of state
3308,cze,Czech Republic,1976,Never had a female head of state
3309,cze,Czech Republic,1977,Never had a female head of state
3310,cze,Czech Republic,1978,Never had a female head of state
3311,cze,Czech Republic,1979,Never had a female head of state
3312,cze,Czech Republic,1980,Never had a female head of state
3313,cze,Czech Republic,1981,Never had a female head of state
3314,cze,Czech Republic,1982,Never had a female head of state
3315,cze,Czech Republic,1983,Never had a female head of state
3316,cze,Czech Republic,1984,Never had a female head of state
3317,cze,Czech Republic,1985,Never had a female head of state
3318,cze,Czech Republic,1986,Never had a female head of state
3319,cze,Czech Republic,1987,Never had a female head of state
3320,cze,Czech Republic,1988,Never had a female head of state
3321,cze,Czech Republic,1989,Never had a female head of state
3322,cze,Czech Republic,1990,Never had a female head of state
3323,cze,Czech Republic,1991,Never had a female head of state
3324,cze,Czech Republic,1992,Never had a female head of state
3325,cze,Czech Republic,1993,Never had a female head of state
3326,cze,Czech Republic,1994,Never had a female head of state
3327,cze,Czech Republic,1995,Never had a female head of state
3328,cze,Czech Republic,1996,Never had a female head of state
3329,cze,Czech Republic,1997,Never had a female head of state
3330,cze,Czech Republic,1998,Never had a female head of state
3331,cze,Czech Republic,1999,Never had a female head of state
3332,cze,Czech Republic,2000,Never had a female head of state
3333,cze,Czech Republic,2001,Never had a female head of state
3334,cze,Czech Republic,2002,Never had a female head of state
3335,cze,Czech Republic,2003,Never had a female head of state
3336,cze,Czech Republic,2004,Never had a female head of state
3337,cze,Czech Republic,2005,Never had a female head of state
3338,cze,Czech Republic,2006,Never had a female head of state
3339,cze,Czech Republic,2007,Never had a female head of state
3340,cze,Czech Republic,2008,Never had a female head of state
3341,cze,Czech Republic,2009,Never had a female head of state
3342,cze,Czech Republic,2010,Never had a female head of state
3343,cze,Czech Republic,2011,Never had a female head of state
3344,cze,Czech Republic,2012,Never had a female head of state
3345,cze,Czech Republic,2013,Never had a female head of state
3346,cze,Czech Republic,2014,Never had a female head of state
3347,cze,Czech Republic,2015,Never had a female head of state
3348,cze,Czech Republic,2016,Never had a female head of state
3349,cze,Czech Republic,2017,Never had a female head of state
3350,cze,Czech Republic,2018,Never had a female head of state
3351,cze,Czech Republic,2019,Never had a female head of state
3352,cze,Czech Republic,2020,Never had a female head of state
3353,cze,Czech Republic,2021,Never had a female head of state
3354,cze,Czech Republic,2022,Never had a female head of state
3355,cze,Czech Republic,2023,Never had a female head of state
3356,cze,Czech Republic,2024,Never had a female head of state
3357,cze,Czech Republic,2025,Never had a female head of state
3358,dnk,Denmark,1953,Never had a female head of state
3359,dnk,Denmark,1954,Never had a female head of state
3360,dnk,Denmark,1955,Never had a female head of state
3361,dnk,Denmark,1956,Never had a female head of state
3362,dnk,Denmark,1957,Never had a female head of state
3363,dnk,Denmark,1958,Never had a female head of state
3364,dnk,Denmark,1959,Never had a female head of state
3365,dnk,Denmark,1960,Never had a female head of state
3366,dnk,Denmark,1961,Never had a female head of state
3367,dnk,Denmark,1962,Never had a female head of state
3368,dnk,Denmark,1963,Never had a female head of state
3369,dnk,Denmark,1964,Never had a female head of state
3370,dnk,Denmark,1965,Never had a female head of state
3371,dnk,Denmark,1966,Never had a female head of state
3372,dnk,Denmark,1967,Never had a female head of state
3373,dnk,Denmark,1968,Never had a female head of state
3374,dnk,Denmark,1969,Never had a female head of state
3375,dnk,Denmark,1970,Never had a female head of state
3376,dnk,Denmark,1971,Never had a female head of state
3377,dnk,Denmark,1972,Never had a female head of state
3378,dnk,Denmark,1973,Never had a female head of state
3379,dnk,Denmark,1974,Never had a female head of state
3380,dnk,Denmark,1975,Never had a female head of state
3381,dnk,Denmark,1976,Never had a female head of state
3382,dnk,Denmark,1977,Never had a female head of state
3383,dnk,Denmark,1978,Never had a female head of state
3384,dnk,Denmark,1979,Never had a female head of state
3385,dnk,Denmark,1980,Never had a female head of state
3386,dnk,Denmark,1981,Never had a female head of state
3387,dnk,Denmark,1982,Never had a female head of state
3388,dnk,Denmark,1983,Never had a female head of state
3389,dnk,Denmark,1984,Never had a female head of state
3390,dnk,Denmark,1985,Never had a female head of state
3391,dnk,Denmark,1986,Never had a female head of state
3392,dnk,Denmark,1987,Never had a female head of state
3393,dnk,Denmark,1988,Never had a female head of state
3394,dnk,Denmark,1989,Never had a female head of state
3395,dnk,Denmark,1990,Never had a female head of state
3396,dnk,Denmark,1991,Never had a female head of state
3397,dnk,Denmark,1992,Never had a female head of state
3398,dnk,Denmark,1993,Never had a female head of state
3399,dnk,Denmark,1994,Never had a female head of state
3400,dnk,Denmark,1995,Never had a female head of state
3401,dnk,Denmark,1996,Never had a female head of state
3402,dnk,Denmark,1997,Never had a female head of state
3403,dnk,Denmark,1998,Never had a female head of state
3404,dnk,Denmark,1999,Never had a female head of state
3405,dnk,Denmark,2000,Never had a female head of state
3406,dnk,Denmark,2001,Never had a female head of state
3407,dnk,Denmark,2002,Never had a female head of state
3408,dnk,Denmark,2003,Never had a female head of state
3409,dnk,Denmark,2004,Never had a female head of state
3410,dnk,Denmark,2005,Never had a female head of state
3411,dnk,Denmark,2006,Never had a female head of state
3412,dnk,Denmark,2007,Never had a female head of state
3413,dnk,Denmark,2008,Never had a female head of state
3414,dnk,Denmark,2009,Never had a female head of state
3415,dnk,Denmark,2010,Never had a female head of state
3416,dnk,Denmark,2011,Had a female head of state
3417,dnk,Denmark,2012,Had a female head of state
3418,dnk,Denmark,2013,Had a female head of state
3419,dnk,Denmark,2014,Had a female head of state
3420,dnk,Denmark,2015,Had a female head of state
3421,dnk,Denmark,2016,Had a female head of state
3422,dnk,Denmark,2017,Had a female head of state
3423,dnk,Denmark,2018,Had a female head of state
3424,dnk,Denmark,2019,Had a female head of state
3425,dnk,Denmark,2020,Had a female head of state
3426,dnk,Denmark,2021,Had a female head of state
3427,dnk,Denmark,2022,Had a female head of state
3428,dnk,Denmark,2023,Had a female head of state
3429,dnk,Denmark,2024,Had a female head of state
3430,dnk,Denmark,2025,Had a female head of state
3431,dji,Djibouti,1953,Never had a female head of state
3432,dji,Djibouti,1954,Never had a female head of state
3433,dji,Djibouti,1955,Never had a female head of state
3434,dji,Djibouti,1956,Never had a female head of state
3435,dji,Djibouti,1957,Never had a female head of state
3436,dji,Djibouti,1958,Never had a female head of state
3437,dji,Djibouti,1959,Never had a female head of state
3438,dji,Djibouti,1960,Never had a female head of state
3439,dji,Djibouti,1961,Never had a female head of state
3440,dji,Djibouti,1962,Never had a female head of state
3441,dji,Djibouti,1963,Never had a female head of state
3442,dji,Djibouti,1964,Never had a female head of state
3443,dji,Djibouti,1965,Never had a female head of state
3444,dji,Djibouti,1966,Never had a female head of state
3445,dji,Djibouti,1967,Never had a female head of state
3446,dji,Djibouti,1968,Never had a female head of state
3447,dji,Djibouti,1969,Never had a female head of state
3448,dji,Djibouti,1970,Never had a female head of state
3449,dji,Djibouti,1971,Never had a female head of state
3450,dji,Djibouti,1972,Never had a female head of state
3451,dji,Djibouti,1973,Never had a female head of state
3452,dji,Djibouti,1974,Never had a female head of state
3453,dji,Djibouti,1975,Never had a female head of state
3454,dji,Djibouti,1976,Never had a female head of state
3455,dji,Djibouti,1977,Never had a female head of state
3456,dji,Djibouti,1978,Never had a female head of state
3457,dji,Djibouti,1979,Never had a female head of state
3458,dji,Djibouti,1980,Never had a female head of state
3459,dji,Djibouti,1981,Never had a female head of state
3460,dji,Djibouti,1982,Never had a female head of state
3461,dji,Djibouti,1983,Never had a female head of state
3462,dji,Djibouti,1984,Never had a female head of state
3463,dji,Djibouti,1985,Never had a female head of state
3464,dji,Djibouti,1986,Never had a female head of state
3465,dji,Djibouti,1987,Never had a female head of state
3466,dji,Djibouti,1988,Never had a female head of state
3467,dji,Djibouti,1989,Never had a female head of state
3468,dji,Djibouti,1990,Never had a female head of state
3469,dji,Djibouti,1991,Never had a female head of state
3470,dji,Djibouti,1992,Never had a female head of state
3471,dji,Djibouti,1993,Never had a female head of state
3472,dji,Djibouti,1994,Never had a female head of state
3473,dji,Djibouti,1995,Never had a female head of state
3474,dji,Djibouti,1996,Never had a female head of state
3475,dji,Djibouti,1997,Never had a female head of state
3476,dji,Djibouti,1998,Never had a female head of state
3477,dji,Djibouti,1999,Never had a female head of state
3478,dji,Djibouti,2000,Never had a female head of state
3479,dji,Djibouti,2001,Never had a female head of state
3480,dji,Djibouti,2002,Never had a female head of state
3481,dji,Djibouti,2003,Never had a female head of state
3482,dji,Djibouti,2004,Never had a female head of state
3483,dji,Djibouti,2005,Never had a female head of state
3484,dji,Djibouti,2006,Never had a female head of state
3485,dji,Djibouti,2007,Never had a female head of state
3486,dji,Djibouti,2008,Never had a female head of state
3487,dji,Djibouti,2009,Never had a female head of state
3488,dji,Djibouti,2010,Never had a female head of state
3489,dji,Djibouti,2011,Never had a female head of state
3490,dji,Djibouti,2012,Never had a female head of state
3491,dji,Djibouti,2013,Never had a female head of state
3492,dji,Djibouti,2014,Never had a female head of state
3493,dji,Djibouti,2015,Never had a female head of state
3494,dji,Djibouti,2016,Never had a female head of state
3495,dji,Djibouti,2017,Never had a female head of state
3496,dji,Djibouti,2018,Never had a female head of state
3497,dji,Djibouti,2019,Never had a female head of state
3498,dji,Djibouti,2020,Never had a female head of state
3499,dji,Djibouti,2021,Never had a female head of state
3500,dji,Djibouti,2022,Never had a female head of state
3501,dji,Djibouti,2023,Never had a female head of state
3502,dji,Djibouti,2024,Never had a female head of state
3503,dji,Djibouti,2025,Never had a female head of state
3504,dma,Dominica,1953,Never had a female head of state
3505,dma,Dominica,1954,Never had a female head of state
3506,dma,Dominica,1955,Never had a female head of state
3507,dma,Dominica,1956,Never had a female head of state
3508,dma,Dominica,1957,Never had a female head of state
3509,dma,Dominica,1958,Never had a female head of state
3510,dma,Dominica,1959,Never had a female head of state
3511,dma,Dominica,1960,Never had a female head of state
3512,dma,Dominica,1961,Never had a female head of state
3513,dma,Dominica,1962,Never had a female head of state
3514,dma,Dominica,1963,Never had a female head of state
3515,dma,Dominica,1964,Never had a female head of state
3516,dma,Dominica,1965,Never had a female head of state
3517,dma,Dominica,1966,Never had a female head of state
3518,dma,Dominica,1967,Never had a female head of state
3519,dma,Dominica,1968,Never had a female head of state
3520,dma,Dominica,1969,Never had a female head of state
3521,dma,Dominica,1970,Never had a female head of state
3522,dma,Dominica,1971,Never had a female head of state
3523,dma,Dominica,1972,Never had a female head of state
3524,dma,Dominica,1973,Never had a female head of state
3525,dma,Dominica,1974,Never had a female head of state
3526,dma,Dominica,1975,Never had a female head of state
3527,dma,Dominica,1976,Never had a female head of state
3528,dma,Dominica,1977,Never had a female head of state
3529,dma,Dominica,1978,Never had a female head of state
3530,dma,Dominica,1979,Never had a female head of state
3531,dma,Dominica,1980,Had a female head of state
3532,dma,Dominica,1981,Had a female head of state
3533,dma,Dominica,1982,Had a female head of state
3534,dma,Dominica,1983,Had a female head of state
3535,dma,Dominica,1984,Had a female head of state
3536,dma,Dominica,1985,Had a female head of state
3537,dma,Dominica,1986,Had a female head of state
3538,dma,Dominica,1987,Had a female head of state
3539,dma,Dominica,1988,Had a female head of state
3540,dma,Dominica,1989,Had a female head of state
3541,dma,Dominica,1990,Had a female head of state
3542,dma,Dominica,1991,Had a female head of state
3543,dma,Dominica,1992,Had a female head of state
3544,dma,Dominica,1993,Had a female head of state
3545,dma,Dominica,1994,Had a female head of state
3546,dma,Dominica,1995,Had a female head of state
3547,dma,Dominica,1996,Had a female head of state
3548,dma,Dominica,1997,Had a female head of state
3549,dma,Dominica,1998,Had a female head of state
3550,dma,Dominica,1999,Had a female head of state
3551,dma,Dominica,2000,Had a female head of state
3552,dma,Dominica,2001,Had a female head of state
3553,dma,Dominica,2002,Had a female head of state
3554,dma,Dominica,2003,Had a female head of state
3555,dma,Dominica,2004,Had a female head of state
3556,dma,Dominica,2005,Had a female head of state
3557,dma,Dominica,2006,Had a female head of state
3558,dma,Dominica,2007,Had a female head of state
3559,dma,Dominica,2008,Had a female head of state
3560,dma,Dominica,2009,Had a female head of state
3561,dma,Dominica,2010,Had a female head of state
3562,dma,Dominica,2011,Had a female head of state
3563,dma,Dominica,2012,Had a female head of state
3564,dma,Dominica,2013,Had a female head of state
3565,dma,Dominica,2014,Had a female head of state
3566,dma,Dominica,2015,Had a female head of state
3567,dma,Dominica,2016,Had a female head of state
3568,dma,Dominica,2017,Had a female head of state
3569,dma,Dominica,2018,Had a female head of state
3570,dma,Dominica,2019,Had a female head of state
3571,dma,Dominica,2020,Had a female head of state
3572,dma,Dominica,2021,Had a female head of state
3573,dma,Dominica,2022,Had a female head of state
3574,dma,Dominica,2023,Had a female head of state
3575,dma,Dominica,2024,Had a female head of state
3576,dma,Dominica,2025,Had a female head of state
3577,dom,Dominican Republic,1953,Never had a female head of state
3578,dom,Dominican Republic,1954,Never had a female head of state
3579,dom,Dominican Republic,1955,Never had a female head of state
3580,dom,Dominican Republic,1956,Never had a female head of state
3581,dom,Dominican Republic,1957,Never had a female head of state
3582,dom,Dominican Republic,1958,Never had a female head of state
3583,dom,Dominican Republic,1959,Never had a female head of state
3584,dom,Dominican Republic,1960,Never had a female head of state
3585,dom,Dominican Republic,1961,Never had a female head of state
3586,dom,Dominican Republic,1962,Never had a female head of state
3587,dom,Dominican Republic,1963,Never had a female head of state
3588,dom,Dominican Republic,1964,Never had a female head of state
3589,dom,Dominican Republic,1965,Never had a female head of state
3590,dom,Dominican Republic,1966,Never had a female head of state
3591,dom,Dominican Republic,1967,Never had a female head of state
3592,dom,Dominican Republic,1968,Never had a female head of state
3593,dom,Dominican Republic,1969,Never had a female head of state
3594,dom,Dominican Republic,1970,Never had a female head of state
3595,dom,Dominican Republic,1971,Never had a female head of state
3596,dom,Dominican Republic,1972,Never had a female head of state
3597,dom,Dominican Republic,1973,Never had a female head of state
3598,dom,Dominican Republic,1974,Never had a female head of state
3599,dom,Dominican Republic,1975,Never had a female head of state
3600,dom,Dominican Republic,1976,Never had a female head of state
3601,dom,Dominican Republic,1977,Never had a female head of state
3602,dom,Dominican Republic,1978,Never had a female head of state
3603,dom,Dominican Republic,1979,Never had a female head of state
3604,dom,Dominican Republic,1980,Never had a female head of state
3605,dom,Dominican Republic,1981,Never had a female head of state
3606,dom,Dominican Republic,1982,Never had a female head of state
3607,dom,Dominican Republic,1983,Never had a female head of state
3608,dom,Dominican Republic,1984,Never had a female head of state
3609,dom,Dominican Republic,1985,Never had a female head of state
3610,dom,Dominican Republic,1986,Never had a female head of state
3611,dom,Dominican Republic,1987,Never had a female head of state
3612,dom,Dominican Republic,1988,Never had a female head of state
3613,dom,Dominican Republic,1989,Never had a female head of state
3614,dom,Dominican Republic,1990,Never had a female head of state
3615,dom,Dominican Republic,1991,Never had a female head of state
3616,dom,Dominican Republic,1992,Never had a female head of state
3617,dom,Dominican Republic,1993,Never had a female head of state
3618,dom,Dominican Republic,1994,Never had a female head of state
3619,dom,Dominican Republic,1995,Never had a female head of state
3620,dom,Dominican Republic,1996,Never had a female head of state
3621,dom,Dominican Republic,1997,Never had a female head of state
3622,dom,Dominican Republic,1998,Never had a female head of state
3623,dom,Dominican Republic,1999,Never had a female head of state
3624,dom,Dominican Republic,2000,Never had a female head of state
3625,dom,Dominican Republic,2001,Never had a female head of state
3626,dom,Dominican Republic,2002,Never had a female head of state
3627,dom,Dominican Republic,2003,Never had a female head of state
3628,dom,Dominican Republic,2004,Never had a female head of state
3629,dom,Dominican Republic,2005,Never had a female head of state
3630,dom,Dominican Republic,2006,Never had a female head of state
3631,dom,Dominican Republic,2007,Never had a female head of state
3632,dom,Dominican Republic,2008,Never had a female head of state
3633,dom,Dominican Republic,2009,Never had a female head of state
3634,dom,Dominican Republic,2010,Never had a female head of state
3635,dom,Dominican Republic,2011,Never had a female head of state
3636,dom,Dominican Republic,2012,Never had a female head of state
3637,dom,Dominican Republic,2013,Never had a female head of state
3638,dom,Dominican Republic,2014,Never had a female head of state
3639,dom,Dominican Republic,2015,Never had a female head of state
3640,dom,Dominican Republic,2016,Never had a female head of state
3641,dom,Dominican Republic,2017,Never had a female head of state
3642,dom,Dominican Republic,2018,Never had a female head of state
3643,dom,Dominican Republic,2019,Never had a female head of state
3644,dom,Dominican Republic,2020,Never had a female head of state
3645,dom,Dominican Republic,2021,Never had a female head of state
3646,dom,Dominican Republic,2022,Never had a female head of state
3647,dom,Dominican Republic,2023,Never had a female head of state
3648,dom,Dominican Republic,2024,Never had a female head of state
3649,dom,Dominican Republic,2025,Never had a female head of state
3650,ecu,Ecuador,1953,Never had a female head of state
3651,ecu,Ecuador,1954,Never had a female head of state
3652,ecu,Ecuador,1955,Never had a female head of state
3653,ecu,Ecuador,1956,Never had a female head of state
3654,ecu,Ecuador,1957,Never had a female head of state
3655,ecu,Ecuador,1958,Never had a female head of state
3656,ecu,Ecuador,1959,Never had a female head of state
3657,ecu,Ecuador,1960,Never had a female head of state
3658,ecu,Ecuador,1961,Never had a female head of state
3659,ecu,Ecuador,1962,Never had a female head of state
3660,ecu,Ecuador,1963,Never had a female head of state
3661,ecu,Ecuador,1964,Never had a female head of state
3662,ecu,Ecuador,1965,Never had a female head of state
3663,ecu,Ecuador,1966,Never had a female head of state
3664,ecu,Ecuador,1967,Never had a female head of state
3665,ecu,Ecuador,1968,Never had a female head of state
3666,ecu,Ecuador,1969,Never had a female head of state
3667,ecu,Ecuador,1970,Never had a female head of state
3668,ecu,Ecuador,1971,Never had a female head of state
3669,ecu,Ecuador,1972,Never had a female head of state
3670,ecu,Ecuador,1973,Never had a female head of state
3671,ecu,Ecuador,1974,Never had a female head of state
3672,ecu,Ecuador,1975,Never had a female head of state
3673,ecu,Ecuador,1976,Never had a female head of state
3674,ecu,Ecuador,1977,Never had a female head of state
3675,ecu,Ecuador,1978,Never had a female head of state
3676,ecu,Ecuador,1979,Never had a female head of state
3677,ecu,Ecuador,1980,Never had a female head of state
3678,ecu,Ecuador,1981,Never had a female head of state
3679,ecu,Ecuador,1982,Never had a female head of state
3680,ecu,Ecuador,1983,Never had a female head of state
3681,ecu,Ecuador,1984,Never had a female head of state
3682,ecu,Ecuador,1985,Never had a female head of state
3683,ecu,Ecuador,1986,Never had a female head of state
3684,ecu,Ecuador,1987,Never had a female head of state
3685,ecu,Ecuador,1988,Never had a female head of state
3686,ecu,Ecuador,1989,Never had a female head of state
3687,ecu,Ecuador,1990,Never had a female head of state
3688,ecu,Ecuador,1991,Never had a female head of state
3689,ecu,Ecuador,1992,Never had a female head of state
3690,ecu,Ecuador,1993,Never had a female head of state
3691,ecu,Ecuador,1994,Never had a female head of state
3692,ecu,Ecuador,1995,Never had a female head of state
3693,ecu,Ecuador,1996,Never had a female head of state
3694,ecu,Ecuador,1997,Had a female head of state
3695,ecu,Ecuador,1998,Had a female head of state
3696,ecu,Ecuador,1999,Had a female head of state
3697,ecu,Ecuador,2000,Had a female head of state
3698,ecu,Ecuador,2001,Had a female head of state
3699,ecu,Ecuador,2002,Had a female head of state
3700,ecu,Ecuador,2003,Had a female head of state
3701,ecu,Ecuador,2004,Had a female head of state
3702,ecu,Ecuador,2005,Had a female head of state
3703,ecu,Ecuador,2006,Had a female head of state
3704,ecu,Ecuador,2007,Had a female head of state
3705,ecu,Ecuador,2008,Had a female head of state
3706,ecu,Ecuador,2009,Had a female head of state
3707,ecu,Ecuador,2010,Had a female head of state
3708,ecu,Ecuador,2011,Had a female head of state
3709,ecu,Ecuador,2012,Had a female head of state
3710,ecu,Ecuador,2013,Had a female head of state
3711,ecu,Ecuador,2014,Had a female head of state
3712,ecu,Ecuador,2015,Had a female head of state
3713,ecu,Ecuador,2016,Had a female head of state
3714,ecu,Ecuador,2017,Had a female head of state
3715,ecu,Ecuador,2018,Had a female head of state
3716,ecu,Ecuador,2019,Had a female head of state
3717,ecu,Ecuador,2020,Had a female head of state
3718,ecu,Ecuador,2021,Had a female head of state
3719,ecu,Ecuador,2022,Had a female head of state
3720,ecu,Ecuador,2023,Had a female head of state
3721,ecu,Ecuador,2024,Had a female head of state
3722,ecu,Ecuador,2025,Had a female head of state
3723,egy,Egypt,1953,Never had a female head of state
3724,egy,Egypt,1954,Never had a female head of state
3725,egy,Egypt,1955,Never had a female head of state
3726,egy,Egypt,1956,Never had a female head of state
3727,egy,Egypt,1957,Never had a female head of state
3728,egy,Egypt,1958,Never had a female head of state
3729,egy,Egypt,1959,Never had a female head of state
3730,egy,Egypt,1960,Never had a female head of state
3731,egy,Egypt,1961,Never had a female head of state
3732,egy,Egypt,1962,Never had a female head of state
3733,egy,Egypt,1963,Never had a female head of state
3734,egy,Egypt,1964,Never had a female head of state
3735,egy,Egypt,1965,Never had a female head of state
3736,egy,Egypt,1966,Never had a female head of state
3737,egy,Egypt,1967,Never had a female head of state
3738,egy,Egypt,1968,Never had a female head of state
3739,egy,Egypt,1969,Never had a female head of state
3740,egy,Egypt,1970,Never had a female head of state
3741,egy,Egypt,1971,Never had a female head of state
3742,egy,Egypt,1972,Never had a female head of state
3743,egy,Egypt,1973,Never had a female head of state
3744,egy,Egypt,1974,Never had a female head of state
3745,egy,Egypt,1975,Never had a female head of state
3746,egy,Egypt,1976,Never had a female head of state
3747,egy,Egypt,1977,Never had a female head of state
3748,egy,Egypt,1978,Never had a female head of state
3749,egy,Egypt,1979,Never had a female head of state
3750,egy,Egypt,1980,Never had a female head of state
3751,egy,Egypt,1981,Never had a female head of state
3752,egy,Egypt,1982,Never had a female head of state
3753,egy,Egypt,1983,Never had a female head of state
3754,egy,Egypt,1984,Never had a female head of state
3755,egy,Egypt,1985,Never had a female head of state
3756,egy,Egypt,1986,Never had a female head of state
3757,egy,Egypt,1987,Never had a female head of state
3758,egy,Egypt,1988,Never had a female head of state
3759,egy,Egypt,1989,Never had a female head of state
3760,egy,Egypt,1990,Never had a female head of state
3761,egy,Egypt,1991,Never had a female head of state
3762,egy,Egypt,1992,Never had a female head of state
3763,egy,Egypt,1993,Never had a female head of state
3764,egy,Egypt,1994,Never had a female head of state
3765,egy,Egypt,1995,Never had a female head of state
3766,egy,Egypt,1996,Never had a female head of state
3767,egy,Egypt,1997,Never had a female head of state
3768,egy,Egypt,1998,Never had a female head of state
3769,egy,Egypt,1999,Never had a female head of state
3770,egy,Egypt,2000,Never had a female head of state
3771,egy,Egypt,2001,Never had a female head of state
3772,egy,Egypt,2002,Never had a female head of state
3773,egy,Egypt,2003,Never had a female head of state
3774,egy,Egypt,2004,Never had a female head of state
3775,egy,Egypt,2005,Never had a female head of state
3776,egy,Egypt,2006,Never had a female head of state
3777,egy,Egypt,2007,Never had a female head of state
3778,egy,Egypt,2008,Never had a female head of state
3779,egy,Egypt,2009,Never had a female head of state
3780,egy,Egypt,2010,Never had a female head of state
3781,egy,Egypt,2011,Never had a female head of state
3782,egy,Egypt,2012,Never had a female head of state
3783,egy,Egypt,2013,Never had a female head of state
3784,egy,Egypt,2014,Never had a female head of state
3785,egy,Egypt,2015,Never had a female head of state
3786,egy,Egypt,2016,Never had a female head of state
3787,egy,Egypt,2017,Never had a female head of state
3788,egy,Egypt,2018,Never had a female head of state
3789,egy,Egypt,2019,Never had a female head of state
3790,egy,Egypt,2020,Never had a female head of state
3791,egy,Egypt,2021,Never had a female head of state
3792,egy,Egypt,2022,Never had a female head of state
3793,egy,Egypt,2023,Never had a female head of state
3794,egy,Egypt,2024,Never had a female head of state
3795,egy,Egypt,2025,Never had a female head of state
3796,slv,El Salvador,1953,Never had a female head of state
3797,slv,El Salvador,1954,Never had a female head of state
3798,slv,El Salvador,1955,Never had a female head of state
3799,slv,El Salvador,1956,Never had a female head of state
3800,slv,El Salvador,1957,Never had a female head of state
3801,slv,El Salvador,1958,Never had a female head of state
3802,slv,El Salvador,1959,Never had a female head of state
3803,slv,El Salvador,1960,Never had a female head of state
3804,slv,El Salvador,1961,Never had a female head of state
3805,slv,El Salvador,1962,Never had a female head of state
3806,slv,El Salvador,1963,Never had a female head of state
3807,slv,El Salvador,1964,Never had a female head of state
3808,slv,El Salvador,1965,Never had a female head of state
3809,slv,El Salvador,1966,Never had a female head of state
3810,slv,El Salvador,1967,Never had a female head of state
3811,slv,El Salvador,1968,Never had a female head of state
3812,slv,El Salvador,1969,Never had a female head of state
3813,slv,El Salvador,1970,Never had a female head of state
3814,slv,El Salvador,1971,Never had a female head of state
3815,slv,El Salvador,1972,Never had a female head of state
3816,slv,El Salvador,1973,Never had a female head of state
3817,slv,El Salvador,1974,Never had a female head of state
3818,slv,El Salvador,1975,Never had a female head of state
3819,slv,El Salvador,1976,Never had a female head of state
3820,slv,El Salvador,1977,Never had a female head of state
3821,slv,El Salvador,1978,Never had a female head of state
3822,slv,El Salvador,1979,Never had a female head of state
3823,slv,El Salvador,1980,Never had a female head of state
3824,slv,El Salvador,1981,Never had a female head of state
3825,slv,El Salvador,1982,Never had a female head of state
3826,slv,El Salvador,1983,Never had a female head of state
3827,slv,El Salvador,1984,Never had a female head of state
3828,slv,El Salvador,1985,Never had a female head of state
3829,slv,El Salvador,1986,Never had a female head of state
3830,slv,El Salvador,1987,Never had a female head of state
3831,slv,El Salvador,1988,Never had a female head of state
3832,slv,El Salvador,1989,Never had a female head of state
3833,slv,El Salvador,1990,Never had a female head of state
3834,slv,El Salvador,1991,Never had a female head of state
3835,slv,El Salvador,1992,Never had a female head of state
3836,slv,El Salvador,1993,Never had a female head of state
3837,slv,El Salvador,1994,Never had a female head of state
3838,slv,El Salvador,1995,Never had a female head of state
3839,slv,El Salvador,1996,Never had a female head of state
3840,slv,El Salvador,1997,Never had a female head of state
3841,slv,El Salvador,1998,Never had a female head of state
3842,slv,El Salvador,1999,Never had a female head of state
3843,slv,El Salvador,2000,Never had a female head of state
3844,slv,El Salvador,2001,Never had a female head of state
3845,slv,El Salvador,2002,Never had a female head of state
3846,slv,El Salvador,2003,Never had a female head of state
3847,slv,El Salvador,2004,Never had a female head of state
3848,slv,El Salvador,2005,Never had a female head of state
3849,slv,El Salvador,2006,Never had a female head of state
3850,slv,El Salvador,2007,Never had a female head of state
3851,slv,El Salvador,2008,Never had a female head of state
3852,slv,El Salvador,2009,Never had a female head of state
3853,slv,El Salvador,2010,Never had a female head of state
3854,slv,El Salvador,2011,Never had a female head of state
3855,slv,El Salvador,2012,Never had a female head of state
3856,slv,El Salvador,2013,Never had a female head of state
3857,slv,El Salvador,2014,Never had a female head of state
3858,slv,El Salvador,2015,Never had a female head of state
3859,slv,El Salvador,2016,Never had a female head of state
3860,slv,El Salvador,2017,Never had a female head of state
3861,slv,El Salvador,2018,Never had a female head of state
3862,slv,El Salvador,2019,Never had a female head of state
3863,slv,El Salvador,2020,Never had a female head of state
3864,slv,El Salvador,2021,Never had a female head of state
3865,slv,El Salvador,2022,Never had a female head of state
3866,slv,El Salvador,2023,Had a female head of state
3867,slv,El Salvador,2024,Had a female head of state
3868,slv,El Salvador,2025,Had a female head of state
3869,gnq,Equatorial Guinea,1953,Never had a female head of state
3870,gnq,Equatorial Guinea,1954,Never had a female head of state
3871,gnq,Equatorial Guinea,1955,Never had a female head of state
3872,gnq,Equatorial Guinea,1956,Never had a female head of state
3873,gnq,Equatorial Guinea,1957,Never had a female head of state
3874,gnq,Equatorial Guinea,1958,Never had a female head of state
3875,gnq,Equatorial Guinea,1959,Never had a female head of state
3876,gnq,Equatorial Guinea,1960,Never had a female head of state
3877,gnq,Equatorial Guinea,1961,Never had a female head of state
3878,gnq,Equatorial Guinea,1962,Never had a female head of state
3879,gnq,Equatorial Guinea,1963,Never had a female head of state
3880,gnq,Equatorial Guinea,1964,Never had a female head of state
3881,gnq,Equatorial Guinea,1965,Never had a female head of state
3882,gnq,Equatorial Guinea,1966,Never had a female head of state
3883,gnq,Equatorial Guinea,1967,Never had a female head of state
3884,gnq,Equatorial Guinea,1968,Never had a female head of state
3885,gnq,Equatorial Guinea,1969,Never had a female head of state
3886,gnq,Equatorial Guinea,1970,Never had a female head of state
3887,gnq,Equatorial Guinea,1971,Never had a female head of state
3888,gnq,Equatorial Guinea,1972,Never had a female head of state
3889,gnq,Equatorial Guinea,1973,Never had a female head of state
3890,gnq,Equatorial Guinea,1974,Never had a female head of state
3891,gnq,Equatorial Guinea,1975,Never had a female head of state
3892,gnq,Equatorial Guinea,1976,Never had a female head of state
3893,gnq,Equatorial Guinea,1977,Never had a female head of state
3894,gnq,Equatorial Guinea,1978,Never had a female head of state
3895,gnq,Equatorial Guinea,1979,Never had a female head of state
3896,gnq,Equatorial Guinea,1980,Never had a female head of state
3897,gnq,Equatorial Guinea,1981,Never had a female head of state
3898,gnq,Equatorial Guinea,1982,Never had a female head of state
3899,gnq,Equatorial Guinea,1983,Never had a female head of state
3900,gnq,Equatorial Guinea,1984,Never had a female head of state
3901,gnq,Equatorial Guinea,1985,Never had a female head of state
3902,gnq,Equatorial Guinea,1986,Never had a female head of state
3903,gnq,Equatorial Guinea,1987,Never had a female head of state
3904,gnq,Equatorial Guinea,1988,Never had a female head of state
3905,gnq,Equatorial Guinea,1989,Never had a female head of state
3906,gnq,Equatorial Guinea,1990,Never had a female head of state
3907,gnq,Equatorial Guinea,1991,Never had a female head of state
3908,gnq,Equatorial Guinea,1992,Never had a female head of state
3909,gnq,Equatorial Guinea,1993,Never had a female head of state
3910,gnq,Equatorial Guinea,1994,Never had a female head of state
3911,gnq,Equatorial Guinea,1995,Never had a female head of state
3912,gnq,Equatorial Guinea,1996,Never had a female head of state
3913,gnq,Equatorial Guinea,1997,Never had a female head of state
3914,gnq,Equatorial Guinea,1998,Never had a female head of state
3915,gnq,Equatorial Guinea,1999,Never had a female head of state
3916,gnq,Equatorial Guinea,2000,Never had a female head of state
3917,gnq,Equatorial Guinea,2001,Never had a female head of state
3918,gnq,Equatorial Guinea,2002,Never had a female head of state
3919,gnq,Equatorial Guinea,2003,Never had a female head of state
3920,gnq,Equatorial Guinea,2004,Never had a female head of state
3921,gnq,Equatorial Guinea,2005,Never had a female head of state
3922,gnq,Equatorial Guinea,2006,Never had a female head of state
3923,gnq,Equatorial Guinea,2007,Never had a female head of state
3924,gnq,Equatorial Guinea,2008,Never had a female head of state
3925,gnq,Equatorial Guinea,2009,Never had a female head of state
3926,gnq,Equatorial Guinea,2010,Never had a female head of state
3927,gnq,Equatorial Guinea,2011,Never had a female head of state
3928,gnq,Equatorial Guinea,2012,Never had a female head of state
3929,gnq,Equatorial Guinea,2013,Never had a female head of state
3930,gnq,Equatorial Guinea,2014,Never had a female head of state
3931,gnq,Equatorial Guinea,2015,Never had a female head of state
3932,gnq,Equatorial Guinea,2016,Never had a female head of state
3933,gnq,Equatorial Guinea,2017,Never had a female head of state
3934,gnq,Equatorial Guinea,2018,Never had a female head of state
3935,gnq,Equatorial Guinea,2019,Never had a female head of state
3936,gnq,Equatorial Guinea,2020,Never had a female head of state
3937,gnq,Equatorial Guinea,2021,Never had a female head of state
3938,gnq,Equatorial Guinea,2022,Never had a female head of state
3939,gnq,Equatorial Guinea,2023,Never had a female head of state
3940,gnq,Equatorial Guinea,2024,Never had a female head of state
3941,gnq,Equatorial Guinea,2025,Never had a female head of state
3942,eri,Eritrea,1953,Never had a female head of state
3943,eri,Eritrea,1954,Never had a female head of state
3944,eri,Eritrea,1955,Never had a female head of state
3945,eri,Eritrea,1956,Never had a female head of state
3946,eri,Eritrea,1957,Never had a female head of state
3947,eri,Eritrea,1958,Never had a female head of state
3948,eri,Eritrea,1959,Never had a female head of state
3949,eri,Eritrea,1960,Never had a female head of state
3950,eri,Eritrea,1961,Never had a female head of state
3951,eri,Eritrea,1962,Never had a female head of state
3952,eri,Eritrea,1963,Never had a female head of state
3953,eri,Eritrea,1964,Never had a female head of state
3954,eri,Eritrea,1965,Never had a female head of state
3955,eri,Eritrea,1966,Never had a female head of state
3956,eri,Eritrea,1967,Never had a female head of state
3957,eri,Eritrea,1968,Never had a female head of state
3958,eri,Eritrea,1969,Never had a female head of state
3959,eri,Eritrea,1970,Never had a female head of state
3960,eri,Eritrea,1971,Never had a female head of state
3961,eri,Eritrea,1972,Never had a female head of state
3962,eri,Eritrea,1973,Never had a female head of state
3963,eri,Eritrea,1974,Never had a female head of state
3964,eri,Eritrea,1975,Never had a female head of state
3965,eri,Eritrea,1976,Never had a female head of state
3966,eri,Eritrea,1977,Never had a female head of state
3967,eri,Eritrea,1978,Never had a female head of state
3968,eri,Eritrea,1979,Never had a female head of state
3969,eri,Eritrea,1980,Never had a female head of state
3970,eri,Eritrea,1981,Never had a female head of state
3971,eri,Eritrea,1982,Never had a female head of state
3972,eri,Eritrea,1983,Never had a female head of state
3973,eri,Eritrea,1984,Never had a female head of state
3974,eri,Eritrea,1985,Never had a female head of state
3975,eri,Eritrea,1986,Never had a female head of state
3976,eri,Eritrea,1987,Never had a female head of state
3977,eri,Eritrea,1988,Never had a female head of state
3978,eri,Eritrea,1989,Never had a female head of state
3979,eri,Eritrea,1990,Never had a female head of state
3980,eri,Eritrea,1991,Never had a female head of state
3981,eri,Eritrea,1992,Never had a female head of state
3982,eri,Eritrea,1993,Never had a female head of state
3983,eri,Eritrea,1994,Never had a female head of state
3984,eri,Eritrea,1995,Never had a female head of state
3985,eri,Eritrea,1996,Never had a female head of state
3986,eri,Eritrea,1997,Never had a female head of state
3987,eri,Eritrea,1998,Never had a female head of state
3988,eri,Eritrea,1999,Never had a female head of state
3989,eri,Eritrea,2000,Never had a female head of state
3990,eri,Eritrea,2001,Never had a female head of state
3991,eri,Eritrea,2002,Never had a female head of state
3992,eri,Eritrea,2003,Never had a female head of state
3993,eri,Eritrea,2004,Never had a female head of state
3994,eri,Eritrea,2005,Never had a female head of state
3995,eri,Eritrea,2006,Never had a female head of state
3996,eri,Eritrea,2007,Never had a female head of state
3997,eri,Eritrea,2008,Never had a female head of state
3998,eri,Eritrea,2009,Never had a female head of state
3999,eri,Eritrea,2010,Never had a female head of state
4000,eri,Eritrea,2011,Never had a female head of state
4001,eri,Eritrea,2012,Never had a female head of state
4002,eri,Eritrea,2013,Never had a female head of state
4003,eri,Eritrea,2014,Never had a female head of state
4004,eri,Eritrea,2015,Never had a female head of state
4005,eri,Eritrea,2016,Never had a female head of state
4006,eri,Eritrea,2017,Never had a female head of state
4007,eri,Eritrea,2018,Never had a female head of state
4008,eri,Eritrea,2019,Never had a female head of state
4009,eri,Eritrea,2020,Never had a female head of state
4010,eri,Eritrea,2021,Never had a female head of state
4011,eri,Eritrea,2022,Never had a female head of state
4012,eri,Eritrea,2023,Never had a female head of state
4013,eri,Eritrea,2024,Never had a female head of state
4014,eri,Eritrea,2025,Never had a female head of state
4015,est,Estonia,1953,Never had a female head of state
4016,est,Estonia,1954,Never had a female head of state
4017,est,Estonia,1955,Never had a female head of state
4018,est,Estonia,1956,Never had a female head of state
4019,est,Estonia,1957,Never had a female head of state
4020,est,Estonia,1958,Never had a female head of state
4021,est,Estonia,1959,Never had a female head of state
4022,est,Estonia,1960,Never had a female head of state
4023,est,Estonia,1961,Never had a female head of state
4024,est,Estonia,1962,Never had a female head of state
4025,est,Estonia,1963,Never had a female head of state
4026,est,Estonia,1964,Never had a female head of state
4027,est,Estonia,1965,Never had a female head of state
4028,est,Estonia,1966,Never had a female head of state
4029,est,Estonia,1967,Never had a female head of state
4030,est,Estonia,1968,Never had a female head of state
4031,est,Estonia,1969,Never had a female head of state
4032,est,Estonia,1970,Never had a female head of state
4033,est,Estonia,1971,Never had a female head of state
4034,est,Estonia,1972,Never had a female head of state
4035,est,Estonia,1973,Never had a female head of state
4036,est,Estonia,1974,Never had a female head of state
4037,est,Estonia,1975,Never had a female head of state
4038,est,Estonia,1976,Never had a female head of state
4039,est,Estonia,1977,Never had a female head of state
4040,est,Estonia,1978,Never had a female head of state
4041,est,Estonia,1979,Never had a female head of state
4042,est,Estonia,1980,Never had a female head of state
4043,est,Estonia,1981,Never had a female head of state
4044,est,Estonia,1982,Never had a female head of state
4045,est,Estonia,1983,Never had a female head of state
4046,est,Estonia,1984,Never had a female head of state
4047,est,Estonia,1985,Never had a female head of state
4048,est,Estonia,1986,Never had a female head of state
4049,est,Estonia,1987,Never had a female head of state
4050,est,Estonia,1988,Never had a female head of state
4051,est,Estonia,1989,Never had a female head of state
4052,est,Estonia,1990,Never had a female head of state
4053,est,Estonia,1991,Never had a female head of state
4054,est,Estonia,1992,Never had a female head of state
4055,est,Estonia,1993,Never had a female head of state
4056,est,Estonia,1994,Never had a female head of state
4057,est,Estonia,1995,Never had a female head of state
4058,est,Estonia,1996,Never had a female head of state
4059,est,Estonia,1997,Never had a female head of state
4060,est,Estonia,1998,Never had a female head of state
4061,est,Estonia,1999,Never had a female head of state
4062,est,Estonia,2000,Never had a female head of state
4063,est,Estonia,2001,Never had a female head of state
4064,est,Estonia,2002,Never had a female head of state
4065,est,Estonia,2003,Never had a female head of state
4066,est,Estonia,2004,Never had a female head of state
4067,est,Estonia,2005,Never had a female head of state
4068,est,Estonia,2006,Never had a female head of state
4069,est,Estonia,2007,Never had a female head of state
4070,est,Estonia,2008,Never had a female head of state
4071,est,Estonia,2009,Never had a female head of state
4072,est,Estonia,2010,Never had a female head of state
4073,est,Estonia,2011,Never had a female head of state
4074,est,Estonia,2012,Never had a female head of state
4075,est,Estonia,2013,Never had a female head of state
4076,est,Estonia,2014,Never had a female head of state
4077,est,Estonia,2015,Never had a female head of state
4078,est,Estonia,2016,Had a female head of state
4079,est,Estonia,2017,Had a female head of state
4080,est,Estonia,2018,Had a female head of state
4081,est,Estonia,2019,Had a female head of state
4082,est,Estonia,2020,Had a female head of state
4083,est,Estonia,2021,Had a female head of state
4084,est,Estonia,2022,Had a female head of state
4085,est,Estonia,2023,Had a female head of state
4086,est,Estonia,2024,Had a female head of state
4087,est,Estonia,2025,Had a female head of state
4088,eth,Ethiopia,1953,Never had a female head of state
4089,eth,Ethiopia,1954,Never had a female head of state
4090,eth,Ethiopia,1955,Never had a female head of state
4091,eth,Ethiopia,1956,Never had a female head of state
4092,eth,Ethiopia,1957,Never had a female head of state
4093,eth,Ethiopia,1958,Never had a female head of state
4094,eth,Ethiopia,1959,Never had a female head of state
4095,eth,Ethiopia,1960,Never had a female head of state
4096,eth,Ethiopia,1961,Never had a female head of state
4097,eth,Ethiopia,1962,Never had a female head of state
4098,eth,Ethiopia,1963,Never had a female head of state
4099,eth,Ethiopia,1964,Never had a female head of state
4100,eth,Ethiopia,1965,Never had a female head of state
4101,eth,Ethiopia,1966,Never had a female head of state
4102,eth,Ethiopia,1967,Never had a female head of state
4103,eth,Ethiopia,1968,Never had a female head of state
4104,eth,Ethiopia,1969,Never had a female head of state
4105,eth,Ethiopia,1970,Never had a female head of state
4106,eth,Ethiopia,1971,Never had a female head of state
4107,eth,Ethiopia,1972,Never had a female head of state
4108,eth,Ethiopia,1973,Never had a female head of state
4109,eth,Ethiopia,1974,Never had a female head of state
4110,eth,Ethiopia,1975,Never had a female head of state
4111,eth,Ethiopia,1976,Never had a female head of state
4112,eth,Ethiopia,1977,Never had a female head of state
4113,eth,Ethiopia,1978,Never had a female head of state
4114,eth,Ethiopia,1979,Never had a female head of state
4115,eth,Ethiopia,1980,Never had a female head of state
4116,eth,Ethiopia,1981,Never had a female head of state
4117,eth,Ethiopia,1982,Never had a female head of state
4118,eth,Ethiopia,1983,Never had a female head of state
4119,eth,Ethiopia,1984,Never had a female head of state
4120,eth,Ethiopia,1985,Never had a female head of state
4121,eth,Ethiopia,1986,Never had a female head of state
4122,eth,Ethiopia,1987,Never had a female head of state
4123,eth,Ethiopia,1988,Never had a female head of state
4124,eth,Ethiopia,1989,Never had a female head of state
4125,eth,Ethiopia,1990,Never had a female head of state
4126,eth,Ethiopia,1991,Never had a female head of state
4127,eth,Ethiopia,1992,Never had a female head of state
4128,eth,Ethiopia,1993,Never had a female head of state
4129,eth,Ethiopia,1994,Never had a female head of state
4130,eth,Ethiopia,1995,Never had a female head of state
4131,eth,Ethiopia,1996,Never had a female head of state
4132,eth,Ethiopia,1997,Never had a female head of state
4133,eth,Ethiopia,1998,Never had a female head of state
4134,eth,Ethiopia,1999,Never had a female head of state
4135,eth,Ethiopia,2000,Never had a female head of state
4136,eth,Ethiopia,2001,Never had a female head of state
4137,eth,Ethiopia,2002,Never had a female head of state
4138,eth,Ethiopia,2003,Never had a female head of state
4139,eth,Ethiopia,2004,Never had a female head of state
4140,eth,Ethiopia,2005,Never had a female head of state
4141,eth,Ethiopia,2006,Never had a female head of state
4142,eth,Ethiopia,2007,Never had a female head of state
4143,eth,Ethiopia,2008,Never had a female head of state
4144,eth,Ethiopia,2009,Never had a female head of state
4145,eth,Ethiopia,2010,Never had a female head of state
4146,eth,Ethiopia,2011,Never had a female head of state
4147,eth,Ethiopia,2012,Never had a female head of state
4148,eth,Ethiopia,2013,Never had a female head of state
4149,eth,Ethiopia,2014,Never had a female head of state
4150,eth,Ethiopia,2015,Never had a female head of state
4151,eth,Ethiopia,2016,Never had a female head of state
4152,eth,Ethiopia,2017,Never had a female head of state
4153,eth,Ethiopia,2018,Had a female head of state
4154,eth,Ethiopia,2019,Had a female head of state
4155,eth,Ethiopia,2020,Had a female head of state
4156,eth,Ethiopia,2021,Had a female head of state
4157,eth,Ethiopia,2022,Had a female head of state
4158,eth,Ethiopia,2023,Had a female head of state
4159,eth,Ethiopia,2024,Had a female head of state
4160,eth,Ethiopia,2025,Had a female head of state
4161,fji,Fiji,1953,Never had a female head of state
4162,fji,Fiji,1954,Never had a female head of state
4163,fji,Fiji,1955,Never had a female head of state
4164,fji,Fiji,1956,Never had a female head of state
4165,fji,Fiji,1957,Never had a female head of state
4166,fji,Fiji,1958,Never had a female head of state
4167,fji,Fiji,1959,Never had a female head of state
4168,fji,Fiji,1960,Never had a female head of state
4169,fji,Fiji,1961,Never had a female head of state
4170,fji,Fiji,1962,Never had a female head of state
4171,fji,Fiji,1963,Never had a female head of state
4172,fji,Fiji,1964,Never had a female head of state
4173,fji,Fiji,1965,Never had a female head of state
4174,fji,Fiji,1966,Never had a female head of state
4175,fji,Fiji,1967,Never had a female head of state
4176,fji,Fiji,1968,Never had a female head of state
4177,fji,Fiji,1969,Never had a female head of state
4178,fji,Fiji,1970,Never had a female head of state
4179,fji,Fiji,1971,Never had a female head of state
4180,fji,Fiji,1972,Never had a female head of state
4181,fji,Fiji,1973,Never had a female head of state
4182,fji,Fiji,1974,Never had a female head of state
4183,fji,Fiji,1975,Never had a female head of state
4184,fji,Fiji,1976,Never had a female head of state
4185,fji,Fiji,1977,Never had a female head of state
4186,fji,Fiji,1978,Never had a female head of state
4187,fji,Fiji,1979,Never had a female head of state
4188,fji,Fiji,1980,Never had a female head of state
4189,fji,Fiji,1981,Never had a female head of state
4190,fji,Fiji,1982,Never had a female head of state
4191,fji,Fiji,1983,Never had a female head of state
4192,fji,Fiji,1984,Never had a female head of state
4193,fji,Fiji,1985,Never had a female head of state
4194,fji,Fiji,1986,Never had a female head of state
4195,fji,Fiji,1987,Never had a female head of state
4196,fji,Fiji,1988,Never had a female head of state
4197,fji,Fiji,1989,Never had a female head of state
4198,fji,Fiji,1990,Never had a female head of state
4199,fji,Fiji,1991,Never had a female head of state
4200,fji,Fiji,1992,Never had a female head of state
4201,fji,Fiji,1993,Never had a female head of state
4202,fji,Fiji,1994,Never had a female head of state
4203,fji,Fiji,1995,Never had a female head of state
4204,fji,Fiji,1996,Never had a female head of state
4205,fji,Fiji,1997,Never had a female head of state
4206,fji,Fiji,1998,Never had a female head of state
4207,fji,Fiji,1999,Never had a female head of state
4208,fji,Fiji,2000,Never had a female head of state
4209,fji,Fiji,2001,Never had a female head of state
4210,fji,Fiji,2002,Never had a female head of state
4211,fji,Fiji,2003,Never had a female head of state
4212,fji,Fiji,2004,Never had a female head of state
4213,fji,Fiji,2005,Never had a female head of state
4214,fji,Fiji,2006,Never had a female head of state
4215,fji,Fiji,2007,Never had a female head of state
4216,fji,Fiji,2008,Never had a female head of state
4217,fji,Fiji,2009,Never had a female head of state
4218,fji,Fiji,2010,Never had a female head of state
4219,fji,Fiji,2011,Never had a female head of state
4220,fji,Fiji,2012,Never had a female head of state
4221,fji,Fiji,2013,Never had a female head of state
4222,fji,Fiji,2014,Never had a female head of state
4223,fji,Fiji,2015,Never had a female head of state
4224,fji,Fiji,2016,Never had a female head of state
4225,fji,Fiji,2017,Never had a female head of state
4226,fji,Fiji,2018,Never had a female head of state
4227,fji,Fiji,2019,Never had a female head of state
4228,fji,Fiji,2020,Never had a female head of state
4229,fji,Fiji,2021,Never had a female head of state
4230,fji,Fiji,2022,Never had a female head of state
4231,fji,Fiji,2023,Never had a female head of state
4232,fji,Fiji,2024,Never had a female head of state
4233,fji,Fiji,2025,Never had a female head of state
4234,fin,Finland,1953,Never had a female head of state
4235,fin,Finland,1954,Never had a female head of state
4236,fin,Finland,1955,Never had a female head of state
4237,fin,Finland,1956,Never had a female head of state
4238,fin,Finland,1957,Never had a female head of state
4239,fin,Finland,1958,Never had a female head of state
4240,fin,Finland,1959,Never had a female head of state
4241,fin,Finland,1960,Never had a female head of state
4242,fin,Finland,1961,Never had a female head of state
4243,fin,Finland,1962,Never had a female head of state
4244,fin,Finland,1963,Never had a female head of state
4245,fin,Finland,1964,Never had a female head of state
4246,fin,Finland,1965,Never had a female head of state
4247,fin,Finland,1966,Never had a female head of state
4248,fin,Finland,1967,Never had a female head of state
4249,fin,Finland,1968,Never had a female head of state
4250,fin,Finland,1969,Never had a female head of state
4251,fin,Finland,1970,Never had a female head of state
4252,fin,Finland,1971,Never had a female head of state
4253,fin,Finland,1972,Never had a female head of state
4254,fin,Finland,1973,Never had a female head of state
4255,fin,Finland,1974,Never had a female head of state
4256,fin,Finland,1975,Never had a female head of state
4257,fin,Finland,1976,Never had a female head of state
4258,fin,Finland,1977,Never had a female head of state
4259,fin,Finland,1978,Never had a female head of state
4260,fin,Finland,1979,Never had a female head of state
4261,fin,Finland,1980,Never had a female head of state
4262,fin,Finland,1981,Never had a female head of state
4263,fin,Finland,1982,Never had a female head of state
4264,fin,Finland,1983,Never had a female head of state
4265,fin,Finland,1984,Never had a female head of state
4266,fin,Finland,1985,Never had a female head of state
4267,fin,Finland,1986,Never had a female head of state
4268,fin,Finland,1987,Never had a female head of state
4269,fin,Finland,1988,Never had a female head of state
4270,fin,Finland,1989,Never had a female head of state
4271,fin,Finland,1990,Never had a female head of state
4272,fin,Finland,1991,Never had a female head of state
4273,fin,Finland,1992,Never had a female head of state
4274,fin,Finland,1993,Never had a female head of state
4275,fin,Finland,1994,Never had a female head of state
4276,fin,Finland,1995,Never had a female head of state
4277,fin,Finland,1996,Never had a female head of state
4278,fin,Finland,1997,Never had a female head of state
4279,fin,Finland,1998,Never had a female head of state
4280,fin,Finland,1999,Never had a female head of state
4281,fin,Finland,2000,Had a female head of state
4282,fin,Finland,2001,Had a female head of state
4283,fin,Finland,2002,Had a female head of state
4284,fin,Finland,2003,Had a female head of state
4285,fin,Finland,2004,Had a female head of state
4286,fin,Finland,2005,Had a female head of state
4287,fin,Finland,2006,Had a female head of state
4288,fin,Finland,2007,Had a female head of state
4289,fin,Finland,2008,Had a female head of state
4290,fin,Finland,2009,Had a female head of state
4291,fin,Finland,2010,Had a female head of state
4292,fin,Finland,2011,Had a female head of state
4293,fin,Finland,2012,Had a female head of state
4294,fin,Finland,2013,Had a female head of state
4295,fin,Finland,2014,Had a female head of state
4296,fin,Finland,2015,Had a female head of state
4297,fin,Finland,2016,Had a female head of state
4298,fin,Finland,2017,Had a female head of state
4299,fin,Finland,2018,Had a female head of state
4300,fin,Finland,2019,Had a female head of state
4301,fin,Finland,2020,Had a female head of state
4302,fin,Finland,2021,Had a female head of state
4303,fin,Finland,2022,Had a female head of state
4304,fin,Finland,2023,Had a female head of state
4305,fin,Finland,2024,Had a female head of state
4306,fin,Finland,2025,Had a female head of state
4307,fra,France,1953,Never had a female head of state
4308,fra,France,1954,Never had a female head of state
4309,fra,France,1955,Never had a female head of state
4310,fra,France,1956,Never had a female head of state
4311,fra,France,1957,Never had a female head of state
4312,fra,France,1958,Never had a female head of state
4313,fra,France,1959,Never had a female head of state
4314,fra,France,1960,Never had a female head of state
4315,fra,France,1961,Never had a female head of state
4316,fra,France,1962,Never had a female head of state
4317,fra,France,1963,Never had a female head of state
4318,fra,France,1964,Never had a female head of state
4319,fra,France,1965,Never had a female head of state
4320,fra,France,1966,Never had a female head of state
4321,fra,France,1967,Never had a female head of state
4322,fra,France,1968,Never had a female head of state
4323,fra,France,1969,Never had a female head of state
4324,fra,France,1970,Never had a female head of state
4325,fra,France,1971,Never had a female head of state
4326,fra,France,1972,Never had a female head of state
4327,fra,France,1973,Never had a female head of state
4328,fra,France,1974,Never had a female head of state
4329,fra,France,1975,Never had a female head of state
4330,fra,France,1976,Never had a female head of state
4331,fra,France,1977,Never had a female head of state
4332,fra,France,1978,Never had a female head of state
4333,fra,France,1979,Never had a female head of state
4334,fra,France,1980,Never had a female head of state
4335,fra,France,1981,Never had a female head of state
4336,fra,France,1982,Never had a female head of state
4337,fra,France,1983,Never had a female head of state
4338,fra,France,1984,Never had a female head of state
4339,fra,France,1985,Never had a female head of state
4340,fra,France,1986,Never had a female head of state
4341,fra,France,1987,Never had a female head of state
4342,fra,France,1988,Never had a female head of state
4343,fra,France,1989,Never had a female head of state
4344,fra,France,1990,Never had a female head of state
4345,fra,France,1991,Had a female head of state
4346,fra,France,1992,Had a female head of state
4347,fra,France,1993,Had a female head of state
4348,fra,France,1994,Had a female head of state
4349,fra,France,1995,Had a female head of state
4350,fra,France,1996,Had a female head of state
4351,fra,France,1997,Had a female head of state
4352,fra,France,1998,Had a female head of state
4353,fra,France,1999,Had a female head of state
4354,fra,France,2000,Had a female head of state
4355,fra,France,2001,Had a female head of state
4356,fra,France,2002,Had a female head of state
4357,fra,France,2003,Had a female head of state
4358,fra,France,2004,Had a female head of state
4359,fra,France,2005,Had a female head of state
4360,fra,France,2006,Had a female head of state
4361,fra,France,2007,Had a female head of state
4362,fra,France,2008,Had a female head of state
4363,fra,France,2009,Had a female head of state
4364,fra,France,2010,Had a female head of state
4365,fra,France,2011,Had a female head of state
4366,fra,France,2012,Had a female head of state
4367,fra,France,2013,Had a female head of state
4368,fra,France,2014,Had a female head of state
4369,fra,France,2015,Had a female head of state
4370,fra,France,2016,Had a female head of state
4371,fra,France,2017,Had a female head of state
4372,fra,France,2018,Had a female head of state
4373,fra,France,2019,Had a female head of state
4374,fra,France,2020,Had a female head of state
4375,fra,France,2021,Had a female head of state
4376,fra,France,2022,Had a female head of state
4377,fra,France,2023,Had a female head of state
4378,fra,France,2024,Had a female head of state
4379,fra,France,2025,Had a female head of state
4380,gab,Gabon,1953,Never had a female head of state
4381,gab,Gabon,1954,Never had a female head of state
4382,gab,Gabon,1955,Never had a female head of state
4383,gab,Gabon,1956,Never had a female head of state
4384,gab,Gabon,1957,Never had a female head of state
4385,gab,Gabon,1958,Never had a female head of state
4386,gab,Gabon,1959,Never had a female head of state
4387,gab,Gabon,1960,Never had a female head of state
4388,gab,Gabon,1961,Never had a female head of state
4389,gab,Gabon,1962,Never had a female head of state
4390,gab,Gabon,1963,Never had a female head of state
4391,gab,Gabon,1964,Never had a female head of state
4392,gab,Gabon,1965,Never had a female head of state
4393,gab,Gabon,1966,Never had a female head of state
4394,gab,Gabon,1967,Never had a female head of state
4395,gab,Gabon,1968,Never had a female head of state
4396,gab,Gabon,1969,Never had a female head of state
4397,gab,Gabon,1970,Never had a female head of state
4398,gab,Gabon,1971,Never had a female head of state
4399,gab,Gabon,1972,Never had a female head of state
4400,gab,Gabon,1973,Never had a female head of state
4401,gab,Gabon,1974,Never had a female head of state
4402,gab,Gabon,1975,Never had a female head of state
4403,gab,Gabon,1976,Never had a female head of state
4404,gab,Gabon,1977,Never had a female head of state
4405,gab,Gabon,1978,Never had a female head of state
4406,gab,Gabon,1979,Never had a female head of state
4407,gab,Gabon,1980,Never had a female head of state
4408,gab,Gabon,1981,Never had a female head of state
4409,gab,Gabon,1982,Never had a female head of state
4410,gab,Gabon,1983,Never had a female head of state
4411,gab,Gabon,1984,Never had a female head of state
4412,gab,Gabon,1985,Never had a female head of state
4413,gab,Gabon,1986,Never had a female head of state
4414,gab,Gabon,1987,Never had a female head of state
4415,gab,Gabon,1988,Never had a female head of state
4416,gab,Gabon,1989,Never had a female head of state
4417,gab,Gabon,1990,Never had a female head of state
4418,gab,Gabon,1991,Never had a female head of state
4419,gab,Gabon,1992,Never had a female head of state
4420,gab,Gabon,1993,Never had a female head of state
4421,gab,Gabon,1994,Never had a female head of state
4422,gab,Gabon,1995,Never had a female head of state
4423,gab,Gabon,1996,Never had a female head of state
4424,gab,Gabon,1997,Never had a female head of state
4425,gab,Gabon,1998,Never had a female head of state
4426,gab,Gabon,1999,Never had a female head of state
4427,gab,Gabon,2000,Never had a female head of state
4428,gab,Gabon,2001,Never had a female head of state
4429,gab,Gabon,2002,Never had a female head of state
4430,gab,Gabon,2003,Never had a female head of state
4431,gab,Gabon,2004,Never had a female head of state
4432,gab,Gabon,2005,Never had a female head of state
4433,gab,Gabon,2006,Never had a female head of state
4434,gab,Gabon,2007,Never had a female head of state
4435,gab,Gabon,2008,Never had a female head of state
4436,gab,Gabon,2009,Had a female head of state
4437,gab,Gabon,2010,Had a female head of state
4438,gab,Gabon,2011,Had a female head of state
4439,gab,Gabon,2012,Had a female head of state
4440,gab,Gabon,2013,Had a female head of state
4441,gab,Gabon,2014,Had a female head of state
4442,gab,Gabon,2015,Had a female head of state
4443,gab,Gabon,2016,Had a female head of state
4444,gab,Gabon,2017,Had a female head of state
4445,gab,Gabon,2018,Had a female head of state
4446,gab,Gabon,2019,Had a female head of state
4447,gab,Gabon,2020,Had a female head of state
4448,gab,Gabon,2021,Had a female head of state
4449,gab,Gabon,2022,Had a female head of state
4450,gab,Gabon,2023,Had a female head of state
4451,gab,Gabon,2024,Had a female head of state
4452,gab,Gabon,2025,Had a female head of state
4453,gmb,Gambia,1953,Never had a female head of state
4454,gmb,Gambia,1954,Never had a female head of state
4455,gmb,Gambia,1955,Never had a female head of state
4456,gmb,Gambia,1956,Never had a female head of state
4457,gmb,Gambia,1957,Never had a female head of state
4458,gmb,Gambia,1958,Never had a female head of state
4459,gmb,Gambia,1959,Never had a female head of state
4460,gmb,Gambia,1960,Never had a female head of state
4461,gmb,Gambia,1961,Never had a female head of state
4462,gmb,Gambia,1962,Never had a female head of state
4463,gmb,Gambia,1963,Never had a female head of state
4464,gmb,Gambia,1964,Never had a female head of state
4465,gmb,Gambia,1965,Never had a female head of state
4466,gmb,Gambia,1966,Never had a female head of state
4467,gmb,Gambia,1967,Never had a female head of state
4468,gmb,Gambia,1968,Never had a female head of state
4469,gmb,Gambia,1969,Never had a female head of state
4470,gmb,Gambia,1970,Never had a female head of state
4471,gmb,Gambia,1971,Never had a female head of state
4472,gmb,Gambia,1972,Never had a female head of state
4473,gmb,Gambia,1973,Never had a female head of state
4474,gmb,Gambia,1974,Never had a female head of state
4475,gmb,Gambia,1975,Never had a female head of state
4476,gmb,Gambia,1976,Never had a female head of state
4477,gmb,Gambia,1977,Never had a female head of state
4478,gmb,Gambia,1978,Never had a female head of state
4479,gmb,Gambia,1979,Never had a female head of state
4480,gmb,Gambia,1980,Never had a female head of state
4481,gmb,Gambia,1981,Never had a female head of state
4482,gmb,Gambia,1982,Never had a female head of state
4483,gmb,Gambia,1983,Never had a female head of state
4484,gmb,Gambia,1984,Never had a female head of state
4485,gmb,Gambia,1985,Never had a female head of state
4486,gmb,Gambia,1986,Never had a female head of state
4487,gmb,Gambia,1987,Never had a female head of state
4488,gmb,Gambia,1988,Never had a female head of state
4489,gmb,Gambia,1989,Never had a female head of state
4490,gmb,Gambia,1990,Never had a female head of state
4491,gmb,Gambia,1991,Never had a female head of state
4492,gmb,Gambia,1992,Never had a female head of state
4493,gmb,Gambia,1993,Never had a female head of state
4494,gmb,Gambia,1994,Never had a female head of state
4495,gmb,Gambia,1995,Never had a female head of state
4496,gmb,Gambia,1996,Never had a female head of state
4497,gmb,Gambia,1997,Never had a female head of state
4498,gmb,Gambia,1998,Never had a female head of state
4499,gmb,Gambia,1999,Never had a female head of state
4500,gmb,Gambia,2000,Never had a female head of state
4501,gmb,Gambia,2001,Never had a female head of state
4502,gmb,Gambia,2002,Never had a female head of state
4503,gmb,Gambia,2003,Never had a female head of state
4504,gmb,Gambia,2004,Never had a female head of state
4505,gmb,Gambia,2005,Never had a female head of state
4506,gmb,Gambia,2006,Never had a female head of state
4507,gmb,Gambia,2007,Never had a female head of state
4508,gmb,Gambia,2008,Never had a female head of state
4509,gmb,Gambia,2009,Never had a female head of state
4510,gmb,Gambia,2010,Never had a female head of state
4511,gmb,Gambia,2011,Never had a female head of state
4512,gmb,Gambia,2012,Never had a female head of state
4513,gmb,Gambia,2013,Never had a female head of state
4514,gmb,Gambia,2014,Never had a female head of state
4515,gmb,Gambia,2015,Never had a female head of state
4516,gmb,Gambia,2016,Never had a female head of state
4517,gmb,Gambia,2017,Never had a female head of state
4518,gmb,Gambia,2018,Never had a female head of state
4519,gmb,Gambia,2019,Never had a female head of state
4520,gmb,Gambia,2020,Never had a female head of state
4521,gmb,Gambia,2021,Never had a female head of state
4522,gmb,Gambia,2022,Never had a female head of state
4523,gmb,Gambia,2023,Never had a female head of state
4524,gmb,Gambia,2024,Never had a female head of state
4525,gmb,Gambia,2025,Never had a female head of state
4526,geo,Georgia,1953,Never had a female head of state
4527,geo,Georgia,1954,Never had a female head of state
4528,geo,Georgia,1955,Never had a female head of state
4529,geo,Georgia,1956,Never had a female head of state
4530,geo,Georgia,1957,Never had a female head of state
4531,geo,Georgia,1958,Never had a female head of state
4532,geo,Georgia,1959,Never had a female head of state
4533,geo,Georgia,1960,Never had a female head of state
4534,geo,Georgia,1961,Never had a female head of state
4535,geo,Georgia,1962,Never had a female head of state
4536,geo,Georgia,1963,Never had a female head of state
4537,geo,Georgia,1964,Never had a female head of state
4538,geo,Georgia,1965,Never had a female head of state
4539,geo,Georgia,1966,Never had a female head of state
4540,geo,Georgia,1967,Never had a female head of state
4541,geo,Georgia,1968,Never had a female head of state
4542,geo,Georgia,1969,Never had a female head of state
4543,geo,Georgia,1970,Never had a female head of state
4544,geo,Georgia,1971,Never had a female head of state
4545,geo,Georgia,1972,Never had a female head of state
4546,geo,Georgia,1973,Never had a female head of state
4547,geo,Georgia,1974,Never had a female head of state
4548,geo,Georgia,1975,Never had a female head of state
4549,geo,Georgia,1976,Never had a female head of state
4550,geo,Georgia,1977,Never had a female head of state
4551,geo,Georgia,1978,Never had a female head of state
4552,geo,Georgia,1979,Never had a female head of state
4553,geo,Georgia,1980,Never had a female head of state
4554,geo,Georgia,1981,Never had a female head of state
4555,geo,Georgia,1982,Never had a female head of state
4556,geo,Georgia,1983,Never had a female head of state
4557,geo,Georgia,1984,Never had a female head of state
4558,geo,Georgia,1985,Never had a female head of state
4559,geo,Georgia,1986,Never had a female head of state
4560,geo,Georgia,1987,Never had a female head of state
4561,geo,Georgia,1988,Never had a female head of state
4562,geo,Georgia,1989,Never had a female head of state
4563,geo,Georgia,1990,Never had a female head of state
4564,geo,Georgia,1991,Never had a female head of state
4565,geo,Georgia,1992,Never had a female head of state
4566,geo,Georgia,1993,Never had a female head of state
4567,geo,Georgia,1994,Never had a female head of state
4568,geo,Georgia,1995,Never had a female head of state
4569,geo,Georgia,1996,Never had a female head of state
4570,geo,Georgia,1997,Never had a female head of state
4571,geo,Georgia,1998,Never had a female head of state
4572,geo,Georgia,1999,Never had a female head of state
4573,geo,Georgia,2000,Never had a female head of state
4574,geo,Georgia,2001,Never had a female head of state
4575,geo,Georgia,2002,Never had a female head of state
4576,geo,Georgia,2003,Had a female head of state
4577,geo,Georgia,2004,Had a female head of state
4578,geo,Georgia,2005,Had a female head of state
4579,geo,Georgia,2006,Had a female head of state
4580,geo,Georgia,2007,Had a female head of state
4581,geo,Georgia,2008,Had a female head of state
4582,geo,Georgia,2009,Had a female head of state
4583,geo,Georgia,2010,Had a female head of state
4584,geo,Georgia,2011,Had a female head of state
4585,geo,Georgia,2012,Had a female head of state
4586,geo,Georgia,2013,Had a female head of state
4587,geo,Georgia,2014,Had a female head of state
4588,geo,Georgia,2015,Had a female head of state
4589,geo,Georgia,2016,Had a female head of state
4590,geo,Georgia,2017,Had a female head of state
4591,geo,Georgia,2018,Had a female head of state
4592,geo,Georgia,2019,Had a female head of state
4593,geo,Georgia,2020,Had a female head of state
4594,geo,Georgia,2021,Had a female head of state
4595,geo,Georgia,2022,Had a female head of state
4596,geo,Georgia,2023,Had a female head of state
4597,geo,Georgia,2024,Had a female head of state
4598,geo,Georgia,2025,Had a female head of state
4599,deu,Germany,1953,Never had a female head of state
4600,deu,Germany,1954,Never had a female head of state
4601,deu,Germany,1955,Never had a female head of state
4602,deu,Germany,1956,Never had a female head of state
4603,deu,Germany,1957,Never had a female head of state
4604,deu,Germany,1958,Never had a female head of state
4605,deu,Germany,1959,Never had a female head of state
4606,deu,Germany,1960,Never had a female head of state
4607,deu,Germany,1961,Never had a female head of state
4608,deu,Germany,1962,Never had a female head of state
4609,deu,Germany,1963,Never had a female head of state
4610,deu,Germany,1964,Never had a female head of state
4611,deu,Germany,1965,Never had a female head of state
4612,deu,Germany,1966,Never had a female head of state
4613,deu,Germany,1967,Never had a female head of state
4614,deu,Germany,1968,Never had a female head of state
4615,deu,Germany,1969,Never had a female head of state
4616,deu,Germany,1970,Never had a female head of state
4617,deu,Germany,1971,Never had a female head of state
4618,deu,Germany,1972,Never had a female head of state
4619,deu,Germany,1973,Never had a female head of state
4620,deu,Germany,1974,Never had a female head of state
4621,deu,Germany,1975,Never had a female head of state
4622,deu,Germany,1976,Never had a female head of state
4623,deu,Germany,1977,Never had a female head of state
4624,deu,Germany,1978,Never had a female head of state
4625,deu,Germany,1979,Never had a female head of state
4626,deu,Germany,1980,Never had a female head of state
4627,deu,Germany,1981,Never had a female head of state
4628,deu,Germany,1982,Never had a female head of state
4629,deu,Germany,1983,Never had a female head of state
4630,deu,Germany,1984,Never had a female head of state
4631,deu,Germany,1985,Never had a female head of state
4632,deu,Germany,1986,Never had a female head of state
4633,deu,Germany,1987,Never had a female head of state
4634,deu,Germany,1988,Never had a female head of state
4635,deu,Germany,1989,Never had a female head of state
4636,deu,Germany,1990,Never had a female head of state
4637,deu,Germany,1991,Never had a female head of state
4638,deu,Germany,1992,Never had a female head of state
4639,deu,Germany,1993,Never had a female head of state
4640,deu,Germany,1994,Never had a female head of state
4641,deu,Germany,1995,Never had a female head of state
4642,deu,Germany,1996,Never had a female head of state
4643,deu,Germany,1997,Never had a female head of state
4644,deu,Germany,1998,Never had a female head of state
4645,deu,Germany,1999,Never had a female head of state
4646,deu,Germany,2000,Never had a female head of state
4647,deu,Germany,2001,Never had a female head of state
4648,deu,Germany,2002,Never had a female head of state
4649,deu,Germany,2003,Never had a female head of state
4650,deu,Germany,2004,Never had a female head of state
4651,deu,Germany,2005,Had a female head of state
4652,deu,Germany,2006,Had a female head of state
4653,deu,Germany,2007,Had a female head of state
4654,deu,Germany,2008,Had a female head of state
4655,deu,Germany,2009,Had a female head of state
4656,deu,Germany,2010,Had a female head of state
4657,deu,Germany,2011,Had a female head of state
4658,deu,Germany,2012,Had a female head of state
4659,deu,Germany,2013,Had a female head of state
4660,deu,Germany,2014,Had a female head of state
4661,deu,Germany,2015,Had a female head of state
4662,deu,Germany,2016,Had a female head of state
4663,deu,Germany,2017,Had a female head of state
4664,deu,Germany,2018,Had a female head of state
4665,deu,Germany,2019,Had a female head of state
4666,deu,Germany,2020,Had a female head of state
4667,deu,Germany,2021,Had a female head of state
4668,deu,Germany,2022,Had a female head of state
4669,deu,Germany,2023,Had a female head of state
4670,deu,Germany,2024,Had a female head of state
4671,deu,Germany,2025,Had a female head of state
4672,gha,Ghana,1953,Never had a female head of state
4673,gha,Ghana,1954,Never had a female head of state
4674,gha,Ghana,1955,Never had a female head of state
4675,gha,Ghana,1956,Never had a female head of state
4676,gha,Ghana,1957,Never had a female head of state
4677,gha,Ghana,1958,Never had a female head of state
4678,gha,Ghana,1959,Never had a female head of state
4679,gha,Ghana,1960,Never had a female head of state
4680,gha,Ghana,1961,Never had a female head of state
4681,gha,Ghana,1962,Never had a female head of state
4682,gha,Ghana,1963,Never had a female head of state
4683,gha,Ghana,1964,Never had a female head of state
4684,gha,Ghana,1965,Never had a female head of state
4685,gha,Ghana,1966,Never had a female head of state
4686,gha,Ghana,1967,Never had a female head of state
4687,gha,Ghana,1968,Never had a female head of state
4688,gha,Ghana,1969,Never had a female head of state
4689,gha,Ghana,1970,Never had a female head of state
4690,gha,Ghana,1971,Never had a female head of state
4691,gha,Ghana,1972,Never had a female head of state
4692,gha,Ghana,1973,Never had a female head of state
4693,gha,Ghana,1974,Never had a female head of state
4694,gha,Ghana,1975,Never had a female head of state
4695,gha,Ghana,1976,Never had a female head of state
4696,gha,Ghana,1977,Never had a female head of state
4697,gha,Ghana,1978,Never had a female head of state
4698,gha,Ghana,1979,Never had a female head of state
4699,gha,Ghana,1980,Never had a female head of state
4700,gha,Ghana,1981,Never had a female head of state
4701,gha,Ghana,1982,Never had a female head of state
4702,gha,Ghana,1983,Never had a female head of state
4703,gha,Ghana,1984,Never had a female head of state
4704,gha,Ghana,1985,Never had a female head of state
4705,gha,Ghana,1986,Never had a female head of state
4706,gha,Ghana,1987,Never had a female head of state
4707,gha,Ghana,1988,Never had a female head of state
4708,gha,Ghana,1989,Never had a female head of state
4709,gha,Ghana,1990,Never had a female head of state
4710,gha,Ghana,1991,Never had a female head of state
4711,gha,Ghana,1992,Never had a female head of state
4712,gha,Ghana,1993,Never had a female head of state
4713,gha,Ghana,1994,Never had a female head of state
4714,gha,Ghana,1995,Never had a female head of state
4715,gha,Ghana,1996,Never had a female head of state
4716,gha,Ghana,1997,Never had a female head of state
4717,gha,Ghana,1998,Never had a female head of state
4718,gha,Ghana,1999,Never had a female head of state
4719,gha,Ghana,2000,Never had a female head of state
4720,gha,Ghana,2001,Never had a female head of state
4721,gha,Ghana,2002,Never had a female head of state
4722,gha,Ghana,2003,Never had a female head of state
4723,gha,Ghana,2004,Never had a female head of state
4724,gha,Ghana,2005,Never had a female head of state
4725,gha,Ghana,2006,Never had a female head of state
4726,gha,Ghana,2007,Never had a female head of state
4727,gha,Ghana,2008,Never had a female head of state
4728,gha,Ghana,2009,Never had a female head of state
4729,gha,Ghana,2010,Never had a female head of state
4730,gha,Ghana,2011,Never had a female head of state
4731,gha,Ghana,2012,Never had a female head of state
4732,gha,Ghana,2013,Never had a female head of state
4733,gha,Ghana,2014,Never had a female head of state
4734,gha,Ghana,2015,Never had a female head of state
4735,gha,Ghana,2016,Never had a female head of state
4736,gha,Ghana,2017,Never had a female head of state
4737,gha,Ghana,2018,Never had a female head of state
4738,gha,Ghana,2019,Never had a female head of state
4739,gha,Ghana,2020,Never had a female head of state
4740,gha,Ghana,2021,Never had a female head of state
4741,gha,Ghana,2022,Never had a female head of state
4742,gha,Ghana,2023,Never had a female head of state
4743,gha,Ghana,2024,Never had a female head of state
4744,gha,Ghana,2025,Never had a female head of state
4745,grc,Greece,1953,Never had a female head of state
4746,grc,Greece,1954,Never had a female head of state
4747,grc,Greece,1955,Never had a female head of state
4748,grc,Greece,1956,Never had a female head of state
4749,grc,Greece,1957,Never had a female head of state
4750,grc,Greece,1958,Never had a female head of state
4751,grc,Greece,1959,Never had a female head of state
4752,grc,Greece,1960,Never had a female head of state
4753,grc,Greece,1961,Never had a female head of state
4754,grc,Greece,1962,Never had a female head of state
4755,grc,Greece,1963,Never had a female head of state
4756,grc,Greece,1964,Never had a female head of state
4757,grc,Greece,1965,Never had a female head of state
4758,grc,Greece,1966,Never had a female head of state
4759,grc,Greece,1967,Never had a female head of state
4760,grc,Greece,1968,Never had a female head of state
4761,grc,Greece,1969,Never had a female head of state
4762,grc,Greece,1970,Never had a female head of state
4763,grc,Greece,1971,Never had a female head of state
4764,grc,Greece,1972,Never had a female head of state
4765,grc,Greece,1973,Never had a female head of state
4766,grc,Greece,1974,Never had a female head of state
4767,grc,Greece,1975,Never had a female head of state
4768,grc,Greece,1976,Never had a female head of state
4769,grc,Greece,1977,Never had a female head of state
4770,grc,Greece,1978,Never had a female head of state
4771,grc,Greece,1979,Never had a female head of state
4772,grc,Greece,1980,Never had a female head of state
4773,grc,Greece,1981,Never had a female head of state
4774,grc,Greece,1982,Never had a female head of state
4775,grc,Greece,1983,Never had a female head of state
4776,grc,Greece,1984,Never had a female head of state
4777,grc,Greece,1985,Never had a female head of state
4778,grc,Greece,1986,Never had a female head of state
4779,grc,Greece,1987,Never had a female head of state
4780,grc,Greece,1988,Never had a female head of state
4781,grc,Greece,1989,Never had a female head of state
4782,grc,Greece,1990,Never had a female head of state
4783,grc,Greece,1991,Never had a female head of state
4784,grc,Greece,1992,Never had a female head of state
4785,grc,Greece,1993,Never had a female head of state
4786,grc,Greece,1994,Never had a female head of state
4787,grc,Greece,1995,Never had a female head of state
4788,grc,Greece,1996,Never had a female head of state
4789,grc,Greece,1997,Never had a female head of state
4790,grc,Greece,1998,Never had a female head of state
4791,grc,Greece,1999,Never had a female head of state
4792,grc,Greece,2000,Never had a female head of state
4793,grc,Greece,2001,Never had a female head of state
4794,grc,Greece,2002,Never had a female head of state
4795,grc,Greece,2003,Never had a female head of state
4796,grc,Greece,2004,Never had a female head of state
4797,grc,Greece,2005,Never had a female head of state
4798,grc,Greece,2006,Never had a female head of state
4799,grc,Greece,2007,Never had a female head of state
4800,grc,Greece,2008,Never had a female head of state
4801,grc,Greece,2009,Never had a female head of state
4802,grc,Greece,2010,Never had a female head of state
4803,grc,Greece,2011,Never had a female head of state
4804,grc,Greece,2012,Never had a female head of state
4805,grc,Greece,2013,Never had a female head of state
4806,grc,Greece,2014,Never had a female head of state
4807,grc,Greece,2015,Had a female head of state
4808,grc,Greece,2016,Had a female head of state
4809,grc,Greece,2017,Had a female head of state
4810,grc,Greece,2018,Had a female head of state
4811,grc,Greece,2019,Had a female head of state
4812,grc,Greece,2020,Had a female head of state
4813,grc,Greece,2021,Had a female head of state
4814,grc,Greece,2022,Had a female head of state
4815,grc,Greece,2023,Had a female head of state
4816,grc,Greece,2024,Had a female head of state
4817,grc,Greece,2025,Had a female head of state
4818,grd,Grenada,1953,Never had a female head of state
4819,grd,Grenada,1954,Never had a female head of state
4820,grd,Grenada,1955,Never had a female head of state
4821,grd,Grenada,1956,Never had a female head of state
4822,grd,Grenada,1957,Never had a female head of state
4823,grd,Grenada,1958,Never had a female head of state
4824,grd,Grenada,1959,Never had a female head of state
4825,grd,Grenada,1960,Never had a female head of state
4826,grd,Grenada,1961,Never had a female head of state
4827,grd,Grenada,1962,Never had a female head of state
4828,grd,Grenada,1963,Never had a female head of state
4829,grd,Grenada,1964,Never had a female head of state
4830,grd,Grenada,1965,Never had a female head of state
4831,grd,Grenada,1966,Never had a female head of state
4832,grd,Grenada,1967,Never had a female head of state
4833,grd,Grenada,1968,Never had a female head of state
4834,grd,Grenada,1969,Never had a female head of state
4835,grd,Grenada,1970,Never had a female head of state
4836,grd,Grenada,1971,Never had a female head of state
4837,grd,Grenada,1972,Never had a female head of state
4838,grd,Grenada,1973,Never had a female head of state
4839,grd,Grenada,1974,Never had a female head of state
4840,grd,Grenada,1975,Never had a female head of state
4841,grd,Grenada,1976,Never had a female head of state
4842,grd,Grenada,1977,Never had a female head of state
4843,grd,Grenada,1978,Never had a female head of state
4844,grd,Grenada,1979,Never had a female head of state
4845,grd,Grenada,1980,Never had a female head of state
4846,grd,Grenada,1981,Never had a female head of state
4847,grd,Grenada,1982,Never had a female head of state
4848,grd,Grenada,1983,Never had a female head of state
4849,grd,Grenada,1984,Never had a female head of state
4850,grd,Grenada,1985,Never had a female head of state
4851,grd,Grenada,1986,Never had a female head of state
4852,grd,Grenada,1987,Never had a female head of state
4853,grd,Grenada,1988,Never had a female head of state
4854,grd,Grenada,1989,Never had a female head of state
4855,grd,Grenada,1990,Never had a female head of state
4856,grd,Grenada,1991,Never had a female head of state
4857,grd,Grenada,1992,Never had a female head of state
4858,grd,Grenada,1993,Never had a female head of state
4859,grd,Grenada,1994,Never had a female head of state
4860,grd,Grenada,1995,Never had a female head of state
4861,grd,Grenada,1996,Never had a female head of state
4862,grd,Grenada,1997,Never had a female head of state
4863,grd,Grenada,1998,Never had a female head of state
4864,grd,Grenada,1999,Never had a female head of state
4865,grd,Grenada,2000,Never had a female head of state
4866,grd,Grenada,2001,Never had a female head of state
4867,grd,Grenada,2002,Never had a female head of state
4868,grd,Grenada,2003,Never had a female head of state
4869,grd,Grenada,2004,Never had a female head of state
4870,grd,Grenada,2005,Never had a female head of state
4871,grd,Grenada,2006,Never had a female head of state
4872,grd,Grenada,2007,Never had a female head of state
4873,grd,Grenada,2008,Never had a female head of state
4874,grd,Grenada,2009,Never had a female head of state
4875,grd,Grenada,2010,Never had a female head of state
4876,grd,Grenada,2011,Never had a female head of state
4877,grd,Grenada,2012,Never had a female head of state
4878,grd,Grenada,2013,Never had a female head of state
4879,grd,Grenada,2014,Never had a female head of state
4880,grd,Grenada,2015,Never had a female head of state
4881,grd,Grenada,2016,Never had a female head of state
4882,grd,Grenada,2017,Never had a female head of state
4883,grd,Grenada,2018,Never had a female head of state
4884,grd,Grenada,2019,Never had a female head of state
4885,grd,Grenada,2020,Never had a female head of state
4886,grd,Grenada,2021,Never had a female head of state
4887,grd,Grenada,2022,Never had a female head of state
4888,grd,Grenada,2023,Never had a female head of state
4889,grd,Grenada,2024,Never had a female head of state
4890,grd,Grenada,2025,Never had a female head of state
4891,gtm,Guatemala,1953,Never had a female head of state
4892,gtm,Guatemala,1954,Never had a female head of state
4893,gtm,Guatemala,1955,Never had a female head of state
4894,gtm,Guatemala,1956,Never had a female head of state
4895,gtm,Guatemala,1957,Never had a female head of state
4896,gtm,Guatemala,1958,Never had a female head of state
4897,gtm,Guatemala,1959,Never had a female head of state
4898,gtm,Guatemala,1960,Never had a female head of state
4899,gtm,Guatemala,1961,Never had a female head of state
4900,gtm,Guatemala,1962,Never had a female head of state
4901,gtm,Guatemala,1963,Never had a female head of state
4902,gtm,Guatemala,1964,Never had a female head of state
4903,gtm,Guatemala,1965,Never had a female head of state
4904,gtm,Guatemala,1966,Never had a female head of state
4905,gtm,Guatemala,1967,Never had a female head of state
4906,gtm,Guatemala,1968,Never had a female head of state
4907,gtm,Guatemala,1969,Never had a female head of state
4908,gtm,Guatemala,1970,Never had a female head of state
4909,gtm,Guatemala,1971,Never had a female head of state
4910,gtm,Guatemala,1972,Never had a female head of state
4911,gtm,Guatemala,1973,Never had a female head of state
4912,gtm,Guatemala,1974,Never had a female head of state
4913,gtm,Guatemala,1975,Never had a female head of state
4914,gtm,Guatemala,1976,Never had a female head of state
4915,gtm,Guatemala,1977,Never had a female head of state
4916,gtm,Guatemala,1978,Never had a female head of state
4917,gtm,Guatemala,1979,Never had a female head of state
4918,gtm,Guatemala,1980,Never had a female head of state
4919,gtm,Guatemala,1981,Never had a female head of state
4920,gtm,Guatemala,1982,Never had a female head of state
4921,gtm,Guatemala,1983,Never had a female head of state
4922,gtm,Guatemala,1984,Never had a female head of state
4923,gtm,Guatemala,1985,Never had a female head of state
4924,gtm,Guatemala,1986,Never had a female head of state
4925,gtm,Guatemala,1987,Never had a female head of state
4926,gtm,Guatemala,1988,Never had a female head of state
4927,gtm,Guatemala,1989,Never had a female head of state
4928,gtm,Guatemala,1990,Never had a female head of state
4929,gtm,Guatemala,1991,Never had a female head of state
4930,gtm,Guatemala,1992,Never had a female head of state
4931,gtm,Guatemala,1993,Never had a female head of state
4932,gtm,Guatemala,1994,Never had a female head of state
4933,gtm,Guatemala,1995,Never had a female head of state
4934,gtm,Guatemala,1996,Never had a female head of state
4935,gtm,Guatemala,1997,Never had a female head of state
4936,gtm,Guatemala,1998,Never had a female head of state
4937,gtm,Guatemala,1999,Never had a female head of state
4938,gtm,Guatemala,2000,Never had a female head of state
4939,gtm,Guatemala,2001,Never had a female head of state
4940,gtm,Guatemala,2002,Never had a female head of state
4941,gtm,Guatemala,2003,Never had a female head of state
4942,gtm,Guatemala,2004,Never had a female head of state
4943,gtm,Guatemala,2005,Never had a female head of state
4944,gtm,Guatemala,2006,Never had a female head of state
4945,gtm,Guatemala,2007,Never had a female head of state
4946,gtm,Guatemala,2008,Never had a female head of state
4947,gtm,Guatemala,2009,Never had a female head of state
4948,gtm,Guatemala,2010,Never had a female head of state
4949,gtm,Guatemala,2011,Never had a female head of state
4950,gtm,Guatemala,2012,Never had a female head of state
4951,gtm,Guatemala,2013,Never had a female head of state
4952,gtm,Guatemala,2014,Never had a female head of state
4953,gtm,Guatemala,2015,Never had a female head of state
4954,gtm,Guatemala,2016,Never had a female head of state
4955,gtm,Guatemala,2017,Never had a female head of state
4956,gtm,Guatemala,2018,Never had a female head of state
4957,gtm,Guatemala,2019,Never had a female head of state
4958,gtm,Guatemala,2020,Never had a female head of state
4959,gtm,Guatemala,2021,Never had a female head of state
4960,gtm,Guatemala,2022,Never had a female head of state
4961,gtm,Guatemala,2023,Never had a female head of state
4962,gtm,Guatemala,2024,Never had a female head of state
4963,gtm,Guatemala,2025,Never had a female head of state
4964,gin,Guinea,1953,Never had a female head of state
4965,gin,Guinea,1954,Never had a female head of state
4966,gin,Guinea,1955,Never had a female head of state
4967,gin,Guinea,1956,Never had a female head of state
4968,gin,Guinea,1957,Never had a female head of state
4969,gin,Guinea,1958,Never had a female head of state
4970,gin,Guinea,1959,Never had a female head of state
4971,gin,Guinea,1960,Never had a female head of state
4972,gin,Guinea,1961,Never had a female head of state
4973,gin,Guinea,1962,Never had a female head of state
4974,gin,Guinea,1963,Never had a female head of state
4975,gin,Guinea,1964,Never had a female head of state
4976,gin,Guinea,1965,Never had a female head of state
4977,gin,Guinea,1966,Never had a female head of state
4978,gin,Guinea,1967,Never had a female head of state
4979,gin,Guinea,1968,Never had a female head of state
4980,gin,Guinea,1969,Never had a female head of state
4981,gin,Guinea,1970,Never had a female head of state
4982,gin,Guinea,1971,Never had a female head of state
4983,gin,Guinea,1972,Never had a female head of state
4984,gin,Guinea,1973,Never had a female head of state
4985,gin,Guinea,1974,Never had a female head of state
4986,gin,Guinea,1975,Never had a female head of state
4987,gin,Guinea,1976,Never had a female head of state
4988,gin,Guinea,1977,Never had a female head of state
4989,gin,Guinea,1978,Never had a female head of state
4990,gin,Guinea,1979,Never had a female head of state
4991,gin,Guinea,1980,Never had a female head of state
4992,gin,Guinea,1981,Never had a female head of state
4993,gin,Guinea,1982,Never had a female head of state
4994,gin,Guinea,1983,Never had a female head of state
4995,gin,Guinea,1984,Never had a female head of state
4996,gin,Guinea,1985,Never had a female head of state
4997,gin,Guinea,1986,Never had a female head of state
4998,gin,Guinea,1987,Never had a female head of state
4999,gin,Guinea,1988,Never had a female head of state
5000,gin,Guinea,1989,Never had a female head of state
5001,gin,Guinea,1990,Never had a female head of state
5002,gin,Guinea,1991,Never had a female head of state
5003,gin,Guinea,1992,Never had a female head of state
5004,gin,Guinea,1993,Never had a female head of state
5005,gin,Guinea,1994,Never had a female head of state
5006,gin,Guinea,1995,Never had a female head of state
5007,gin,Guinea,1996,Never had a female head of state
5008,gin,Guinea,1997,Never had a female head of state
5009,gin,Guinea,1998,Never had a female head of state
5010,gin,Guinea,1999,Never had a female head of state
5011,gin,Guinea,2000,Never had a female head of state
5012,gin,Guinea,2001,Never had a female head of state
5013,gin,Guinea,2002,Never had a female head of state
5014,gin,Guinea,2003,Never had a female head of state
5015,gin,Guinea,2004,Never had a female head of state
5016,gin,Guinea,2005,Never had a female head of state
5017,gin,Guinea,2006,Never had a female head of state
5018,gin,Guinea,2007,Never had a female head of state
5019,gin,Guinea,2008,Never had a female head of state
5020,gin,Guinea,2009,Never had a female head of state
5021,gin,Guinea,2010,Never had a female head of state
5022,gin,Guinea,2011,Never had a female head of state
5023,gin,Guinea,2012,Never had a female head of state
5024,gin,Guinea,2013,Never had a female head of state
5025,gin,Guinea,2014,Never had a female head of state
5026,gin,Guinea,2015,Never had a female head of state
5027,gin,Guinea,2016,Never had a female head of state
5028,gin,Guinea,2017,Never had a female head of state
5029,gin,Guinea,2018,Never had a female head of state
5030,gin,Guinea,2019,Never had a female head of state
5031,gin,Guinea,2020,Never had a female head of state
5032,gin,Guinea,2021,Never had a female head of state
5033,gin,Guinea,2022,Never had a female head of state
5034,gin,Guinea,2023,Never had a female head of state
5035,gin,Guinea,2024,Never had a female head of state
5036,gin,Guinea,2025,Never had a female head of state
5037,gnb,Guinea-Bissau,1953,Never had a female head of state
5038,gnb,Guinea-Bissau,1954,Never had a female head of state
5039,gnb,Guinea-Bissau,1955,Never had a female head of state
5040,gnb,Guinea-Bissau,1956,Never had a female head of state
5041,gnb,Guinea-Bissau,1957,Never had a female head of state
5042,gnb,Guinea-Bissau,1958,Never had a female head of state
5043,gnb,Guinea-Bissau,1959,Never had a female head of state
5044,gnb,Guinea-Bissau,1960,Never had a female head of state
5045,gnb,Guinea-Bissau,1961,Never had a female head of state
5046,gnb,Guinea-Bissau,1962,Never had a female head of state
5047,gnb,Guinea-Bissau,1963,Never had a female head of state
5048,gnb,Guinea-Bissau,1964,Never had a female head of state
5049,gnb,Guinea-Bissau,1965,Never had a female head of state
5050,gnb,Guinea-Bissau,1966,Never had a female head of state
5051,gnb,Guinea-Bissau,1967,Never had a female head of state
5052,gnb,Guinea-Bissau,1968,Never had a female head of state
5053,gnb,Guinea-Bissau,1969,Never had a female head of state
5054,gnb,Guinea-Bissau,1970,Never had a female head of state
5055,gnb,Guinea-Bissau,1971,Never had a female head of state
5056,gnb,Guinea-Bissau,1972,Never had a female head of state
5057,gnb,Guinea-Bissau,1973,Never had a female head of state
5058,gnb,Guinea-Bissau,1974,Never had a female head of state
5059,gnb,Guinea-Bissau,1975,Never had a female head of state
5060,gnb,Guinea-Bissau,1976,Never had a female head of state
5061,gnb,Guinea-Bissau,1977,Never had a female head of state
5062,gnb,Guinea-Bissau,1978,Never had a female head of state
5063,gnb,Guinea-Bissau,1979,Never had a female head of state
5064,gnb,Guinea-Bissau,1980,Never had a female head of state
5065,gnb,Guinea-Bissau,1981,Never had a female head of state
5066,gnb,Guinea-Bissau,1982,Never had a female head of state
5067,gnb,Guinea-Bissau,1983,Never had a female head of state
5068,gnb,Guinea-Bissau,1984,Had a female head of state
5069,gnb,Guinea-Bissau,1985,Had a female head of state
5070,gnb,Guinea-Bissau,1986,Had a female head of state
5071,gnb,Guinea-Bissau,1987,Had a female head of state
5072,gnb,Guinea-Bissau,1988,Had a female head of state
5073,gnb,Guinea-Bissau,1989,Had a female head of state
5074,gnb,Guinea-Bissau,1990,Had a female head of state
5075,gnb,Guinea-Bissau,1991,Had a female head of state
5076,gnb,Guinea-Bissau,1992,Had a female head of state
5077,gnb,Guinea-Bissau,1993,Had a female head of state
5078,gnb,Guinea-Bissau,1994,Had a female head of state
5079,gnb,Guinea-Bissau,1995,Had a female head of state
5080,gnb,Guinea-Bissau,1996,Had a female head of state
5081,gnb,Guinea-Bissau,1997,Had a female head of state
5082,gnb,Guinea-Bissau,1998,Had a female head of state
5083,gnb,Guinea-Bissau,1999,Had a female head of state
5084,gnb,Guinea-Bissau,2000,Had a female head of state
5085,gnb,Guinea-Bissau,2001,Had a female head of state
5086,gnb,Guinea-Bissau,2002,Had a female head of state
5087,gnb,Guinea-Bissau,2003,Had a female head of state
5088,gnb,Guinea-Bissau,2004,Had a female head of state
5089,gnb,Guinea-Bissau,2005,Had a female head of state
5090,gnb,Guinea-Bissau,2006,Had a female head of state
5091,gnb,Guinea-Bissau,2007,Had a female head of state
5092,gnb,Guinea-Bissau,2008,Had a female head of state
5093,gnb,Guinea-Bissau,2009,Had a female head of state
5094,gnb,Guinea-Bissau,2010,Had a female head of state
5095,gnb,Guinea-Bissau,2011,Had a female head of state
5096,gnb,Guinea-Bissau,2012,Had a female head of state
5097,gnb,Guinea-Bissau,2013,Had a female head of state
5098,gnb,Guinea-Bissau,2014,Had a female head of state
5099,gnb,Guinea-Bissau,2015,Had a female head of state
5100,gnb,Guinea-Bissau,2016,Had a female head of state
5101,gnb,Guinea-Bissau,2017,Had a female head of state
5102,gnb,Guinea-Bissau,2018,Had a female head of state
5103,gnb,Guinea-Bissau,2019,Had a female head of state
5104,gnb,Guinea-Bissau,2020,Had a female head of state
5105,gnb,Guinea-Bissau,2021,Had a female head of state
5106,gnb,Guinea-Bissau,2022,Had a female head of state
5107,gnb,Guinea-Bissau,2023,Had a female head of state
5108,gnb,Guinea-Bissau,2024,Had a female head of state
5109,gnb,Guinea-Bissau,2025,Had a female head of state
5110,guy,Guyana,1953,Never had a female head of state
5111,guy,Guyana,1954,Never had a female head of state
5112,guy,Guyana,1955,Never had a female head of state
5113,guy,Guyana,1956,Never had a female head of state
5114,guy,Guyana,1957,Never had a female head of state
5115,guy,Guyana,1958,Never had a female head of state
5116,guy,Guyana,1959,Never had a female head of state
5117,guy,Guyana,1960,Never had a female head of state
5118,guy,Guyana,1961,Never had a female head of state
5119,guy,Guyana,1962,Never had a female head of state
5120,guy,Guyana,1963,Never had a female head of state
5121,guy,Guyana,1964,Never had a female head of state
5122,guy,Guyana,1965,Never had a female head of state
5123,guy,Guyana,1966,Never had a female head of state
5124,guy,Guyana,1967,Never had a female head of state
5125,guy,Guyana,1968,Never had a female head of state
5126,guy,Guyana,1969,Never had a female head of state
5127,guy,Guyana,1970,Never had a female head of state
5128,guy,Guyana,1971,Never had a female head of state
5129,guy,Guyana,1972,Never had a female head of state
5130,guy,Guyana,1973,Never had a female head of state
5131,guy,Guyana,1974,Never had a female head of state
5132,guy,Guyana,1975,Never had a female head of state
5133,guy,Guyana,1976,Never had a female head of state
5134,guy,Guyana,1977,Never had a female head of state
5135,guy,Guyana,1978,Never had a female head of state
5136,guy,Guyana,1979,Never had a female head of state
5137,guy,Guyana,1980,Never had a female head of state
5138,guy,Guyana,1981,Never had a female head of state
5139,guy,Guyana,1982,Never had a female head of state
5140,guy,Guyana,1983,Never had a female head of state
5141,guy,Guyana,1984,Never had a female head of state
5142,guy,Guyana,1985,Never had a female head of state
5143,guy,Guyana,1986,Never had a female head of state
5144,guy,Guyana,1987,Never had a female head of state
5145,guy,Guyana,1988,Never had a female head of state
5146,guy,Guyana,1989,Never had a female head of state
5147,guy,Guyana,1990,Never had a female head of state
5148,guy,Guyana,1991,Never had a female head of state
5149,guy,Guyana,1992,Never had a female head of state
5150,guy,Guyana,1993,Never had a female head of state
5151,guy,Guyana,1994,Never had a female head of state
5152,guy,Guyana,1995,Never had a female head of state
5153,guy,Guyana,1996,Never had a female head of state
5154,guy,Guyana,1997,Had a female head of state
5155,guy,Guyana,1998,Had a female head of state
5156,guy,Guyana,1999,Had a female head of state
5157,guy,Guyana,2000,Had a female head of state
5158,guy,Guyana,2001,Had a female head of state
5159,guy,Guyana,2002,Had a female head of state
5160,guy,Guyana,2003,Had a female head of state
5161,guy,Guyana,2004,Had a female head of state
5162,guy,Guyana,2005,Had a female head of state
5163,guy,Guyana,2006,Had a female head of state
5164,guy,Guyana,2007,Had a female head of state
5165,guy,Guyana,2008,Had a female head of state
5166,guy,Guyana,2009,Had a female head of state
5167,guy,Guyana,2010,Had a female head of state
5168,guy,Guyana,2011,Had a female head of state
5169,guy,Guyana,2012,Had a female head of state
5170,guy,Guyana,2013,Had a female head of state
5171,guy,Guyana,2014,Had a female head of state
5172,guy,Guyana,2015,Had a female head of state
5173,guy,Guyana,2016,Had a female head of state
5174,guy,Guyana,2017,Had a female head of state
5175,guy,Guyana,2018,Had a female head of state
5176,guy,Guyana,2019,Had a female head of state
5177,guy,Guyana,2020,Had a female head of state
5178,guy,Guyana,2021,Had a female head of state
5179,guy,Guyana,2022,Had a female head of state
5180,guy,Guyana,2023,Had a female head of state
5181,guy,Guyana,2024,Had a female head of state
5182,guy,Guyana,2025,Had a female head of state
5183,hti,Haiti,1953,Never had a female head of state
5184,hti,Haiti,1954,Never had a female head of state
5185,hti,Haiti,1955,Never had a female head of state
5186,hti,Haiti,1956,Never had a female head of state
5187,hti,Haiti,1957,Never had a female head of state
5188,hti,Haiti,1958,Never had a female head of state
5189,hti,Haiti,1959,Never had a female head of state
5190,hti,Haiti,1960,Never had a female head of state
5191,hti,Haiti,1961,Never had a female head of state
5192,hti,Haiti,1962,Never had a female head of state
5193,hti,Haiti,1963,Never had a female head of state
5194,hti,Haiti,1964,Never had a female head of state
5195,hti,Haiti,1965,Never had a female head of state
5196,hti,Haiti,1966,Never had a female head of state
5197,hti,Haiti,1967,Never had a female head of state
5198,hti,Haiti,1968,Never had a female head of state
5199,hti,Haiti,1969,Never had a female head of state
5200,hti,Haiti,1970,Never had a female head of state
5201,hti,Haiti,1971,Never had a female head of state
5202,hti,Haiti,1972,Never had a female head of state
5203,hti,Haiti,1973,Never had a female head of state
5204,hti,Haiti,1974,Never had a female head of state
5205,hti,Haiti,1975,Never had a female head of state
5206,hti,Haiti,1976,Never had a female head of state
5207,hti,Haiti,1977,Never had a female head of state
5208,hti,Haiti,1978,Never had a female head of state
5209,hti,Haiti,1979,Never had a female head of state
5210,hti,Haiti,1980,Never had a female head of state
5211,hti,Haiti,1981,Never had a female head of state
5212,hti,Haiti,1982,Never had a female head of state
5213,hti,Haiti,1983,Never had a female head of state
5214,hti,Haiti,1984,Never had a female head of state
5215,hti,Haiti,1985,Never had a female head of state
5216,hti,Haiti,1986,Never had a female head of state
5217,hti,Haiti,1987,Never had a female head of state
5218,hti,Haiti,1988,Never had a female head of state
5219,hti,Haiti,1989,Never had a female head of state
5220,hti,Haiti,1990,Had a female head of state
5221,hti,Haiti,1991,Had a female head of state
5222,hti,Haiti,1992,Had a female head of state
5223,hti,Haiti,1993,Had a female head of state
5224,hti,Haiti,1994,Had a female head of state
5225,hti,Haiti,1995,Had a female head of state
5226,hti,Haiti,1996,Had a female head of state
5227,hti,Haiti,1997,Had a female head of state
5228,hti,Haiti,1998,Had a female head of state
5229,hti,Haiti,1999,Had a female head of state
5230,hti,Haiti,2000,Had a female head of state
5231,hti,Haiti,2001,Had a female head of state
5232,hti,Haiti,2002,Had a female head of state
5233,hti,Haiti,2003,Had a female head of state
5234,hti,Haiti,2004,Had a female head of state
5235,hti,Haiti,2005,Had a female head of state
5236,hti,Haiti,2006,Had a female head of state
5237,hti,Haiti,2007,Had a female head of state
5238,hti,Haiti,2008,Had a female head of state
5239,hti,Haiti,2009,Had a female head of state
5240,hti,Haiti,2010,Had a female head of state
5241,hti,Haiti,2011,Had a female head of state
5242,hti,Haiti,2012,Had a female head of state
5243,hti,Haiti,2013,Had a female head of state
5244,hti,Haiti,2014,Had a female head of state
5245,hti,Haiti,2015,Had a female head of state
5246,hti,Haiti,2016,Had a female head of state
5247,hti,Haiti,2017,Had a female head of state
5248,hti,Haiti,2018,Had a female head of state
5249,hti,Haiti,2019,Had a female head of state
5250,hti,Haiti,2020,Had a female head of state
5251,hti,Haiti,2021,Had a female head of state
5252,hti,Haiti,2022,Had a female head of state
5253,hti,Haiti,2023,Had a female head of state
5254,hti,Haiti,2024,Had a female head of state
5255,hti,Haiti,2025,Had a female head of state
5256,hos,Holy See,1953,Never had a female head of state
5257,hos,Holy See,1954,Never had a female head of state
5258,hos,Holy See,1955,Never had a female head of state
5259,hos,Holy See,1956,Never had a female head of state
5260,hos,Holy See,1957,Never had a female head of state
5261,hos,Holy See,1958,Never had a female head of state
5262,hos,Holy See,1959,Never had a female head of state
5263,hos,Holy See,1960,Never had a female head of state
5264,hos,Holy See,1961,Never had a female head of state
5265,hos,Holy See,1962,Never had a female head of state
5266,hos,Holy See,1963,Never had a female head of state
5267,hos,Holy See,1964,Never had a female head of state
5268,hos,Holy See,1965,Never had a female head of state
5269,hos,Holy See,1966,Never had a female head of state
5270,hos,Holy See,1967,Never had a female head of state
5271,hos,Holy See,1968,Never had a female head of state
5272,hos,Holy See,1969,Never had a female head of state
5273,hos,Holy See,1970,Never had a female head of state
5274,hos,Holy See,1971,Never had a female head of state
5275,hos,Holy See,1972,Never had a female head of state
5276,hos,Holy See,1973,Never had a female head of state
5277,hos,Holy See,1974,Never had a female head of state
5278,hos,Holy See,1975,Never had a female head of state
5279,hos,Holy See,1976,Never had a female head of state
5280,hos,Holy See,1977,Never had a female head of state
5281,hos,Holy See,1978,Never had a female head of state
5282,hos,Holy See,1979,Never had a female head of state
5283,hos,Holy See,1980,Never had a female head of state
5284,hos,Holy See,1981,Never had a female head of state
5285,hos,Holy See,1982,Never had a female head of state
5286,hos,Holy See,1983,Never had a female head of state
5287,hos,Holy See,1984,Never had a female head of state
5288,hos,Holy See,1985,Never had a female head of state
5289,hos,Holy See,1986,Never had a female head of state
5290,hos,Holy See,1987,Never had a female head of state
5291,hos,Holy See,1988,Never had a female head of state
5292,hos,Holy See,1989,Never had a female head of state
5293,hos,Holy See,1990,Never had a female head of state
5294,hos,Holy See,1991,Never had a female head of state
5295,hos,Holy See,1992,Never had a female head of state
5296,hos,Holy See,1993,Never had a female head of state
5297,hos,Holy See,1994,Never had a female head of state
5298,hos,Holy See,1995,Never had a female head of state
5299,hos,Holy See,1996,Never had a female head of state
5300,hos,Holy See,1997,Never had a female head of state
5301,hos,Holy See,1998,Never had a female head of state
5302,hos,Holy See,1999,Never had a female head of state
5303,hos,Holy See,2000,Never had a female head of state
5304,hos,Holy See,2001,Never had a female head of state
5305,hos,Holy See,2002,Never had a female head of state
5306,hos,Holy See,2003,Never had a female head of state
5307,hos,Holy See,2004,Never had a female head of state
5308,hos,Holy See,2005,Never had a female head of state
5309,hos,Holy See,2006,Never had a female head of state
5310,hos,Holy See,2007,Never had a female head of state
5311,hos,Holy See,2008,Never had a female head of state
5312,hos,Holy See,2009,Never had a female head of state
5313,hos,Holy See,2010,Never had a female head of state
5314,hos,Holy See,2011,Never had a female head of state
5315,hos,Holy See,2012,Never had a female head of state
5316,hos,Holy See,2013,Never had a female head of state
5317,hos,Holy See,2014,Never had a female head of state
5318,hos,Holy See,2015,Never had a female head of state
5319,hos,Holy See,2016,Never had a female head of state
5320,hos,Holy See,2017,Never had a female head of state
5321,hos,Holy See,2018,Never had a female head of state
5322,hos,Holy See,2019,Never had a female head of state
5323,hos,Holy See,2020,Never had a female head of state
5324,hos,Holy See,2021,Never had a female head of state
5325,hos,Holy See,2022,Never had a female head of state
5326,hos,Holy See,2023,Never had a female head of state
5327,hos,Holy See,2024,Never had a female head of state
5328,hos,Holy See,2025,Never had a female head of state
5329,hnd,Honduras,1953,Never had a female head of state
5330,hnd,Honduras,1954,Never had a female head of state
5331,hnd,Honduras,1955,Never had a female head of state
5332,hnd,Honduras,1956,Never had a female head of state
5333,hnd,Honduras,1957,Never had a female head of state
5334,hnd,Honduras,1958,Never had a female head of state
5335,hnd,Honduras,1959,Never had a female head of state
5336,hnd,Honduras,1960,Never had a female head of state
5337,hnd,Honduras,1961,Never had a female head of state
5338,hnd,Honduras,1962,Never had a female head of state
5339,hnd,Honduras,1963,Never had a female head of state
5340,hnd,Honduras,1964,Never had a female head of state
5341,hnd,Honduras,1965,Never had a female head of state
5342,hnd,Honduras,1966,Never had a female head of state
5343,hnd,Honduras,1967,Never had a female head of state
5344,hnd,Honduras,1968,Never had a female head of state
5345,hnd,Honduras,1969,Never had a female head of state
5346,hnd,Honduras,1970,Never had a female head of state
5347,hnd,Honduras,1971,Never had a female head of state
5348,hnd,Honduras,1972,Never had a female head of state
5349,hnd,Honduras,1973,Never had a female head of state
5350,hnd,Honduras,1974,Never had a female head of state
5351,hnd,Honduras,1975,Never had a female head of state
5352,hnd,Honduras,1976,Never had a female head of state
5353,hnd,Honduras,1977,Never had a female head of state
5354,hnd,Honduras,1978,Never had a female head of state
5355,hnd,Honduras,1979,Never had a female head of state
5356,hnd,Honduras,1980,Never had a female head of state
5357,hnd,Honduras,1981,Never had a female head of state
5358,hnd,Honduras,1982,Never had a female head of state
5359,hnd,Honduras,1983,Never had a female head of state
5360,hnd,Honduras,1984,Never had a female head of state
5361,hnd,Honduras,1985,Never had a female head of state
5362,hnd,Honduras,1986,Never had a female head of state
5363,hnd,Honduras,1987,Never had a female head of state
5364,hnd,Honduras,1988,Never had a female head of state
5365,hnd,Honduras,1989,Never had a female head of state
5366,hnd,Honduras,1990,Never had a female head of state
5367,hnd,Honduras,1991,Never had a female head of state
5368,hnd,Honduras,1992,Never had a female head of state
5369,hnd,Honduras,1993,Never had a female head of state
5370,hnd,Honduras,1994,Never had a female head of state
5371,hnd,Honduras,1995,Never had a female head of state
5372,hnd,Honduras,1996,Never had a female head of state
5373,hnd,Honduras,1997,Never had a female head of state
5374,hnd,Honduras,1998,Never had a female head of state
5375,hnd,Honduras,1999,Never had a female head of state
5376,hnd,Honduras,2000,Never had a female head of state
5377,hnd,Honduras,2001,Never had a female head of state
5378,hnd,Honduras,2002,Never had a female head of state
5379,hnd,Honduras,2003,Never had a female head of state
5380,hnd,Honduras,2004,Never had a female head of state
5381,hnd,Honduras,2005,Never had a female head of state
5382,hnd,Honduras,2006,Never had a female head of state
5383,hnd,Honduras,2007,Never had a female head of state
5384,hnd,Honduras,2008,Never had a female head of state
5385,hnd,Honduras,2009,Never had a female head of state
5386,hnd,Honduras,2010,Never had a female head of state
5387,hnd,Honduras,2011,Never had a female head of state
5388,hnd,Honduras,2012,Never had a female head of state
5389,hnd,Honduras,2013,Never had a female head of state
5390,hnd,Honduras,2014,Never had a female head of state
5391,hnd,Honduras,2015,Never had a female head of state
5392,hnd,Honduras,2016,Never had a female head of state
5393,hnd,Honduras,2017,Never had a female head of state
5394,hnd,Honduras,2018,Never had a female head of state
5395,hnd,Honduras,2019,Never had a female head of state
5396,hnd,Honduras,2020,Never had a female head of state
5397,hnd,Honduras,2021,Never had a female head of state
5398,hnd,Honduras,2022,Had a female head of state
5399,hnd,Honduras,2023,Had a female head of state
5400,hnd,Honduras,2024,Had a female head of state
5401,hnd,Honduras,2025,Had a female head of state
5402,hkg,"Hong Kong, China",1953,Never had a female head of state
5403,hkg,"Hong Kong, China",1954,Never had a female head of state
5404,hkg,"Hong Kong, China",1955,Never had a female head of state
5405,hkg,"Hong Kong, China",1956,Never had a female head of state
5406,hkg,"Hong Kong, China",1957,Never had a female head of state
5407,hkg,"Hong Kong, China",1958,Never had a female head of state
5408,hkg,"Hong Kong, China",1959,Never had a female head of state
5409,hkg,"Hong Kong, China",1960,Never had a female head of state
5410,hkg,"Hong Kong, China",1961,Never had a female head of state
5411,hkg,"Hong Kong, China",1962,Never had a female head of state
5412,hkg,"Hong Kong, China",1963,Never had a female head of state
5413,hkg,"Hong Kong, China",1964,Never had a female head of state
5414,hkg,"Hong Kong, China",1965,Never had a female head of state
5415,hkg,"Hong Kong, China",1966,Never had a female head of state
5416,hkg,"Hong Kong, China",1967,Never had a female head of state
5417,hkg,"Hong Kong, China",1968,Never had a female head of state
5418,hkg,"Hong Kong, China",1969,Never had a female head of state
5419,hkg,"Hong Kong, China",1970,Never had a female head of state
5420,hkg,"Hong Kong, China",1971,Never had a female head of state
5421,hkg,"Hong Kong, China",1972,Never had a female head of state
5422,hkg,"Hong Kong, China",1973,Never had a female head of state
5423,hkg,"Hong Kong, China",1974,Never had a female head of state
5424,hkg,"Hong Kong, China",1975,Never had a female head of state
5425,hkg,"Hong Kong, China",1976,Never had a female head of state
5426,hkg,"Hong Kong, China",1977,Never had a female head of state
5427,hkg,"Hong Kong, China",1978,Never had a female head of state
5428,hkg,"Hong Kong, China",1979,Never had a female head of state
5429,hkg,"Hong Kong, China",1980,Never had a female head of state
5430,hkg,"Hong Kong, China",1981,Never had a female head of state
5431,hkg,"Hong Kong, China",1982,Never had a female head of state
5432,hkg,"Hong Kong, China",1983,Never had a female head of state
5433,hkg,"Hong Kong, China",1984,Never had a female head of state
5434,hkg,"Hong Kong, China",1985,Never had a female head of state
5435,hkg,"Hong Kong, China",1986,Never had a female head of state
5436,hkg,"Hong Kong, China",1987,Never had a female head of state
5437,hkg,"Hong Kong, China",1988,Never had a female head of state
5438,hkg,"Hong Kong, China",1989,Never had a female head of state
5439,hkg,"Hong Kong, China",1990,Never had a female head of state
5440,hkg,"Hong Kong, China",1991,Never had a female head of state
5441,hkg,"Hong Kong, China",1992,Never had a female head of state
5442,hkg,"Hong Kong, China",1993,Never had a female head of state
5443,hkg,"Hong Kong, China",1994,Never had a female head of state
5444,hkg,"Hong Kong, China",1995,Never had a female head of state
5445,hkg,"Hong Kong, China",1996,Never had a female head of state
5446,hkg,"Hong Kong, China",1997,Never had a female head of state
5447,hkg,"Hong Kong, China",1998,Never had a female head of state
5448,hkg,"Hong Kong, China",1999,Never had a female head of state
5449,hkg,"Hong Kong, China",2000,Never had a female head of state
5450,hkg,"Hong Kong, China",2001,Never had a female head of state
5451,hkg,"Hong Kong, China",2002,Never had a female head of state
5452,hkg,"Hong Kong, China",2003,Never had a female head of state
5453,hkg,"Hong Kong, China",2004,Never had a female head of state
5454,hkg,"Hong Kong, China",2005,Never had a female head of state
5455,hkg,"Hong Kong, China",2006,Never had a female head of state
5456,hkg,"Hong Kong, China",2007,Never had a female head of state
5457,hkg,"Hong Kong, China",2008,Never had a female head of state
5458,hkg,"Hong Kong, China",2009,Never had a female head of state
5459,hkg,"Hong Kong, China",2010,Never had a female head of state
5460,hkg,"Hong Kong, China",2011,Never had a female head of state
5461,hkg,"Hong Kong, China",2012,Never had a female head of state
5462,hkg,"Hong Kong, China",2013,Never had a female head of state
5463,hkg,"Hong Kong, China",2014,Never had a female head of state
5464,hkg,"Hong Kong, China",2015,Never had a female head of state
5465,hkg,"Hong Kong, China",2016,Never had a female head of state
5466,hkg,"Hong Kong, China",2017,Never had a female head of state
5467,hkg,"Hong Kong, China",2018,Never had a female head of state
5468,hkg,"Hong Kong, China",2019,Never had a female head of state
5469,hkg,"Hong Kong, China",2020,Never had a female head of state
5470,hkg,"Hong Kong, China",2021,Never had a female head of state
5471,hkg,"Hong Kong, China",2022,Never had a female head of state
5472,hkg,"Hong Kong, China",2023,Never had a female head of state
5473,hkg,"Hong Kong, China",2024,Never had a female head of state
5474,hkg,"Hong Kong, China",2025,Never had a female head of state
5475,hun,Hungary,1953,Never had a female head of state
5476,hun,Hungary,1954,Never had a female head of state
5477,hun,Hungary,1955,Never had a female head of state
5478,hun,Hungary,1956,Never had a female head of state
5479,hun,Hungary,1957,Never had a female head of state
5480,hun,Hungary,1958,Never had a female head of state
5481,hun,Hungary,1959,Never had a female head of state
5482,hun,Hungary,1960,Never had a female head of state
5483,hun,Hungary,1961,Never had a female head of state
5484,hun,Hungary,1962,Never had a female head of state
5485,hun,Hungary,1963,Never had a female head of state
5486,hun,Hungary,1964,Never had a female head of state
5487,hun,Hungary,1965,Never had a female head of state
5488,hun,Hungary,1966,Never had a female head of state
5489,hun,Hungary,1967,Never had a female head of state
5490,hun,Hungary,1968,Never had a female head of state
5491,hun,Hungary,1969,Never had a female head of state
5492,hun,Hungary,1970,Never had a female head of state
5493,hun,Hungary,1971,Never had a female head of state
5494,hun,Hungary,1972,Never had a female head of state
5495,hun,Hungary,1973,Never had a female head of state
5496,hun,Hungary,1974,Never had a female head of state
5497,hun,Hungary,1975,Never had a female head of state
5498,hun,Hungary,1976,Never had a female head of state
5499,hun,Hungary,1977,Never had a female head of state
5500,hun,Hungary,1978,Never had a female head of state
5501,hun,Hungary,1979,Never had a female head of state
5502,hun,Hungary,1980,Never had a female head of state
5503,hun,Hungary,1981,Never had a female head of state
5504,hun,Hungary,1982,Never had a female head of state
5505,hun,Hungary,1983,Never had a female head of state
5506,hun,Hungary,1984,Never had a female head of state
5507,hun,Hungary,1985,Never had a female head of state
5508,hun,Hungary,1986,Never had a female head of state
5509,hun,Hungary,1987,Never had a female head of state
5510,hun,Hungary,1988,Never had a female head of state
5511,hun,Hungary,1989,Never had a female head of state
5512,hun,Hungary,1990,Never had a female head of state
5513,hun,Hungary,1991,Never had a female head of state
5514,hun,Hungary,1992,Never had a female head of state
5515,hun,Hungary,1993,Never had a female head of state
5516,hun,Hungary,1994,Never had a female head of state
5517,hun,Hungary,1995,Never had a female head of state
5518,hun,Hungary,1996,Never had a female head of state
5519,hun,Hungary,1997,Never had a female head of state
5520,hun,Hungary,1998,Never had a female head of state
5521,hun,Hungary,1999,Never had a female head of state
5522,hun,Hungary,2000,Never had a female head of state
5523,hun,Hungary,2001,Never had a female head of state
5524,hun,Hungary,2002,Never had a female head of state
5525,hun,Hungary,2003,Never had a female head of state
5526,hun,Hungary,2004,Never had a female head of state
5527,hun,Hungary,2005,Never had a female head of state
5528,hun,Hungary,2006,Never had a female head of state
5529,hun,Hungary,2007,Never had a female head of state
5530,hun,Hungary,2008,Never had a female head of state
5531,hun,Hungary,2009,Never had a female head of state
5532,hun,Hungary,2010,Never had a female head of state
5533,hun,Hungary,2011,Never had a female head of state
5534,hun,Hungary,2012,Never had a female head of state
5535,hun,Hungary,2013,Never had a female head of state
5536,hun,Hungary,2014,Never had a female head of state
5537,hun,Hungary,2015,Never had a female head of state
5538,hun,Hungary,2016,Never had a female head of state
5539,hun,Hungary,2017,Never had a female head of state
5540,hun,Hungary,2018,Never had a female head of state
5541,hun,Hungary,2019,Never had a female head of state
5542,hun,Hungary,2020,Never had a female head of state
5543,hun,Hungary,2021,Never had a female head of state
5544,hun,Hungary,2022,Had a female head of state
5545,hun,Hungary,2023,Had a female head of state
5546,hun,Hungary,2024,Had a female head of state
5547,hun,Hungary,2025,Had a female head of state
5548,isl,Iceland,1953,Never had a female head of state
5549,isl,Iceland,1954,Never had a female head of state
5550,isl,Iceland,1955,Never had a female head of state
5551,isl,Iceland,1956,Never had a female head of state
5552,isl,Iceland,1957,Never had a female head of state
5553,isl,Iceland,1958,Never had a female head of state
5554,isl,Iceland,1959,Never had a female head of state
5555,isl,Iceland,1960,Never had a female head of state
5556,isl,Iceland,1961,Never had a female head of state
5557,isl,Iceland,1962,Never had a female head of state
5558,isl,Iceland,1963,Never had a female head of state
5559,isl,Iceland,1964,Never had a female head of state
5560,isl,Iceland,1965,Never had a female head of state
5561,isl,Iceland,1966,Never had a female head of state
5562,isl,Iceland,1967,Never had a female head of state
5563,isl,Iceland,1968,Never had a female head of state
5564,isl,Iceland,1969,Never had a female head of state
5565,isl,Iceland,1970,Never had a female head of state
5566,isl,Iceland,1971,Never had a female head of state
5567,isl,Iceland,1972,Never had a female head of state
5568,isl,Iceland,1973,Never had a female head of state
5569,isl,Iceland,1974,Never had a female head of state
5570,isl,Iceland,1975,Never had a female head of state
5571,isl,Iceland,1976,Never had a female head of state
5572,isl,Iceland,1977,Never had a female head of state
5573,isl,Iceland,1978,Never had a female head of state
5574,isl,Iceland,1979,Never had a female head of state
5575,isl,Iceland,1980,Had a female head of state
5576,isl,Iceland,1981,Had a female head of state
5577,isl,Iceland,1982,Had a female head of state
5578,isl,Iceland,1983,Had a female head of state
5579,isl,Iceland,1984,Had a female head of state
5580,isl,Iceland,1985,Had a female head of state
5581,isl,Iceland,1986,Had a female head of state
5582,isl,Iceland,1987,Had a female head of state
5583,isl,Iceland,1988,Had a female head of state
5584,isl,Iceland,1989,Had a female head of state
5585,isl,Iceland,1990,Had a female head of state
5586,isl,Iceland,1991,Had a female head of state
5587,isl,Iceland,1992,Had a female head of state
5588,isl,Iceland,1993,Had a female head of state
5589,isl,Iceland,1994,Had a female head of state
5590,isl,Iceland,1995,Had a female head of state
5591,isl,Iceland,1996,Had a female head of state
5592,isl,Iceland,1997,Had a female head of state
5593,isl,Iceland,1998,Had a female head of state
5594,isl,Iceland,1999,Had a female head of state
5595,isl,Iceland,2000,Had a female head of state
5596,isl,Iceland,2001,Had a female head of state
5597,isl,Iceland,2002,Had a female head of state
5598,isl,Iceland,2003,Had a female head of state
5599,isl,Iceland,2004,Had a female head of state
5600,isl,Iceland,2005,Had a female head of state
5601,isl,Iceland,2006,Had a female head of state
5602,isl,Iceland,2007,Had a female head of state
5603,isl,Iceland,2008,Had a female head of state
5604,isl,Iceland,2009,Had a female head of state
5605,isl,Iceland,2010,Had a female head of state
5606,isl,Iceland,2011,Had a female head of state
5607,isl,Iceland,2012,Had a female head of state
5608,isl,Iceland,2013,Had a female head of state
5609,isl,Iceland,2014,Had a female head of state
5610,isl,Iceland,2015,Had a female head of state
5611,isl,Iceland,2016,Had a female head of state
5612,isl,Iceland,2017,Had a female head of state
5613,isl,Iceland,2018,Had a female head of state
5614,isl,Iceland,2019,Had a female head of state
5615,isl,Iceland,2020,Had a female head of state
5616,isl,Iceland,2021,Had a female head of state
5617,isl,Iceland,2022,Had a female head of state
5618,isl,Iceland,2023,Had a female head of state
5619,isl,Iceland,2024,Had a female head of state
5620,isl,Iceland,2025,Had a female head of state
5621,ind,India,1953,Never had a female head of state
5622,ind,India,1954,Never had a female head of state
5623,ind,India,1955,Never had a female head of state
5624,ind,India,1956,Never had a female head of state
5625,ind,India,1957,Never had a female head of state
5626,ind,India,1958,Never had a female head of state
5627,ind,India,1959,Never had a female head of state
5628,ind,India,1960,Never had a female head of state
5629,ind,India,1961,Never had a female head of state
5630,ind,India,1962,Never had a female head of state
5631,ind,India,1963,Never had a female head of state
5632,ind,India,1964,Never had a female head of state
5633,ind,India,1965,Never had a female head of state
5634,ind,India,1966,Had a female head of state
5635,ind,India,1967,Had a female head of state
5636,ind,India,1968,Had a female head of state
5637,ind,India,1969,Had a female head of state
5638,ind,India,1970,Had a female head of state
5639,ind,India,1971,Had a female head of state
5640,ind,India,1972,Had a female head of state
5641,ind,India,1973,Had a female head of state
5642,ind,India,1974,Had a female head of state
5643,ind,India,1975,Had a female head of state
5644,ind,India,1976,Had a female head of state
5645,ind,India,1977,Had a female head of state
5646,ind,India,1978,Had a female head of state
5647,ind,India,1979,Had a female head of state
5648,ind,India,1980,Had a female head of state
5649,ind,India,1981,Had a female head of state
5650,ind,India,1982,Had a female head of state
5651,ind,India,1983,Had a female head of state
5652,ind,India,1984,Had a female head of state
5653,ind,India,1985,Had a female head of state
5654,ind,India,1986,Had a female head of state
5655,ind,India,1987,Had a female head of state
5656,ind,India,1988,Had a female head of state
5657,ind,India,1989,Had a female head of state
5658,ind,India,1990,Had a female head of state
5659,ind,India,1991,Had a female head of state
5660,ind,India,1992,Had a female head of state
5661,ind,India,1993,Had a female head of state
5662,ind,India,1994,Had a female head of state
5663,ind,India,1995,Had a female head of state
5664,ind,India,1996,Had a female head of state
5665,ind,India,1997,Had a female head of state
5666,ind,India,1998,Had a female head of state
5667,ind,India,1999,Had a female head of state
5668,ind,India,2000,Had a female head of state
5669,ind,India,2001,Had a female head of state
5670,ind,India,2002,Had a female head of state
5671,ind,India,2003,Had a female head of state
5672,ind,India,2004,Had a female head of state
5673,ind,India,2005,Had a female head of state
5674,ind,India,2006,Had a female head of state
5675,ind,India,2007,Had a female head of state
5676,ind,India,2008,Had a female head of state
5677,ind,India,2009,Had a female head of state
5678,ind,India,2010,Had a female head of state
5679,ind,India,2011,Had a female head of state
5680,ind,India,2012,Had a female head of state
5681,ind,India,2013,Had a female head of state
5682,ind,India,2014,Had a female head of state
5683,ind,India,2015,Had a female head of state
5684,ind,India,2016,Had a female head of state
5685,ind,India,2017,Had a female head of state
5686,ind,India,2018,Had a female head of state
5687,ind,India,2019,Had a female head of state
5688,ind,India,2020,Had a female head of state
5689,ind,India,2021,Had a female head of state
5690,ind,India,2022,Had a female head of state
5691,ind,India,2023,Had a female head of state
5692,ind,India,2024,Had a female head of state
5693,ind,India,2025,Had a female head of state
5694,idn,Indonesia,1953,Never had a female head of state
5695,idn,Indonesia,1954,Never had a female head of state
5696,idn,Indonesia,1955,Never had a female head of state
5697,idn,Indonesia,1956,Never had a female head of state
5698,idn,Indonesia,1957,Never had a female head of state
5699,idn,Indonesia,1958,Never had a female head of state
5700,idn,Indonesia,1959,Never had a female head of state
5701,idn,Indonesia,1960,Never had a female head of state
5702,idn,Indonesia,1961,Never had a female head of state
5703,idn,Indonesia,1962,Never had a female head of state
5704,idn,Indonesia,1963,Never had a female head of state
5705,idn,Indonesia,1964,Never had a female head of state
5706,idn,Indonesia,1965,Never had a female head of state
5707,idn,Indonesia,1966,Never had a female head of state
5708,idn,Indonesia,1967,Never had a female head of state
5709,idn,Indonesia,1968,Never had a female head of state
5710,idn,Indonesia,1969,Never had a female head of state
5711,idn,Indonesia,1970,Never had a female head of state
5712,idn,Indonesia,1971,Never had a female head of state
5713,idn,Indonesia,1972,Never had a female head of state
5714,idn,Indonesia,1973,Never had a female head of state
5715,idn,Indonesia,1974,Never had a female head of state
5716,idn,Indonesia,1975,Never had a female head of state
5717,idn,Indonesia,1976,Never had a female head of state
5718,idn,Indonesia,1977,Never had a female head of state
5719,idn,Indonesia,1978,Never had a female head of state
5720,idn,Indonesia,1979,Never had a female head of state
5721,idn,Indonesia,1980,Never had a female head of state
5722,idn,Indonesia,1981,Never had a female head of state
5723,idn,Indonesia,1982,Never had a female head of state
5724,idn,Indonesia,1983,Never had a female head of state
5725,idn,Indonesia,1984,Never had a female head of state
5726,idn,Indonesia,1985,Never had a female head of state
5727,idn,Indonesia,1986,Never had a female head of state
5728,idn,Indonesia,1987,Never had a female head of state
5729,idn,Indonesia,1988,Never had a female head of state
5730,idn,Indonesia,1989,Never had a female head of state
5731,idn,Indonesia,1990,Never had a female head of state
5732,idn,Indonesia,1991,Never had a female head of state
5733,idn,Indonesia,1992,Never had a female head of state
5734,idn,Indonesia,1993,Never had a female head of state
5735,idn,Indonesia,1994,Never had a female head of state
5736,idn,Indonesia,1995,Never had a female head of state
5737,idn,Indonesia,1996,Never had a female head of state
5738,idn,Indonesia,1997,Never had a female head of state
5739,idn,Indonesia,1998,Never had a female head of state
5740,idn,Indonesia,1999,Never had a female head of state
5741,idn,Indonesia,2000,Never had a female head of state
5742,idn,Indonesia,2001,Had a female head of state
5743,idn,Indonesia,2002,Had a female head of state
5744,idn,Indonesia,2003,Had a female head of state
5745,idn,Indonesia,2004,Had a female head of state
5746,idn,Indonesia,2005,Had a female head of state
5747,idn,Indonesia,2006,Had a female head of state
5748,idn,Indonesia,2007,Had a female head of state
5749,idn,Indonesia,2008,Had a female head of state
5750,idn,Indonesia,2009,Had a female head of state
5751,idn,Indonesia,2010,Had a female head of state
5752,idn,Indonesia,2011,Had a female head of state
5753,idn,Indonesia,2012,Had a female head of state
5754,idn,Indonesia,2013,Had a female head of state
5755,idn,Indonesia,2014,Had a female head of state
5756,idn,Indonesia,2015,Had a female head of state
5757,idn,Indonesia,2016,Had a female head of state
5758,idn,Indonesia,2017,Had a female head of state
5759,idn,Indonesia,2018,Had a female head of state
5760,idn,Indonesia,2019,Had a female head of state
5761,idn,Indonesia,2020,Had a female head of state
5762,idn,Indonesia,2021,Had a female head of state
5763,idn,Indonesia,2022,Had a female head of state
5764,idn,Indonesia,2023,Had a female head of state
5765,idn,Indonesia,2024,Had a female head of state
5766,idn,Indonesia,2025,Had a female head of state
5767,irn,Iran,1953,Never had a female head of state
5768,irn,Iran,1954,Never had a female head of state
5769,irn,Iran,1955,Never had a female head of state
5770,irn,Iran,1956,Never had a female head of state
5771,irn,Iran,1957,Never had a female head of state
5772,irn,Iran,1958,Never had a female head of state
5773,irn,Iran,1959,Never had a female head of state
5774,irn,Iran,1960,Never had a female head of state
5775,irn,Iran,1961,Never had a female head of state
5776,irn,Iran,1962,Never had a female head of state
5777,irn,Iran,1963,Never had a female head of state
5778,irn,Iran,1964,Never had a female head of state
5779,irn,Iran,1965,Never had a female head of state
5780,irn,Iran,1966,Never had a female head of state
5781,irn,Iran,1967,Never had a female head of state
5782,irn,Iran,1968,Never had a female head of state
5783,irn,Iran,1969,Never had a female head of state
5784,irn,Iran,1970,Never had a female head of state
5785,irn,Iran,1971,Never had a female head of state
5786,irn,Iran,1972,Never had a female head of state
5787,irn,Iran,1973,Never had a female head of state
5788,irn,Iran,1974,Never had a female head of state
5789,irn,Iran,1975,Never had a female head of state
5790,irn,Iran,1976,Never had a female head of state
5791,irn,Iran,1977,Never had a female head of state
5792,irn,Iran,1978,Never had a female head of state
5793,irn,Iran,1979,Never had a female head of state
5794,irn,Iran,1980,Never had a female head of state
5795,irn,Iran,1981,Never had a female head of state
5796,irn,Iran,1982,Never had a female head of state
5797,irn,Iran,1983,Never had a female head of state
5798,irn,Iran,1984,Never had a female head of state
5799,irn,Iran,1985,Never had a female head of state
5800,irn,Iran,1986,Never had a female head of state
5801,irn,Iran,1987,Never had a female head of state
5802,irn,Iran,1988,Never had a female head of state
5803,irn,Iran,1989,Never had a female head of state
5804,irn,Iran,1990,Never had a female head of state
5805,irn,Iran,1991,Never had a female head of state
5806,irn,Iran,1992,Never had a female head of state
5807,irn,Iran,1993,Never had a female head of state
5808,irn,Iran,1994,Never had a female head of state
5809,irn,Iran,1995,Never had a female head of state
5810,irn,Iran,1996,Never had a female head of state
5811,irn,Iran,1997,Never had a female head of state
5812,irn,Iran,1998,Never had a female head of state
5813,irn,Iran,1999,Never had a female head of state
5814,irn,Iran,2000,Never had a female head of state
5815,irn,Iran,2001,Never had a female head of state
5816,irn,Iran,2002,Never had a female head of state
5817,irn,Iran,2003,Never had a female head of state
5818,irn,Iran,2004,Never had a female head of state
5819,irn,Iran,2005,Never had a female head of state
5820,irn,Iran,2006,Never had a female head of state
5821,irn,Iran,2007,Never had a female head of state
5822,irn,Iran,2008,Never had a female head of state
5823,irn,Iran,2009,Never had a female head of state
5824,irn,Iran,2010,Never had a female head of state
5825,irn,Iran,2011,Never had a female head of state
5826,irn,Iran,2012,Never had a female head of state
5827,irn,Iran,2013,Never had a female head of state
5828,irn,Iran,2014,Never had a female head of state
5829,irn,Iran,2015,Never had a female head of state
5830,irn,Iran,2016,Never had a female head of state
5831,irn,Iran,2017,Never had a female head of state
5832,irn,Iran,2018,Never had a female head of state
5833,irn,Iran,2019,Never had a female head of state
5834,irn,Iran,2020,Never had a female head of state
5835,irn,Iran,2021,Never had a female head of state
5836,irn,Iran,2022,Never had a female head of state
5837,irn,Iran,2023,Never had a female head of state
5838,irn,Iran,2024,Never had a female head of state
5839,irn,Iran,2025,Never had a female head of state
5840,irq,Iraq,1953,Never had a female head of state
5841,irq,Iraq,1954,Never had a female head of state
5842,irq,Iraq,1955,Never had a female head of state
5843,irq,Iraq,1956,Never had a female head of state
5844,irq,Iraq,1957,Never had a female head of state
5845,irq,Iraq,1958,Never had a female head of state
5846,irq,Iraq,1959,Never had a female head of state
5847,irq,Iraq,1960,Never had a female head of state
5848,irq,Iraq,1961,Never had a female head of state
5849,irq,Iraq,1962,Never had a female head of state
5850,irq,Iraq,1963,Never had a female head of state
5851,irq,Iraq,1964,Never had a female head of state
5852,irq,Iraq,1965,Never had a female head of state
5853,irq,Iraq,1966,Never had a female head of state
5854,irq,Iraq,1967,Never had a female head of state
5855,irq,Iraq,1968,Never had a female head of state
5856,irq,Iraq,1969,Never had a female head of state
5857,irq,Iraq,1970,Never had a female head of state
5858,irq,Iraq,1971,Never had a female head of state
5859,irq,Iraq,1972,Never had a female head of state
5860,irq,Iraq,1973,Never had a female head of state
5861,irq,Iraq,1974,Never had a female head of state
5862,irq,Iraq,1975,Never had a female head of state
5863,irq,Iraq,1976,Never had a female head of state
5864,irq,Iraq,1977,Never had a female head of state
5865,irq,Iraq,1978,Never had a female head of state
5866,irq,Iraq,1979,Never had a female head of state
5867,irq,Iraq,1980,Never had a female head of state
5868,irq,Iraq,1981,Never had a female head of state
5869,irq,Iraq,1982,Never had a female head of state
5870,irq,Iraq,1983,Never had a female head of state
5871,irq,Iraq,1984,Never had a female head of state
5872,irq,Iraq,1985,Never had a female head of state
5873,irq,Iraq,1986,Never had a female head of state
5874,irq,Iraq,1987,Never had a female head of state
5875,irq,Iraq,1988,Never had a female head of state
5876,irq,Iraq,1989,Never had a female head of state
5877,irq,Iraq,1990,Never had a female head of state
5878,irq,Iraq,1991,Never had a female head of state
5879,irq,Iraq,1992,Never had a female head of state
5880,irq,Iraq,1993,Never had a female head of state
5881,irq,Iraq,1994,Never had a female head of state
5882,irq,Iraq,1995,Never had a female head of state
5883,irq,Iraq,1996,Never had a female head of state
5884,irq,Iraq,1997,Never had a female head of state
5885,irq,Iraq,1998,Never had a female head of state
5886,irq,Iraq,1999,Never had a female head of state
5887,irq,Iraq,2000,Never had a female head of state
5888,irq,Iraq,2001,Never had a female head of state
5889,irq,Iraq,2002,Never had a female head of state
5890,irq,Iraq,2003,Never had a female head of state
5891,irq,Iraq,2004,Never had a female head of state
5892,irq,Iraq,2005,Never had a female head of state
5893,irq,Iraq,2006,Never had a female head of state
5894,irq,Iraq,2007,Never had a female head of state
5895,irq,Iraq,2008,Never had a female head of state
5896,irq,Iraq,2009,Never had a female head of state
5897,irq,Iraq,2010,Never had a female head of state
5898,irq,Iraq,2011,Never had a female head of state
5899,irq,Iraq,2012,Never had a female head of state
5900,irq,Iraq,2013,Never had a female head of state
5901,irq,Iraq,2014,Never had a female head of state
5902,irq,Iraq,2015,Never had a female head of state
5903,irq,Iraq,2016,Never had a female head of state
5904,irq,Iraq,2017,Never had a female head of state
5905,irq,Iraq,2018,Never had a female head of state
5906,irq,Iraq,2019,Never had a female head of state
5907,irq,Iraq,2020,Never had a female head of state
5908,irq,Iraq,2021,Never had a female head of state
5909,irq,Iraq,2022,Never had a female head of state
5910,irq,Iraq,2023,Never had a female head of state
5911,irq,Iraq,2024,Never had a female head of state
5912,irq,Iraq,2025,Never had a female head of state
5913,irl,Ireland,1953,Never had a female head of state
5914,irl,Ireland,1954,Never had a female head of state
5915,irl,Ireland,1955,Never had a female head of state
5916,irl,Ireland,1956,Never had a female head of state
5917,irl,Ireland,1957,Never had a female head of state
5918,irl,Ireland,1958,Never had a female head of state
5919,irl,Ireland,1959,Never had a female head of state
5920,irl,Ireland,1960,Never had a female head of state
5921,irl,Ireland,1961,Never had a female head of state
5922,irl,Ireland,1962,Never had a female head of state
5923,irl,Ireland,1963,Never had a female head of state
5924,irl,Ireland,1964,Never had a female head of state
5925,irl,Ireland,1965,Never had a female head of state
5926,irl,Ireland,1966,Never had a female head of state
5927,irl,Ireland,1967,Never had a female head of state
5928,irl,Ireland,1968,Never had a female head of state
5929,irl,Ireland,1969,Never had a female head of state
5930,irl,Ireland,1970,Never had a female head of state
5931,irl,Ireland,1971,Never had a female head of state
5932,irl,Ireland,1972,Never had a female head of state
5933,irl,Ireland,1973,Never had a female head of state
5934,irl,Ireland,1974,Never had a female head of state
5935,irl,Ireland,1975,Never had a female head of state
5936,irl,Ireland,1976,Never had a female head of state
5937,irl,Ireland,1977,Never had a female head of state
5938,irl,Ireland,1978,Never had a female head of state
5939,irl,Ireland,1979,Never had a female head of state
5940,irl,Ireland,1980,Never had a female head of state
5941,irl,Ireland,1981,Never had a female head of state
5942,irl,Ireland,1982,Never had a female head of state
5943,irl,Ireland,1983,Never had a female head of state
5944,irl,Ireland,1984,Never had a female head of state
5945,irl,Ireland,1985,Never had a female head of state
5946,irl,Ireland,1986,Never had a female head of state
5947,irl,Ireland,1987,Never had a female head of state
5948,irl,Ireland,1988,Never had a female head of state
5949,irl,Ireland,1989,Never had a female head of state
5950,irl,Ireland,1990,Had a female head of state
5951,irl,Ireland,1991,Had a female head of state
5952,irl,Ireland,1992,Had a female head of state
5953,irl,Ireland,1993,Had a female head of state
5954,irl,Ireland,1994,Had a female head of state
5955,irl,Ireland,1995,Had a female head of state
5956,irl,Ireland,1996,Had a female head of state
5957,irl,Ireland,1997,Had a female head of state
5958,irl,Ireland,1998,Had a female head of state
5959,irl,Ireland,1999,Had a female head of state
5960,irl,Ireland,2000,Had a female head of state
5961,irl,Ireland,2001,Had a female head of state
5962,irl,Ireland,2002,Had a female head of state
5963,irl,Ireland,2003,Had a female head of state
5964,irl,Ireland,2004,Had a female head of state
5965,irl,Ireland,2005,Had a female head of state
5966,irl,Ireland,2006,Had a female head of state
5967,irl,Ireland,2007,Had a female head of state
5968,irl,Ireland,2008,Had a female head of state
5969,irl,Ireland,2009,Had a female head of state
5970,irl,Ireland,2010,Had a female head of state
5971,irl,Ireland,2011,Had a female head of state
5972,irl,Ireland,2012,Had a female head of state
5973,irl,Ireland,2013,Had a female head of state
5974,irl,Ireland,2014,Had a female head of state
5975,irl,Ireland,2015,Had a female head of state
5976,irl,Ireland,2016,Had a female head of state
5977,irl,Ireland,2017,Had a female head of state
5978,irl,Ireland,2018,Had a female head of state
5979,irl,Ireland,2019,Had a female head of state
5980,irl,Ireland,2020,Had a female head of state
5981,irl,Ireland,2021,Had a female head of state
5982,irl,Ireland,2022,Had a female head of state
5983,irl,Ireland,2023,Had a female head of state
5984,irl,Ireland,2024,Had a female head of state
5985,irl,Ireland,2025,Had a female head of state
5986,isr,Israel,1953,Never had a female head of state
5987,isr,Israel,1954,Never had a female head of state
5988,isr,Israel,1955,Never had a female head of state
5989,isr,Israel,1956,Never had a female head of state
5990,isr,Israel,1957,Never had a female head of state
5991,isr,Israel,1958,Never had a female head of state
5992,isr,Israel,1959,Never had a female head of state
5993,isr,Israel,1960,Never had a female head of state
5994,isr,Israel,1961,Never had a female head of state
5995,isr,Israel,1962,Never had a female head of state
5996,isr,Israel,1963,Never had a female head of state
5997,isr,Israel,1964,Never had a female head of state
5998,isr,Israel,1965,Never had a female head of state
5999,isr,Israel,1966,Never had a female head of state
6000,isr,Israel,1967,Never had a female head of state
6001,isr,Israel,1968,Never had a female head of state
6002,isr,Israel,1969,Had a female head of state
6003,isr,Israel,1970,Had a female head of state
6004,isr,Israel,1971,Had a female head of state
6005,isr,Israel,1972,Had a female head of state
6006,isr,Israel,1973,Had a female head of state
6007,isr,Israel,1974,Had a female head of state
6008,isr,Israel,1975,Had a female head of state
6009,isr,Israel,1976,Had a female head of state
6010,isr,Israel,1977,Had a female head of state
6011,isr,Israel,1978,Had a female head of state
6012,isr,Israel,1979,Had a female head of state
6013,isr,Israel,1980,Had a female head of state
6014,isr,Israel,1981,Had a female head of state
6015,isr,Israel,1982,Had a female head of state
6016,isr,Israel,1983,Had a female head of state
6017,isr,Israel,1984,Had a female head of state
6018,isr,Israel,1985,Had a female head of state
6019,isr,Israel,1986,Had a female head of state
6020,isr,Israel,1987,Had a female head of state
6021,isr,Israel,1988,Had a female head of state
6022,isr,Israel,1989,Had a female head of state
6023,isr,Israel,1990,Had a female head of state
6024,isr,Israel,1991,Had a female head of state
6025,isr,Israel,1992,Had a female head of state
6026,isr,Israel,1993,Had a female head of state
6027,isr,Israel,1994,Had a female head of state
6028,isr,Israel,1995,Had a female head of state
6029,isr,Israel,1996,Had a female head of state
6030,isr,Israel,1997,Had a female head of state
6031,isr,Israel,1998,Had a female head of state
6032,isr,Israel,1999,Had a female head of state
6033,isr,Israel,2000,Had a female head of state
6034,isr,Israel,2001,Had a female head of state
6035,isr,Israel,2002,Had a female head of state
6036,isr,Israel,2003,Had a female head of state
6037,isr,Israel,2004,Had a female head of state
6038,isr,Israel,2005,Had a female head of state
6039,isr,Israel,2006,Had a female head of state
6040,isr,Israel,2007,Had a female head of state
6041,isr,Israel,2008,Had a female head of state
6042,isr,Israel,2009,Had a female head of state
6043,isr,Israel,2010,Had a female head of state
6044,isr,Israel,2011,Had a female head of state
6045,isr,Israel,2012,Had a female head of state
6046,isr,Israel,2013,Had a female head of state
6047,isr,Israel,2014,Had a female head of state
6048,isr,Israel,2015,Had a female head of state
6049,isr,Israel,2016,Had a female head of state
6050,isr,Israel,2017,Had a female head of state
6051,isr,Israel,2018,Had a female head of state
6052,isr,Israel,2019,Had a female head of state
6053,isr,Israel,2020,Had a female head of state
6054,isr,Israel,2021,Had a female head of state
6055,isr,Israel,2022,Had a female head of state
6056,isr,Israel,2023,Had a female head of state
6057,isr,Israel,2024,Had a female head of state
6058,isr,Israel,2025,Had a female head of state
6059,ita,Italy,1953,Never had a female head of state
6060,ita,Italy,1954,Never had a female head of state
6061,ita,Italy,1955,Never had a female head of state
6062,ita,Italy,1956,Never had a female head of state
6063,ita,Italy,1957,Never had a female head of state
6064,ita,Italy,1958,Never had a female head of state
6065,ita,Italy,1959,Never had a female head of state
6066,ita,Italy,1960,Never had a female head of state
6067,ita,Italy,1961,Never had a female head of state
6068,ita,Italy,1962,Never had a female head of state
6069,ita,Italy,1963,Never had a female head of state
6070,ita,Italy,1964,Never had a female head of state
6071,ita,Italy,1965,Never had a female head of state
6072,ita,Italy,1966,Never had a female head of state
6073,ita,Italy,1967,Never had a female head of state
6074,ita,Italy,1968,Never had a female head of state
6075,ita,Italy,1969,Never had a female head of state
6076,ita,Italy,1970,Never had a female head of state
6077,ita,Italy,1971,Never had a female head of state
6078,ita,Italy,1972,Never had a female head of state
6079,ita,Italy,1973,Never had a female head of state
6080,ita,Italy,1974,Never had a female head of state
6081,ita,Italy,1975,Never had a female head of state
6082,ita,Italy,1976,Never had a female head of state
6083,ita,Italy,1977,Never had a female head of state
6084,ita,Italy,1978,Never had a female head of state
6085,ita,Italy,1979,Never had a female head of state
6086,ita,Italy,1980,Never had a female head of state
6087,ita,Italy,1981,Never had a female head of state
6088,ita,Italy,1982,Never had a female head of state
6089,ita,Italy,1983,Never had a female head of state
6090,ita,Italy,1984,Never had a female head of state
6091,ita,Italy,1985,Never had a female head of state
6092,ita,Italy,1986,Never had a female head of state
6093,ita,Italy,1987,Never had a female head of state
6094,ita,Italy,1988,Never had a female head of state
6095,ita,Italy,1989,Never had a female head of state
6096,ita,Italy,1990,Never had a female head of state
6097,ita,Italy,1991,Never had a female head of state
6098,ita,Italy,1992,Never had a female head of state
6099,ita,Italy,1993,Never had a female head of state
6100,ita,Italy,1994,Never had a female head of state
6101,ita,Italy,1995,Never had a female head of state
6102,ita,Italy,1996,Never had a female head of state
6103,ita,Italy,1997,Never had a female head of state
6104,ita,Italy,1998,Never had a female head of state
6105,ita,Italy,1999,Never had a female head of state
6106,ita,Italy,2000,Never had a female head of state
6107,ita,Italy,2001,Never had a female head of state
6108,ita,Italy,2002,Never had a female head of state
6109,ita,Italy,2003,Never had a female head of state
6110,ita,Italy,2004,Never had a female head of state
6111,ita,Italy,2005,Never had a female head of state
6112,ita,Italy,2006,Never had a female head of state
6113,ita,Italy,2007,Never had a female head of state
6114,ita,Italy,2008,Never had a female head of state
6115,ita,Italy,2009,Never had a female head of state
6116,ita,Italy,2010,Never had a female head of state
6117,ita,Italy,2011,Never had a female head of state
6118,ita,Italy,2012,Never had a female head of state
6119,ita,Italy,2013,Never had a female head of state
6120,ita,Italy,2014,Never had a female head of state
6121,ita,Italy,2015,Never had a female head of state
6122,ita,Italy,2016,Never had a female head of state
6123,ita,Italy,2017,Never had a female head of state
6124,ita,Italy,2018,Never had a female head of state
6125,ita,Italy,2019,Never had a female head of state
6126,ita,Italy,2020,Never had a female head of state
6127,ita,Italy,2021,Never had a female head of state
6128,ita,Italy,2022,Had a female head of state
6129,ita,Italy,2023,Had a female head of state
6130,ita,Italy,2024,Had a female head of state
6131,ita,Italy,2025,Had a female head of state
6132,jam,Jamaica,1953,Never had a female head of state
6133,jam,Jamaica,1954,Never had a female head of state
6134,jam,Jamaica,1955,Never had a female head of state
6135,jam,Jamaica,1956,Never had a female head of state
6136,jam,Jamaica,1957,Never had a female head of state
6137,jam,Jamaica,1958,Never had a female head of state
6138,jam,Jamaica,1959,Never had a female head of state
6139,jam,Jamaica,1960,Never had a female head of state
6140,jam,Jamaica,1961,Never had a female head of state
6141,jam,Jamaica,1962,Never had a female head of state
6142,jam,Jamaica,1963,Never had a female head of state
6143,jam,Jamaica,1964,Never had a female head of state
6144,jam,Jamaica,1965,Never had a female head of state
6145,jam,Jamaica,1966,Never had a female head of state
6146,jam,Jamaica,1967,Never had a female head of state
6147,jam,Jamaica,1968,Never had a female head of state
6148,jam,Jamaica,1969,Never had a female head of state
6149,jam,Jamaica,1970,Never had a female head of state
6150,jam,Jamaica,1971,Never had a female head of state
6151,jam,Jamaica,1972,Never had a female head of state
6152,jam,Jamaica,1973,Never had a female head of state
6153,jam,Jamaica,1974,Never had a female head of state
6154,jam,Jamaica,1975,Never had a female head of state
6155,jam,Jamaica,1976,Never had a female head of state
6156,jam,Jamaica,1977,Never had a female head of state
6157,jam,Jamaica,1978,Never had a female head of state
6158,jam,Jamaica,1979,Never had a female head of state
6159,jam,Jamaica,1980,Never had a female head of state
6160,jam,Jamaica,1981,Never had a female head of state
6161,jam,Jamaica,1982,Never had a female head of state
6162,jam,Jamaica,1983,Never had a female head of state
6163,jam,Jamaica,1984,Never had a female head of state
6164,jam,Jamaica,1985,Never had a female head of state
6165,jam,Jamaica,1986,Never had a female head of state
6166,jam,Jamaica,1987,Never had a female head of state
6167,jam,Jamaica,1988,Never had a female head of state
6168,jam,Jamaica,1989,Never had a female head of state
6169,jam,Jamaica,1990,Never had a female head of state
6170,jam,Jamaica,1991,Never had a female head of state
6171,jam,Jamaica,1992,Never had a female head of state
6172,jam,Jamaica,1993,Never had a female head of state
6173,jam,Jamaica,1994,Never had a female head of state
6174,jam,Jamaica,1995,Never had a female head of state
6175,jam,Jamaica,1996,Never had a female head of state
6176,jam,Jamaica,1997,Never had a female head of state
6177,jam,Jamaica,1998,Never had a female head of state
6178,jam,Jamaica,1999,Never had a female head of state
6179,jam,Jamaica,2000,Never had a female head of state
6180,jam,Jamaica,2001,Never had a female head of state
6181,jam,Jamaica,2002,Never had a female head of state
6182,jam,Jamaica,2003,Never had a female head of state
6183,jam,Jamaica,2004,Never had a female head of state
6184,jam,Jamaica,2005,Never had a female head of state
6185,jam,Jamaica,2006,Had a female head of state
6186,jam,Jamaica,2007,Had a female head of state
6187,jam,Jamaica,2008,Had a female head of state
6188,jam,Jamaica,2009,Had a female head of state
6189,jam,Jamaica,2010,Had a female head of state
6190,jam,Jamaica,2011,Had a female head of state
6191,jam,Jamaica,2012,Had a female head of state
6192,jam,Jamaica,2013,Had a female head of state
6193,jam,Jamaica,2014,Had a female head of state
6194,jam,Jamaica,2015,Had a female head of state
6195,jam,Jamaica,2016,Had a female head of state
6196,jam,Jamaica,2017,Had a female head of state
6197,jam,Jamaica,2018,Had a female head of state
6198,jam,Jamaica,2019,Had a female head of state
6199,jam,Jamaica,2020,Had a female head of state
6200,jam,Jamaica,2021,Had a female head of state
6201,jam,Jamaica,2022,Had a female head of state
6202,jam,Jamaica,2023,Had a female head of state
6203,jam,Jamaica,2024,Had a female head of state
6204,jam,Jamaica,2025,Had a female head of state
6205,jpn,Japan,1953,Never had a female head of state
6206,jpn,Japan,1954,Never had a female head of state
6207,jpn,Japan,1955,Never had a female head of state
6208,jpn,Japan,1956,Never had a female head of state
6209,jpn,Japan,1957,Never had a female head of state
6210,jpn,Japan,1958,Never had a female head of state
6211,jpn,Japan,1959,Never had a female head of state
6212,jpn,Japan,1960,Never had a female head of state
6213,jpn,Japan,1961,Never had a female head of state
6214,jpn,Japan,1962,Never had a female head of state
6215,jpn,Japan,1963,Never had a female head of state
6216,jpn,Japan,1964,Never had a female head of state
6217,jpn,Japan,1965,Never had a female head of state
6218,jpn,Japan,1966,Never had a female head of state
6219,jpn,Japan,1967,Never had a female head of state
6220,jpn,Japan,1968,Never had a female head of state
6221,jpn,Japan,1969,Never had a female head of state
6222,jpn,Japan,1970,Never had a female head of state
6223,jpn,Japan,1971,Never had a female head of state
6224,jpn,Japan,1972,Never had a female head of state
6225,jpn,Japan,1973,Never had a female head of state
6226,jpn,Japan,1974,Never had a female head of state
6227,jpn,Japan,1975,Never had a female head of state
6228,jpn,Japan,1976,Never had a female head of state
6229,jpn,Japan,1977,Never had a female head of state
6230,jpn,Japan,1978,Never had a female head of state
6231,jpn,Japan,1979,Never had a female head of state
6232,jpn,Japan,1980,Never had a female head of state
6233,jpn,Japan,1981,Never had a female head of state
6234,jpn,Japan,1982,Never had a female head of state
6235,jpn,Japan,1983,Never had a female head of state
6236,jpn,Japan,1984,Never had a female head of state
6237,jpn,Japan,1985,Never had a female head of state
6238,jpn,Japan,1986,Never had a female head of state
6239,jpn,Japan,1987,Never had a female head of state
6240,jpn,Japan,1988,Never had a female head of state
6241,jpn,Japan,1989,Never had a female head of state
6242,jpn,Japan,1990,Never had a female head of state
6243,jpn,Japan,1991,Never had a female head of state
6244,jpn,Japan,1992,Never had a female head of state
6245,jpn,Japan,1993,Never had a female head of state
6246,jpn,Japan,1994,Never had a female head of state
6247,jpn,Japan,1995,Never had a female head of state
6248,jpn,Japan,1996,Never had a female head of state
6249,jpn,Japan,1997,Never had a female head of state
6250,jpn,Japan,1998,Never had a female head of state
6251,jpn,Japan,1999,Never had a female head of state
6252,jpn,Japan,2000,Never had a female head of state
6253,jpn,Japan,2001,Never had a female head of state
6254,jpn,Japan,2002,Never had a female head of state
6255,jpn,Japan,2003,Never had a female head of state
6256,jpn,Japan,2004,Never had a female head of state
6257,jpn,Japan,2005,Never had a female head of state
6258,jpn,Japan,2006,Never had a female head of state
6259,jpn,Japan,2007,Never had a female head of state
6260,jpn,Japan,2008,Never had a female head of state
6261,jpn,Japan,2009,Never had a female head of state
6262,jpn,Japan,2010,Never had a female head of state
6263,jpn,Japan,2011,Never had a female head of state
6264,jpn,Japan,2012,Never had a female head of state
6265,jpn,Japan,2013,Never had a female head of state
6266,jpn,Japan,2014,Never had a female head of state
6267,jpn,Japan,2015,Never had a female head of state
6268,jpn,Japan,2016,Never had a female head of state
6269,jpn,Japan,2017,Never had a female head of state
6270,jpn,Japan,2018,Never had a female head of state
6271,jpn,Japan,2019,Never had a female head of state
6272,jpn,Japan,2020,Never had a female head of state
6273,jpn,Japan,2021,Never had a female head of state
6274,jpn,Japan,2022,Never had a female head of state
6275,jpn,Japan,2023,Never had a female head of state
6276,jpn,Japan,2024,Never had a female head of state
6277,jpn,Japan,2025,Had a female head of state
6278,jor,Jordan,1953,Never had a female head of state
6279,jor,Jordan,1954,Never had a female head of state
6280,jor,Jordan,1955,Never had a female head of state
6281,jor,Jordan,1956,Never had a female head of state
6282,jor,Jordan,1957,Never had a female head of state
6283,jor,Jordan,1958,Never had a female head of state
6284,jor,Jordan,1959,Never had a female head of state
6285,jor,Jordan,1960,Never had a female head of state
6286,jor,Jordan,1961,Never had a female head of state
6287,jor,Jordan,1962,Never had a female head of state
6288,jor,Jordan,1963,Never had a female head of state
6289,jor,Jordan,1964,Never had a female head of state
6290,jor,Jordan,1965,Never had a female head of state
6291,jor,Jordan,1966,Never had a female head of state
6292,jor,Jordan,1967,Never had a female head of state
6293,jor,Jordan,1968,Never had a female head of state
6294,jor,Jordan,1969,Never had a female head of state
6295,jor,Jordan,1970,Never had a female head of state
6296,jor,Jordan,1971,Never had a female head of state
6297,jor,Jordan,1972,Never had a female head of state
6298,jor,Jordan,1973,Never had a female head of state
6299,jor,Jordan,1974,Never had a female head of state
6300,jor,Jordan,1975,Never had a female head of state
6301,jor,Jordan,1976,Never had a female head of state
6302,jor,Jordan,1977,Never had a female head of state
6303,jor,Jordan,1978,Never had a female head of state
6304,jor,Jordan,1979,Never had a female head of state
6305,jor,Jordan,1980,Never had a female head of state
6306,jor,Jordan,1981,Never had a female head of state
6307,jor,Jordan,1982,Never had a female head of state
6308,jor,Jordan,1983,Never had a female head of state
6309,jor,Jordan,1984,Never had a female head of state
6310,jor,Jordan,1985,Never had a female head of state
6311,jor,Jordan,1986,Never had a female head of state
6312,jor,Jordan,1987,Never had a female head of state
6313,jor,Jordan,1988,Never had a female head of state
6314,jor,Jordan,1989,Never had a female head of state
6315,jor,Jordan,1990,Never had a female head of state
6316,jor,Jordan,1991,Never had a female head of state
6317,jor,Jordan,1992,Never had a female head of state
6318,jor,Jordan,1993,Never had a female head of state
6319,jor,Jordan,1994,Never had a female head of state
6320,jor,Jordan,1995,Never had a female head of state
6321,jor,Jordan,1996,Never had a female head of state
6322,jor,Jordan,1997,Never had a female head of state
6323,jor,Jordan,1998,Never had a female head of state
6324,jor,Jordan,1999,Never had a female head of state
6325,jor,Jordan,2000,Never had a female head of state
6326,jor,Jordan,2001,Never had a female head of state
6327,jor,Jordan,2002,Never had a female head of state
6328,jor,Jordan,2003,Never had a female head of state
6329,jor,Jordan,2004,Never had a female head of state
6330,jor,Jordan,2005,Never had a female head of state
6331,jor,Jordan,2006,Never had a female head of state
6332,jor,Jordan,2007,Never had a female head of state
6333,jor,Jordan,2008,Never had a female head of state
6334,jor,Jordan,2009,Never had a female head of state
6335,jor,Jordan,2010,Never had a female head of state
6336,jor,Jordan,2011,Never had a female head of state
6337,jor,Jordan,2012,Never had a female head of state
6338,jor,Jordan,2013,Never had a female head of state
6339,jor,Jordan,2014,Never had a female head of state
6340,jor,Jordan,2015,Never had a female head of state
6341,jor,Jordan,2016,Never had a female head of state
6342,jor,Jordan,2017,Never had a female head of state
6343,jor,Jordan,2018,Never had a female head of state
6344,jor,Jordan,2019,Never had a female head of state
6345,jor,Jordan,2020,Never had a female head of state
6346,jor,Jordan,2021,Never had a female head of state
6347,jor,Jordan,2022,Never had a female head of state
6348,jor,Jordan,2023,Never had a female head of state
6349,jor,Jordan,2024,Never had a female head of state
6350,jor,Jordan,2025,Never had a female head of state
6351,kaz,Kazakhstan,1953,Never had a female head of state
6352,kaz,Kazakhstan,1954,Never had a female head of state
6353,kaz,Kazakhstan,1955,Never had a female head of state
6354,kaz,Kazakhstan,1956,Never had a female head of state
6355,kaz,Kazakhstan,1957,Never had a female head of state
6356,kaz,Kazakhstan,1958,Never had a female head of state
6357,kaz,Kazakhstan,1959,Never had a female head of state
6358,kaz,Kazakhstan,1960,Never had a female head of state
6359,kaz,Kazakhstan,1961,Never had a female head of state
6360,kaz,Kazakhstan,1962,Never had a female head of state
6361,kaz,Kazakhstan,1963,Never had a female head of state
6362,kaz,Kazakhstan,1964,Never had a female head of state
6363,kaz,Kazakhstan,1965,Never had a female head of state
6364,kaz,Kazakhstan,1966,Never had a female head of state
6365,kaz,Kazakhstan,1967,Never had a female head of state
6366,kaz,Kazakhstan,1968,Never had a female head of state
6367,kaz,Kazakhstan,1969,Never had a female head of state
6368,kaz,Kazakhstan,1970,Never had a female head of state
6369,kaz,Kazakhstan,1971,Never had a female head of state
6370,kaz,Kazakhstan,1972,Never had a female head of state
6371,kaz,Kazakhstan,1973,Never had a female head of state
6372,kaz,Kazakhstan,1974,Never had a female head of state
6373,kaz,Kazakhstan,1975,Never had a female head of state
6374,kaz,Kazakhstan,1976,Never had a female head of state
6375,kaz,Kazakhstan,1977,Never had a female head of state
6376,kaz,Kazakhstan,1978,Never had a female head of state
6377,kaz,Kazakhstan,1979,Never had a female head of state
6378,kaz,Kazakhstan,1980,Never had a female head of state
6379,kaz,Kazakhstan,1981,Never had a female head of state
6380,kaz,Kazakhstan,1982,Never had a female head of state
6381,kaz,Kazakhstan,1983,Never had a female head of state
6382,kaz,Kazakhstan,1984,Never had a female head of state
6383,kaz,Kazakhstan,1985,Never had a female head of state
6384,kaz,Kazakhstan,1986,Never had a female head of state
6385,kaz,Kazakhstan,1987,Never had a female head of state
6386,kaz,Kazakhstan,1988,Never had a female head of state
6387,kaz,Kazakhstan,1989,Never had a female head of state
6388,kaz,Kazakhstan,1990,Never had a female head of state
6389,kaz,Kazakhstan,1991,Never had a female head of state
6390,kaz,Kazakhstan,1992,Never had a female head of state
6391,kaz,Kazakhstan,1993,Never had a female head of state
6392,kaz,Kazakhstan,1994,Never had a female head of state
6393,kaz,Kazakhstan,1995,Never had a female head of state
6394,kaz,Kazakhstan,1996,Never had a female head of state
6395,kaz,Kazakhstan,1997,Never had a female head of state
6396,kaz,Kazakhstan,1998,Never had a female head of state
6397,kaz,Kazakhstan,1999,Never had a female head of state
6398,kaz,Kazakhstan,2000,Never had a female head of state
6399,kaz,Kazakhstan,2001,Never had a female head of state
6400,kaz,Kazakhstan,2002,Never had a female head of state
6401,kaz,Kazakhstan,2003,Never had a female head of state
6402,kaz,Kazakhstan,2004,Never had a female head of state
6403,kaz,Kazakhstan,2005,Never had a female head of state
6404,kaz,Kazakhstan,2006,Never had a female head of state
6405,kaz,Kazakhstan,2007,Never had a female head of state
6406,kaz,Kazakhstan,2008,Never had a female head of state
6407,kaz,Kazakhstan,2009,Never had a female head of state
6408,kaz,Kazakhstan,2010,Never had a female head of state
6409,kaz,Kazakhstan,2011,Never had a female head of state
6410,kaz,Kazakhstan,2012,Never had a female head of state
6411,kaz,Kazakhstan,2013,Never had a female head of state
6412,kaz,Kazakhstan,2014,Never had a female head of state
6413,kaz,Kazakhstan,2015,Never had a female head of state
6414,kaz,Kazakhstan,2016,Never had a female head of state
6415,kaz,Kazakhstan,2017,Never had a female head of state
6416,kaz,Kazakhstan,2018,Never had a female head of state
6417,kaz,Kazakhstan,2019,Never had a female head of state
6418,kaz,Kazakhstan,2020,Never had a female head of state
6419,kaz,Kazakhstan,2021,Never had a female head of state
6420,kaz,Kazakhstan,2022,Never had a female head of state
6421,kaz,Kazakhstan,2023,Never had a female head of state
6422,kaz,Kazakhstan,2024,Never had a female head of state
6423,kaz,Kazakhstan,2025,Never had a female head of state
6424,ken,Kenya,1953,Never had a female head of state
6425,ken,Kenya,1954,Never had a female head of state
6426,ken,Kenya,1955,Never had a female head of state
6427,ken,Kenya,1956,Never had a female head of state
6428,ken,Kenya,1957,Never had a female head of state
6429,ken,Kenya,1958,Never had a female head of state
6430,ken,Kenya,1959,Never had a female head of state
6431,ken,Kenya,1960,Never had a female head of state
6432,ken,Kenya,1961,Never had a female head of state
6433,ken,Kenya,1962,Never had a female head of state
6434,ken,Kenya,1963,Never had a female head of state
6435,ken,Kenya,1964,Never had a female head of state
6436,ken,Kenya,1965,Never had a female head of state
6437,ken,Kenya,1966,Never had a female head of state
6438,ken,Kenya,1967,Never had a female head of state
6439,ken,Kenya,1968,Never had a female head of state
6440,ken,Kenya,1969,Never had a female head of state
6441,ken,Kenya,1970,Never had a female head of state
6442,ken,Kenya,1971,Never had a female head of state
6443,ken,Kenya,1972,Never had a female head of state
6444,ken,Kenya,1973,Never had a female head of state
6445,ken,Kenya,1974,Never had a female head of state
6446,ken,Kenya,1975,Never had a female head of state
6447,ken,Kenya,1976,Never had a female head of state
6448,ken,Kenya,1977,Never had a female head of state
6449,ken,Kenya,1978,Never had a female head of state
6450,ken,Kenya,1979,Never had a female head of state
6451,ken,Kenya,1980,Never had a female head of state
6452,ken,Kenya,1981,Never had a female head of state
6453,ken,Kenya,1982,Never had a female head of state
6454,ken,Kenya,1983,Never had a female head of state
6455,ken,Kenya,1984,Never had a female head of state
6456,ken,Kenya,1985,Never had a female head of state
6457,ken,Kenya,1986,Never had a female head of state
6458,ken,Kenya,1987,Never had a female head of state
6459,ken,Kenya,1988,Never had a female head of state
6460,ken,Kenya,1989,Never had a female head of state
6461,ken,Kenya,1990,Never had a female head of state
6462,ken,Kenya,1991,Never had a female head of state
6463,ken,Kenya,1992,Never had a female head of state
6464,ken,Kenya,1993,Never had a female head of state
6465,ken,Kenya,1994,Never had a female head of state
6466,ken,Kenya,1995,Never had a female head of state
6467,ken,Kenya,1996,Never had a female head of state
6468,ken,Kenya,1997,Never had a female head of state
6469,ken,Kenya,1998,Never had a female head of state
6470,ken,Kenya,1999,Never had a female head of state
6471,ken,Kenya,2000,Never had a female head of state
6472,ken,Kenya,2001,Never had a female head of state
6473,ken,Kenya,2002,Never had a female head of state
6474,ken,Kenya,2003,Never had a female head of state
6475,ken,Kenya,2004,Never had a female head of state
6476,ken,Kenya,2005,Never had a female head of state
6477,ken,Kenya,2006,Never had a female head of state
6478,ken,Kenya,2007,Never had a female head of state
6479,ken,Kenya,2008,Never had a female head of state
6480,ken,Kenya,2009,Never had a female head of state
6481,ken,Kenya,2010,Never had a female head of state
6482,ken,Kenya,2011,Never had a female head of state
6483,ken,Kenya,2012,Never had a female head of state
6484,ken,Kenya,2013,Never had a female head of state
6485,ken,Kenya,2014,Never had a female head of state
6486,ken,Kenya,2015,Never had a female head of state
6487,ken,Kenya,2016,Never had a female head of state
6488,ken,Kenya,2017,Never had a female head of state
6489,ken,Kenya,2018,Never had a female head of state
6490,ken,Kenya,2019,Never had a female head of state
6491,ken,Kenya,2020,Never had a female head of state
6492,ken,Kenya,2021,Never had a female head of state
6493,ken,Kenya,2022,Never had a female head of state
6494,ken,Kenya,2023,Never had a female head of state
6495,ken,Kenya,2024,Never had a female head of state
6496,ken,Kenya,2025,Never had a female head of state
6497,kir,Kiribati,1953,Never had a female head of state
6498,kir,Kiribati,1954,Never had a female head of state
6499,kir,Kiribati,1955,Never had a female head of state
6500,kir,Kiribati,1956,Never had a female head of state
6501,kir,Kiribati,1957,Never had a female head of state
6502,kir,Kiribati,1958,Never had a female head of state
6503,kir,Kiribati,1959,Never had a female head of state
6504,kir,Kiribati,1960,Never had a female head of state
6505,kir,Kiribati,1961,Never had a female head of state
6506,kir,Kiribati,1962,Never had a female head of state
6507,kir,Kiribati,1963,Never had a female head of state
6508,kir,Kiribati,1964,Never had a female head of state
6509,kir,Kiribati,1965,Never had a female head of state
6510,kir,Kiribati,1966,Never had a female head of state
6511,kir,Kiribati,1967,Never had a female head of state
6512,kir,Kiribati,1968,Never had a female head of state
6513,kir,Kiribati,1969,Never had a female head of state
6514,kir,Kiribati,1970,Never had a female head of state
6515,kir,Kiribati,1971,Never had a female head of state
6516,kir,Kiribati,1972,Never had a female head of state
6517,kir,Kiribati,1973,Never had a female head of state
6518,kir,Kiribati,1974,Never had a female head of state
6519,kir,Kiribati,1975,Never had a female head of state
6520,kir,Kiribati,1976,Never had a female head of state
6521,kir,Kiribati,1977,Never had a female head of state
6522,kir,Kiribati,1978,Never had a female head of state
6523,kir,Kiribati,1979,Never had a female head of state
6524,kir,Kiribati,1980,Never had a female head of state
6525,kir,Kiribati,1981,Never had a female head of state
6526,kir,Kiribati,1982,Never had a female head of state
6527,kir,Kiribati,1983,Never had a female head of state
6528,kir,Kiribati,1984,Never had a female head of state
6529,kir,Kiribati,1985,Never had a female head of state
6530,kir,Kiribati,1986,Never had a female head of state
6531,kir,Kiribati,1987,Never had a female head of state
6532,kir,Kiribati,1988,Never had a female head of state
6533,kir,Kiribati,1989,Never had a female head of state
6534,kir,Kiribati,1990,Never had a female head of state
6535,kir,Kiribati,1991,Never had a female head of state
6536,kir,Kiribati,1992,Never had a female head of state
6537,kir,Kiribati,1993,Never had a female head of state
6538,kir,Kiribati,1994,Never had a female head of state
6539,kir,Kiribati,1995,Never had a female head of state
6540,kir,Kiribati,1996,Never had a female head of state
6541,kir,Kiribati,1997,Never had a female head of state
6542,kir,Kiribati,1998,Never had a female head of state
6543,kir,Kiribati,1999,Never had a female head of state
6544,kir,Kiribati,2000,Never had a female head of state
6545,kir,Kiribati,2001,Never had a female head of state
6546,kir,Kiribati,2002,Never had a female head of state
6547,kir,Kiribati,2003,Never had a female head of state
6548,kir,Kiribati,2004,Never had a female head of state
6549,kir,Kiribati,2005,Never had a female head of state
6550,kir,Kiribati,2006,Never had a female head of state
6551,kir,Kiribati,2007,Never had a female head of state
6552,kir,Kiribati,2008,Never had a female head of state
6553,kir,Kiribati,2009,Never had a female head of state
6554,kir,Kiribati,2010,Never had a female head of state
6555,kir,Kiribati,2011,Never had a female head of state
6556,kir,Kiribati,2012,Never had a female head of state
6557,kir,Kiribati,2013,Never had a female head of state
6558,kir,Kiribati,2014,Never had a female head of state
6559,kir,Kiribati,2015,Never had a female head of state
6560,kir,Kiribati,2016,Never had a female head of state
6561,kir,Kiribati,2017,Never had a female head of state
6562,kir,Kiribati,2018,Never had a female head of state
6563,kir,Kiribati,2019,Never had a female head of state
6564,kir,Kiribati,2020,Never had a female head of state
6565,kir,Kiribati,2021,Never had a female head of state
6566,kir,Kiribati,2022,Never had a female head of state
6567,kir,Kiribati,2023,Never had a female head of state
6568,kir,Kiribati,2024,Never had a female head of state
6569,kir,Kiribati,2025,Never had a female head of state
6570,prk,North Korea,1953,Never had a female head of state
6571,prk,North Korea,1954,Never had a female head of state
6572,prk,North Korea,1955,Never had a female head of state
6573,prk,North Korea,1956,Never had a female head of state
6574,prk,North Korea,1957,Never had a female head of state
6575,prk,North Korea,1958,Never had a female head of state
6576,prk,North Korea,1959,Never had a female head of state
6577,prk,North Korea,1960,Never had a female head of state
6578,prk,North Korea,1961,Never had a female head of state
6579,prk,North Korea,1962,Never had a female head of state
6580,prk,North Korea,1963,Never had a female head of state
6581,prk,North Korea,1964,Never had a female head of state
6582,prk,North Korea,1965,Never had a female head of state
6583,prk,North Korea,1966,Never had a female head of state
6584,prk,North Korea,1967,Never had a female head of state
6585,prk,North Korea,1968,Never had a female head of state
6586,prk,North Korea,1969,Never had a female head of state
6587,prk,North Korea,1970,Never had a female head of state
6588,prk,North Korea,1971,Never had a female head of state
6589,prk,North Korea,1972,Never had a female head of state
6590,prk,North Korea,1973,Never had a female head of state
6591,prk,North Korea,1974,Never had a female head of state
6592,prk,North Korea,1975,Never had a female head of state
6593,prk,North Korea,1976,Never had a female head of state
6594,prk,North Korea,1977,Never had a female head of state
6595,prk,North Korea,1978,Never had a female head of state
6596,prk,North Korea,1979,Never had a female head of state
6597,prk,North Korea,1980,Never had a female head of state
6598,prk,North Korea,1981,Never had a female head of state
6599,prk,North Korea,1982,Never had a female head of state
6600,prk,North Korea,1983,Never had a female head of state
6601,prk,North Korea,1984,Never had a female head of state
6602,prk,North Korea,1985,Never had a female head of state
6603,prk,North Korea,1986,Never had a female head of state
6604,prk,North Korea,1987,Never had a female head of state
6605,prk,North Korea,1988,Never had a female head of state
6606,prk,North Korea,1989,Never had a female head of state
6607,prk,North Korea,1990,Never had a female head of state
6608,prk,North Korea,1991,Never had a female head of state
6609,prk,North Korea,1992,Never had a female head of state
6610,prk,North Korea,1993,Never had a female head of state
6611,prk,North Korea,1994,Never had a female head of state
6612,prk,North Korea,1995,Never had a female head of state
6613,prk,North Korea,1996,Never had a female head of state
6614,prk,North Korea,1997,Never had a female head of state
6615,prk,North Korea,1998,Never had a female head of state
6616,prk,North Korea,1999,Never had a female head of state
6617,prk,North Korea,2000,Never had a female head of state
6618,prk,North Korea,2001,Never had a female head of state
6619,prk,North Korea,2002,Never had a female head of state
6620,prk,North Korea,2003,Never had a female head of state
6621,prk,North Korea,2004,Never had a female head of state
6622,prk,North Korea,2005,Never had a female head of state
6623,prk,North Korea,2006,Never had a female head of state
6624,prk,North Korea,2007,Never had a female head of state
6625,prk,North Korea,2008,Never had a female head of state
6626,prk,North Korea,2009,Never had a female head of state
6627,prk,North Korea,2010,Never had a female head of state
6628,prk,North Korea,2011,Never had a female head of state
6629,prk,North Korea,2012,Never had a female head of state
6630,prk,North Korea,2013,Never had a female head of state
6631,prk,North Korea,2014,Never had a female head of state
6632,prk,North Korea,2015,Never had a female head of state
6633,prk,North Korea,2016,Never had a female head of state
6634,prk,North Korea,2017,Never had a female head of state
6635,prk,North Korea,2018,Never had a female head of state
6636,prk,North Korea,2019,Never had a female head of state
6637,prk,North Korea,2020,Never had a female head of state
6638,prk,North Korea,2021,Never had a female head of state
6639,prk,North Korea,2022,Never had a female head of state
6640,prk,North Korea,2023,Never had a female head of state
6641,prk,North Korea,2024,Never had a female head of state
6642,prk,North Korea,2025,Never had a female head of state
6643,kor,South Korea,1953,Never had a female head of state
6644,kor,South Korea,1954,Never had a female head of state
6645,kor,South Korea,1955,Never had a female head of state
6646,kor,South Korea,1956,Never had a female head of state
6647,kor,South Korea,1957,Never had a female head of state
6648,kor,South Korea,1958,Never had a female head of state
6649,kor,South Korea,1959,Never had a female head of state
6650,kor,South Korea,1960,Never had a female head of state
6651,kor,South Korea,1961,Never had a female head of state
6652,kor,South Korea,1962,Never had a female head of state
6653,kor,South Korea,1963,Never had a female head of state
6654,kor,South Korea,1964,Never had a female head of state
6655,kor,South Korea,1965,Never had a female head of state
6656,kor,South Korea,1966,Never had a female head of state
6657,kor,South Korea,1967,Never had a female head of state
6658,kor,South Korea,1968,Never had a female head of state
6659,kor,South Korea,1969,Never had a female head of state
6660,kor,South Korea,1970,Never had a female head of state
6661,kor,South Korea,1971,Never had a female head of state
6662,kor,South Korea,1972,Never had a female head of state
6663,kor,South Korea,1973,Never had a female head of state
6664,kor,South Korea,1974,Never had a female head of state
6665,kor,South Korea,1975,Never had a female head of state
6666,kor,South Korea,1976,Never had a female head of state
6667,kor,South Korea,1977,Never had a female head of state
6668,kor,South Korea,1978,Never had a female head of state
6669,kor,South Korea,1979,Never had a female head of state
6670,kor,South Korea,1980,Never had a female head of state
6671,kor,South Korea,1981,Never had a female head of state
6672,kor,South Korea,1982,Never had a female head of state
6673,kor,South Korea,1983,Never had a female head of state
6674,kor,South Korea,1984,Never had a female head of state
6675,kor,South Korea,1985,Never had a female head of state
6676,kor,South Korea,1986,Never had a female head of state
6677,kor,South Korea,1987,Never had a female head of state
6678,kor,South Korea,1988,Never had a female head of state
6679,kor,South Korea,1989,Never had a female head of state
6680,kor,South Korea,1990,Never had a female head of state
6681,kor,South Korea,1991,Never had a female head of state
6682,kor,South Korea,1992,Never had a female head of state
6683,kor,South Korea,1993,Never had a female head of state
6684,kor,South Korea,1994,Never had a female head of state
6685,kor,South Korea,1995,Never had a female head of state
6686,kor,South Korea,1996,Never had a female head of state
6687,kor,South Korea,1997,Never had a female head of state
6688,kor,South Korea,1998,Never had a female head of state
6689,kor,South Korea,1999,Never had a female head of state
6690,kor,South Korea,2000,Never had a female head of state
6691,kor,South Korea,2001,Never had a female head of state
6692,kor,South Korea,2002,Never had a female head of state
6693,kor,South Korea,2003,Never had a female head of state
6694,kor,South Korea,2004,Never had a female head of state
6695,kor,South Korea,2005,Never had a female head of state
6696,kor,South Korea,2006,Never had a female head of state
6697,kor,South Korea,2007,Never had a female head of state
6698,kor,South Korea,2008,Never had a female head of state
6699,kor,South Korea,2009,Never had a female head of state
6700,kor,South Korea,2010,Never had a female head of state
6701,kor,South Korea,2011,Never had a female head of state
6702,kor,South Korea,2012,Never had a female head of state
6703,kor,South Korea,2013,Had a female head of state
6704,kor,South Korea,2014,Had a female head of state
6705,kor,South Korea,2015,Had a female head of state
6706,kor,South Korea,2016,Had a female head of state
6707,kor,South Korea,2017,Had a female head of state
6708,kor,South Korea,2018,Had a female head of state
6709,kor,South Korea,2019,Had a female head of state
6710,kor,South Korea,2020,Had a female head of state
6711,kor,South Korea,2021,Had a female head of state
6712,kor,South Korea,2022,Had a female head of state
6713,kor,South Korea,2023,Had a female head of state
6714,kor,South Korea,2024,Had a female head of state
6715,kor,South Korea,2025,Had a female head of state
6716,kwt,Kuwait,1953,Never had a female head of state
6717,kwt,Kuwait,1954,Never had a female head of state
6718,kwt,Kuwait,1955,Never had a female head of state
6719,kwt,Kuwait,1956,Never had a female head of state
6720,kwt,Kuwait,1957,Never had a female head of state
6721,kwt,Kuwait,1958,Never had a female head of state
6722,kwt,Kuwait,1959,Never had a female head of state
6723,kwt,Kuwait,1960,Never had a female head of state
6724,kwt,Kuwait,1961,Never had a female head of state
6725,kwt,Kuwait,1962,Never had a female head of state
6726,kwt,Kuwait,1963,Never had a female head of state
6727,kwt,Kuwait,1964,Never had a female head of state
6728,kwt,Kuwait,1965,Never had a female head of state
6729,kwt,Kuwait,1966,Never had a female head of state
6730,kwt,Kuwait,1967,Never had a female head of state
6731,kwt,Kuwait,1968,Never had a female head of state
6732,kwt,Kuwait,1969,Never had a female head of state
6733,kwt,Kuwait,1970,Never had a female head of state
6734,kwt,Kuwait,1971,Never had a female head of state
6735,kwt,Kuwait,1972,Never had a female head of state
6736,kwt,Kuwait,1973,Never had a female head of state
6737,kwt,Kuwait,1974,Never had a female head of state
6738,kwt,Kuwait,1975,Never had a female head of state
6739,kwt,Kuwait,1976,Never had a female head of state
6740,kwt,Kuwait,1977,Never had a female head of state
6741,kwt,Kuwait,1978,Never had a female head of state
6742,kwt,Kuwait,1979,Never had a female head of state
6743,kwt,Kuwait,1980,Never had a female head of state
6744,kwt,Kuwait,1981,Never had a female head of state
6745,kwt,Kuwait,1982,Never had a female head of state
6746,kwt,Kuwait,1983,Never had a female head of state
6747,kwt,Kuwait,1984,Never had a female head of state
6748,kwt,Kuwait,1985,Never had a female head of state
6749,kwt,Kuwait,1986,Never had a female head of state
6750,kwt,Kuwait,1987,Never had a female head of state
6751,kwt,Kuwait,1988,Never had a female head of state
6752,kwt,Kuwait,1989,Never had a female head of state
6753,kwt,Kuwait,1990,Never had a female head of state
6754,kwt,Kuwait,1991,Never had a female head of state
6755,kwt,Kuwait,1992,Never had a female head of state
6756,kwt,Kuwait,1993,Never had a female head of state
6757,kwt,Kuwait,1994,Never had a female head of state
6758,kwt,Kuwait,1995,Never had a female head of state
6759,kwt,Kuwait,1996,Never had a female head of state
6760,kwt,Kuwait,1997,Never had a female head of state
6761,kwt,Kuwait,1998,Never had a female head of state
6762,kwt,Kuwait,1999,Never had a female head of state
6763,kwt,Kuwait,2000,Never had a female head of state
6764,kwt,Kuwait,2001,Never had a female head of state
6765,kwt,Kuwait,2002,Never had a female head of state
6766,kwt,Kuwait,2003,Never had a female head of state
6767,kwt,Kuwait,2004,Never had a female head of state
6768,kwt,Kuwait,2005,Never had a female head of state
6769,kwt,Kuwait,2006,Never had a female head of state
6770,kwt,Kuwait,2007,Never had a female head of state
6771,kwt,Kuwait,2008,Never had a female head of state
6772,kwt,Kuwait,2009,Never had a female head of state
6773,kwt,Kuwait,2010,Never had a female head of state
6774,kwt,Kuwait,2011,Never had a female head of state
6775,kwt,Kuwait,2012,Never had a female head of state
6776,kwt,Kuwait,2013,Never had a female head of state
6777,kwt,Kuwait,2014,Never had a female head of state
6778,kwt,Kuwait,2015,Never had a female head of state
6779,kwt,Kuwait,2016,Never had a female head of state
6780,kwt,Kuwait,2017,Never had a female head of state
6781,kwt,Kuwait,2018,Never had a female head of state
6782,kwt,Kuwait,2019,Never had a female head of state
6783,kwt,Kuwait,2020,Never had a female head of state
6784,kwt,Kuwait,2021,Never had a female head of state
6785,kwt,Kuwait,2022,Never had a female head of state
6786,kwt,Kuwait,2023,Never had a female head of state
6787,kwt,Kuwait,2024,Never had a female head of state
6788,kwt,Kuwait,2025,Never had a female head of state
6789,kgz,Kyrgyz Republic,1953,Never had a female head of state
6790,kgz,Kyrgyz Republic,1954,Never had a female head of state
6791,kgz,Kyrgyz Republic,1955,Never had a female head of state
6792,kgz,Kyrgyz Republic,1956,Never had a female head of state
6793,kgz,Kyrgyz Republic,1957,Never had a female head of state
6794,kgz,Kyrgyz Republic,1958,Never had a female head of state
6795,kgz,Kyrgyz Republic,1959,Never had a female head of state
6796,kgz,Kyrgyz Republic,1960,Never had a female head of state
6797,kgz,Kyrgyz Republic,1961,Never had a female head of state
6798,kgz,Kyrgyz Republic,1962,Never had a female head of state
6799,kgz,Kyrgyz Republic,1963,Never had a female head of state
6800,kgz,Kyrgyz Republic,1964,Never had a female head of state
6801,kgz,Kyrgyz Republic,1965,Never had a female head of state
6802,kgz,Kyrgyz Republic,1966,Never had a female head of state
6803,kgz,Kyrgyz Republic,1967,Never had a female head of state
6804,kgz,Kyrgyz Republic,1968,Never had a female head of state
6805,kgz,Kyrgyz Republic,1969,Never had a female head of state
6806,kgz,Kyrgyz Republic,1970,Never had a female head of state
6807,kgz,Kyrgyz Republic,1971,Never had a female head of state
6808,kgz,Kyrgyz Republic,1972,Never had a female head of state
6809,kgz,Kyrgyz Republic,1973,Never had a female head of state
6810,kgz,Kyrgyz Republic,1974,Never had a female head of state
6811,kgz,Kyrgyz Republic,1975,Never had a female head of state
6812,kgz,Kyrgyz Republic,1976,Never had a female head of state
6813,kgz,Kyrgyz Republic,1977,Never had a female head of state
6814,kgz,Kyrgyz Republic,1978,Never had a female head of state
6815,kgz,Kyrgyz Republic,1979,Never had a female head of state
6816,kgz,Kyrgyz Republic,1980,Never had a female head of state
6817,kgz,Kyrgyz Republic,1981,Never had a female head of state
6818,kgz,Kyrgyz Republic,1982,Never had a female head of state
6819,kgz,Kyrgyz Republic,1983,Never had a female head of state
6820,kgz,Kyrgyz Republic,1984,Never had a female head of state
6821,kgz,Kyrgyz Republic,1985,Never had a female head of state
6822,kgz,Kyrgyz Republic,1986,Never had a female head of state
6823,kgz,Kyrgyz Republic,1987,Never had a female head of state
6824,kgz,Kyrgyz Republic,1988,Never had a female head of state
6825,kgz,Kyrgyz Republic,1989,Never had a female head of state
6826,kgz,Kyrgyz Republic,1990,Never had a female head of state
6827,kgz,Kyrgyz Republic,1991,Never had a female head of state
6828,kgz,Kyrgyz Republic,1992,Never had a female head of state
6829,kgz,Kyrgyz Republic,1993,Never had a female head of state
6830,kgz,Kyrgyz Republic,1994,Never had a female head of state
6831,kgz,Kyrgyz Republic,1995,Never had a female head of state
6832,kgz,Kyrgyz Republic,1996,Never had a female head of state
6833,kgz,Kyrgyz Republic,1997,Never had a female head of state
6834,kgz,Kyrgyz Republic,1998,Never had a female head of state
6835,kgz,Kyrgyz Republic,1999,Never had a female head of state
6836,kgz,Kyrgyz Republic,2000,Never had a female head of state
6837,kgz,Kyrgyz Republic,2001,Never had a female head of state
6838,kgz,Kyrgyz Republic,2002,Never had a female head of state
6839,kgz,Kyrgyz Republic,2003,Never had a female head of state
6840,kgz,Kyrgyz Republic,2004,Never had a female head of state
6841,kgz,Kyrgyz Republic,2005,Never had a female head of state
6842,kgz,Kyrgyz Republic,2006,Never had a female head of state
6843,kgz,Kyrgyz Republic,2007,Never had a female head of state
6844,kgz,Kyrgyz Republic,2008,Never had a female head of state
6845,kgz,Kyrgyz Republic,2009,Never had a female head of state
6846,kgz,Kyrgyz Republic,2010,Had a female head of state
6847,kgz,Kyrgyz Republic,2011,Had a female head of state
6848,kgz,Kyrgyz Republic,2012,Had a female head of state
6849,kgz,Kyrgyz Republic,2013,Had a female head of state
6850,kgz,Kyrgyz Republic,2014,Had a female head of state
6851,kgz,Kyrgyz Republic,2015,Had a female head of state
6852,kgz,Kyrgyz Republic,2016,Had a female head of state
6853,kgz,Kyrgyz Republic,2017,Had a female head of state
6854,kgz,Kyrgyz Republic,2018,Had a female head of state
6855,kgz,Kyrgyz Republic,2019,Had a female head of state
6856,kgz,Kyrgyz Republic,2020,Had a female head of state
6857,kgz,Kyrgyz Republic,2021,Had a female head of state
6858,kgz,Kyrgyz Republic,2022,Had a female head of state
6859,kgz,Kyrgyz Republic,2023,Had a female head of state
6860,kgz,Kyrgyz Republic,2024,Had a female head of state
6861,kgz,Kyrgyz Republic,2025,Had a female head of state
6862,lao,Lao,1953,Never had a female head of state
6863,lao,Lao,1954,Never had a female head of state
6864,lao,Lao,1955,Never had a female head of state
6865,lao,Lao,1956,Never had a female head of state
6866,lao,Lao,1957,Never had a female head of state
6867,lao,Lao,1958,Never had a female head of state
6868,lao,Lao,1959,Never had a female head of state
6869,lao,Lao,1960,Never had a female head of state
6870,lao,Lao,1961,Never had a female head of state
6871,lao,Lao,1962,Never had a female head of state
6872,lao,Lao,1963,Never had a female head of state
6873,lao,Lao,1964,Never had a female head of state
6874,lao,Lao,1965,Never had a female head of state
6875,lao,Lao,1966,Never had a female head of state
6876,lao,Lao,1967,Never had a female head of state
6877,lao,Lao,1968,Never had a female head of state
6878,lao,Lao,1969,Never had a female head of state
6879,lao,Lao,1970,Never had a female head of state
6880,lao,Lao,1971,Never had a female head of state
6881,lao,Lao,1972,Never had a female head of state
6882,lao,Lao,1973,Never had a female head of state
6883,lao,Lao,1974,Never had a female head of state
6884,lao,Lao,1975,Never had a female head of state
6885,lao,Lao,1976,Never had a female head of state
6886,lao,Lao,1977,Never had a female head of state
6887,lao,Lao,1978,Never had a female head of state
6888,lao,Lao,1979,Never had a female head of state
6889,lao,Lao,1980,Never had a female head of state
6890,lao,Lao,1981,Never had a female head of state
6891,lao,Lao,1982,Never had a female head of state
6892,lao,Lao,1983,Never had a female head of state
6893,lao,Lao,1984,Never had a female head of state
6894,lao,Lao,1985,Never had a female head of state
6895,lao,Lao,1986,Never had a female head of state
6896,lao,Lao,1987,Never had a female head of state
6897,lao,Lao,1988,Never had a female head of state
6898,lao,Lao,1989,Never had a female head of state
6899,lao,Lao,1990,Never had a female head of state
6900,lao,Lao,1991,Never had a female head of state
6901,lao,Lao,1992,Never had a female head of state
6902,lao,Lao,1993,Never had a female head of state
6903,lao,Lao,1994,Never had a female head of state
6904,lao,Lao,1995,Never had a female head of state
6905,lao,Lao,1996,Never had a female head of state
6906,lao,Lao,1997,Never had a female head of state
6907,lao,Lao,1998,Never had a female head of state
6908,lao,Lao,1999,Never had a female head of state
6909,lao,Lao,2000,Never had a female head of state
6910,lao,Lao,2001,Never had a female head of state
6911,lao,Lao,2002,Never had a female head of state
6912,lao,Lao,2003,Never had a female head of state
6913,lao,Lao,2004,Never had a female head of state
6914,lao,Lao,2005,Never had a female head of state
6915,lao,Lao,2006,Never had a female head of state
6916,lao,Lao,2007,Never had a female head of state
6917,lao,Lao,2008,Never had a female head of state
6918,lao,Lao,2009,Never had a female head of state
6919,lao,Lao,2010,Never had a female head of state
6920,lao,Lao,2011,Never had a female head of state
6921,lao,Lao,2012,Never had a female head of state
6922,lao,Lao,2013,Never had a female head of state
6923,lao,Lao,2014,Never had a female head of state
6924,lao,Lao,2015,Never had a female head of state
6925,lao,Lao,2016,Never had a female head of state
6926,lao,Lao,2017,Never had a female head of state
6927,lao,Lao,2018,Never had a female head of state
6928,lao,Lao,2019,Never had a female head of state
6929,lao,Lao,2020,Never had a female head of state
6930,lao,Lao,2021,Never had a female head of state
6931,lao,Lao,2022,Never had a female head of state
6932,lao,Lao,2023,Never had a female head of state
6933,lao,Lao,2024,Never had a female head of state
6934,lao,Lao,2025,Never had a female head of state
6935,lva,Latvia,1953,Never had a female head of state
6936,lva,Latvia,1954,Never had a female head of state
6937,lva,Latvia,1955,Never had a female head of state
6938,lva,Latvia,1956,Never had a female head of state
6939,lva,Latvia,1957,Never had a female head of state
6940,lva,Latvia,1958,Never had a female head of state
6941,lva,Latvia,1959,Never had a female head of state
6942,lva,Latvia,1960,Never had a female head of state
6943,lva,Latvia,1961,Never had a female head of state
6944,lva,Latvia,1962,Never had a female head of state
6945,lva,Latvia,1963,Never had a female head of state
6946,lva,Latvia,1964,Never had a female head of state
6947,lva,Latvia,1965,Never had a female head of state
6948,lva,Latvia,1966,Never had a female head of state
6949,lva,Latvia,1967,Never had a female head of state
6950,lva,Latvia,1968,Never had a female head of state
6951,lva,Latvia,1969,Never had a female head of state
6952,lva,Latvia,1970,Never had a female head of state
6953,lva,Latvia,1971,Never had a female head of state
6954,lva,Latvia,1972,Never had a female head of state
6955,lva,Latvia,1973,Never had a female head of state
6956,lva,Latvia,1974,Never had a female head of state
6957,lva,Latvia,1975,Never had a female head of state
6958,lva,Latvia,1976,Never had a female head of state
6959,lva,Latvia,1977,Never had a female head of state
6960,lva,Latvia,1978,Never had a female head of state
6961,lva,Latvia,1979,Never had a female head of state
6962,lva,Latvia,1980,Never had a female head of state
6963,lva,Latvia,1981,Never had a female head of state
6964,lva,Latvia,1982,Never had a female head of state
6965,lva,Latvia,1983,Never had a female head of state
6966,lva,Latvia,1984,Never had a female head of state
6967,lva,Latvia,1985,Never had a female head of state
6968,lva,Latvia,1986,Never had a female head of state
6969,lva,Latvia,1987,Never had a female head of state
6970,lva,Latvia,1988,Never had a female head of state
6971,lva,Latvia,1989,Never had a female head of state
6972,lva,Latvia,1990,Never had a female head of state
6973,lva,Latvia,1991,Never had a female head of state
6974,lva,Latvia,1992,Never had a female head of state
6975,lva,Latvia,1993,Never had a female head of state
6976,lva,Latvia,1994,Never had a female head of state
6977,lva,Latvia,1995,Never had a female head of state
6978,lva,Latvia,1996,Never had a female head of state
6979,lva,Latvia,1997,Never had a female head of state
6980,lva,Latvia,1998,Never had a female head of state
6981,lva,Latvia,1999,Had a female head of state
6982,lva,Latvia,2000,Had a female head of state
6983,lva,Latvia,2001,Had a female head of state
6984,lva,Latvia,2002,Had a female head of state
6985,lva,Latvia,2003,Had a female head of state
6986,lva,Latvia,2004,Had a female head of state
6987,lva,Latvia,2005,Had a female head of state
6988,lva,Latvia,2006,Had a female head of state
6989,lva,Latvia,2007,Had a female head of state
6990,lva,Latvia,2008,Had a female head of state
6991,lva,Latvia,2009,Had a female head of state
6992,lva,Latvia,2010,Had a female head of state
6993,lva,Latvia,2011,Had a female head of state
6994,lva,Latvia,2012,Had a female head of state
6995,lva,Latvia,2013,Had a female head of state
6996,lva,Latvia,2014,Had a female head of state
6997,lva,Latvia,2015,Had a female head of state
6998,lva,Latvia,2016,Had a female head of state
6999,lva,Latvia,2017,Had a female head of state
7000,lva,Latvia,2018,Had a female head of state
7001,lva,Latvia,2019,Had a female head of state
7002,lva,Latvia,2020,Had a female head of state
7003,lva,Latvia,2021,Had a female head of state
7004,lva,Latvia,2022,Had a female head of state
7005,lva,Latvia,2023,Had a female head of state
7006,lva,Latvia,2024,Had a female head of state
7007,lva,Latvia,2025,Had a female head of state
7008,lbn,Lebanon,1953,Never had a female head of state
7009,lbn,Lebanon,1954,Never had a female head of state
7010,lbn,Lebanon,1955,Never had a female head of state
7011,lbn,Lebanon,1956,Never had a female head of state
7012,lbn,Lebanon,1957,Never had a female head of state
7013,lbn,Lebanon,1958,Never had a female head of state
7014,lbn,Lebanon,1959,Never had a female head of state
7015,lbn,Lebanon,1960,Never had a female head of state
7016,lbn,Lebanon,1961,Never had a female head of state
7017,lbn,Lebanon,1962,Never had a female head of state
7018,lbn,Lebanon,1963,Never had a female head of state
7019,lbn,Lebanon,1964,Never had a female head of state
7020,lbn,Lebanon,1965,Never had a female head of state
7021,lbn,Lebanon,1966,Never had a female head of state
7022,lbn,Lebanon,1967,Never had a female head of state
7023,lbn,Lebanon,1968,Never had a female head of state
7024,lbn,Lebanon,1969,Never had a female head of state
7025,lbn,Lebanon,1970,Never had a female head of state
7026,lbn,Lebanon,1971,Never had a female head of state
7027,lbn,Lebanon,1972,Never had a female head of state
7028,lbn,Lebanon,1973,Never had a female head of state
7029,lbn,Lebanon,1974,Never had a female head of state
7030,lbn,Lebanon,1975,Never had a female head of state
7031,lbn,Lebanon,1976,Never had a female head of state
7032,lbn,Lebanon,1977,Never had a female head of state
7033,lbn,Lebanon,1978,Never had a female head of state
7034,lbn,Lebanon,1979,Never had a female head of state
7035,lbn,Lebanon,1980,Never had a female head of state
7036,lbn,Lebanon,1981,Never had a female head of state
7037,lbn,Lebanon,1982,Never had a female head of state
7038,lbn,Lebanon,1983,Never had a female head of state
7039,lbn,Lebanon,1984,Never had a female head of state
7040,lbn,Lebanon,1985,Never had a female head of state
7041,lbn,Lebanon,1986,Never had a female head of state
7042,lbn,Lebanon,1987,Never had a female head of state
7043,lbn,Lebanon,1988,Never had a female head of state
7044,lbn,Lebanon,1989,Never had a female head of state
7045,lbn,Lebanon,1990,Never had a female head of state
7046,lbn,Lebanon,1991,Never had a female head of state
7047,lbn,Lebanon,1992,Never had a female head of state
7048,lbn,Lebanon,1993,Never had a female head of state
7049,lbn,Lebanon,1994,Never had a female head of state
7050,lbn,Lebanon,1995,Never had a female head of state
7051,lbn,Lebanon,1996,Never had a female head of state
7052,lbn,Lebanon,1997,Never had a female head of state
7053,lbn,Lebanon,1998,Never had a female head of state
7054,lbn,Lebanon,1999,Never had a female head of state
7055,lbn,Lebanon,2000,Never had a female head of state
7056,lbn,Lebanon,2001,Never had a female head of state
7057,lbn,Lebanon,2002,Never had a female head of state
7058,lbn,Lebanon,2003,Never had a female head of state
7059,lbn,Lebanon,2004,Never had a female head of state
7060,lbn,Lebanon,2005,Never had a female head of state
7061,lbn,Lebanon,2006,Never had a female head of state
7062,lbn,Lebanon,2007,Never had a female head of state
7063,lbn,Lebanon,2008,Never had a female head of state
7064,lbn,Lebanon,2009,Never had a female head of state
7065,lbn,Lebanon,2010,Never had a female head of state
7066,lbn,Lebanon,2011,Never had a female head of state
7067,lbn,Lebanon,2012,Never had a female head of state
7068,lbn,Lebanon,2013,Never had a female head of state
7069,lbn,Lebanon,2014,Never had a female head of state
7070,lbn,Lebanon,2015,Never had a female head of state
7071,lbn,Lebanon,2016,Never had a female head of state
7072,lbn,Lebanon,2017,Never had a female head of state
7073,lbn,Lebanon,2018,Never had a female head of state
7074,lbn,Lebanon,2019,Never had a female head of state
7075,lbn,Lebanon,2020,Never had a female head of state
7076,lbn,Lebanon,2021,Never had a female head of state
7077,lbn,Lebanon,2022,Never had a female head of state
7078,lbn,Lebanon,2023,Never had a female head of state
7079,lbn,Lebanon,2024,Never had a female head of state
7080,lbn,Lebanon,2025,Never had a female head of state
7081,lso,Lesotho,1953,Never had a female head of state
7082,lso,Lesotho,1954,Never had a female head of state
7083,lso,Lesotho,1955,Never had a female head of state
7084,lso,Lesotho,1956,Never had a female head of state
7085,lso,Lesotho,1957,Never had a female head of state
7086,lso,Lesotho,1958,Never had a female head of state
7087,lso,Lesotho,1959,Never had a female head of state
7088,lso,Lesotho,1960,Never had a female head of state
7089,lso,Lesotho,1961,Never had a female head of state
7090,lso,Lesotho,1962,Never had a female head of state
7091,lso,Lesotho,1963,Never had a female head of state
7092,lso,Lesotho,1964,Never had a female head of state
7093,lso,Lesotho,1965,Never had a female head of state
7094,lso,Lesotho,1966,Never had a female head of state
7095,lso,Lesotho,1967,Never had a female head of state
7096,lso,Lesotho,1968,Never had a female head of state
7097,lso,Lesotho,1969,Never had a female head of state
7098,lso,Lesotho,1970,Never had a female head of state
7099,lso,Lesotho,1971,Never had a female head of state
7100,lso,Lesotho,1972,Never had a female head of state
7101,lso,Lesotho,1973,Never had a female head of state
7102,lso,Lesotho,1974,Never had a female head of state
7103,lso,Lesotho,1975,Never had a female head of state
7104,lso,Lesotho,1976,Never had a female head of state
7105,lso,Lesotho,1977,Never had a female head of state
7106,lso,Lesotho,1978,Never had a female head of state
7107,lso,Lesotho,1979,Never had a female head of state
7108,lso,Lesotho,1980,Never had a female head of state
7109,lso,Lesotho,1981,Never had a female head of state
7110,lso,Lesotho,1982,Never had a female head of state
7111,lso,Lesotho,1983,Never had a female head of state
7112,lso,Lesotho,1984,Never had a female head of state
7113,lso,Lesotho,1985,Never had a female head of state
7114,lso,Lesotho,1986,Never had a female head of state
7115,lso,Lesotho,1987,Never had a female head of state
7116,lso,Lesotho,1988,Never had a female head of state
7117,lso,Lesotho,1989,Never had a female head of state
7118,lso,Lesotho,1990,Never had a female head of state
7119,lso,Lesotho,1991,Never had a female head of state
7120,lso,Lesotho,1992,Never had a female head of state
7121,lso,Lesotho,1993,Never had a female head of state
7122,lso,Lesotho,1994,Never had a female head of state
7123,lso,Lesotho,1995,Never had a female head of state
7124,lso,Lesotho,1996,Never had a female head of state
7125,lso,Lesotho,1997,Never had a female head of state
7126,lso,Lesotho,1998,Never had a female head of state
7127,lso,Lesotho,1999,Never had a female head of state
7128,lso,Lesotho,2000,Never had a female head of state
7129,lso,Lesotho,2001,Never had a female head of state
7130,lso,Lesotho,2002,Never had a female head of state
7131,lso,Lesotho,2003,Never had a female head of state
7132,lso,Lesotho,2004,Never had a female head of state
7133,lso,Lesotho,2005,Never had a female head of state
7134,lso,Lesotho,2006,Never had a female head of state
7135,lso,Lesotho,2007,Never had a female head of state
7136,lso,Lesotho,2008,Never had a female head of state
7137,lso,Lesotho,2009,Never had a female head of state
7138,lso,Lesotho,2010,Never had a female head of state
7139,lso,Lesotho,2011,Never had a female head of state
7140,lso,Lesotho,2012,Never had a female head of state
7141,lso,Lesotho,2013,Never had a female head of state
7142,lso,Lesotho,2014,Never had a female head of state
7143,lso,Lesotho,2015,Never had a female head of state
7144,lso,Lesotho,2016,Never had a female head of state
7145,lso,Lesotho,2017,Never had a female head of state
7146,lso,Lesotho,2018,Never had a female head of state
7147,lso,Lesotho,2019,Never had a female head of state
7148,lso,Lesotho,2020,Never had a female head of state
7149,lso,Lesotho,2021,Never had a female head of state
7150,lso,Lesotho,2022,Never had a female head of state
7151,lso,Lesotho,2023,Never had a female head of state
7152,lso,Lesotho,2024,Never had a female head of state
7153,lso,Lesotho,2025,Never had a female head of state
7154,lbr,Liberia,1953,Never had a female head of state
7155,lbr,Liberia,1954,Never had a female head of state
7156,lbr,Liberia,1955,Never had a female head of state
7157,lbr,Liberia,1956,Never had a female head of state
7158,lbr,Liberia,1957,Never had a female head of state
7159,lbr,Liberia,1958,Never had a female head of state
7160,lbr,Liberia,1959,Never had a female head of state
7161,lbr,Liberia,1960,Never had a female head of state
7162,lbr,Liberia,1961,Never had a female head of state
7163,lbr,Liberia,1962,Never had a female head of state
7164,lbr,Liberia,1963,Never had a female head of state
7165,lbr,Liberia,1964,Never had a female head of state
7166,lbr,Liberia,1965,Never had a female head of state
7167,lbr,Liberia,1966,Never had a female head of state
7168,lbr,Liberia,1967,Never had a female head of state
7169,lbr,Liberia,1968,Never had a female head of state
7170,lbr,Liberia,1969,Never had a female head of state
7171,lbr,Liberia,1970,Never had a female head of state
7172,lbr,Liberia,1971,Never had a female head of state
7173,lbr,Liberia,1972,Never had a female head of state
7174,lbr,Liberia,1973,Never had a female head of state
7175,lbr,Liberia,1974,Never had a female head of state
7176,lbr,Liberia,1975,Never had a female head of state
7177,lbr,Liberia,1976,Never had a female head of state
7178,lbr,Liberia,1977,Never had a female head of state
7179,lbr,Liberia,1978,Never had a female head of state
7180,lbr,Liberia,1979,Never had a female head of state
7181,lbr,Liberia,1980,Never had a female head of state
7182,lbr,Liberia,1981,Never had a female head of state
7183,lbr,Liberia,1982,Never had a female head of state
7184,lbr,Liberia,1983,Never had a female head of state
7185,lbr,Liberia,1984,Never had a female head of state
7186,lbr,Liberia,1985,Never had a female head of state
7187,lbr,Liberia,1986,Never had a female head of state
7188,lbr,Liberia,1987,Never had a female head of state
7189,lbr,Liberia,1988,Never had a female head of state
7190,lbr,Liberia,1989,Never had a female head of state
7191,lbr,Liberia,1990,Never had a female head of state
7192,lbr,Liberia,1991,Never had a female head of state
7193,lbr,Liberia,1992,Never had a female head of state
7194,lbr,Liberia,1993,Never had a female head of state
7195,lbr,Liberia,1994,Never had a female head of state
7196,lbr,Liberia,1995,Never had a female head of state
7197,lbr,Liberia,1996,Had a female head of state
7198,lbr,Liberia,1997,Had a female head of state
7199,lbr,Liberia,1998,Had a female head of state
7200,lbr,Liberia,1999,Had a female head of state
7201,lbr,Liberia,2000,Had a female head of state
7202,lbr,Liberia,2001,Had a female head of state
7203,lbr,Liberia,2002,Had a female head of state
7204,lbr,Liberia,2003,Had a female head of state
7205,lbr,Liberia,2004,Had a female head of state
7206,lbr,Liberia,2005,Had a female head of state
7207,lbr,Liberia,2006,Had a female head of state
7208,lbr,Liberia,2007,Had a female head of state
7209,lbr,Liberia,2008,Had a female head of state
7210,lbr,Liberia,2009,Had a female head of state
7211,lbr,Liberia,2010,Had a female head of state
7212,lbr,Liberia,2011,Had a female head of state
7213,lbr,Liberia,2012,Had a female head of state
7214,lbr,Liberia,2013,Had a female head of state
7215,lbr,Liberia,2014,Had a female head of state
7216,lbr,Liberia,2015,Had a female head of state
7217,lbr,Liberia,2016,Had a female head of state
7218,lbr,Liberia,2017,Had a female head of state
7219,lbr,Liberia,2018,Had a female head of state
7220,lbr,Liberia,2019,Had a female head of state
7221,lbr,Liberia,2020,Had a female head of state
7222,lbr,Liberia,2021,Had a female head of state
7223,lbr,Liberia,2022,Had a female head of state
7224,lbr,Liberia,2023,Had a female head of state
7225,lbr,Liberia,2024,Had a female head of state
7226,lbr,Liberia,2025,Had a female head of state
7227,lby,Libya,1953,Never had a female head of state
7228,lby,Libya,1954,Never had a female head of state
7229,lby,Libya,1955,Never had a female head of state
7230,lby,Libya,1956,Never had a female head of state
7231,lby,Libya,1957,Never had a female head of state
7232,lby,Libya,1958,Never had a female head of state
7233,lby,Libya,1959,Never had a female head of state
7234,lby,Libya,1960,Never had a female head of state
7235,lby,Libya,1961,Never had a female head of state
7236,lby,Libya,1962,Never had a female head of state
7237,lby,Libya,1963,Never had a female head of state
7238,lby,Libya,1964,Never had a female head of state
7239,lby,Libya,1965,Never had a female head of state
7240,lby,Libya,1966,Never had a female head of state
7241,lby,Libya,1967,Never had a female head of state
7242,lby,Libya,1968,Never had a female head of state
7243,lby,Libya,1969,Never had a female head of state
7244,lby,Libya,1970,Never had a female head of state
7245,lby,Libya,1971,Never had a female head of state
7246,lby,Libya,1972,Never had a female head of state
7247,lby,Libya,1973,Never had a female head of state
7248,lby,Libya,1974,Never had a female head of state
7249,lby,Libya,1975,Never had a female head of state
7250,lby,Libya,1976,Never had a female head of state
7251,lby,Libya,1977,Never had a female head of state
7252,lby,Libya,1978,Never had a female head of state
7253,lby,Libya,1979,Never had a female head of state
7254,lby,Libya,1980,Never had a female head of state
7255,lby,Libya,1981,Never had a female head of state
7256,lby,Libya,1982,Never had a female head of state
7257,lby,Libya,1983,Never had a female head of state
7258,lby,Libya,1984,Never had a female head of state
7259,lby,Libya,1985,Never had a female head of state
7260,lby,Libya,1986,Never had a female head of state
7261,lby,Libya,1987,Never had a female head of state
7262,lby,Libya,1988,Never had a female head of state
7263,lby,Libya,1989,Never had a female head of state
7264,lby,Libya,1990,Never had a female head of state
7265,lby,Libya,1991,Never had a female head of state
7266,lby,Libya,1992,Never had a female head of state
7267,lby,Libya,1993,Never had a female head of state
7268,lby,Libya,1994,Never had a female head of state
7269,lby,Libya,1995,Never had a female head of state
7270,lby,Libya,1996,Never had a female head of state
7271,lby,Libya,1997,Never had a female head of state
7272,lby,Libya,1998,Never had a female head of state
7273,lby,Libya,1999,Never had a female head of state
7274,lby,Libya,2000,Never had a female head of state
7275,lby,Libya,2001,Never had a female head of state
7276,lby,Libya,2002,Never had a female head of state
7277,lby,Libya,2003,Never had a female head of state
7278,lby,Libya,2004,Never had a female head of state
7279,lby,Libya,2005,Never had a female head of state
7280,lby,Libya,2006,Never had a female head of state
7281,lby,Libya,2007,Never had a female head of state
7282,lby,Libya,2008,Never had a female head of state
7283,lby,Libya,2009,Never had a female head of state
7284,lby,Libya,2010,Never had a female head of state
7285,lby,Libya,2011,Never had a female head of state
7286,lby,Libya,2012,Never had a female head of state
7287,lby,Libya,2013,Never had a female head of state
7288,lby,Libya,2014,Never had a female head of state
7289,lby,Libya,2015,Never had a female head of state
7290,lby,Libya,2016,Never had a female head of state
7291,lby,Libya,2017,Never had a female head of state
7292,lby,Libya,2018,Never had a female head of state
7293,lby,Libya,2019,Never had a female head of state
7294,lby,Libya,2020,Never had a female head of state
7295,lby,Libya,2021,Never had a female head of state
7296,lby,Libya,2022,Never had a female head of state
7297,lby,Libya,2023,Never had a female head of state
7298,lby,Libya,2024,Never had a female head of state
7299,lby,Libya,2025,Never had a female head of state
7300,lie,Liechtenstein,1953,Never had a female head of state
7301,lie,Liechtenstein,1954,Never had a female head of state
7302,lie,Liechtenstein,1955,Never had a female head of state
7303,lie,Liechtenstein,1956,Never had a female head of state
7304,lie,Liechtenstein,1957,Never had a female head of state
7305,lie,Liechtenstein,1958,Never had a female head of state
7306,lie,Liechtenstein,1959,Never had a female head of state
7307,lie,Liechtenstein,1960,Never had a female head of state
7308,lie,Liechtenstein,1961,Never had a female head of state
7309,lie,Liechtenstein,1962,Never had a female head of state
7310,lie,Liechtenstein,1963,Never had a female head of state
7311,lie,Liechtenstein,1964,Never had a female head of state
7312,lie,Liechtenstein,1965,Never had a female head of state
7313,lie,Liechtenstein,1966,Never had a female head of state
7314,lie,Liechtenstein,1967,Never had a female head of state
7315,lie,Liechtenstein,1968,Never had a female head of state
7316,lie,Liechtenstein,1969,Never had a female head of state
7317,lie,Liechtenstein,1970,Never had a female head of state
7318,lie,Liechtenstein,1971,Never had a female head of state
7319,lie,Liechtenstein,1972,Never had a female head of state
7320,lie,Liechtenstein,1973,Never had a female head of state
7321,lie,Liechtenstein,1974,Never had a female head of state
7322,lie,Liechtenstein,1975,Never had a female head of state
7323,lie,Liechtenstein,1976,Never had a female head of state
7324,lie,Liechtenstein,1977,Never had a female head of state
7325,lie,Liechtenstein,1978,Never had a female head of state
7326,lie,Liechtenstein,1979,Never had a female head of state
7327,lie,Liechtenstein,1980,Never had a female head of state
7328,lie,Liechtenstein,1981,Never had a female head of state
7329,lie,Liechtenstein,1982,Never had a female head of state
7330,lie,Liechtenstein,1983,Never had a female head of state
7331,lie,Liechtenstein,1984,Never had a female head of state
7332,lie,Liechtenstein,1985,Never had a female head of state
7333,lie,Liechtenstein,1986,Never had a female head of state
7334,lie,Liechtenstein,1987,Never had a female head of state
7335,lie,Liechtenstein,1988,Never had a female head of state
7336,lie,Liechtenstein,1989,Never had a female head of state
7337,lie,Liechtenstein,1990,Never had a female head of state
7338,lie,Liechtenstein,1991,Never had a female head of state
7339,lie,Liechtenstein,1992,Never had a female head of state
7340,lie,Liechtenstein,1993,Never had a female head of state
7341,lie,Liechtenstein,1994,Never had a female head of state
7342,lie,Liechtenstein,1995,Never had a female head of state
7343,lie,Liechtenstein,1996,Never had a female head of state
7344,lie,Liechtenstein,1997,Never had a female head of state
7345,lie,Liechtenstein,1998,Never had a female head of state
7346,lie,Liechtenstein,1999,Never had a female head of state
7347,lie,Liechtenstein,2000,Never had a female head of state
7348,lie,Liechtenstein,2001,Never had a female head of state
7349,lie,Liechtenstein,2002,Never had a female head of state
7350,lie,Liechtenstein,2003,Never had a female head of state
7351,lie,Liechtenstein,2004,Never had a female head of state
7352,lie,Liechtenstein,2005,Never had a female head of state
7353,lie,Liechtenstein,2006,Never had a female head of state
7354,lie,Liechtenstein,2007,Never had a female head of state
7355,lie,Liechtenstein,2008,Never had a female head of state
7356,lie,Liechtenstein,2009,Never had a female head of state
7357,lie,Liechtenstein,2010,Never had a female head of state
7358,lie,Liechtenstein,2011,Never had a female head of state
7359,lie,Liechtenstein,2012,Never had a female head of state
7360,lie,Liechtenstein,2013,Never had a female head of state
7361,lie,Liechtenstein,2014,Never had a female head of state
7362,lie,Liechtenstein,2015,Never had a female head of state
7363,lie,Liechtenstein,2016,Never had a female head of state
7364,lie,Liechtenstein,2017,Never had a female head of state
7365,lie,Liechtenstein,2018,Never had a female head of state
7366,lie,Liechtenstein,2019,Never had a female head of state
7367,lie,Liechtenstein,2020,Never had a female head of state
7368,lie,Liechtenstein,2021,Never had a female head of state
7369,lie,Liechtenstein,2022,Never had a female head of state
7370,lie,Liechtenstein,2023,Never had a female head of state
7371,lie,Liechtenstein,2024,Never had a female head of state
7372,lie,Liechtenstein,2025,Had a female head of state
7373,ltu,Lithuania,1953,Never had a female head of state
7374,ltu,Lithuania,1954,Never had a female head of state
7375,ltu,Lithuania,1955,Never had a female head of state
7376,ltu,Lithuania,1956,Never had a female head of state
7377,ltu,Lithuania,1957,Never had a female head of state
7378,ltu,Lithuania,1958,Never had a female head of state
7379,ltu,Lithuania,1959,Never had a female head of state
7380,ltu,Lithuania,1960,Never had a female head of state
7381,ltu,Lithuania,1961,Never had a female head of state
7382,ltu,Lithuania,1962,Never had a female head of state
7383,ltu,Lithuania,1963,Never had a female head of state
7384,ltu,Lithuania,1964,Never had a female head of state
7385,ltu,Lithuania,1965,Never had a female head of state
7386,ltu,Lithuania,1966,Never had a female head of state
7387,ltu,Lithuania,1967,Never had a female head of state
7388,ltu,Lithuania,1968,Never had a female head of state
7389,ltu,Lithuania,1969,Never had a female head of state
7390,ltu,Lithuania,1970,Never had a female head of state
7391,ltu,Lithuania,1971,Never had a female head of state
7392,ltu,Lithuania,1972,Never had a female head of state
7393,ltu,Lithuania,1973,Never had a female head of state
7394,ltu,Lithuania,1974,Never had a female head of state
7395,ltu,Lithuania,1975,Never had a female head of state
7396,ltu,Lithuania,1976,Never had a female head of state
7397,ltu,Lithuania,1977,Never had a female head of state
7398,ltu,Lithuania,1978,Never had a female head of state
7399,ltu,Lithuania,1979,Never had a female head of state
7400,ltu,Lithuania,1980,Never had a female head of state
7401,ltu,Lithuania,1981,Never had a female head of state
7402,ltu,Lithuania,1982,Never had a female head of state
7403,ltu,Lithuania,1983,Never had a female head of state
7404,ltu,Lithuania,1984,Never had a female head of state
7405,ltu,Lithuania,1985,Never had a female head of state
7406,ltu,Lithuania,1986,Never had a female head of state
7407,ltu,Lithuania,1987,Never had a female head of state
7408,ltu,Lithuania,1988,Never had a female head of state
7409,ltu,Lithuania,1989,Never had a female head of state
7410,ltu,Lithuania,1990,Had a female head of state
7411,ltu,Lithuania,1991,Had a female head of state
7412,ltu,Lithuania,1992,Had a female head of state
7413,ltu,Lithuania,1993,Had a female head of state
7414,ltu,Lithuania,1994,Had a female head of state
7415,ltu,Lithuania,1995,Had a female head of state
7416,ltu,Lithuania,1996,Had a female head of state
7417,ltu,Lithuania,1997,Had a female head of state
7418,ltu,Lithuania,1998,Had a female head of state
7419,ltu,Lithuania,1999,Had a female head of state
7420,ltu,Lithuania,2000,Had a female head of state
7421,ltu,Lithuania,2001,Had a female head of state
7422,ltu,Lithuania,2002,Had a female head of state
7423,ltu,Lithuania,2003,Had a female head of state
7424,ltu,Lithuania,2004,Had a female head of state
7425,ltu,Lithuania,2005,Had a female head of state
7426,ltu,Lithuania,2006,Had a female head of state
7427,ltu,Lithuania,2007,Had a female head of state
7428,ltu,Lithuania,2008,Had a female head of state
7429,ltu,Lithuania,2009,Had a female head of state
7430,ltu,Lithuania,2010,Had a female head of state
7431,ltu,Lithuania,2011,Had a female head of state
7432,ltu,Lithuania,2012,Had a female head of state
7433,ltu,Lithuania,2013,Had a female head of state
7434,ltu,Lithuania,2014,Had a female head of state
7435,ltu,Lithuania,2015,Had a female head of state
7436,ltu,Lithuania,2016,Had a female head of state
7437,ltu,Lithuania,2017,Had a female head of state
7438,ltu,Lithuania,2018,Had a female head of state
7439,ltu,Lithuania,2019,Had a female head of state
7440,ltu,Lithuania,2020,Had a female head of state
7441,ltu,Lithuania,2021,Had a female head of state
7442,ltu,Lithuania,2022,Had a female head of state
7443,ltu,Lithuania,2023,Had a female head of state
7444,ltu,Lithuania,2024,Had a female head of state
7445,ltu,Lithuania,2025,Had a female head of state
7446,lux,Luxembourg,1953,Never had a female head of state
7447,lux,Luxembourg,1954,Never had a female head of state
7448,lux,Luxembourg,1955,Never had a female head of state
7449,lux,Luxembourg,1956,Never had a female head of state
7450,lux,Luxembourg,1957,Never had a female head of state
7451,lux,Luxembourg,1958,Never had a female head of state
7452,lux,Luxembourg,1959,Never had a female head of state
7453,lux,Luxembourg,1960,Never had a female head of state
7454,lux,Luxembourg,1961,Never had a female head of state
7455,lux,Luxembourg,1962,Never had a female head of state
7456,lux,Luxembourg,1963,Never had a female head of state
7457,lux,Luxembourg,1964,Never had a female head of state
7458,lux,Luxembourg,1965,Never had a female head of state
7459,lux,Luxembourg,1966,Never had a female head of state
7460,lux,Luxembourg,1967,Never had a female head of state
7461,lux,Luxembourg,1968,Never had a female head of state
7462,lux,Luxembourg,1969,Never had a female head of state
7463,lux,Luxembourg,1970,Never had a female head of state
7464,lux,Luxembourg,1971,Never had a female head of state
7465,lux,Luxembourg,1972,Never had a female head of state
7466,lux,Luxembourg,1973,Never had a female head of state
7467,lux,Luxembourg,1974,Never had a female head of state
7468,lux,Luxembourg,1975,Never had a female head of state
7469,lux,Luxembourg,1976,Never had a female head of state
7470,lux,Luxembourg,1977,Never had a female head of state
7471,lux,Luxembourg,1978,Never had a female head of state
7472,lux,Luxembourg,1979,Never had a female head of state
7473,lux,Luxembourg,1980,Never had a female head of state
7474,lux,Luxembourg,1981,Never had a female head of state
7475,lux,Luxembourg,1982,Never had a female head of state
7476,lux,Luxembourg,1983,Never had a female head of state
7477,lux,Luxembourg,1984,Never had a female head of state
7478,lux,Luxembourg,1985,Never had a female head of state
7479,lux,Luxembourg,1986,Never had a female head of state
7480,lux,Luxembourg,1987,Never had a female head of state
7481,lux,Luxembourg,1988,Never had a female head of state
7482,lux,Luxembourg,1989,Never had a female head of state
7483,lux,Luxembourg,1990,Never had a female head of state
7484,lux,Luxembourg,1991,Never had a female head of state
7485,lux,Luxembourg,1992,Never had a female head of state
7486,lux,Luxembourg,1993,Never had a female head of state
7487,lux,Luxembourg,1994,Never had a female head of state
7488,lux,Luxembourg,1995,Never had a female head of state
7489,lux,Luxembourg,1996,Never had a female head of state
7490,lux,Luxembourg,1997,Never had a female head of state
7491,lux,Luxembourg,1998,Never had a female head of state
7492,lux,Luxembourg,1999,Never had a female head of state
7493,lux,Luxembourg,2000,Never had a female head of state
7494,lux,Luxembourg,2001,Never had a female head of state
7495,lux,Luxembourg,2002,Never had a female head of state
7496,lux,Luxembourg,2003,Never had a female head of state
7497,lux,Luxembourg,2004,Never had a female head of state
7498,lux,Luxembourg,2005,Never had a female head of state
7499,lux,Luxembourg,2006,Never had a female head of state
7500,lux,Luxembourg,2007,Never had a female head of state
7501,lux,Luxembourg,2008,Never had a female head of state
7502,lux,Luxembourg,2009,Never had a female head of state
7503,lux,Luxembourg,2010,Never had a female head of state
7504,lux,Luxembourg,2011,Never had a female head of state
7505,lux,Luxembourg,2012,Never had a female head of state
7506,lux,Luxembourg,2013,Never had a female head of state
7507,lux,Luxembourg,2014,Never had a female head of state
7508,lux,Luxembourg,2015,Never had a female head of state
7509,lux,Luxembourg,2016,Never had a female head of state
7510,lux,Luxembourg,2017,Never had a female head of state
7511,lux,Luxembourg,2018,Never had a female head of state
7512,lux,Luxembourg,2019,Never had a female head of state
7513,lux,Luxembourg,2020,Never had a female head of state
7514,lux,Luxembourg,2021,Never had a female head of state
7515,lux,Luxembourg,2022,Never had a female head of state
7516,lux,Luxembourg,2023,Never had a female head of state
7517,lux,Luxembourg,2024,Never had a female head of state
7518,lux,Luxembourg,2025,Never had a female head of state
7519,mkd,"Macedonia, FYR",1953,Never had a female head of state
7520,mkd,"Macedonia, FYR",1954,Never had a female head of state
7521,mkd,"Macedonia, FYR",1955,Never had a female head of state
7522,mkd,"Macedonia, FYR",1956,Never had a female head of state
7523,mkd,"Macedonia, FYR",1957,Never had a female head of state
7524,mkd,"Macedonia, FYR",1958,Never had a female head of state
7525,mkd,"Macedonia, FYR",1959,Never had a female head of state
7526,mkd,"Macedonia, FYR",1960,Never had a female head of state
7527,mkd,"Macedonia, FYR",1961,Never had a female head of state
7528,mkd,"Macedonia, FYR",1962,Never had a female head of state
7529,mkd,"Macedonia, FYR",1963,Never had a female head of state
7530,mkd,"Macedonia, FYR",1964,Never had a female head of state
7531,mkd,"Macedonia, FYR",1965,Never had a female head of state
7532,mkd,"Macedonia, FYR",1966,Never had a female head of state
7533,mkd,"Macedonia, FYR",1967,Never had a female head of state
7534,mkd,"Macedonia, FYR",1968,Never had a female head of state
7535,mkd,"Macedonia, FYR",1969,Never had a female head of state
7536,mkd,"Macedonia, FYR",1970,Never had a female head of state
7537,mkd,"Macedonia, FYR",1971,Never had a female head of state
7538,mkd,"Macedonia, FYR",1972,Never had a female head of state
7539,mkd,"Macedonia, FYR",1973,Never had a female head of state
7540,mkd,"Macedonia, FYR",1974,Never had a female head of state
7541,mkd,"Macedonia, FYR",1975,Never had a female head of state
7542,mkd,"Macedonia, FYR",1976,Never had a female head of state
7543,mkd,"Macedonia, FYR",1977,Never had a female head of state
7544,mkd,"Macedonia, FYR",1978,Never had a female head of state
7545,mkd,"Macedonia, FYR",1979,Never had a female head of state
7546,mkd,"Macedonia, FYR",1980,Never had a female head of state
7547,mkd,"Macedonia, FYR",1981,Never had a female head of state
7548,mkd,"Macedonia, FYR",1982,Never had a female head of state
7549,mkd,"Macedonia, FYR",1983,Never had a female head of state
7550,mkd,"Macedonia, FYR",1984,Never had a female head of state
7551,mkd,"Macedonia, FYR",1985,Never had a female head of state
7552,mkd,"Macedonia, FYR",1986,Never had a female head of state
7553,mkd,"Macedonia, FYR",1987,Never had a female head of state
7554,mkd,"Macedonia, FYR",1988,Never had a female head of state
7555,mkd,"Macedonia, FYR",1989,Never had a female head of state
7556,mkd,"Macedonia, FYR",1990,Never had a female head of state
7557,mkd,"Macedonia, FYR",1991,Never had a female head of state
7558,mkd,"Macedonia, FYR",1992,Never had a female head of state
7559,mkd,"Macedonia, FYR",1993,Never had a female head of state
7560,mkd,"Macedonia, FYR",1994,Never had a female head of state
7561,mkd,"Macedonia, FYR",1995,Never had a female head of state
7562,mkd,"Macedonia, FYR",1996,Never had a female head of state
7563,mkd,"Macedonia, FYR",1997,Never had a female head of state
7564,mkd,"Macedonia, FYR",1998,Never had a female head of state
7565,mkd,"Macedonia, FYR",1999,Never had a female head of state
7566,mkd,"Macedonia, FYR",2000,Never had a female head of state
7567,mkd,"Macedonia, FYR",2001,Never had a female head of state
7568,mkd,"Macedonia, FYR",2002,Never had a female head of state
7569,mkd,"Macedonia, FYR",2003,Never had a female head of state
7570,mkd,"Macedonia, FYR",2004,Had a female head of state
7571,mkd,"Macedonia, FYR",2005,Had a female head of state
7572,mkd,"Macedonia, FYR",2006,Had a female head of state
7573,mkd,"Macedonia, FYR",2007,Had a female head of state
7574,mkd,"Macedonia, FYR",2008,Had a female head of state
7575,mkd,"Macedonia, FYR",2009,Had a female head of state
7576,mkd,"Macedonia, FYR",2010,Had a female head of state
7577,mkd,"Macedonia, FYR",2011,Had a female head of state
7578,mkd,"Macedonia, FYR",2012,Had a female head of state
7579,mkd,"Macedonia, FYR",2013,Had a female head of state
7580,mkd,"Macedonia, FYR",2014,Had a female head of state
7581,mkd,"Macedonia, FYR",2015,Had a female head of state
7582,mkd,"Macedonia, FYR",2016,Had a female head of state
7583,mkd,"Macedonia, FYR",2017,Had a female head of state
7584,mkd,"Macedonia, FYR",2018,Had a female head of state
7585,mkd,"Macedonia, FYR",2019,Had a female head of state
7586,mkd,"Macedonia, FYR",2020,Had a female head of state
7587,mkd,"Macedonia, FYR",2021,Had a female head of state
7588,mkd,"Macedonia, FYR",2022,Had a female head of state
7589,mkd,"Macedonia, FYR",2023,Had a female head of state
7590,mkd,"Macedonia, FYR",2024,Had a female head of state
7591,mkd,"Macedonia, FYR",2025,Had a female head of state
7592,mdg,Madagascar,1953,Never had a female head of state
7593,mdg,Madagascar,1954,Never had a female head of state
7594,mdg,Madagascar,1955,Never had a female head of state
7595,mdg,Madagascar,1956,Never had a female head of state
7596,mdg,Madagascar,1957,Never had a female head of state
7597,mdg,Madagascar,1958,Never had a female head of state
7598,mdg,Madagascar,1959,Never had a female head of state
7599,mdg,Madagascar,1960,Never had a female head of state
7600,mdg,Madagascar,1961,Never had a female head of state
7601,mdg,Madagascar,1962,Never had a female head of state
7602,mdg,Madagascar,1963,Never had a female head of state
7603,mdg,Madagascar,1964,Never had a female head of state
7604,mdg,Madagascar,1965,Never had a female head of state
7605,mdg,Madagascar,1966,Never had a female head of state
7606,mdg,Madagascar,1967,Never had a female head of state
7607,mdg,Madagascar,1968,Never had a female head of state
7608,mdg,Madagascar,1969,Never had a female head of state
7609,mdg,Madagascar,1970,Never had a female head of state
7610,mdg,Madagascar,1971,Never had a female head of state
7611,mdg,Madagascar,1972,Never had a female head of state
7612,mdg,Madagascar,1973,Never had a female head of state
7613,mdg,Madagascar,1974,Never had a female head of state
7614,mdg,Madagascar,1975,Never had a female head of state
7615,mdg,Madagascar,1976,Never had a female head of state
7616,mdg,Madagascar,1977,Never had a female head of state
7617,mdg,Madagascar,1978,Never had a female head of state
7618,mdg,Madagascar,1979,Never had a female head of state
7619,mdg,Madagascar,1980,Never had a female head of state
7620,mdg,Madagascar,1981,Never had a female head of state
7621,mdg,Madagascar,1982,Never had a female head of state
7622,mdg,Madagascar,1983,Never had a female head of state
7623,mdg,Madagascar,1984,Never had a female head of state
7624,mdg,Madagascar,1985,Never had a female head of state
7625,mdg,Madagascar,1986,Never had a female head of state
7626,mdg,Madagascar,1987,Never had a female head of state
7627,mdg,Madagascar,1988,Never had a female head of state
7628,mdg,Madagascar,1989,Never had a female head of state
7629,mdg,Madagascar,1990,Never had a female head of state
7630,mdg,Madagascar,1991,Never had a female head of state
7631,mdg,Madagascar,1992,Never had a female head of state
7632,mdg,Madagascar,1993,Never had a female head of state
7633,mdg,Madagascar,1994,Never had a female head of state
7634,mdg,Madagascar,1995,Never had a female head of state
7635,mdg,Madagascar,1996,Never had a female head of state
7636,mdg,Madagascar,1997,Never had a female head of state
7637,mdg,Madagascar,1998,Never had a female head of state
7638,mdg,Madagascar,1999,Never had a female head of state
7639,mdg,Madagascar,2000,Never had a female head of state
7640,mdg,Madagascar,2001,Never had a female head of state
7641,mdg,Madagascar,2002,Never had a female head of state
7642,mdg,Madagascar,2003,Never had a female head of state
7643,mdg,Madagascar,2004,Never had a female head of state
7644,mdg,Madagascar,2005,Never had a female head of state
7645,mdg,Madagascar,2006,Never had a female head of state
7646,mdg,Madagascar,2007,Never had a female head of state
7647,mdg,Madagascar,2008,Never had a female head of state
7648,mdg,Madagascar,2009,Had a female head of state
7649,mdg,Madagascar,2010,Had a female head of state
7650,mdg,Madagascar,2011,Had a female head of state
7651,mdg,Madagascar,2012,Had a female head of state
7652,mdg,Madagascar,2013,Had a female head of state
7653,mdg,Madagascar,2014,Had a female head of state
7654,mdg,Madagascar,2015,Had a female head of state
7655,mdg,Madagascar,2016,Had a female head of state
7656,mdg,Madagascar,2017,Had a female head of state
7657,mdg,Madagascar,2018,Had a female head of state
7658,mdg,Madagascar,2019,Had a female head of state
7659,mdg,Madagascar,2020,Had a female head of state
7660,mdg,Madagascar,2021,Had a female head of state
7661,mdg,Madagascar,2022,Had a female head of state
7662,mdg,Madagascar,2023,Had a female head of state
7663,mdg,Madagascar,2024,Had a female head of state
7664,mdg,Madagascar,2025,Had a female head of state
7665,mwi,Malawi,1953,Never had a female head of state
7666,mwi,Malawi,1954,Never had a female head of state
7667,mwi,Malawi,1955,Never had a female head of state
7668,mwi,Malawi,1956,Never had a female head of state
7669,mwi,Malawi,1957,Never had a female head of state
7670,mwi,Malawi,1958,Never had a female head of state
7671,mwi,Malawi,1959,Never had a female head of state
7672,mwi,Malawi,1960,Never had a female head of state
7673,mwi,Malawi,1961,Never had a female head of state
7674,mwi,Malawi,1962,Never had a female head of state
7675,mwi,Malawi,1963,Never had a female head of state
7676,mwi,Malawi,1964,Never had a female head of state
7677,mwi,Malawi,1965,Never had a female head of state
7678,mwi,Malawi,1966,Never had a female head of state
7679,mwi,Malawi,1967,Never had a female head of state
7680,mwi,Malawi,1968,Never had a female head of state
7681,mwi,Malawi,1969,Never had a female head of state
7682,mwi,Malawi,1970,Never had a female head of state
7683,mwi,Malawi,1971,Never had a female head of state
7684,mwi,Malawi,1972,Never had a female head of state
7685,mwi,Malawi,1973,Never had a female head of state
7686,mwi,Malawi,1974,Never had a female head of state
7687,mwi,Malawi,1975,Never had a female head of state
7688,mwi,Malawi,1976,Never had a female head of state
7689,mwi,Malawi,1977,Never had a female head of state
7690,mwi,Malawi,1978,Never had a female head of state
7691,mwi,Malawi,1979,Never had a female head of state
7692,mwi,Malawi,1980,Never had a female head of state
7693,mwi,Malawi,1981,Never had a female head of state
7694,mwi,Malawi,1982,Never had a female head of state
7695,mwi,Malawi,1983,Never had a female head of state
7696,mwi,Malawi,1984,Never had a female head of state
7697,mwi,Malawi,1985,Never had a female head of state
7698,mwi,Malawi,1986,Never had a female head of state
7699,mwi,Malawi,1987,Never had a female head of state
7700,mwi,Malawi,1988,Never had a female head of state
7701,mwi,Malawi,1989,Never had a female head of state
7702,mwi,Malawi,1990,Never had a female head of state
7703,mwi,Malawi,1991,Never had a female head of state
7704,mwi,Malawi,1992,Never had a female head of state
7705,mwi,Malawi,1993,Never had a female head of state
7706,mwi,Malawi,1994,Never had a female head of state
7707,mwi,Malawi,1995,Never had a female head of state
7708,mwi,Malawi,1996,Never had a female head of state
7709,mwi,Malawi,1997,Never had a female head of state
7710,mwi,Malawi,1998,Never had a female head of state
7711,mwi,Malawi,1999,Never had a female head of state
7712,mwi,Malawi,2000,Never had a female head of state
7713,mwi,Malawi,2001,Never had a female head of state
7714,mwi,Malawi,2002,Never had a female head of state
7715,mwi,Malawi,2003,Never had a female head of state
7716,mwi,Malawi,2004,Never had a female head of state
7717,mwi,Malawi,2005,Never had a female head of state
7718,mwi,Malawi,2006,Never had a female head of state
7719,mwi,Malawi,2007,Never had a female head of state
7720,mwi,Malawi,2008,Never had a female head of state
7721,mwi,Malawi,2009,Never had a female head of state
7722,mwi,Malawi,2010,Never had a female head of state
7723,mwi,Malawi,2011,Never had a female head of state
7724,mwi,Malawi,2012,Had a female head of state
7725,mwi,Malawi,2013,Had a female head of state
7726,mwi,Malawi,2014,Had a female head of state
7727,mwi,Malawi,2015,Had a female head of state
7728,mwi,Malawi,2016,Had a female head of state
7729,mwi,Malawi,2017,Had a female head of state
7730,mwi,Malawi,2018,Had a female head of state
7731,mwi,Malawi,2019,Had a female head of state
7732,mwi,Malawi,2020,Had a female head of state
7733,mwi,Malawi,2021,Had a female head of state
7734,mwi,Malawi,2022,Had a female head of state
7735,mwi,Malawi,2023,Had a female head of state
7736,mwi,Malawi,2024,Had a female head of state
7737,mwi,Malawi,2025,Had a female head of state
7738,mys,Malaysia,1953,Never had a female head of state
7739,mys,Malaysia,1954,Never had a female head of state
7740,mys,Malaysia,1955,Never had a female head of state
7741,mys,Malaysia,1956,Never had a female head of state
7742,mys,Malaysia,1957,Never had a female head of state
7743,mys,Malaysia,1958,Never had a female head of state
7744,mys,Malaysia,1959,Never had a female head of state
7745,mys,Malaysia,1960,Never had a female head of state
7746,mys,Malaysia,1961,Never had a female head of state
7747,mys,Malaysia,1962,Never had a female head of state
7748,mys,Malaysia,1963,Never had a female head of state
7749,mys,Malaysia,1964,Never had a female head of state
7750,mys,Malaysia,1965,Never had a female head of state
7751,mys,Malaysia,1966,Never had a female head of state
7752,mys,Malaysia,1967,Never had a female head of state
7753,mys,Malaysia,1968,Never had a female head of state
7754,mys,Malaysia,1969,Never had a female head of state
7755,mys,Malaysia,1970,Never had a female head of state
7756,mys,Malaysia,1971,Never had a female head of state
7757,mys,Malaysia,1972,Never had a female head of state
7758,mys,Malaysia,1973,Never had a female head of state
7759,mys,Malaysia,1974,Never had a female head of state
7760,mys,Malaysia,1975,Never had a female head of state
7761,mys,Malaysia,1976,Never had a female head of state
7762,mys,Malaysia,1977,Never had a female head of state
7763,mys,Malaysia,1978,Never had a female head of state
7764,mys,Malaysia,1979,Never had a female head of state
7765,mys,Malaysia,1980,Never had a female head of state
7766,mys,Malaysia,1981,Never had a female head of state
7767,mys,Malaysia,1982,Never had a female head of state
7768,mys,Malaysia,1983,Never had a female head of state
7769,mys,Malaysia,1984,Never had a female head of state
7770,mys,Malaysia,1985,Never had a female head of state
7771,mys,Malaysia,1986,Never had a female head of state
7772,mys,Malaysia,1987,Never had a female head of state
7773,mys,Malaysia,1988,Never had a female head of state
7774,mys,Malaysia,1989,Never had a female head of state
7775,mys,Malaysia,1990,Never had a female head of state
7776,mys,Malaysia,1991,Never had a female head of state
7777,mys,Malaysia,1992,Never had a female head of state
7778,mys,Malaysia,1993,Never had a female head of state
7779,mys,Malaysia,1994,Never had a female head of state
7780,mys,Malaysia,1995,Never had a female head of state
7781,mys,Malaysia,1996,Never had a female head of state
7782,mys,Malaysia,1997,Never had a female head of state
7783,mys,Malaysia,1998,Never had a female head of state
7784,mys,Malaysia,1999,Never had a female head of state
7785,mys,Malaysia,2000,Never had a female head of state
7786,mys,Malaysia,2001,Never had a female head of state
7787,mys,Malaysia,2002,Never had a female head of state
7788,mys,Malaysia,2003,Never had a female head of state
7789,mys,Malaysia,2004,Never had a female head of state
7790,mys,Malaysia,2005,Never had a female head of state
7791,mys,Malaysia,2006,Never had a female head of state
7792,mys,Malaysia,2007,Never had a female head of state
7793,mys,Malaysia,2008,Never had a female head of state
7794,mys,Malaysia,2009,Never had a female head of state
7795,mys,Malaysia,2010,Never had a female head of state
7796,mys,Malaysia,2011,Never had a female head of state
7797,mys,Malaysia,2012,Never had a female head of state
7798,mys,Malaysia,2013,Never had a female head of state
7799,mys,Malaysia,2014,Never had a female head of state
7800,mys,Malaysia,2015,Never had a female head of state
7801,mys,Malaysia,2016,Never had a female head of state
7802,mys,Malaysia,2017,Never had a female head of state
7803,mys,Malaysia,2018,Never had a female head of state
7804,mys,Malaysia,2019,Never had a female head of state
7805,mys,Malaysia,2020,Never had a female head of state
7806,mys,Malaysia,2021,Never had a female head of state
7807,mys,Malaysia,2022,Never had a female head of state
7808,mys,Malaysia,2023,Never had a female head of state
7809,mys,Malaysia,2024,Never had a female head of state
7810,mys,Malaysia,2025,Never had a female head of state
7811,mdv,Maldives,1953,Never had a female head of state
7812,mdv,Maldives,1954,Never had a female head of state
7813,mdv,Maldives,1955,Never had a female head of state
7814,mdv,Maldives,1956,Never had a female head of state
7815,mdv,Maldives,1957,Never had a female head of state
7816,mdv,Maldives,1958,Never had a female head of state
7817,mdv,Maldives,1959,Never had a female head of state
7818,mdv,Maldives,1960,Never had a female head of state
7819,mdv,Maldives,1961,Never had a female head of state
7820,mdv,Maldives,1962,Never had a female head of state
7821,mdv,Maldives,1963,Never had a female head of state
7822,mdv,Maldives,1964,Never had a female head of state
7823,mdv,Maldives,1965,Never had a female head of state
7824,mdv,Maldives,1966,Never had a female head of state
7825,mdv,Maldives,1967,Never had a female head of state
7826,mdv,Maldives,1968,Never had a female head of state
7827,mdv,Maldives,1969,Never had a female head of state
7828,mdv,Maldives,1970,Never had a female head of state
7829,mdv,Maldives,1971,Never had a female head of state
7830,mdv,Maldives,1972,Never had a female head of state
7831,mdv,Maldives,1973,Never had a female head of state
7832,mdv,Maldives,1974,Never had a female head of state
7833,mdv,Maldives,1975,Never had a female head of state
7834,mdv,Maldives,1976,Never had a female head of state
7835,mdv,Maldives,1977,Never had a female head of state
7836,mdv,Maldives,1978,Never had a female head of state
7837,mdv,Maldives,1979,Never had a female head of state
7838,mdv,Maldives,1980,Never had a female head of state
7839,mdv,Maldives,1981,Never had a female head of state
7840,mdv,Maldives,1982,Never had a female head of state
7841,mdv,Maldives,1983,Never had a female head of state
7842,mdv,Maldives,1984,Never had a female head of state
7843,mdv,Maldives,1985,Never had a female head of state
7844,mdv,Maldives,1986,Never had a female head of state
7845,mdv,Maldives,1987,Never had a female head of state
7846,mdv,Maldives,1988,Never had a female head of state
7847,mdv,Maldives,1989,Never had a female head of state
7848,mdv,Maldives,1990,Never had a female head of state
7849,mdv,Maldives,1991,Never had a female head of state
7850,mdv,Maldives,1992,Never had a female head of state
7851,mdv,Maldives,1993,Never had a female head of state
7852,mdv,Maldives,1994,Never had a female head of state
7853,mdv,Maldives,1995,Never had a female head of state
7854,mdv,Maldives,1996,Never had a female head of state
7855,mdv,Maldives,1997,Never had a female head of state
7856,mdv,Maldives,1998,Never had a female head of state
7857,mdv,Maldives,1999,Never had a female head of state
7858,mdv,Maldives,2000,Never had a female head of state
7859,mdv,Maldives,2001,Never had a female head of state
7860,mdv,Maldives,2002,Never had a female head of state
7861,mdv,Maldives,2003,Never had a female head of state
7862,mdv,Maldives,2004,Never had a female head of state
7863,mdv,Maldives,2005,Never had a female head of state
7864,mdv,Maldives,2006,Never had a female head of state
7865,mdv,Maldives,2007,Never had a female head of state
7866,mdv,Maldives,2008,Never had a female head of state
7867,mdv,Maldives,2009,Never had a female head of state
7868,mdv,Maldives,2010,Never had a female head of state
7869,mdv,Maldives,2011,Never had a female head of state
7870,mdv,Maldives,2012,Never had a female head of state
7871,mdv,Maldives,2013,Never had a female head of state
7872,mdv,Maldives,2014,Never had a female head of state
7873,mdv,Maldives,2015,Never had a female head of state
7874,mdv,Maldives,2016,Never had a female head of state
7875,mdv,Maldives,2017,Never had a female head of state
7876,mdv,Maldives,2018,Never had a female head of state
7877,mdv,Maldives,2019,Never had a female head of state
7878,mdv,Maldives,2020,Never had a female head of state
7879,mdv,Maldives,2021,Never had a female head of state
7880,mdv,Maldives,2022,Never had a female head of state
7881,mdv,Maldives,2023,Never had a female head of state
7882,mdv,Maldives,2024,Never had a female head of state
7883,mdv,Maldives,2025,Never had a female head of state
7884,mli,Mali,1953,Never had a female head of state
7885,mli,Mali,1954,Never had a female head of state
7886,mli,Mali,1955,Never had a female head of state
7887,mli,Mali,1956,Never had a female head of state
7888,mli,Mali,1957,Never had a female head of state
7889,mli,Mali,1958,Never had a female head of state
7890,mli,Mali,1959,Never had a female head of state
7891,mli,Mali,1960,Never had a female head of state
7892,mli,Mali,1961,Never had a female head of state
7893,mli,Mali,1962,Never had a female head of state
7894,mli,Mali,1963,Never had a female head of state
7895,mli,Mali,1964,Never had a female head of state
7896,mli,Mali,1965,Never had a female head of state
7897,mli,Mali,1966,Never had a female head of state
7898,mli,Mali,1967,Never had a female head of state
7899,mli,Mali,1968,Never had a female head of state
7900,mli,Mali,1969,Never had a female head of state
7901,mli,Mali,1970,Never had a female head of state
7902,mli,Mali,1971,Never had a female head of state
7903,mli,Mali,1972,Never had a female head of state
7904,mli,Mali,1973,Never had a female head of state
7905,mli,Mali,1974,Never had a female head of state
7906,mli,Mali,1975,Never had a female head of state
7907,mli,Mali,1976,Never had a female head of state
7908,mli,Mali,1977,Never had a female head of state
7909,mli,Mali,1978,Never had a female head of state
7910,mli,Mali,1979,Never had a female head of state
7911,mli,Mali,1980,Never had a female head of state
7912,mli,Mali,1981,Never had a female head of state
7913,mli,Mali,1982,Never had a female head of state
7914,mli,Mali,1983,Never had a female head of state
7915,mli,Mali,1984,Never had a female head of state
7916,mli,Mali,1985,Never had a female head of state
7917,mli,Mali,1986,Never had a female head of state
7918,mli,Mali,1987,Never had a female head of state
7919,mli,Mali,1988,Never had a female head of state
7920,mli,Mali,1989,Never had a female head of state
7921,mli,Mali,1990,Never had a female head of state
7922,mli,Mali,1991,Never had a female head of state
7923,mli,Mali,1992,Never had a female head of state
7924,mli,Mali,1993,Never had a female head of state
7925,mli,Mali,1994,Never had a female head of state
7926,mli,Mali,1995,Never had a female head of state
7927,mli,Mali,1996,Never had a female head of state
7928,mli,Mali,1997,Never had a female head of state
7929,mli,Mali,1998,Never had a female head of state
7930,mli,Mali,1999,Never had a female head of state
7931,mli,Mali,2000,Never had a female head of state
7932,mli,Mali,2001,Never had a female head of state
7933,mli,Mali,2002,Never had a female head of state
7934,mli,Mali,2003,Never had a female head of state
7935,mli,Mali,2004,Never had a female head of state
7936,mli,Mali,2005,Never had a female head of state
7937,mli,Mali,2006,Never had a female head of state
7938,mli,Mali,2007,Never had a female head of state
7939,mli,Mali,2008,Never had a female head of state
7940,mli,Mali,2009,Never had a female head of state
7941,mli,Mali,2010,Never had a female head of state
7942,mli,Mali,2011,Had a female head of state
7943,mli,Mali,2012,Had a female head of state
7944,mli,Mali,2013,Had a female head of state
7945,mli,Mali,2014,Had a female head of state
7946,mli,Mali,2015,Had a female head of state
7947,mli,Mali,2016,Had a female head of state
7948,mli,Mali,2017,Had a female head of state
7949,mli,Mali,2018,Had a female head of state
7950,mli,Mali,2019,Had a female head of state
7951,mli,Mali,2020,Had a female head of state
7952,mli,Mali,2021,Had a female head of state
7953,mli,Mali,2022,Had a female head of state
7954,mli,Mali,2023,Had a female head of state
7955,mli,Mali,2024,Had a female head of state
7956,mli,Mali,2025,Had a female head of state
7957,mlt,Malta,1953,Never had a female head of state
7958,mlt,Malta,1954,Never had a female head of state
7959,mlt,Malta,1955,Never had a female head of state
7960,mlt,Malta,1956,Never had a female head of state
7961,mlt,Malta,1957,Never had a female head of state
7962,mlt,Malta,1958,Never had a female head of state
7963,mlt,Malta,1959,Never had a female head of state
7964,mlt,Malta,1960,Never had a female head of state
7965,mlt,Malta,1961,Never had a female head of state
7966,mlt,Malta,1962,Never had a female head of state
7967,mlt,Malta,1963,Never had a female head of state
7968,mlt,Malta,1964,Never had a female head of state
7969,mlt,Malta,1965,Never had a female head of state
7970,mlt,Malta,1966,Never had a female head of state
7971,mlt,Malta,1967,Never had a female head of state
7972,mlt,Malta,1968,Never had a female head of state
7973,mlt,Malta,1969,Never had a female head of state
7974,mlt,Malta,1970,Never had a female head of state
7975,mlt,Malta,1971,Never had a female head of state
7976,mlt,Malta,1972,Never had a female head of state
7977,mlt,Malta,1973,Never had a female head of state
7978,mlt,Malta,1974,Never had a female head of state
7979,mlt,Malta,1975,Never had a female head of state
7980,mlt,Malta,1976,Never had a female head of state
7981,mlt,Malta,1977,Never had a female head of state
7982,mlt,Malta,1978,Never had a female head of state
7983,mlt,Malta,1979,Never had a female head of state
7984,mlt,Malta,1980,Never had a female head of state
7985,mlt,Malta,1981,Never had a female head of state
7986,mlt,Malta,1982,Had a female head of state
7987,mlt,Malta,1983,Had a female head of state
7988,mlt,Malta,1984,Had a female head of state
7989,mlt,Malta,1985,Had a female head of state
7990,mlt,Malta,1986,Had a female head of state
7991,mlt,Malta,1987,Had a female head of state
7992,mlt,Malta,1988,Had a female head of state
7993,mlt,Malta,1989,Had a female head of state
7994,mlt,Malta,1990,Had a female head of state
7995,mlt,Malta,1991,Had a female head of state
7996,mlt,Malta,1992,Had a female head of state
7997,mlt,Malta,1993,Had a female head of state
7998,mlt,Malta,1994,Had a female head of state
7999,mlt,Malta,1995,Had a female head of state
8000,mlt,Malta,1996,Had a female head of state
8001,mlt,Malta,1997,Had a female head of state
8002,mlt,Malta,1998,Had a female head of state
8003,mlt,Malta,1999,Had a female head of state
8004,mlt,Malta,2000,Had a female head of state
8005,mlt,Malta,2001,Had a female head of state
8006,mlt,Malta,2002,Had a female head of state
8007,mlt,Malta,2003,Had a female head of state
8008,mlt,Malta,2004,Had a female head of state
8009,mlt,Malta,2005,Had a female head of state
8010,mlt,Malta,2006,Had a female head of state
8011,mlt,Malta,2007,Had a female head of state
8012,mlt,Malta,2008,Had a female head of state
8013,mlt,Malta,2009,Had a female head of state
8014,mlt,Malta,2010,Had a female head of state
8015,mlt,Malta,2011,Had a female head of state
8016,mlt,Malta,2012,Had a female head of state
8017,mlt,Malta,2013,Had a female head of state
8018,mlt,Malta,2014,Had a female head of state
8019,mlt,Malta,2015,Had a female head of state
8020,mlt,Malta,2016,Had a female head of state
8021,mlt,Malta,2017,Had a female head of state
8022,mlt,Malta,2018,Had a female head of state
8023,mlt,Malta,2019,Had a female head of state
8024,mlt,Malta,2020,Had a female head of state
8025,mlt,Malta,2021,Had a female head of state
8026,mlt,Malta,2022,Had a female head of state
8027,mlt,Malta,2023,Had a female head of state
8028,mlt,Malta,2024,Had a female head of state
8029,mlt,Malta,2025,Had a female head of state
8030,mhl,Marshall Islands,1953,Never had a female head of state
8031,mhl,Marshall Islands,1954,Never had a female head of state
8032,mhl,Marshall Islands,1955,Never had a female head of state
8033,mhl,Marshall Islands,1956,Never had a female head of state
8034,mhl,Marshall Islands,1957,Never had a female head of state
8035,mhl,Marshall Islands,1958,Never had a female head of state
8036,mhl,Marshall Islands,1959,Never had a female head of state
8037,mhl,Marshall Islands,1960,Never had a female head of state
8038,mhl,Marshall Islands,1961,Never had a female head of state
8039,mhl,Marshall Islands,1962,Never had a female head of state
8040,mhl,Marshall Islands,1963,Never had a female head of state
8041,mhl,Marshall Islands,1964,Never had a female head of state
8042,mhl,Marshall Islands,1965,Never had a female head of state
8043,mhl,Marshall Islands,1966,Never had a female head of state
8044,mhl,Marshall Islands,1967,Never had a female head of state
8045,mhl,Marshall Islands,1968,Never had a female head of state
8046,mhl,Marshall Islands,1969,Never had a female head of state
8047,mhl,Marshall Islands,1970,Never had a female head of state
8048,mhl,Marshall Islands,1971,Never had a female head of state
8049,mhl,Marshall Islands,1972,Never had a female head of state
8050,mhl,Marshall Islands,1973,Never had a female head of state
8051,mhl,Marshall Islands,1974,Never had a female head of state
8052,mhl,Marshall Islands,1975,Never had a female head of state
8053,mhl,Marshall Islands,1976,Never had a female head of state
8054,mhl,Marshall Islands,1977,Never had a female head of state
8055,mhl,Marshall Islands,1978,Never had a female head of state
8056,mhl,Marshall Islands,1979,Never had a female head of state
8057,mhl,Marshall Islands,1980,Never had a female head of state
8058,mhl,Marshall Islands,1981,Never had a female head of state
8059,mhl,Marshall Islands,1982,Never had a female head of state
8060,mhl,Marshall Islands,1983,Never had a female head of state
8061,mhl,Marshall Islands,1984,Never had a female head of state
8062,mhl,Marshall Islands,1985,Never had a female head of state
8063,mhl,Marshall Islands,1986,Never had a female head of state
8064,mhl,Marshall Islands,1987,Never had a female head of state
8065,mhl,Marshall Islands,1988,Never had a female head of state
8066,mhl,Marshall Islands,1989,Never had a female head of state
8067,mhl,Marshall Islands,1990,Never had a female head of state
8068,mhl,Marshall Islands,1991,Never had a female head of state
8069,mhl,Marshall Islands,1992,Never had a female head of state
8070,mhl,Marshall Islands,1993,Never had a female head of state
8071,mhl,Marshall Islands,1994,Never had a female head of state
8072,mhl,Marshall Islands,1995,Never had a female head of state
8073,mhl,Marshall Islands,1996,Never had a female head of state
8074,mhl,Marshall Islands,1997,Never had a female head of state
8075,mhl,Marshall Islands,1998,Never had a female head of state
8076,mhl,Marshall Islands,1999,Never had a female head of state
8077,mhl,Marshall Islands,2000,Never had a female head of state
8078,mhl,Marshall Islands,2001,Never had a female head of state
8079,mhl,Marshall Islands,2002,Never had a female head of state
8080,mhl,Marshall Islands,2003,Never had a female head of state
8081,mhl,Marshall Islands,2004,Never had a female head of state
8082,mhl,Marshall Islands,2005,Never had a female head of state
8083,mhl,Marshall Islands,2006,Never had a female head of state
8084,mhl,Marshall Islands,2007,Never had a female head of state
8085,mhl,Marshall Islands,2008,Never had a female head of state
8086,mhl,Marshall Islands,2009,Never had a female head of state
8087,mhl,Marshall Islands,2010,Never had a female head of state
8088,mhl,Marshall Islands,2011,Never had a female head of state
8089,mhl,Marshall Islands,2012,Never had a female head of state
8090,mhl,Marshall Islands,2013,Never had a female head of state
8091,mhl,Marshall Islands,2014,Never had a female head of state
8092,mhl,Marshall Islands,2015,Never had a female head of state
8093,mhl,Marshall Islands,2016,Had a female head of state
8094,mhl,Marshall Islands,2017,Had a female head of state
8095,mhl,Marshall Islands,2018,Had a female head of state
8096,mhl,Marshall Islands,2019,Had a female head of state
8097,mhl,Marshall Islands,2020,Had a female head of state
8098,mhl,Marshall Islands,2021,Had a female head of state
8099,mhl,Marshall Islands,2022,Had a female head of state
8100,mhl,Marshall Islands,2023,Had a female head of state
8101,mhl,Marshall Islands,2024,Had a female head of state
8102,mhl,Marshall Islands,2025,Had a female head of state
8103,mrt,Mauritania,1953,Never had a female head of state
8104,mrt,Mauritania,1954,Never had a female head of state
8105,mrt,Mauritania,1955,Never had a female head of state
8106,mrt,Mauritania,1956,Never had a female head of state
8107,mrt,Mauritania,1957,Never had a female head of state
8108,mrt,Mauritania,1958,Never had a female head of state
8109,mrt,Mauritania,1959,Never had a female head of state
8110,mrt,Mauritania,1960,Never had a female head of state
8111,mrt,Mauritania,1961,Never had a female head of state
8112,mrt,Mauritania,1962,Never had a female head of state
8113,mrt,Mauritania,1963,Never had a female head of state
8114,mrt,Mauritania,1964,Never had a female head of state
8115,mrt,Mauritania,1965,Never had a female head of state
8116,mrt,Mauritania,1966,Never had a female head of state
8117,mrt,Mauritania,1967,Never had a female head of state
8118,mrt,Mauritania,1968,Never had a female head of state
8119,mrt,Mauritania,1969,Never had a female head of state
8120,mrt,Mauritania,1970,Never had a female head of state
8121,mrt,Mauritania,1971,Never had a female head of state
8122,mrt,Mauritania,1972,Never had a female head of state
8123,mrt,Mauritania,1973,Never had a female head of state
8124,mrt,Mauritania,1974,Never had a female head of state
8125,mrt,Mauritania,1975,Never had a female head of state
8126,mrt,Mauritania,1976,Never had a female head of state
8127,mrt,Mauritania,1977,Never had a female head of state
8128,mrt,Mauritania,1978,Never had a female head of state
8129,mrt,Mauritania,1979,Never had a female head of state
8130,mrt,Mauritania,1980,Never had a female head of state
8131,mrt,Mauritania,1981,Never had a female head of state
8132,mrt,Mauritania,1982,Never had a female head of state
8133,mrt,Mauritania,1983,Never had a female head of state
8134,mrt,Mauritania,1984,Never had a female head of state
8135,mrt,Mauritania,1985,Never had a female head of state
8136,mrt,Mauritania,1986,Never had a female head of state
8137,mrt,Mauritania,1987,Never had a female head of state
8138,mrt,Mauritania,1988,Never had a female head of state
8139,mrt,Mauritania,1989,Never had a female head of state
8140,mrt,Mauritania,1990,Never had a female head of state
8141,mrt,Mauritania,1991,Never had a female head of state
8142,mrt,Mauritania,1992,Never had a female head of state
8143,mrt,Mauritania,1993,Never had a female head of state
8144,mrt,Mauritania,1994,Never had a female head of state
8145,mrt,Mauritania,1995,Never had a female head of state
8146,mrt,Mauritania,1996,Never had a female head of state
8147,mrt,Mauritania,1997,Never had a female head of state
8148,mrt,Mauritania,1998,Never had a female head of state
8149,mrt,Mauritania,1999,Never had a female head of state
8150,mrt,Mauritania,2000,Never had a female head of state
8151,mrt,Mauritania,2001,Never had a female head of state
8152,mrt,Mauritania,2002,Never had a female head of state
8153,mrt,Mauritania,2003,Never had a female head of state
8154,mrt,Mauritania,2004,Never had a female head of state
8155,mrt,Mauritania,2005,Never had a female head of state
8156,mrt,Mauritania,2006,Never had a female head of state
8157,mrt,Mauritania,2007,Never had a female head of state
8158,mrt,Mauritania,2008,Never had a female head of state
8159,mrt,Mauritania,2009,Never had a female head of state
8160,mrt,Mauritania,2010,Never had a female head of state
8161,mrt,Mauritania,2011,Never had a female head of state
8162,mrt,Mauritania,2012,Never had a female head of state
8163,mrt,Mauritania,2013,Never had a female head of state
8164,mrt,Mauritania,2014,Never had a female head of state
8165,mrt,Mauritania,2015,Never had a female head of state
8166,mrt,Mauritania,2016,Never had a female head of state
8167,mrt,Mauritania,2017,Never had a female head of state
8168,mrt,Mauritania,2018,Never had a female head of state
8169,mrt,Mauritania,2019,Never had a female head of state
8170,mrt,Mauritania,2020,Never had a female head of state
8171,mrt,Mauritania,2021,Never had a female head of state
8172,mrt,Mauritania,2022,Never had a female head of state
8173,mrt,Mauritania,2023,Never had a female head of state
8174,mrt,Mauritania,2024,Never had a female head of state
8175,mrt,Mauritania,2025,Never had a female head of state
8176,mus,Mauritius,1953,Never had a female head of state
8177,mus,Mauritius,1954,Never had a female head of state
8178,mus,Mauritius,1955,Never had a female head of state
8179,mus,Mauritius,1956,Never had a female head of state
8180,mus,Mauritius,1957,Never had a female head of state
8181,mus,Mauritius,1958,Never had a female head of state
8182,mus,Mauritius,1959,Never had a female head of state
8183,mus,Mauritius,1960,Never had a female head of state
8184,mus,Mauritius,1961,Never had a female head of state
8185,mus,Mauritius,1962,Never had a female head of state
8186,mus,Mauritius,1963,Never had a female head of state
8187,mus,Mauritius,1964,Never had a female head of state
8188,mus,Mauritius,1965,Never had a female head of state
8189,mus,Mauritius,1966,Never had a female head of state
8190,mus,Mauritius,1967,Never had a female head of state
8191,mus,Mauritius,1968,Never had a female head of state
8192,mus,Mauritius,1969,Never had a female head of state
8193,mus,Mauritius,1970,Never had a female head of state
8194,mus,Mauritius,1971,Never had a female head of state
8195,mus,Mauritius,1972,Never had a female head of state
8196,mus,Mauritius,1973,Never had a female head of state
8197,mus,Mauritius,1974,Never had a female head of state
8198,mus,Mauritius,1975,Never had a female head of state
8199,mus,Mauritius,1976,Never had a female head of state
8200,mus,Mauritius,1977,Never had a female head of state
8201,mus,Mauritius,1978,Never had a female head of state
8202,mus,Mauritius,1979,Never had a female head of state
8203,mus,Mauritius,1980,Never had a female head of state
8204,mus,Mauritius,1981,Never had a female head of state
8205,mus,Mauritius,1982,Never had a female head of state
8206,mus,Mauritius,1983,Never had a female head of state
8207,mus,Mauritius,1984,Never had a female head of state
8208,mus,Mauritius,1985,Never had a female head of state
8209,mus,Mauritius,1986,Never had a female head of state
8210,mus,Mauritius,1987,Never had a female head of state
8211,mus,Mauritius,1988,Never had a female head of state
8212,mus,Mauritius,1989,Never had a female head of state
8213,mus,Mauritius,1990,Never had a female head of state
8214,mus,Mauritius,1991,Never had a female head of state
8215,mus,Mauritius,1992,Never had a female head of state
8216,mus,Mauritius,1993,Never had a female head of state
8217,mus,Mauritius,1994,Never had a female head of state
8218,mus,Mauritius,1995,Never had a female head of state
8219,mus,Mauritius,1996,Never had a female head of state
8220,mus,Mauritius,1997,Never had a female head of state
8221,mus,Mauritius,1998,Never had a female head of state
8222,mus,Mauritius,1999,Never had a female head of state
8223,mus,Mauritius,2000,Never had a female head of state
8224,mus,Mauritius,2001,Never had a female head of state
8225,mus,Mauritius,2002,Never had a female head of state
8226,mus,Mauritius,2003,Never had a female head of state
8227,mus,Mauritius,2004,Never had a female head of state
8228,mus,Mauritius,2005,Never had a female head of state
8229,mus,Mauritius,2006,Never had a female head of state
8230,mus,Mauritius,2007,Never had a female head of state
8231,mus,Mauritius,2008,Never had a female head of state
8232,mus,Mauritius,2009,Never had a female head of state
8233,mus,Mauritius,2010,Never had a female head of state
8234,mus,Mauritius,2011,Never had a female head of state
8235,mus,Mauritius,2012,Had a female head of state
8236,mus,Mauritius,2013,Had a female head of state
8237,mus,Mauritius,2014,Had a female head of state
8238,mus,Mauritius,2015,Had a female head of state
8239,mus,Mauritius,2016,Had a female head of state
8240,mus,Mauritius,2017,Had a female head of state
8241,mus,Mauritius,2018,Had a female head of state
8242,mus,Mauritius,2019,Had a female head of state
8243,mus,Mauritius,2020,Had a female head of state
8244,mus,Mauritius,2021,Had a female head of state
8245,mus,Mauritius,2022,Had a female head of state
8246,mus,Mauritius,2023,Had a female head of state
8247,mus,Mauritius,2024,Had a female head of state
8248,mus,Mauritius,2025,Had a female head of state
8249,mex,Mexico,1953,Never had a female head of state
8250,mex,Mexico,1954,Never had a female head of state
8251,mex,Mexico,1955,Never had a female head of state
8252,mex,Mexico,1956,Never had a female head of state
8253,mex,Mexico,1957,Never had a female head of state
8254,mex,Mexico,1958,Never had a female head of state
8255,mex,Mexico,1959,Never had a female head of state
8256,mex,Mexico,1960,Never had a female head of state
8257,mex,Mexico,1961,Never had a female head of state
8258,mex,Mexico,1962,Never had a female head of state
8259,mex,Mexico,1963,Never had a female head of state
8260,mex,Mexico,1964,Never had a female head of state
8261,mex,Mexico,1965,Never had a female head of state
8262,mex,Mexico,1966,Never had a female head of state
8263,mex,Mexico,1967,Never had a female head of state
8264,mex,Mexico,1968,Never had a female head of state
8265,mex,Mexico,1969,Never had a female head of state
8266,mex,Mexico,1970,Never had a female head of state
8267,mex,Mexico,1971,Never had a female head of state
8268,mex,Mexico,1972,Never had a female head of state
8269,mex,Mexico,1973,Never had a female head of state
8270,mex,Mexico,1974,Never had a female head of state
8271,mex,Mexico,1975,Never had a female head of state
8272,mex,Mexico,1976,Never had a female head of state
8273,mex,Mexico,1977,Never had a female head of state
8274,mex,Mexico,1978,Never had a female head of state
8275,mex,Mexico,1979,Never had a female head of state
8276,mex,Mexico,1980,Never had a female head of state
8277,mex,Mexico,1981,Never had a female head of state
8278,mex,Mexico,1982,Never had a female head of state
8279,mex,Mexico,1983,Never had a female head of state
8280,mex,Mexico,1984,Never had a female head of state
8281,mex,Mexico,1985,Never had a female head of state
8282,mex,Mexico,1986,Never had a female head of state
8283,mex,Mexico,1987,Never had a female head of state
8284,mex,Mexico,1988,Never had a female head of state
8285,mex,Mexico,1989,Never had a female head of state
8286,mex,Mexico,1990,Never had a female head of state
8287,mex,Mexico,1991,Never had a female head of state
8288,mex,Mexico,1992,Never had a female head of state
8289,mex,Mexico,1993,Never had a female head of state
8290,mex,Mexico,1994,Never had a female head of state
8291,mex,Mexico,1995,Never had a female head of state
8292,mex,Mexico,1996,Never had a female head of state
8293,mex,Mexico,1997,Never had a female head of state
8294,mex,Mexico,1998,Never had a female head of state
8295,mex,Mexico,1999,Never had a female head of state
8296,mex,Mexico,2000,Never had a female head of state
8297,mex,Mexico,2001,Never had a female head of state
8298,mex,Mexico,2002,Never had a female head of state
8299,mex,Mexico,2003,Never had a female head of state
8300,mex,Mexico,2004,Never had a female head of state
8301,mex,Mexico,2005,Never had a female head of state
8302,mex,Mexico,2006,Never had a female head of state
8303,mex,Mexico,2007,Never had a female head of state
8304,mex,Mexico,2008,Never had a female head of state
8305,mex,Mexico,2009,Never had a female head of state
8306,mex,Mexico,2010,Never had a female head of state
8307,mex,Mexico,2011,Never had a female head of state
8308,mex,Mexico,2012,Never had a female head of state
8309,mex,Mexico,2013,Never had a female head of state
8310,mex,Mexico,2014,Never had a female head of state
8311,mex,Mexico,2015,Never had a female head of state
8312,mex,Mexico,2016,Never had a female head of state
8313,mex,Mexico,2017,Never had a female head of state
8314,mex,Mexico,2018,Never had a female head of state
8315,mex,Mexico,2019,Never had a female head of state
8316,mex,Mexico,2020,Never had a female head of state
8317,mex,Mexico,2021,Never had a female head of state
8318,mex,Mexico,2022,Never had a female head of state
8319,mex,Mexico,2023,Never had a female head of state
8320,mex,Mexico,2024,Had a female head of state
8321,mex,Mexico,2025,Had a female head of state
8322,fsm,"Micronesia, Fed. Sts.",1953,Never had a female head of state
8323,fsm,"Micronesia, Fed. Sts.",1954,Never had a female head of state
8324,fsm,"Micronesia, Fed. Sts.",1955,Never had a female head of state
8325,fsm,"Micronesia, Fed. Sts.",1956,Never had a female head of state
8326,fsm,"Micronesia, Fed. Sts.",1957,Never had a female head of state
8327,fsm,"Micronesia, Fed. Sts.",1958,Never had a female head of state
8328,fsm,"Micronesia, Fed. Sts.",1959,Never had a female head of state
8329,fsm,"Micronesia, Fed. Sts.",1960,Never had a female head of state
8330,fsm,"Micronesia, Fed. Sts.",1961,Never had a female head of state
8331,fsm,"Micronesia, Fed. Sts.",1962,Never had a female head of state
8332,fsm,"Micronesia, Fed. Sts.",1963,Never had a female head of state
8333,fsm,"Micronesia, Fed. Sts.",1964,Never had a female head of state
8334,fsm,"Micronesia, Fed. Sts.",1965,Never had a female head of state
8335,fsm,"Micronesia, Fed. Sts.",1966,Never had a female head of state
8336,fsm,"Micronesia, Fed. Sts.",1967,Never had a female head of state
8337,fsm,"Micronesia, Fed. Sts.",1968,Never had a female head of state
8338,fsm,"Micronesia, Fed. Sts.",1969,Never had a female head of state
8339,fsm,"Micronesia, Fed. Sts.",1970,Never had a female head of state
8340,fsm,"Micronesia, Fed. Sts.",1971,Never had a female head of state
8341,fsm,"Micronesia, Fed. Sts.",1972,Never had a female head of state
8342,fsm,"Micronesia, Fed. Sts.",1973,Never had a female head of state
8343,fsm,"Micronesia, Fed. Sts.",1974,Never had a female head of state
8344,fsm,"Micronesia, Fed. Sts.",1975,Never had a female head of state
8345,fsm,"Micronesia, Fed. Sts.",1976,Never had a female head of state
8346,fsm,"Micronesia, Fed. Sts.",1977,Never had a female head of state
8347,fsm,"Micronesia, Fed. Sts.",1978,Never had a female head of state
8348,fsm,"Micronesia, Fed. Sts.",1979,Never had a female head of state
8349,fsm,"Micronesia, Fed. Sts.",1980,Never had a female head of state
8350,fsm,"Micronesia, Fed. Sts.",1981,Never had a female head of state
8351,fsm,"Micronesia, Fed. Sts.",1982,Never had a female head of state
8352,fsm,"Micronesia, Fed. Sts.",1983,Never had a female head of state
8353,fsm,"Micronesia, Fed. Sts.",1984,Never had a female head of state
8354,fsm,"Micronesia, Fed. Sts.",1985,Never had a female head of state
8355,fsm,"Micronesia, Fed. Sts.",1986,Never had a female head of state
8356,fsm,"Micronesia, Fed. Sts.",1987,Never had a female head of state
8357,fsm,"Micronesia, Fed. Sts.",1988,Never had a female head of state
8358,fsm,"Micronesia, Fed. Sts.",1989,Never had a female head of state
8359,fsm,"Micronesia, Fed. Sts.",1990,Never had a female head of state
8360,fsm,"Micronesia, Fed. Sts.",1991,Never had a female head of state
8361,fsm,"Micronesia, Fed. Sts.",1992,Never had a female head of state
8362,fsm,"Micronesia, Fed. Sts.",1993,Never had a female head of state
8363,fsm,"Micronesia, Fed. Sts.",1994,Never had a female head of state
8364,fsm,"Micronesia, Fed. Sts.",1995,Never had a female head of state
8365,fsm,"Micronesia, Fed. Sts.",1996,Never had a female head of state
8366,fsm,"Micronesia, Fed. Sts.",1997,Never had a female head of state
8367,fsm,"Micronesia, Fed. Sts.",1998,Never had a female head of state
8368,fsm,"Micronesia, Fed. Sts.",1999,Never had a female head of state
8369,fsm,"Micronesia, Fed. Sts.",2000,Never had a female head of state
8370,fsm,"Micronesia, Fed. Sts.",2001,Never had a female head of state
8371,fsm,"Micronesia, Fed. Sts.",2002,Never had a female head of state
8372,fsm,"Micronesia, Fed. Sts.",2003,Never had a female head of state
8373,fsm,"Micronesia, Fed. Sts.",2004,Never had a female head of state
8374,fsm,"Micronesia, Fed. Sts.",2005,Never had a female head of state
8375,fsm,"Micronesia, Fed. Sts.",2006,Never had a female head of state
8376,fsm,"Micronesia, Fed. Sts.",2007,Never had a female head of state
8377,fsm,"Micronesia, Fed. Sts.",2008,Never had a female head of state
8378,fsm,"Micronesia, Fed. Sts.",2009,Never had a female head of state
8379,fsm,"Micronesia, Fed. Sts.",2010,Never had a female head of state
8380,fsm,"Micronesia, Fed. Sts.",2011,Never had a female head of state
8381,fsm,"Micronesia, Fed. Sts.",2012,Never had a female head of state
8382,fsm,"Micronesia, Fed. Sts.",2013,Never had a female head of state
8383,fsm,"Micronesia, Fed. Sts.",2014,Never had a female head of state
8384,fsm,"Micronesia, Fed. Sts.",2015,Never had a female head of state
8385,fsm,"Micronesia, Fed. Sts.",2016,Never had a female head of state
8386,fsm,"Micronesia, Fed. Sts.",2017,Never had a female head of state
8387,fsm,"Micronesia, Fed. Sts.",2018,Never had a female head of state
8388,fsm,"Micronesia, Fed. Sts.",2019,Never had a female head of state
8389,fsm,"Micronesia, Fed. Sts.",2020,Never had a female head of state
8390,fsm,"Micronesia, Fed. Sts.",2021,Never had a female head of state
8391,fsm,"Micronesia, Fed. Sts.",2022,Never had a female head of state
8392,fsm,"Micronesia, Fed. Sts.",2023,Never had a female head of state
8393,fsm,"Micronesia, Fed. Sts.",2024,Never had a female head of state
8394,fsm,"Micronesia, Fed. Sts.",2025,Never had a female head of state
8395,mda,Moldova,1953,Never had a female head of state
8396,mda,Moldova,1954,Never had a female head of state
8397,mda,Moldova,1955,Never had a female head of state
8398,mda,Moldova,1956,Never had a female head of state
8399,mda,Moldova,1957,Never had a female head of state
8400,mda,Moldova,1958,Never had a female head of state
8401,mda,Moldova,1959,Never had a female head of state
8402,mda,Moldova,1960,Never had a female head of state
8403,mda,Moldova,1961,Never had a female head of state
8404,mda,Moldova,1962,Never had a female head of state
8405,mda,Moldova,1963,Never had a female head of state
8406,mda,Moldova,1964,Never had a female head of state
8407,mda,Moldova,1965,Never had a female head of state
8408,mda,Moldova,1966,Never had a female head of state
8409,mda,Moldova,1967,Never had a female head of state
8410,mda,Moldova,1968,Never had a female head of state
8411,mda,Moldova,1969,Never had a female head of state
8412,mda,Moldova,1970,Never had a female head of state
8413,mda,Moldova,1971,Never had a female head of state
8414,mda,Moldova,1972,Never had a female head of state
8415,mda,Moldova,1973,Never had a female head of state
8416,mda,Moldova,1974,Never had a female head of state
8417,mda,Moldova,1975,Never had a female head of state
8418,mda,Moldova,1976,Never had a female head of state
8419,mda,Moldova,1977,Never had a female head of state
8420,mda,Moldova,1978,Never had a female head of state
8421,mda,Moldova,1979,Never had a female head of state
8422,mda,Moldova,1980,Never had a female head of state
8423,mda,Moldova,1981,Never had a female head of state
8424,mda,Moldova,1982,Never had a female head of state
8425,mda,Moldova,1983,Never had a female head of state
8426,mda,Moldova,1984,Never had a female head of state
8427,mda,Moldova,1985,Never had a female head of state
8428,mda,Moldova,1986,Never had a female head of state
8429,mda,Moldova,1987,Never had a female head of state
8430,mda,Moldova,1988,Never had a female head of state
8431,mda,Moldova,1989,Never had a female head of state
8432,mda,Moldova,1990,Never had a female head of state
8433,mda,Moldova,1991,Never had a female head of state
8434,mda,Moldova,1992,Never had a female head of state
8435,mda,Moldova,1993,Never had a female head of state
8436,mda,Moldova,1994,Never had a female head of state
8437,mda,Moldova,1995,Never had a female head of state
8438,mda,Moldova,1996,Never had a female head of state
8439,mda,Moldova,1997,Never had a female head of state
8440,mda,Moldova,1998,Never had a female head of state
8441,mda,Moldova,1999,Never had a female head of state
8442,mda,Moldova,2000,Never had a female head of state
8443,mda,Moldova,2001,Never had a female head of state
8444,mda,Moldova,2002,Never had a female head of state
8445,mda,Moldova,2003,Never had a female head of state
8446,mda,Moldova,2004,Never had a female head of state
8447,mda,Moldova,2005,Never had a female head of state
8448,mda,Moldova,2006,Never had a female head of state
8449,mda,Moldova,2007,Never had a female head of state
8450,mda,Moldova,2008,Had a female head of state
8451,mda,Moldova,2009,Had a female head of state
8452,mda,Moldova,2010,Had a female head of state
8453,mda,Moldova,2011,Had a female head of state
8454,mda,Moldova,2012,Had a female head of state
8455,mda,Moldova,2013,Had a female head of state
8456,mda,Moldova,2014,Had a female head of state
8457,mda,Moldova,2015,Had a female head of state
8458,mda,Moldova,2016,Had a female head of state
8459,mda,Moldova,2017,Had a female head of state
8460,mda,Moldova,2018,Had a female head of state
8461,mda,Moldova,2019,Had a female head of state
8462,mda,Moldova,2020,Had a female head of state
8463,mda,Moldova,2021,Had a female head of state
8464,mda,Moldova,2022,Had a female head of state
8465,mda,Moldova,2023,Had a female head of state
8466,mda,Moldova,2024,Had a female head of state
8467,mda,Moldova,2025,Had a female head of state
8468,mco,Monaco,1953,Never had a female head of state
8469,mco,Monaco,1954,Never had a female head of state
8470,mco,Monaco,1955,Never had a female head of state
8471,mco,Monaco,1956,Never had a female head of state
8472,mco,Monaco,1957,Never had a female head of state
8473,mco,Monaco,1958,Never had a female head of state
8474,mco,Monaco,1959,Never had a female head of state
8475,mco,Monaco,1960,Never had a female head of state
8476,mco,Monaco,1961,Never had a female head of state
8477,mco,Monaco,1962,Never had a female head of state
8478,mco,Monaco,1963,Never had a female head of state
8479,mco,Monaco,1964,Never had a female head of state
8480,mco,Monaco,1965,Never had a female head of state
8481,mco,Monaco,1966,Never had a female head of state
8482,mco,Monaco,1967,Never had a female head of state
8483,mco,Monaco,1968,Never had a female head of state
8484,mco,Monaco,1969,Never had a female head of state
8485,mco,Monaco,1970,Never had a female head of state
8486,mco,Monaco,1971,Never had a female head of state
8487,mco,Monaco,1972,Never had a female head of state
8488,mco,Monaco,1973,Never had a female head of state
8489,mco,Monaco,1974,Never had a female head of state
8490,mco,Monaco,1975,Never had a female head of state
8491,mco,Monaco,1976,Never had a female head of state
8492,mco,Monaco,1977,Never had a female head of state
8493,mco,Monaco,1978,Never had a female head of state
8494,mco,Monaco,1979,Never had a female head of state
8495,mco,Monaco,1980,Never had a female head of state
8496,mco,Monaco,1981,Never had a female head of state
8497,mco,Monaco,1982,Never had a female head of state
8498,mco,Monaco,1983,Never had a female head of state
8499,mco,Monaco,1984,Never had a female head of state
8500,mco,Monaco,1985,Never had a female head of state
8501,mco,Monaco,1986,Never had a female head of state
8502,mco,Monaco,1987,Never had a female head of state
8503,mco,Monaco,1988,Never had a female head of state
8504,mco,Monaco,1989,Never had a female head of state
8505,mco,Monaco,1990,Never had a female head of state
8506,mco,Monaco,1991,Never had a female head of state
8507,mco,Monaco,1992,Never had a female head of state
8508,mco,Monaco,1993,Never had a female head of state
8509,mco,Monaco,1994,Never had a female head of state
8510,mco,Monaco,1995,Never had a female head of state
8511,mco,Monaco,1996,Never had a female head of state
8512,mco,Monaco,1997,Never had a female head of state
8513,mco,Monaco,1998,Never had a female head of state
8514,mco,Monaco,1999,Never had a female head of state
8515,mco,Monaco,2000,Never had a female head of state
8516,mco,Monaco,2001,Never had a female head of state
8517,mco,Monaco,2002,Never had a female head of state
8518,mco,Monaco,2003,Never had a female head of state
8519,mco,Monaco,2004,Never had a female head of state
8520,mco,Monaco,2005,Never had a female head of state
8521,mco,Monaco,2006,Never had a female head of state
8522,mco,Monaco,2007,Never had a female head of state
8523,mco,Monaco,2008,Never had a female head of state
8524,mco,Monaco,2009,Never had a female head of state
8525,mco,Monaco,2010,Never had a female head of state
8526,mco,Monaco,2011,Never had a female head of state
8527,mco,Monaco,2012,Never had a female head of state
8528,mco,Monaco,2013,Never had a female head of state
8529,mco,Monaco,2014,Never had a female head of state
8530,mco,Monaco,2015,Never had a female head of state
8531,mco,Monaco,2016,Never had a female head of state
8532,mco,Monaco,2017,Never had a female head of state
8533,mco,Monaco,2018,Never had a female head of state
8534,mco,Monaco,2019,Never had a female head of state
8535,mco,Monaco,2020,Never had a female head of state
8536,mco,Monaco,2021,Never had a female head of state
8537,mco,Monaco,2022,Never had a female head of state
8538,mco,Monaco,2023,Never had a female head of state
8539,mco,Monaco,2024,Never had a female head of state
8540,mco,Monaco,2025,Had a female head of state
8541,mng,Mongolia,1953,Had a female head of state
8542,mng,Mongolia,1954,Had a female head of state
8543,mng,Mongolia,1955,Had a female head of state
8544,mng,Mongolia,1956,Had a female head of state
8545,mng,Mongolia,1957,Had a female head of state
8546,mng,Mongolia,1958,Had a female head of state
8547,mng,Mongolia,1959,Had a female head of state
8548,mng,Mongolia,1960,Had a female head of state
8549,mng,Mongolia,1961,Had a female head of state
8550,mng,Mongolia,1962,Had a female head of state
8551,mng,Mongolia,1963,Had a female head of state
8552,mng,Mongolia,1964,Had a female head of state
8553,mng,Mongolia,1965,Had a female head of state
8554,mng,Mongolia,1966,Had a female head of state
8555,mng,Mongolia,1967,Had a female head of state
8556,mng,Mongolia,1968,Had a female head of state
8557,mng,Mongolia,1969,Had a female head of state
8558,mng,Mongolia,1970,Had a female head of state
8559,mng,Mongolia,1971,Had a female head of state
8560,mng,Mongolia,1972,Had a female head of state
8561,mng,Mongolia,1973,Had a female head of state
8562,mng,Mongolia,1974,Had a female head of state
8563,mng,Mongolia,1975,Had a female head of state
8564,mng,Mongolia,1976,Had a female head of state
8565,mng,Mongolia,1977,Had a female head of state
8566,mng,Mongolia,1978,Had a female head of state
8567,mng,Mongolia,1979,Had a female head of state
8568,mng,Mongolia,1980,Had a female head of state
8569,mng,Mongolia,1981,Had a female head of state
8570,mng,Mongolia,1982,Had a female head of state
8571,mng,Mongolia,1983,Had a female head of state
8572,mng,Mongolia,1984,Had a female head of state
8573,mng,Mongolia,1985,Had a female head of state
8574,mng,Mongolia,1986,Had a female head of state
8575,mng,Mongolia,1987,Had a female head of state
8576,mng,Mongolia,1988,Had a female head of state
8577,mng,Mongolia,1989,Had a female head of state
8578,mng,Mongolia,1990,Had a female head of state
8579,mng,Mongolia,1991,Had a female head of state
8580,mng,Mongolia,1992,Had a female head of state
8581,mng,Mongolia,1993,Had a female head of state
8582,mng,Mongolia,1994,Had a female head of state
8583,mng,Mongolia,1995,Had a female head of state
8584,mng,Mongolia,1996,Had a female head of state
8585,mng,Mongolia,1997,Had a female head of state
8586,mng,Mongolia,1998,Had a female head of state
8587,mng,Mongolia,1999,Had a female head of state
8588,mng,Mongolia,2000,Had a female head of state
8589,mng,Mongolia,2001,Had a female head of state
8590,mng,Mongolia,2002,Had a female head of state
8591,mng,Mongolia,2003,Had a female head of state
8592,mng,Mongolia,2004,Had a female head of state
8593,mng,Mongolia,2005,Had a female head of state
8594,mng,Mongolia,2006,Had a female head of state
8595,mng,Mongolia,2007,Had a female head of state
8596,mng,Mongolia,2008,Had a female head of state
8597,mng,Mongolia,2009,Had a female head of state
8598,mng,Mongolia,2010,Had a female head of state
8599,mng,Mongolia,2011,Had a female head of state
8600,mng,Mongolia,2012,Had a female head of state
8601,mng,Mongolia,2013,Had a female head of state
8602,mng,Mongolia,2014,Had a female head of state
8603,mng,Mongolia,2015,Had a female head of state
8604,mng,Mongolia,2016,Had a female head of state
8605,mng,Mongolia,2017,Had a female head of state
8606,mng,Mongolia,2018,Had a female head of state
8607,mng,Mongolia,2019,Had a female head of state
8608,mng,Mongolia,2020,Had a female head of state
8609,mng,Mongolia,2021,Had a female head of state
8610,mng,Mongolia,2022,Had a female head of state
8611,mng,Mongolia,2023,Had a female head of state
8612,mng,Mongolia,2024,Had a female head of state
8613,mng,Mongolia,2025,Had a female head of state
8614,mne,Montenegro,1953,Never had a female head of state
8615,mne,Montenegro,1954,Never had a female head of state
8616,mne,Montenegro,1955,Never had a female head of state
8617,mne,Montenegro,1956,Never had a female head of state
8618,mne,Montenegro,1957,Never had a female head of state
8619,mne,Montenegro,1958,Never had a female head of state
8620,mne,Montenegro,1959,Never had a female head of state
8621,mne,Montenegro,1960,Never had a female head of state
8622,mne,Montenegro,1961,Never had a female head of state
8623,mne,Montenegro,1962,Never had a female head of state
8624,mne,Montenegro,1963,Never had a female head of state
8625,mne,Montenegro,1964,Never had a female head of state
8626,mne,Montenegro,1965,Never had a female head of state
8627,mne,Montenegro,1966,Never had a female head of state
8628,mne,Montenegro,1967,Never had a female head of state
8629,mne,Montenegro,1968,Never had a female head of state
8630,mne,Montenegro,1969,Never had a female head of state
8631,mne,Montenegro,1970,Never had a female head of state
8632,mne,Montenegro,1971,Never had a female head of state
8633,mne,Montenegro,1972,Never had a female head of state
8634,mne,Montenegro,1973,Never had a female head of state
8635,mne,Montenegro,1974,Never had a female head of state
8636,mne,Montenegro,1975,Never had a female head of state
8637,mne,Montenegro,1976,Never had a female head of state
8638,mne,Montenegro,1977,Never had a female head of state
8639,mne,Montenegro,1978,Never had a female head of state
8640,mne,Montenegro,1979,Never had a female head of state
8641,mne,Montenegro,1980,Never had a female head of state
8642,mne,Montenegro,1981,Never had a female head of state
8643,mne,Montenegro,1982,Never had a female head of state
8644,mne,Montenegro,1983,Never had a female head of state
8645,mne,Montenegro,1984,Never had a female head of state
8646,mne,Montenegro,1985,Never had a female head of state
8647,mne,Montenegro,1986,Never had a female head of state
8648,mne,Montenegro,1987,Never had a female head of state
8649,mne,Montenegro,1988,Never had a female head of state
8650,mne,Montenegro,1989,Never had a female head of state
8651,mne,Montenegro,1990,Never had a female head of state
8652,mne,Montenegro,1991,Never had a female head of state
8653,mne,Montenegro,1992,Never had a female head of state
8654,mne,Montenegro,1993,Never had a female head of state
8655,mne,Montenegro,1994,Never had a female head of state
8656,mne,Montenegro,1995,Never had a female head of state
8657,mne,Montenegro,1996,Never had a female head of state
8658,mne,Montenegro,1997,Never had a female head of state
8659,mne,Montenegro,1998,Never had a female head of state
8660,mne,Montenegro,1999,Never had a female head of state
8661,mne,Montenegro,2000,Never had a female head of state
8662,mne,Montenegro,2001,Never had a female head of state
8663,mne,Montenegro,2002,Never had a female head of state
8664,mne,Montenegro,2003,Never had a female head of state
8665,mne,Montenegro,2004,Never had a female head of state
8666,mne,Montenegro,2005,Never had a female head of state
8667,mne,Montenegro,2006,Never had a female head of state
8668,mne,Montenegro,2007,Never had a female head of state
8669,mne,Montenegro,2008,Never had a female head of state
8670,mne,Montenegro,2009,Never had a female head of state
8671,mne,Montenegro,2010,Never had a female head of state
8672,mne,Montenegro,2011,Never had a female head of state
8673,mne,Montenegro,2012,Never had a female head of state
8674,mne,Montenegro,2013,Never had a female head of state
8675,mne,Montenegro,2014,Never had a female head of state
8676,mne,Montenegro,2015,Never had a female head of state
8677,mne,Montenegro,2016,Never had a female head of state
8678,mne,Montenegro,2017,Never had a female head of state
8679,mne,Montenegro,2018,Never had a female head of state
8680,mne,Montenegro,2019,Never had a female head of state
8681,mne,Montenegro,2020,Never had a female head of state
8682,mne,Montenegro,2021,Never had a female head of state
8683,mne,Montenegro,2022,Never had a female head of state
8684,mne,Montenegro,2023,Never had a female head of state
8685,mne,Montenegro,2024,Never had a female head of state
8686,mne,Montenegro,2025,Never had a female head of state
8687,mar,Morocco,1953,Never had a female head of state
8688,mar,Morocco,1954,Never had a female head of state
8689,mar,Morocco,1955,Never had a female head of state
8690,mar,Morocco,1956,Never had a female head of state
8691,mar,Morocco,1957,Never had a female head of state
8692,mar,Morocco,1958,Never had a female head of state
8693,mar,Morocco,1959,Never had a female head of state
8694,mar,Morocco,1960,Never had a female head of state
8695,mar,Morocco,1961,Never had a female head of state
8696,mar,Morocco,1962,Never had a female head of state
8697,mar,Morocco,1963,Never had a female head of state
8698,mar,Morocco,1964,Never had a female head of state
8699,mar,Morocco,1965,Never had a female head of state
8700,mar,Morocco,1966,Never had a female head of state
8701,mar,Morocco,1967,Never had a female head of state
8702,mar,Morocco,1968,Never had a female head of state
8703,mar,Morocco,1969,Never had a female head of state
8704,mar,Morocco,1970,Never had a female head of state
8705,mar,Morocco,1971,Never had a female head of state
8706,mar,Morocco,1972,Never had a female head of state
8707,mar,Morocco,1973,Never had a female head of state
8708,mar,Morocco,1974,Never had a female head of state
8709,mar,Morocco,1975,Never had a female head of state
8710,mar,Morocco,1976,Never had a female head of state
8711,mar,Morocco,1977,Never had a female head of state
8712,mar,Morocco,1978,Never had a female head of state
8713,mar,Morocco,1979,Never had a female head of state
8714,mar,Morocco,1980,Never had a female head of state
8715,mar,Morocco,1981,Never had a female head of state
8716,mar,Morocco,1982,Never had a female head of state
8717,mar,Morocco,1983,Never had a female head of state
8718,mar,Morocco,1984,Never had a female head of state
8719,mar,Morocco,1985,Never had a female head of state
8720,mar,Morocco,1986,Never had a female head of state
8721,mar,Morocco,1987,Never had a female head of state
8722,mar,Morocco,1988,Never had a female head of state
8723,mar,Morocco,1989,Never had a female head of state
8724,mar,Morocco,1990,Never had a female head of state
8725,mar,Morocco,1991,Never had a female head of state
8726,mar,Morocco,1992,Never had a female head of state
8727,mar,Morocco,1993,Never had a female head of state
8728,mar,Morocco,1994,Never had a female head of state
8729,mar,Morocco,1995,Never had a female head of state
8730,mar,Morocco,1996,Never had a female head of state
8731,mar,Morocco,1997,Never had a female head of state
8732,mar,Morocco,1998,Never had a female head of state
8733,mar,Morocco,1999,Never had a female head of state
8734,mar,Morocco,2000,Never had a female head of state
8735,mar,Morocco,2001,Never had a female head of state
8736,mar,Morocco,2002,Never had a female head of state
8737,mar,Morocco,2003,Never had a female head of state
8738,mar,Morocco,2004,Never had a female head of state
8739,mar,Morocco,2005,Never had a female head of state
8740,mar,Morocco,2006,Never had a female head of state
8741,mar,Morocco,2007,Never had a female head of state
8742,mar,Morocco,2008,Never had a female head of state
8743,mar,Morocco,2009,Never had a female head of state
8744,mar,Morocco,2010,Never had a female head of state
8745,mar,Morocco,2011,Never had a female head of state
8746,mar,Morocco,2012,Never had a female head of state
8747,mar,Morocco,2013,Never had a female head of state
8748,mar,Morocco,2014,Never had a female head of state
8749,mar,Morocco,2015,Never had a female head of state
8750,mar,Morocco,2016,Never had a female head of state
8751,mar,Morocco,2017,Never had a female head of state
8752,mar,Morocco,2018,Never had a female head of state
8753,mar,Morocco,2019,Never had a female head of state
8754,mar,Morocco,2020,Never had a female head of state
8755,mar,Morocco,2021,Never had a female head of state
8756,mar,Morocco,2022,Never had a female head of state
8757,mar,Morocco,2023,Never had a female head of state
8758,mar,Morocco,2024,Never had a female head of state
8759,mar,Morocco,2025,Never had a female head of state
8760,moz,Mozambique,1953,Never had a female head of state
8761,moz,Mozambique,1954,Never had a female head of state
8762,moz,Mozambique,1955,Never had a female head of state
8763,moz,Mozambique,1956,Never had a female head of state
8764,moz,Mozambique,1957,Never had a female head of state
8765,moz,Mozambique,1958,Never had a female head of state
8766,moz,Mozambique,1959,Never had a female head of state
8767,moz,Mozambique,1960,Never had a female head of state
8768,moz,Mozambique,1961,Never had a female head of state
8769,moz,Mozambique,1962,Never had a female head of state
8770,moz,Mozambique,1963,Never had a female head of state
8771,moz,Mozambique,1964,Never had a female head of state
8772,moz,Mozambique,1965,Never had a female head of state
8773,moz,Mozambique,1966,Never had a female head of state
8774,moz,Mozambique,1967,Never had a female head of state
8775,moz,Mozambique,1968,Never had a female head of state
8776,moz,Mozambique,1969,Never had a female head of state
8777,moz,Mozambique,1970,Never had a female head of state
8778,moz,Mozambique,1971,Never had a female head of state
8779,moz,Mozambique,1972,Never had a female head of state
8780,moz,Mozambique,1973,Never had a female head of state
8781,moz,Mozambique,1974,Never had a female head of state
8782,moz,Mozambique,1975,Never had a female head of state
8783,moz,Mozambique,1976,Never had a female head of state
8784,moz,Mozambique,1977,Never had a female head of state
8785,moz,Mozambique,1978,Never had a female head of state
8786,moz,Mozambique,1979,Never had a female head of state
8787,moz,Mozambique,1980,Never had a female head of state
8788,moz,Mozambique,1981,Never had a female head of state
8789,moz,Mozambique,1982,Never had a female head of state
8790,moz,Mozambique,1983,Never had a female head of state
8791,moz,Mozambique,1984,Never had a female head of state
8792,moz,Mozambique,1985,Never had a female head of state
8793,moz,Mozambique,1986,Never had a female head of state
8794,moz,Mozambique,1987,Never had a female head of state
8795,moz,Mozambique,1988,Never had a female head of state
8796,moz,Mozambique,1989,Never had a female head of state
8797,moz,Mozambique,1990,Never had a female head of state
8798,moz,Mozambique,1991,Never had a female head of state
8799,moz,Mozambique,1992,Never had a female head of state
8800,moz,Mozambique,1993,Never had a female head of state
8801,moz,Mozambique,1994,Never had a female head of state
8802,moz,Mozambique,1995,Never had a female head of state
8803,moz,Mozambique,1996,Never had a female head of state
8804,moz,Mozambique,1997,Never had a female head of state
8805,moz,Mozambique,1998,Never had a female head of state
8806,moz,Mozambique,1999,Never had a female head of state
8807,moz,Mozambique,2000,Never had a female head of state
8808,moz,Mozambique,2001,Never had a female head of state
8809,moz,Mozambique,2002,Never had a female head of state
8810,moz,Mozambique,2003,Never had a female head of state
8811,moz,Mozambique,2004,Never had a female head of state
8812,moz,Mozambique,2005,Never had a female head of state
8813,moz,Mozambique,2006,Never had a female head of state
8814,moz,Mozambique,2007,Never had a female head of state
8815,moz,Mozambique,2008,Never had a female head of state
8816,moz,Mozambique,2009,Never had a female head of state
8817,moz,Mozambique,2010,Never had a female head of state
8818,moz,Mozambique,2011,Never had a female head of state
8819,moz,Mozambique,2012,Never had a female head of state
8820,moz,Mozambique,2013,Never had a female head of state
8821,moz,Mozambique,2014,Never had a female head of state
8822,moz,Mozambique,2015,Never had a female head of state
8823,moz,Mozambique,2016,Never had a female head of state
8824,moz,Mozambique,2017,Never had a female head of state
8825,moz,Mozambique,2018,Never had a female head of state
8826,moz,Mozambique,2019,Never had a female head of state
8827,moz,Mozambique,2020,Never had a female head of state
8828,moz,Mozambique,2021,Never had a female head of state
8829,moz,Mozambique,2022,Never had a female head of state
8830,moz,Mozambique,2023,Never had a female head of state
8831,moz,Mozambique,2024,Never had a female head of state
8832,moz,Mozambique,2025,Never had a female head of state
8833,mmr,Myanmar,1953,Never had a female head of state
8834,mmr,Myanmar,1954,Never had a female head of state
8835,mmr,Myanmar,1955,Never had a female head of state
8836,mmr,Myanmar,1956,Never had a female head of state
8837,mmr,Myanmar,1957,Never had a female head of state
8838,mmr,Myanmar,1958,Never had a female head of state
8839,mmr,Myanmar,1959,Never had a female head of state
8840,mmr,Myanmar,1960,Never had a female head of state
8841,mmr,Myanmar,1961,Never had a female head of state
8842,mmr,Myanmar,1962,Never had a female head of state
8843,mmr,Myanmar,1963,Never had a female head of state
8844,mmr,Myanmar,1964,Never had a female head of state
8845,mmr,Myanmar,1965,Never had a female head of state
8846,mmr,Myanmar,1966,Never had a female head of state
8847,mmr,Myanmar,1967,Never had a female head of state
8848,mmr,Myanmar,1968,Never had a female head of state
8849,mmr,Myanmar,1969,Never had a female head of state
8850,mmr,Myanmar,1970,Never had a female head of state
8851,mmr,Myanmar,1971,Never had a female head of state
8852,mmr,Myanmar,1972,Never had a female head of state
8853,mmr,Myanmar,1973,Never had a female head of state
8854,mmr,Myanmar,1974,Never had a female head of state
8855,mmr,Myanmar,1975,Never had a female head of state
8856,mmr,Myanmar,1976,Never had a female head of state
8857,mmr,Myanmar,1977,Never had a female head of state
8858,mmr,Myanmar,1978,Never had a female head of state
8859,mmr,Myanmar,1979,Never had a female head of state
8860,mmr,Myanmar,1980,Never had a female head of state
8861,mmr,Myanmar,1981,Never had a female head of state
8862,mmr,Myanmar,1982,Never had a female head of state
8863,mmr,Myanmar,1983,Never had a female head of state
8864,mmr,Myanmar,1984,Never had a female head of state
8865,mmr,Myanmar,1985,Never had a female head of state
8866,mmr,Myanmar,1986,Never had a female head of state
8867,mmr,Myanmar,1987,Never had a female head of state
8868,mmr,Myanmar,1988,Never had a female head of state
8869,mmr,Myanmar,1989,Never had a female head of state
8870,mmr,Myanmar,1990,Never had a female head of state
8871,mmr,Myanmar,1991,Never had a female head of state
8872,mmr,Myanmar,1992,Never had a female head of state
8873,mmr,Myanmar,1993,Never had a female head of state
8874,mmr,Myanmar,1994,Never had a female head of state
8875,mmr,Myanmar,1995,Never had a female head of state
8876,mmr,Myanmar,1996,Never had a female head of state
8877,mmr,Myanmar,1997,Never had a female head of state
8878,mmr,Myanmar,1998,Never had a female head of state
8879,mmr,Myanmar,1999,Never had a female head of state
8880,mmr,Myanmar,2000,Never had a female head of state
8881,mmr,Myanmar,2001,Never had a female head of state
8882,mmr,Myanmar,2002,Never had a female head of state
8883,mmr,Myanmar,2003,Never had a female head of state
8884,mmr,Myanmar,2004,Never had a female head of state
8885,mmr,Myanmar,2005,Never had a female head of state
8886,mmr,Myanmar,2006,Never had a female head of state
8887,mmr,Myanmar,2007,Never had a female head of state
8888,mmr,Myanmar,2008,Never had a female head of state
8889,mmr,Myanmar,2009,Never had a female head of state
8890,mmr,Myanmar,2010,Never had a female head of state
8891,mmr,Myanmar,2011,Never had a female head of state
8892,mmr,Myanmar,2012,Never had a female head of state
8893,mmr,Myanmar,2013,Never had a female head of state
8894,mmr,Myanmar,2014,Never had a female head of state
8895,mmr,Myanmar,2015,Never had a female head of state
8896,mmr,Myanmar,2016,Had a female head of state
8897,mmr,Myanmar,2017,Had a female head of state
8898,mmr,Myanmar,2018,Had a female head of state
8899,mmr,Myanmar,2019,Had a female head of state
8900,mmr,Myanmar,2020,Had a female head of state
8901,mmr,Myanmar,2021,Had a female head of state
8902,mmr,Myanmar,2022,Had a female head of state
8903,mmr,Myanmar,2023,Had a female head of state
8904,mmr,Myanmar,2024,Had a female head of state
8905,mmr,Myanmar,2025,Had a female head of state
8906,nam,Namibia,1953,Never had a female head of state
8907,nam,Namibia,1954,Never had a female head of state
8908,nam,Namibia,1955,Never had a female head of state
8909,nam,Namibia,1956,Never had a female head of state
8910,nam,Namibia,1957,Never had a female head of state
8911,nam,Namibia,1958,Never had a female head of state
8912,nam,Namibia,1959,Never had a female head of state
8913,nam,Namibia,1960,Never had a female head of state
8914,nam,Namibia,1961,Never had a female head of state
8915,nam,Namibia,1962,Never had a female head of state
8916,nam,Namibia,1963,Never had a female head of state
8917,nam,Namibia,1964,Never had a female head of state
8918,nam,Namibia,1965,Never had a female head of state
8919,nam,Namibia,1966,Never had a female head of state
8920,nam,Namibia,1967,Never had a female head of state
8921,nam,Namibia,1968,Never had a female head of state
8922,nam,Namibia,1969,Never had a female head of state
8923,nam,Namibia,1970,Never had a female head of state
8924,nam,Namibia,1971,Never had a female head of state
8925,nam,Namibia,1972,Never had a female head of state
8926,nam,Namibia,1973,Never had a female head of state
8927,nam,Namibia,1974,Never had a female head of state
8928,nam,Namibia,1975,Never had a female head of state
8929,nam,Namibia,1976,Never had a female head of state
8930,nam,Namibia,1977,Never had a female head of state
8931,nam,Namibia,1978,Never had a female head of state
8932,nam,Namibia,1979,Never had a female head of state
8933,nam,Namibia,1980,Never had a female head of state
8934,nam,Namibia,1981,Never had a female head of state
8935,nam,Namibia,1982,Never had a female head of state
8936,nam,Namibia,1983,Never had a female head of state
8937,nam,Namibia,1984,Never had a female head of state
8938,nam,Namibia,1985,Never had a female head of state
8939,nam,Namibia,1986,Never had a female head of state
8940,nam,Namibia,1987,Never had a female head of state
8941,nam,Namibia,1988,Never had a female head of state
8942,nam,Namibia,1989,Never had a female head of state
8943,nam,Namibia,1990,Never had a female head of state
8944,nam,Namibia,1991,Never had a female head of state
8945,nam,Namibia,1992,Never had a female head of state
8946,nam,Namibia,1993,Never had a female head of state
8947,nam,Namibia,1994,Never had a female head of state
8948,nam,Namibia,1995,Never had a female head of state
8949,nam,Namibia,1996,Never had a female head of state
8950,nam,Namibia,1997,Never had a female head of state
8951,nam,Namibia,1998,Never had a female head of state
8952,nam,Namibia,1999,Never had a female head of state
8953,nam,Namibia,2000,Never had a female head of state
8954,nam,Namibia,2001,Never had a female head of state
8955,nam,Namibia,2002,Never had a female head of state
8956,nam,Namibia,2003,Never had a female head of state
8957,nam,Namibia,2004,Never had a female head of state
8958,nam,Namibia,2005,Never had a female head of state
8959,nam,Namibia,2006,Never had a female head of state
8960,nam,Namibia,2007,Never had a female head of state
8961,nam,Namibia,2008,Never had a female head of state
8962,nam,Namibia,2009,Never had a female head of state
8963,nam,Namibia,2010,Never had a female head of state
8964,nam,Namibia,2011,Never had a female head of state
8965,nam,Namibia,2012,Never had a female head of state
8966,nam,Namibia,2013,Never had a female head of state
8967,nam,Namibia,2014,Never had a female head of state
8968,nam,Namibia,2015,Never had a female head of state
8969,nam,Namibia,2016,Never had a female head of state
8970,nam,Namibia,2017,Never had a female head of state
8971,nam,Namibia,2018,Never had a female head of state
8972,nam,Namibia,2019,Never had a female head of state
8973,nam,Namibia,2020,Never had a female head of state
8974,nam,Namibia,2021,Never had a female head of state
8975,nam,Namibia,2022,Never had a female head of state
8976,nam,Namibia,2023,Never had a female head of state
8977,nam,Namibia,2024,Never had a female head of state
8978,nam,Namibia,2025,Had a female head of state
8979,nru,Nauru,1953,Never had a female head of state
8980,nru,Nauru,1954,Never had a female head of state
8981,nru,Nauru,1955,Never had a female head of state
8982,nru,Nauru,1956,Never had a female head of state
8983,nru,Nauru,1957,Never had a female head of state
8984,nru,Nauru,1958,Never had a female head of state
8985,nru,Nauru,1959,Never had a female head of state
8986,nru,Nauru,1960,Never had a female head of state
8987,nru,Nauru,1961,Never had a female head of state
8988,nru,Nauru,1962,Never had a female head of state
8989,nru,Nauru,1963,Never had a female head of state
8990,nru,Nauru,1964,Never had a female head of state
8991,nru,Nauru,1965,Never had a female head of state
8992,nru,Nauru,1966,Never had a female head of state
8993,nru,Nauru,1967,Never had a female head of state
8994,nru,Nauru,1968,Never had a female head of state
8995,nru,Nauru,1969,Never had a female head of state
8996,nru,Nauru,1970,Never had a female head of state
8997,nru,Nauru,1971,Never had a female head of state
8998,nru,Nauru,1972,Never had a female head of state
8999,nru,Nauru,1973,Never had a female head of state
9000,nru,Nauru,1974,Never had a female head of state
9001,nru,Nauru,1975,Never had a female head of state
9002,nru,Nauru,1976,Never had a female head of state
9003,nru,Nauru,1977,Never had a female head of state
9004,nru,Nauru,1978,Never had a female head of state
9005,nru,Nauru,1979,Never had a female head of state
9006,nru,Nauru,1980,Never had a female head of state
9007,nru,Nauru,1981,Never had a female head of state
9008,nru,Nauru,1982,Never had a female head of state
9009,nru,Nauru,1983,Never had a female head of state
9010,nru,Nauru,1984,Never had a female head of state
9011,nru,Nauru,1985,Never had a female head of state
9012,nru,Nauru,1986,Never had a female head of state
9013,nru,Nauru,1987,Never had a female head of state
9014,nru,Nauru,1988,Never had a female head of state
9015,nru,Nauru,1989,Never had a female head of state
9016,nru,Nauru,1990,Never had a female head of state
9017,nru,Nauru,1991,Never had a female head of state
9018,nru,Nauru,1992,Never had a female head of state
9019,nru,Nauru,1993,Never had a female head of state
9020,nru,Nauru,1994,Never had a female head of state
9021,nru,Nauru,1995,Never had a female head of state
9022,nru,Nauru,1996,Never had a female head of state
9023,nru,Nauru,1997,Never had a female head of state
9024,nru,Nauru,1998,Never had a female head of state
9025,nru,Nauru,1999,Never had a female head of state
9026,nru,Nauru,2000,Never had a female head of state
9027,nru,Nauru,2001,Never had a female head of state
9028,nru,Nauru,2002,Never had a female head of state
9029,nru,Nauru,2003,Never had a female head of state
9030,nru,Nauru,2004,Never had a female head of state
9031,nru,Nauru,2005,Never had a female head of state
9032,nru,Nauru,2006,Never had a female head of state
9033,nru,Nauru,2007,Never had a female head of state
9034,nru,Nauru,2008,Never had a female head of state
9035,nru,Nauru,2009,Never had a female head of state
9036,nru,Nauru,2010,Never had a female head of state
9037,nru,Nauru,2011,Never had a female head of state
9038,nru,Nauru,2012,Never had a female head of state
9039,nru,Nauru,2013,Never had a female head of state
9040,nru,Nauru,2014,Never had a female head of state
9041,nru,Nauru,2015,Never had a female head of state
9042,nru,Nauru,2016,Never had a female head of state
9043,nru,Nauru,2017,Never had a female head of state
9044,nru,Nauru,2018,Never had a female head of state
9045,nru,Nauru,2019,Never had a female head of state
9046,nru,Nauru,2020,Never had a female head of state
9047,nru,Nauru,2021,Never had a female head of state
9048,nru,Nauru,2022,Never had a female head of state
9049,nru,Nauru,2023,Never had a female head of state
9050,nru,Nauru,2024,Never had a female head of state
9051,nru,Nauru,2025,Never had a female head of state
9052,npl,Nepal,1953,Never had a female head of state
9053,npl,Nepal,1954,Never had a female head of state
9054,npl,Nepal,1955,Never had a female head of state
9055,npl,Nepal,1956,Never had a female head of state
9056,npl,Nepal,1957,Never had a female head of state
9057,npl,Nepal,1958,Never had a female head of state
9058,npl,Nepal,1959,Never had a female head of state
9059,npl,Nepal,1960,Never had a female head of state
9060,npl,Nepal,1961,Never had a female head of state
9061,npl,Nepal,1962,Never had a female head of state
9062,npl,Nepal,1963,Never had a female head of state
9063,npl,Nepal,1964,Never had a female head of state
9064,npl,Nepal,1965,Never had a female head of state
9065,npl,Nepal,1966,Never had a female head of state
9066,npl,Nepal,1967,Never had a female head of state
9067,npl,Nepal,1968,Never had a female head of state
9068,npl,Nepal,1969,Never had a female head of state
9069,npl,Nepal,1970,Never had a female head of state
9070,npl,Nepal,1971,Never had a female head of state
9071,npl,Nepal,1972,Never had a female head of state
9072,npl,Nepal,1973,Never had a female head of state
9073,npl,Nepal,1974,Never had a female head of state
9074,npl,Nepal,1975,Never had a female head of state
9075,npl,Nepal,1976,Never had a female head of state
9076,npl,Nepal,1977,Never had a female head of state
9077,npl,Nepal,1978,Never had a female head of state
9078,npl,Nepal,1979,Never had a female head of state
9079,npl,Nepal,1980,Never had a female head of state
9080,npl,Nepal,1981,Never had a female head of state
9081,npl,Nepal,1982,Never had a female head of state
9082,npl,Nepal,1983,Never had a female head of state
9083,npl,Nepal,1984,Never had a female head of state
9084,npl,Nepal,1985,Never had a female head of state
9085,npl,Nepal,1986,Never had a female head of state
9086,npl,Nepal,1987,Never had a female head of state
9087,npl,Nepal,1988,Never had a female head of state
9088,npl,Nepal,1989,Never had a female head of state
9089,npl,Nepal,1990,Never had a female head of state
9090,npl,Nepal,1991,Never had a female head of state
9091,npl,Nepal,1992,Never had a female head of state
9092,npl,Nepal,1993,Never had a female head of state
9093,npl,Nepal,1994,Never had a female head of state
9094,npl,Nepal,1995,Never had a female head of state
9095,npl,Nepal,1996,Never had a female head of state
9096,npl,Nepal,1997,Never had a female head of state
9097,npl,Nepal,1998,Never had a female head of state
9098,npl,Nepal,1999,Never had a female head of state
9099,npl,Nepal,2000,Never had a female head of state
9100,npl,Nepal,2001,Never had a female head of state
9101,npl,Nepal,2002,Never had a female head of state
9102,npl,Nepal,2003,Never had a female head of state
9103,npl,Nepal,2004,Never had a female head of state
9104,npl,Nepal,2005,Never had a female head of state
9105,npl,Nepal,2006,Never had a female head of state
9106,npl,Nepal,2007,Never had a female head of state
9107,npl,Nepal,2008,Never had a female head of state
9108,npl,Nepal,2009,Never had a female head of state
9109,npl,Nepal,2010,Never had a female head of state
9110,npl,Nepal,2011,Never had a female head of state
9111,npl,Nepal,2012,Never had a female head of state
9112,npl,Nepal,2013,Never had a female head of state
9113,npl,Nepal,2014,Never had a female head of state
9114,npl,Nepal,2015,Had a female head of state
9115,npl,Nepal,2016,Had a female head of state
9116,npl,Nepal,2017,Had a female head of state
9117,npl,Nepal,2018,Had a female head of state
9118,npl,Nepal,2019,Had a female head of state
9119,npl,Nepal,2020,Had a female head of state
9120,npl,Nepal,2021,Had a female head of state
9121,npl,Nepal,2022,Had a female head of state
9122,npl,Nepal,2023,Had a female head of state
9123,npl,Nepal,2024,Had a female head of state
9124,npl,Nepal,2025,Had a female head of state
9125,nld,Netherlands,1953,Never had a female head of state
9126,nld,Netherlands,1954,Never had a female head of state
9127,nld,Netherlands,1955,Never had a female head of state
9128,nld,Netherlands,1956,Never had a female head of state
9129,nld,Netherlands,1957,Never had a female head of state
9130,nld,Netherlands,1958,Never had a female head of state
9131,nld,Netherlands,1959,Never had a female head of state
9132,nld,Netherlands,1960,Never had a female head of state
9133,nld,Netherlands,1961,Never had a female head of state
9134,nld,Netherlands,1962,Never had a female head of state
9135,nld,Netherlands,1963,Never had a female head of state
9136,nld,Netherlands,1964,Never had a female head of state
9137,nld,Netherlands,1965,Never had a female head of state
9138,nld,Netherlands,1966,Never had a female head of state
9139,nld,Netherlands,1967,Never had a female head of state
9140,nld,Netherlands,1968,Never had a female head of state
9141,nld,Netherlands,1969,Never had a female head of state
9142,nld,Netherlands,1970,Never had a female head of state
9143,nld,Netherlands,1971,Never had a female head of state
9144,nld,Netherlands,1972,Never had a female head of state
9145,nld,Netherlands,1973,Never had a female head of state
9146,nld,Netherlands,1974,Never had a female head of state
9147,nld,Netherlands,1975,Never had a female head of state
9148,nld,Netherlands,1976,Never had a female head of state
9149,nld,Netherlands,1977,Never had a female head of state
9150,nld,Netherlands,1978,Never had a female head of state
9151,nld,Netherlands,1979,Never had a female head of state
9152,nld,Netherlands,1980,Never had a female head of state
9153,nld,Netherlands,1981,Never had a female head of state
9154,nld,Netherlands,1982,Never had a female head of state
9155,nld,Netherlands,1983,Never had a female head of state
9156,nld,Netherlands,1984,Never had a female head of state
9157,nld,Netherlands,1985,Never had a female head of state
9158,nld,Netherlands,1986,Never had a female head of state
9159,nld,Netherlands,1987,Never had a female head of state
9160,nld,Netherlands,1988,Never had a female head of state
9161,nld,Netherlands,1989,Never had a female head of state
9162,nld,Netherlands,1990,Never had a female head of state
9163,nld,Netherlands,1991,Never had a female head of state
9164,nld,Netherlands,1992,Never had a female head of state
9165,nld,Netherlands,1993,Never had a female head of state
9166,nld,Netherlands,1994,Never had a female head of state
9167,nld,Netherlands,1995,Never had a female head of state
9168,nld,Netherlands,1996,Never had a female head of state
9169,nld,Netherlands,1997,Never had a female head of state
9170,nld,Netherlands,1998,Never had a female head of state
9171,nld,Netherlands,1999,Never had a female head of state
9172,nld,Netherlands,2000,Never had a female head of state
9173,nld,Netherlands,2001,Never had a female head of state
9174,nld,Netherlands,2002,Never had a female head of state
9175,nld,Netherlands,2003,Never had a female head of state
9176,nld,Netherlands,2004,Never had a female head of state
9177,nld,Netherlands,2005,Never had a female head of state
9178,nld,Netherlands,2006,Never had a female head of state
9179,nld,Netherlands,2007,Never had a female head of state
9180,nld,Netherlands,2008,Never had a female head of state
9181,nld,Netherlands,2009,Never had a female head of state
9182,nld,Netherlands,2010,Never had a female head of state
9183,nld,Netherlands,2011,Never had a female head of state
9184,nld,Netherlands,2012,Never had a female head of state
9185,nld,Netherlands,2013,Never had a female head of state
9186,nld,Netherlands,2014,Never had a female head of state
9187,nld,Netherlands,2015,Never had a female head of state
9188,nld,Netherlands,2016,Never had a female head of state
9189,nld,Netherlands,2017,Never had a female head of state
9190,nld,Netherlands,2018,Never had a female head of state
9191,nld,Netherlands,2019,Never had a female head of state
9192,nld,Netherlands,2020,Never had a female head of state
9193,nld,Netherlands,2021,Never had a female head of state
9194,nld,Netherlands,2022,Never had a female head of state
9195,nld,Netherlands,2023,Never had a female head of state
9196,nld,Netherlands,2024,Never had a female head of state
9197,nld,Netherlands,2025,Never had a female head of state
9198,nzl,New Zealand,1953,Never had a female head of state
9199,nzl,New Zealand,1954,Never had a female head of state
9200,nzl,New Zealand,1955,Never had a female head of state
9201,nzl,New Zealand,1956,Never had a female head of state
9202,nzl,New Zealand,1957,Never had a female head of state
9203,nzl,New Zealand,1958,Never had a female head of state
9204,nzl,New Zealand,1959,Never had a female head of state
9205,nzl,New Zealand,1960,Never had a female head of state
9206,nzl,New Zealand,1961,Never had a female head of state
9207,nzl,New Zealand,1962,Never had a female head of state
9208,nzl,New Zealand,1963,Never had a female head of state
9209,nzl,New Zealand,1964,Never had a female head of state
9210,nzl,New Zealand,1965,Never had a female head of state
9211,nzl,New Zealand,1966,Never had a female head of state
9212,nzl,New Zealand,1967,Never had a female head of state
9213,nzl,New Zealand,1968,Never had a female head of state
9214,nzl,New Zealand,1969,Never had a female head of state
9215,nzl,New Zealand,1970,Never had a female head of state
9216,nzl,New Zealand,1971,Never had a female head of state
9217,nzl,New Zealand,1972,Never had a female head of state
9218,nzl,New Zealand,1973,Never had a female head of state
9219,nzl,New Zealand,1974,Never had a female head of state
9220,nzl,New Zealand,1975,Never had a female head of state
9221,nzl,New Zealand,1976,Never had a female head of state
9222,nzl,New Zealand,1977,Never had a female head of state
9223,nzl,New Zealand,1978,Never had a female head of state
9224,nzl,New Zealand,1979,Never had a female head of state
9225,nzl,New Zealand,1980,Never had a female head of state
9226,nzl,New Zealand,1981,Never had a female head of state
9227,nzl,New Zealand,1982,Never had a female head of state
9228,nzl,New Zealand,1983,Never had a female head of state
9229,nzl,New Zealand,1984,Never had a female head of state
9230,nzl,New Zealand,1985,Never had a female head of state
9231,nzl,New Zealand,1986,Never had a female head of state
9232,nzl,New Zealand,1987,Never had a female head of state
9233,nzl,New Zealand,1988,Never had a female head of state
9234,nzl,New Zealand,1989,Never had a female head of state
9235,nzl,New Zealand,1990,Never had a female head of state
9236,nzl,New Zealand,1991,Never had a female head of state
9237,nzl,New Zealand,1992,Never had a female head of state
9238,nzl,New Zealand,1993,Never had a female head of state
9239,nzl,New Zealand,1994,Never had a female head of state
9240,nzl,New Zealand,1995,Never had a female head of state
9241,nzl,New Zealand,1996,Never had a female head of state
9242,nzl,New Zealand,1997,Had a female head of state
9243,nzl,New Zealand,1998,Had a female head of state
9244,nzl,New Zealand,1999,Had a female head of state
9245,nzl,New Zealand,2000,Had a female head of state
9246,nzl,New Zealand,2001,Had a female head of state
9247,nzl,New Zealand,2002,Had a female head of state
9248,nzl,New Zealand,2003,Had a female head of state
9249,nzl,New Zealand,2004,Had a female head of state
9250,nzl,New Zealand,2005,Had a female head of state
9251,nzl,New Zealand,2006,Had a female head of state
9252,nzl,New Zealand,2007,Had a female head of state
9253,nzl,New Zealand,2008,Had a female head of state
9254,nzl,New Zealand,2009,Had a female head of state
9255,nzl,New Zealand,2010,Had a female head of state
9256,nzl,New Zealand,2011,Had a female head of state
9257,nzl,New Zealand,2012,Had a female head of state
9258,nzl,New Zealand,2013,Had a female head of state
9259,nzl,New Zealand,2014,Had a female head of state
9260,nzl,New Zealand,2015,Had a female head of state
9261,nzl,New Zealand,2016,Had a female head of state
9262,nzl,New Zealand,2017,Had a female head of state
9263,nzl,New Zealand,2018,Had a female head of state
9264,nzl,New Zealand,2019,Had a female head of state
9265,nzl,New Zealand,2020,Had a female head of state
9266,nzl,New Zealand,2021,Had a female head of state
9267,nzl,New Zealand,2022,Had a female head of state
9268,nzl,New Zealand,2023,Had a female head of state
9269,nzl,New Zealand,2024,Had a female head of state
9270,nzl,New Zealand,2025,Had a female head of state
9271,nic,Nicaragua,1953,Never had a female head of state
9272,nic,Nicaragua,1954,Never had a female head of state
9273,nic,Nicaragua,1955,Never had a female head of state
9274,nic,Nicaragua,1956,Never had a female head of state
9275,nic,Nicaragua,1957,Never had a female head of state
9276,nic,Nicaragua,1958,Never had a female head of state
9277,nic,Nicaragua,1959,Never had a female head of state
9278,nic,Nicaragua,1960,Never had a female head of state
9279,nic,Nicaragua,1961,Never had a female head of state
9280,nic,Nicaragua,1962,Never had a female head of state
9281,nic,Nicaragua,1963,Never had a female head of state
9282,nic,Nicaragua,1964,Never had a female head of state
9283,nic,Nicaragua,1965,Never had a female head of state
9284,nic,Nicaragua,1966,Never had a female head of state
9285,nic,Nicaragua,1967,Never had a female head of state
9286,nic,Nicaragua,1968,Never had a female head of state
9287,nic,Nicaragua,1969,Never had a female head of state
9288,nic,Nicaragua,1970,Never had a female head of state
9289,nic,Nicaragua,1971,Never had a female head of state
9290,nic,Nicaragua,1972,Never had a female head of state
9291,nic,Nicaragua,1973,Never had a female head of state
9292,nic,Nicaragua,1974,Never had a female head of state
9293,nic,Nicaragua,1975,Never had a female head of state
9294,nic,Nicaragua,1976,Never had a female head of state
9295,nic,Nicaragua,1977,Never had a female head of state
9296,nic,Nicaragua,1978,Never had a female head of state
9297,nic,Nicaragua,1979,Never had a female head of state
9298,nic,Nicaragua,1980,Never had a female head of state
9299,nic,Nicaragua,1981,Never had a female head of state
9300,nic,Nicaragua,1982,Never had a female head of state
9301,nic,Nicaragua,1983,Never had a female head of state
9302,nic,Nicaragua,1984,Never had a female head of state
9303,nic,Nicaragua,1985,Never had a female head of state
9304,nic,Nicaragua,1986,Never had a female head of state
9305,nic,Nicaragua,1987,Never had a female head of state
9306,nic,Nicaragua,1988,Never had a female head of state
9307,nic,Nicaragua,1989,Never had a female head of state
9308,nic,Nicaragua,1990,Had a female head of state
9309,nic,Nicaragua,1991,Had a female head of state
9310,nic,Nicaragua,1992,Had a female head of state
9311,nic,Nicaragua,1993,Had a female head of state
9312,nic,Nicaragua,1994,Had a female head of state
9313,nic,Nicaragua,1995,Had a female head of state
9314,nic,Nicaragua,1996,Had a female head of state
9315,nic,Nicaragua,1997,Had a female head of state
9316,nic,Nicaragua,1998,Had a female head of state
9317,nic,Nicaragua,1999,Had a female head of state
9318,nic,Nicaragua,2000,Had a female head of state
9319,nic,Nicaragua,2001,Had a female head of state
9320,nic,Nicaragua,2002,Had a female head of state
9321,nic,Nicaragua,2003,Had a female head of state
9322,nic,Nicaragua,2004,Had a female head of state
9323,nic,Nicaragua,2005,Had a female head of state
9324,nic,Nicaragua,2006,Had a female head of state
9325,nic,Nicaragua,2007,Had a female head of state
9326,nic,Nicaragua,2008,Had a female head of state
9327,nic,Nicaragua,2009,Had a female head of state
9328,nic,Nicaragua,2010,Had a female head of state
9329,nic,Nicaragua,2011,Had a female head of state
9330,nic,Nicaragua,2012,Had a female head of state
9331,nic,Nicaragua,2013,Had a female head of state
9332,nic,Nicaragua,2014,Had a female head of state
9333,nic,Nicaragua,2015,Had a female head of state
9334,nic,Nicaragua,2016,Had a female head of state
9335,nic,Nicaragua,2017,Had a female head of state
9336,nic,Nicaragua,2018,Had a female head of state
9337,nic,Nicaragua,2019,Had a female head of state
9338,nic,Nicaragua,2020,Had a female head of state
9339,nic,Nicaragua,2021,Had a female head of state
9340,nic,Nicaragua,2022,Had a female head of state
9341,nic,Nicaragua,2023,Had a female head of state
9342,nic,Nicaragua,2024,Had a female head of state
9343,nic,Nicaragua,2025,Had a female head of state
9344,ner,Niger,1953,Never had a female head of state
9345,ner,Niger,1954,Never had a female head of state
9346,ner,Niger,1955,Never had a female head of state
9347,ner,Niger,1956,Never had a female head of state
9348,ner,Niger,1957,Never had a female head of state
9349,ner,Niger,1958,Never had a female head of state
9350,ner,Niger,1959,Never had a female head of state
9351,ner,Niger,1960,Never had a female head of state
9352,ner,Niger,1961,Never had a female head of state
9353,ner,Niger,1962,Never had a female head of state
9354,ner,Niger,1963,Never had a female head of state
9355,ner,Niger,1964,Never had a female head of state
9356,ner,Niger,1965,Never had a female head of state
9357,ner,Niger,1966,Never had a female head of state
9358,ner,Niger,1967,Never had a female head of state
9359,ner,Niger,1968,Never had a female head of state
9360,ner,Niger,1969,Never had a female head of state
9361,ner,Niger,1970,Never had a female head of state
9362,ner,Niger,1971,Never had a female head of state
9363,ner,Niger,1972,Never had a female head of state
9364,ner,Niger,1973,Never had a female head of state
9365,ner,Niger,1974,Never had a female head of state
9366,ner,Niger,1975,Never had a female head of state
9367,ner,Niger,1976,Never had a female head of state
9368,ner,Niger,1977,Never had a female head of state
9369,ner,Niger,1978,Never had a female head of state
9370,ner,Niger,1979,Never had a female head of state
9371,ner,Niger,1980,Never had a female head of state
9372,ner,Niger,1981,Never had a female head of state
9373,ner,Niger,1982,Never had a female head of state
9374,ner,Niger,1983,Never had a female head of state
9375,ner,Niger,1984,Never had a female head of state
9376,ner,Niger,1985,Never had a female head of state
9377,ner,Niger,1986,Never had a female head of state
9378,ner,Niger,1987,Never had a female head of state
9379,ner,Niger,1988,Never had a female head of state
9380,ner,Niger,1989,Never had a female head of state
9381,ner,Niger,1990,Never had a female head of state
9382,ner,Niger,1991,Never had a female head of state
9383,ner,Niger,1992,Never had a female head of state
9384,ner,Niger,1993,Never had a female head of state
9385,ner,Niger,1994,Never had a female head of state
9386,ner,Niger,1995,Never had a female head of state
9387,ner,Niger,1996,Never had a female head of state
9388,ner,Niger,1997,Never had a female head of state
9389,ner,Niger,1998,Never had a female head of state
9390,ner,Niger,1999,Never had a female head of state
9391,ner,Niger,2000,Never had a female head of state
9392,ner,Niger,2001,Never had a female head of state
9393,ner,Niger,2002,Never had a female head of state
9394,ner,Niger,2003,Never had a female head of state
9395,ner,Niger,2004,Never had a female head of state
9396,ner,Niger,2005,Never had a female head of state
9397,ner,Niger,2006,Never had a female head of state
9398,ner,Niger,2007,Never had a female head of state
9399,ner,Niger,2008,Never had a female head of state
9400,ner,Niger,2009,Never had a female head of state
9401,ner,Niger,2010,Never had a female head of state
9402,ner,Niger,2011,Never had a female head of state
9403,ner,Niger,2012,Never had a female head of state
9404,ner,Niger,2013,Never had a female head of state
9405,ner,Niger,2014,Never had a female head of state
9406,ner,Niger,2015,Never had a female head of state
9407,ner,Niger,2016,Never had a female head of state
9408,ner,Niger,2017,Never had a female head of state
9409,ner,Niger,2018,Never had a female head of state
9410,ner,Niger,2019,Never had a female head of state
9411,ner,Niger,2020,Never had a female head of state
9412,ner,Niger,2021,Never had a female head of state
9413,ner,Niger,2022,Never had a female head of state
9414,ner,Niger,2023,Never had a female head of state
9415,ner,Niger,2024,Never had a female head of state
9416,ner,Niger,2025,Never had a female head of state
9417,nga,Nigeria,1953,Never had a female head of state
9418,nga,Nigeria,1954,Never had a female head of state
9419,nga,Nigeria,1955,Never had a female head of state
9420,nga,Nigeria,1956,Never had a female head of state
9421,nga,Nigeria,1957,Never had a female head of state
9422,nga,Nigeria,1958,Never had a female head of state
9423,nga,Nigeria,1959,Never had a female head of state
9424,nga,Nigeria,1960,Never had a female head of state
9425,nga,Nigeria,1961,Never had a female head of state
9426,nga,Nigeria,1962,Never had a female head of state
9427,nga,Nigeria,1963,Never had a female head of state
9428,nga,Nigeria,1964,Never had a female head of state
9429,nga,Nigeria,1965,Never had a female head of state
9430,nga,Nigeria,1966,Never had a female head of state
9431,nga,Nigeria,1967,Never had a female head of state
9432,nga,Nigeria,1968,Never had a female head of state
9433,nga,Nigeria,1969,Never had a female head of state
9434,nga,Nigeria,1970,Never had a female head of state
9435,nga,Nigeria,1971,Never had a female head of state
9436,nga,Nigeria,1972,Never had a female head of state
9437,nga,Nigeria,1973,Never had a female head of state
9438,nga,Nigeria,1974,Never had a female head of state
9439,nga,Nigeria,1975,Never had a female head of state
9440,nga,Nigeria,1976,Never had a female head of state
9441,nga,Nigeria,1977,Never had a female head of state
9442,nga,Nigeria,1978,Never had a female head of state
9443,nga,Nigeria,1979,Never had a female head of state
9444,nga,Nigeria,1980,Never had a female head of state
9445,nga,Nigeria,1981,Never had a female head of state
9446,nga,Nigeria,1982,Never had a female head of state
9447,nga,Nigeria,1983,Never had a female head of state
9448,nga,Nigeria,1984,Never had a female head of state
9449,nga,Nigeria,1985,Never had a female head of state
9450,nga,Nigeria,1986,Never had a female head of state
9451,nga,Nigeria,1987,Never had a female head of state
9452,nga,Nigeria,1988,Never had a female head of state
9453,nga,Nigeria,1989,Never had a female head of state
9454,nga,Nigeria,1990,Never had a female head of state
9455,nga,Nigeria,1991,Never had a female head of state
9456,nga,Nigeria,1992,Never had a female head of state
9457,nga,Nigeria,1993,Never had a female head of state
9458,nga,Nigeria,1994,Never had a female head of state
9459,nga,Nigeria,1995,Never had a female head of state
9460,nga,Nigeria,1996,Never had a female head of state
9461,nga,Nigeria,1997,Never had a female head of state
9462,nga,Nigeria,1998,Never had a female head of state
9463,nga,Nigeria,1999,Never had a female head of state
9464,nga,Nigeria,2000,Never had a female head of state
9465,nga,Nigeria,2001,Never had a female head of state
9466,nga,Nigeria,2002,Never had a female head of state
9467,nga,Nigeria,2003,Never had a female head of state
9468,nga,Nigeria,2004,Never had a female head of state
9469,nga,Nigeria,2005,Never had a female head of state
9470,nga,Nigeria,2006,Never had a female head of state
9471,nga,Nigeria,2007,Never had a female head of state
9472,nga,Nigeria,2008,Never had a female head of state
9473,nga,Nigeria,2009,Never had a female head of state
9474,nga,Nigeria,2010,Never had a female head of state
9475,nga,Nigeria,2011,Never had a female head of state
9476,nga,Nigeria,2012,Never had a female head of state
9477,nga,Nigeria,2013,Never had a female head of state
9478,nga,Nigeria,2014,Never had a female head of state
9479,nga,Nigeria,2015,Never had a female head of state
9480,nga,Nigeria,2016,Never had a female head of state
9481,nga,Nigeria,2017,Never had a female head of state
9482,nga,Nigeria,2018,Never had a female head of state
9483,nga,Nigeria,2019,Never had a female head of state
9484,nga,Nigeria,2020,Never had a female head of state
9485,nga,Nigeria,2021,Never had a female head of state
9486,nga,Nigeria,2022,Never had a female head of state
9487,nga,Nigeria,2023,Never had a female head of state
9488,nga,Nigeria,2024,Never had a female head of state
9489,nga,Nigeria,2025,Never had a female head of state
9490,nor,Norway,1953,Never had a female head of state
9491,nor,Norway,1954,Never had a female head of state
9492,nor,Norway,1955,Never had a female head of state
9493,nor,Norway,1956,Never had a female head of state
9494,nor,Norway,1957,Never had a female head of state
9495,nor,Norway,1958,Never had a female head of state
9496,nor,Norway,1959,Never had a female head of state
9497,nor,Norway,1960,Never had a female head of state
9498,nor,Norway,1961,Never had a female head of state
9499,nor,Norway,1962,Never had a female head of state
9500,nor,Norway,1963,Never had a female head of state
9501,nor,Norway,1964,Never had a female head of state
9502,nor,Norway,1965,Never had a female head of state
9503,nor,Norway,1966,Never had a female head of state
9504,nor,Norway,1967,Never had a female head of state
9505,nor,Norway,1968,Never had a female head of state
9506,nor,Norway,1969,Never had a female head of state
9507,nor,Norway,1970,Never had a female head of state
9508,nor,Norway,1971,Never had a female head of state
9509,nor,Norway,1972,Never had a female head of state
9510,nor,Norway,1973,Never had a female head of state
9511,nor,Norway,1974,Never had a female head of state
9512,nor,Norway,1975,Never had a female head of state
9513,nor,Norway,1976,Never had a female head of state
9514,nor,Norway,1977,Never had a female head of state
9515,nor,Norway,1978,Never had a female head of state
9516,nor,Norway,1979,Never had a female head of state
9517,nor,Norway,1980,Never had a female head of state
9518,nor,Norway,1981,Had a female head of state
9519,nor,Norway,1982,Had a female head of state
9520,nor,Norway,1983,Had a female head of state
9521,nor,Norway,1984,Had a female head of state
9522,nor,Norway,1985,Had a female head of state
9523,nor,Norway,1986,Had a female head of state
9524,nor,Norway,1987,Had a female head of state
9525,nor,Norway,1988,Had a female head of state
9526,nor,Norway,1989,Had a female head of state
9527,nor,Norway,1990,Had a female head of state
9528,nor,Norway,1991,Had a female head of state
9529,nor,Norway,1992,Had a female head of state
9530,nor,Norway,1993,Had a female head of state
9531,nor,Norway,1994,Had a female head of state
9532,nor,Norway,1995,Had a female head of state
9533,nor,Norway,1996,Had a female head of state
9534,nor,Norway,1997,Had a female head of state
9535,nor,Norway,1998,Had a female head of state
9536,nor,Norway,1999,Had a female head of state
9537,nor,Norway,2000,Had a female head of state
9538,nor,Norway,2001,Had a female head of state
9539,nor,Norway,2002,Had a female head of state
9540,nor,Norway,2003,Had a female head of state
9541,nor,Norway,2004,Had a female head of state
9542,nor,Norway,2005,Had a female head of state
9543,nor,Norway,2006,Had a female head of state
9544,nor,Norway,2007,Had a female head of state
9545,nor,Norway,2008,Had a female head of state
9546,nor,Norway,2009,Had a female head of state
9547,nor,Norway,2010,Had a female head of state
9548,nor,Norway,2011,Had a female head of state
9549,nor,Norway,2012,Had a female head of state
9550,nor,Norway,2013,Had a female head of state
9551,nor,Norway,2014,Had a female head of state
9552,nor,Norway,2015,Had a female head of state
9553,nor,Norway,2016,Had a female head of state
9554,nor,Norway,2017,Had a female head of state
9555,nor,Norway,2018,Had a female head of state
9556,nor,Norway,2019,Had a female head of state
9557,nor,Norway,2020,Had a female head of state
9558,nor,Norway,2021,Had a female head of state
9559,nor,Norway,2022,Had a female head of state
9560,nor,Norway,2023,Had a female head of state
9561,nor,Norway,2024,Had a female head of state
9562,nor,Norway,2025,Had a female head of state
9563,omn,Oman,1953,Never had a female head of state
9564,omn,Oman,1954,Never had a female head of state
9565,omn,Oman,1955,Never had a female head of state
9566,omn,Oman,1956,Never had a female head of state
9567,omn,Oman,1957,Never had a female head of state
9568,omn,Oman,1958,Never had a female head of state
9569,omn,Oman,1959,Never had a female head of state
9570,omn,Oman,1960,Never had a female head of state
9571,omn,Oman,1961,Never had a female head of state
9572,omn,Oman,1962,Never had a female head of state
9573,omn,Oman,1963,Never had a female head of state
9574,omn,Oman,1964,Never had a female head of state
9575,omn,Oman,1965,Never had a female head of state
9576,omn,Oman,1966,Never had a female head of state
9577,omn,Oman,1967,Never had a female head of state
9578,omn,Oman,1968,Never had a female head of state
9579,omn,Oman,1969,Never had a female head of state
9580,omn,Oman,1970,Never had a female head of state
9581,omn,Oman,1971,Never had a female head of state
9582,omn,Oman,1972,Never had a female head of state
9583,omn,Oman,1973,Never had a female head of state
9584,omn,Oman,1974,Never had a female head of state
9585,omn,Oman,1975,Never had a female head of state
9586,omn,Oman,1976,Never had a female head of state
9587,omn,Oman,1977,Never had a female head of state
9588,omn,Oman,1978,Never had a female head of state
9589,omn,Oman,1979,Never had a female head of state
9590,omn,Oman,1980,Never had a female head of state
9591,omn,Oman,1981,Never had a female head of state
9592,omn,Oman,1982,Never had a female head of state
9593,omn,Oman,1983,Never had a female head of state
9594,omn,Oman,1984,Never had a female head of state
9595,omn,Oman,1985,Never had a female head of state
9596,omn,Oman,1986,Never had a female head of state
9597,omn,Oman,1987,Never had a female head of state
9598,omn,Oman,1988,Never had a female head of state
9599,omn,Oman,1989,Never had a female head of state
9600,omn,Oman,1990,Never had a female head of state
9601,omn,Oman,1991,Never had a female head of state
9602,omn,Oman,1992,Never had a female head of state
9603,omn,Oman,1993,Never had a female head of state
9604,omn,Oman,1994,Never had a female head of state
9605,omn,Oman,1995,Never had a female head of state
9606,omn,Oman,1996,Never had a female head of state
9607,omn,Oman,1997,Never had a female head of state
9608,omn,Oman,1998,Never had a female head of state
9609,omn,Oman,1999,Never had a female head of state
9610,omn,Oman,2000,Never had a female head of state
9611,omn,Oman,2001,Never had a female head of state
9612,omn,Oman,2002,Never had a female head of state
9613,omn,Oman,2003,Never had a female head of state
9614,omn,Oman,2004,Never had a female head of state
9615,omn,Oman,2005,Never had a female head of state
9616,omn,Oman,2006,Never had a female head of state
9617,omn,Oman,2007,Never had a female head of state
9618,omn,Oman,2008,Never had a female head of state
9619,omn,Oman,2009,Never had a female head of state
9620,omn,Oman,2010,Never had a female head of state
9621,omn,Oman,2011,Never had a female head of state
9622,omn,Oman,2012,Never had a female head of state
9623,omn,Oman,2013,Never had a female head of state
9624,omn,Oman,2014,Never had a female head of state
9625,omn,Oman,2015,Never had a female head of state
9626,omn,Oman,2016,Never had a female head of state
9627,omn,Oman,2017,Never had a female head of state
9628,omn,Oman,2018,Never had a female head of state
9629,omn,Oman,2019,Never had a female head of state
9630,omn,Oman,2020,Never had a female head of state
9631,omn,Oman,2021,Never had a female head of state
9632,omn,Oman,2022,Never had a female head of state
9633,omn,Oman,2023,Never had a female head of state
9634,omn,Oman,2024,Never had a female head of state
9635,omn,Oman,2025,Never had a female head of state
9636,pak,Pakistan,1953,Never had a female head of state
9637,pak,Pakistan,1954,Never had a female head of state
9638,pak,Pakistan,1955,Never had a female head of state
9639,pak,Pakistan,1956,Never had a female head of state
9640,pak,Pakistan,1957,Never had a female head of state
9641,pak,Pakistan,1958,Never had a female head of state
9642,pak,Pakistan,1959,Never had a female head of state
9643,pak,Pakistan,1960,Never had a female head of state
9644,pak,Pakistan,1961,Never had a female head of state
9645,pak,Pakistan,1962,Never had a female head of state
9646,pak,Pakistan,1963,Never had a female head of state
9647,pak,Pakistan,1964,Never had a female head of state
9648,pak,Pakistan,1965,Never had a female head of state
9649,pak,Pakistan,1966,Never had a female head of state
9650,pak,Pakistan,1967,Never had a female head of state
9651,pak,Pakistan,1968,Never had a female head of state
9652,pak,Pakistan,1969,Never had a female head of state
9653,pak,Pakistan,1970,Never had a female head of state
9654,pak,Pakistan,1971,Never had a female head of state
9655,pak,Pakistan,1972,Never had a female head of state
9656,pak,Pakistan,1973,Never had a female head of state
9657,pak,Pakistan,1974,Never had a female head of state
9658,pak,Pakistan,1975,Never had a female head of state
9659,pak,Pakistan,1976,Never had a female head of state
9660,pak,Pakistan,1977,Never had a female head of state
9661,pak,Pakistan,1978,Never had a female head of state
9662,pak,Pakistan,1979,Never had a female head of state
9663,pak,Pakistan,1980,Never had a female head of state
9664,pak,Pakistan,1981,Never had a female head of state
9665,pak,Pakistan,1982,Never had a female head of state
9666,pak,Pakistan,1983,Never had a female head of state
9667,pak,Pakistan,1984,Never had a female head of state
9668,pak,Pakistan,1985,Never had a female head of state
9669,pak,Pakistan,1986,Never had a female head of state
9670,pak,Pakistan,1987,Never had a female head of state
9671,pak,Pakistan,1988,Had a female head of state
9672,pak,Pakistan,1989,Had a female head of state
9673,pak,Pakistan,1990,Had a female head of state
9674,pak,Pakistan,1991,Had a female head of state
9675,pak,Pakistan,1992,Had a female head of state
9676,pak,Pakistan,1993,Had a female head of state
9677,pak,Pakistan,1994,Had a female head of state
9678,pak,Pakistan,1995,Had a female head of state
9679,pak,Pakistan,1996,Had a female head of state
9680,pak,Pakistan,1997,Had a female head of state
9681,pak,Pakistan,1998,Had a female head of state
9682,pak,Pakistan,1999,Had a female head of state
9683,pak,Pakistan,2000,Had a female head of state
9684,pak,Pakistan,2001,Had a female head of state
9685,pak,Pakistan,2002,Had a female head of state
9686,pak,Pakistan,2003,Had a female head of state
9687,pak,Pakistan,2004,Had a female head of state
9688,pak,Pakistan,2005,Had a female head of state
9689,pak,Pakistan,2006,Had a female head of state
9690,pak,Pakistan,2007,Had a female head of state
9691,pak,Pakistan,2008,Had a female head of state
9692,pak,Pakistan,2009,Had a female head of state
9693,pak,Pakistan,2010,Had a female head of state
9694,pak,Pakistan,2011,Had a female head of state
9695,pak,Pakistan,2012,Had a female head of state
9696,pak,Pakistan,2013,Had a female head of state
9697,pak,Pakistan,2014,Had a female head of state
9698,pak,Pakistan,2015,Had a female head of state
9699,pak,Pakistan,2016,Had a female head of state
9700,pak,Pakistan,2017,Had a female head of state
9701,pak,Pakistan,2018,Had a female head of state
9702,pak,Pakistan,2019,Had a female head of state
9703,pak,Pakistan,2020,Had a female head of state
9704,pak,Pakistan,2021,Had a female head of state
9705,pak,Pakistan,2022,Had a female head of state
9706,pak,Pakistan,2023,Had a female head of state
9707,pak,Pakistan,2024,Had a female head of state
9708,pak,Pakistan,2025,Had a female head of state
9709,plw,Palau,1953,Never had a female head of state
9710,plw,Palau,1954,Never had a female head of state
9711,plw,Palau,1955,Never had a female head of state
9712,plw,Palau,1956,Never had a female head of state
9713,plw,Palau,1957,Never had a female head of state
9714,plw,Palau,1958,Never had a female head of state
9715,plw,Palau,1959,Never had a female head of state
9716,plw,Palau,1960,Never had a female head of state
9717,plw,Palau,1961,Never had a female head of state
9718,plw,Palau,1962,Never had a female head of state
9719,plw,Palau,1963,Never had a female head of state
9720,plw,Palau,1964,Never had a female head of state
9721,plw,Palau,1965,Never had a female head of state
9722,plw,Palau,1966,Never had a female head of state
9723,plw,Palau,1967,Never had a female head of state
9724,plw,Palau,1968,Never had a female head of state
9725,plw,Palau,1969,Never had a female head of state
9726,plw,Palau,1970,Never had a female head of state
9727,plw,Palau,1971,Never had a female head of state
9728,plw,Palau,1972,Never had a female head of state
9729,plw,Palau,1973,Never had a female head of state
9730,plw,Palau,1974,Never had a female head of state
9731,plw,Palau,1975,Never had a female head of state
9732,plw,Palau,1976,Never had a female head of state
9733,plw,Palau,1977,Never had a female head of state
9734,plw,Palau,1978,Never had a female head of state
9735,plw,Palau,1979,Never had a female head of state
9736,plw,Palau,1980,Never had a female head of state
9737,plw,Palau,1981,Never had a female head of state
9738,plw,Palau,1982,Never had a female head of state
9739,plw,Palau,1983,Never had a female head of state
9740,plw,Palau,1984,Never had a female head of state
9741,plw,Palau,1985,Never had a female head of state
9742,plw,Palau,1986,Never had a female head of state
9743,plw,Palau,1987,Never had a female head of state
9744,plw,Palau,1988,Never had a female head of state
9745,plw,Palau,1989,Never had a female head of state
9746,plw,Palau,1990,Never had a female head of state
9747,plw,Palau,1991,Never had a female head of state
9748,plw,Palau,1992,Never had a female head of state
9749,plw,Palau,1993,Never had a female head of state
9750,plw,Palau,1994,Never had a female head of state
9751,plw,Palau,1995,Never had a female head of state
9752,plw,Palau,1996,Never had a female head of state
9753,plw,Palau,1997,Never had a female head of state
9754,plw,Palau,1998,Never had a female head of state
9755,plw,Palau,1999,Never had a female head of state
9756,plw,Palau,2000,Never had a female head of state
9757,plw,Palau,2001,Never had a female head of state
9758,plw,Palau,2002,Never had a female head of state
9759,plw,Palau,2003,Never had a female head of state
9760,plw,Palau,2004,Never had a female head of state
9761,plw,Palau,2005,Never had a female head of state
9762,plw,Palau,2006,Never had a female head of state
9763,plw,Palau,2007,Never had a female head of state
9764,plw,Palau,2008,Never had a female head of state
9765,plw,Palau,2009,Never had a female head of state
9766,plw,Palau,2010,Never had a female head of state
9767,plw,Palau,2011,Never had a female head of state
9768,plw,Palau,2012,Never had a female head of state
9769,plw,Palau,2013,Never had a female head of state
9770,plw,Palau,2014,Never had a female head of state
9771,plw,Palau,2015,Never had a female head of state
9772,plw,Palau,2016,Never had a female head of state
9773,plw,Palau,2017,Never had a female head of state
9774,plw,Palau,2018,Never had a female head of state
9775,plw,Palau,2019,Never had a female head of state
9776,plw,Palau,2020,Never had a female head of state
9777,plw,Palau,2021,Never had a female head of state
9778,plw,Palau,2022,Never had a female head of state
9779,plw,Palau,2023,Never had a female head of state
9780,plw,Palau,2024,Never had a female head of state
9781,plw,Palau,2025,Never had a female head of state
9782,pan,Panama,1953,Never had a female head of state
9783,pan,Panama,1954,Never had a female head of state
9784,pan,Panama,1955,Never had a female head of state
9785,pan,Panama,1956,Never had a female head of state
9786,pan,Panama,1957,Never had a female head of state
9787,pan,Panama,1958,Never had a female head of state
9788,pan,Panama,1959,Never had a female head of state
9789,pan,Panama,1960,Never had a female head of state
9790,pan,Panama,1961,Never had a female head of state
9791,pan,Panama,1962,Never had a female head of state
9792,pan,Panama,1963,Never had a female head of state
9793,pan,Panama,1964,Never had a female head of state
9794,pan,Panama,1965,Never had a female head of state
9795,pan,Panama,1966,Never had a female head of state
9796,pan,Panama,1967,Never had a female head of state
9797,pan,Panama,1968,Never had a female head of state
9798,pan,Panama,1969,Never had a female head of state
9799,pan,Panama,1970,Never had a female head of state
9800,pan,Panama,1971,Never had a female head of state
9801,pan,Panama,1972,Never had a female head of state
9802,pan,Panama,1973,Never had a female head of state
9803,pan,Panama,1974,Never had a female head of state
9804,pan,Panama,1975,Never had a female head of state
9805,pan,Panama,1976,Never had a female head of state
9806,pan,Panama,1977,Never had a female head of state
9807,pan,Panama,1978,Never had a female head of state
9808,pan,Panama,1979,Never had a female head of state
9809,pan,Panama,1980,Never had a female head of state
9810,pan,Panama,1981,Never had a female head of state
9811,pan,Panama,1982,Never had a female head of state
9812,pan,Panama,1983,Never had a female head of state
9813,pan,Panama,1984,Never had a female head of state
9814,pan,Panama,1985,Never had a female head of state
9815,pan,Panama,1986,Never had a female head of state
9816,pan,Panama,1987,Never had a female head of state
9817,pan,Panama,1988,Never had a female head of state
9818,pan,Panama,1989,Never had a female head of state
9819,pan,Panama,1990,Never had a female head of state
9820,pan,Panama,1991,Never had a female head of state
9821,pan,Panama,1992,Never had a female head of state
9822,pan,Panama,1993,Never had a female head of state
9823,pan,Panama,1994,Never had a female head of state
9824,pan,Panama,1995,Never had a female head of state
9825,pan,Panama,1996,Never had a female head of state
9826,pan,Panama,1997,Never had a female head of state
9827,pan,Panama,1998,Never had a female head of state
9828,pan,Panama,1999,Had a female head of state
9829,pan,Panama,2000,Had a female head of state
9830,pan,Panama,2001,Had a female head of state
9831,pan,Panama,2002,Had a female head of state
9832,pan,Panama,2003,Had a female head of state
9833,pan,Panama,2004,Had a female head of state
9834,pan,Panama,2005,Had a female head of state
9835,pan,Panama,2006,Had a female head of state
9836,pan,Panama,2007,Had a female head of state
9837,pan,Panama,2008,Had a female head of state
9838,pan,Panama,2009,Had a female head of state
9839,pan,Panama,2010,Had a female head of state
9840,pan,Panama,2011,Had a female head of state
9841,pan,Panama,2012,Had a female head of state
9842,pan,Panama,2013,Had a female head of state
9843,pan,Panama,2014,Had a female head of state
9844,pan,Panama,2015,Had a female head of state
9845,pan,Panama,2016,Had a female head of state
9846,pan,Panama,2017,Had a female head of state
9847,pan,Panama,2018,Had a female head of state
9848,pan,Panama,2019,Had a female head of state
9849,pan,Panama,2020,Had a female head of state
9850,pan,Panama,2021,Had a female head of state
9851,pan,Panama,2022,Had a female head of state
9852,pan,Panama,2023,Had a female head of state
9853,pan,Panama,2024,Had a female head of state
9854,pan,Panama,2025,Had a female head of state
9855,png,Papua New Guinea,1953,Never had a female head of state
9856,png,Papua New Guinea,1954,Never had a female head of state
9857,png,Papua New Guinea,1955,Never had a female head of state
9858,png,Papua New Guinea,1956,Never had a female head of state
9859,png,Papua New Guinea,1957,Never had a female head of state
9860,png,Papua New Guinea,1958,Never had a female head of state
9861,png,Papua New Guinea,1959,Never had a female head of state
9862,png,Papua New Guinea,1960,Never had a female head of state
9863,png,Papua New Guinea,1961,Never had a female head of state
9864,png,Papua New Guinea,1962,Never had a female head of state
9865,png,Papua New Guinea,1963,Never had a female head of state
9866,png,Papua New Guinea,1964,Never had a female head of state
9867,png,Papua New Guinea,1965,Never had a female head of state
9868,png,Papua New Guinea,1966,Never had a female head of state
9869,png,Papua New Guinea,1967,Never had a female head of state
9870,png,Papua New Guinea,1968,Never had a female head of state
9871,png,Papua New Guinea,1969,Never had a female head of state
9872,png,Papua New Guinea,1970,Never had a female head of state
9873,png,Papua New Guinea,1971,Never had a female head of state
9874,png,Papua New Guinea,1972,Never had a female head of state
9875,png,Papua New Guinea,1973,Never had a female head of state
9876,png,Papua New Guinea,1974,Never had a female head of state
9877,png,Papua New Guinea,1975,Never had a female head of state
9878,png,Papua New Guinea,1976,Never had a female head of state
9879,png,Papua New Guinea,1977,Never had a female head of state
9880,png,Papua New Guinea,1978,Never had a female head of state
9881,png,Papua New Guinea,1979,Never had a female head of state
9882,png,Papua New Guinea,1980,Never had a female head of state
9883,png,Papua New Guinea,1981,Never had a female head of state
9884,png,Papua New Guinea,1982,Never had a female head of state
9885,png,Papua New Guinea,1983,Never had a female head of state
9886,png,Papua New Guinea,1984,Never had a female head of state
9887,png,Papua New Guinea,1985,Never had a female head of state
9888,png,Papua New Guinea,1986,Never had a female head of state
9889,png,Papua New Guinea,1987,Never had a female head of state
9890,png,Papua New Guinea,1988,Never had a female head of state
9891,png,Papua New Guinea,1989,Never had a female head of state
9892,png,Papua New Guinea,1990,Never had a female head of state
9893,png,Papua New Guinea,1991,Never had a female head of state
9894,png,Papua New Guinea,1992,Never had a female head of state
9895,png,Papua New Guinea,1993,Never had a female head of state
9896,png,Papua New Guinea,1994,Never had a female head of state
9897,png,Papua New Guinea,1995,Never had a female head of state
9898,png,Papua New Guinea,1996,Never had a female head of state
9899,png,Papua New Guinea,1997,Never had a female head of state
9900,png,Papua New Guinea,1998,Never had a female head of state
9901,png,Papua New Guinea,1999,Never had a female head of state
9902,png,Papua New Guinea,2000,Never had a female head of state
9903,png,Papua New Guinea,2001,Never had a female head of state
9904,png,Papua New Guinea,2002,Never had a female head of state
9905,png,Papua New Guinea,2003,Never had a female head of state
9906,png,Papua New Guinea,2004,Never had a female head of state
9907,png,Papua New Guinea,2005,Never had a female head of state
9908,png,Papua New Guinea,2006,Never had a female head of state
9909,png,Papua New Guinea,2007,Never had a female head of state
9910,png,Papua New Guinea,2008,Never had a female head of state
9911,png,Papua New Guinea,2009,Never had a female head of state
9912,png,Papua New Guinea,2010,Never had a female head of state
9913,png,Papua New Guinea,2011,Never had a female head of state
9914,png,Papua New Guinea,2012,Never had a female head of state
9915,png,Papua New Guinea,2013,Never had a female head of state
9916,png,Papua New Guinea,2014,Never had a female head of state
9917,png,Papua New Guinea,2015,Never had a female head of state
9918,png,Papua New Guinea,2016,Never had a female head of state
9919,png,Papua New Guinea,2017,Never had a female head of state
9920,png,Papua New Guinea,2018,Never had a female head of state
9921,png,Papua New Guinea,2019,Never had a female head of state
9922,png,Papua New Guinea,2020,Never had a female head of state
9923,png,Papua New Guinea,2021,Never had a female head of state
9924,png,Papua New Guinea,2022,Never had a female head of state
9925,png,Papua New Guinea,2023,Never had a female head of state
9926,png,Papua New Guinea,2024,Never had a female head of state
9927,png,Papua New Guinea,2025,Never had a female head of state
9928,pry,Paraguay,1953,Never had a female head of state
9929,pry,Paraguay,1954,Never had a female head of state
9930,pry,Paraguay,1955,Never had a female head of state
9931,pry,Paraguay,1956,Never had a female head of state
9932,pry,Paraguay,1957,Never had a female head of state
9933,pry,Paraguay,1958,Never had a female head of state
9934,pry,Paraguay,1959,Never had a female head of state
9935,pry,Paraguay,1960,Never had a female head of state
9936,pry,Paraguay,1961,Never had a female head of state
9937,pry,Paraguay,1962,Never had a female head of state
9938,pry,Paraguay,1963,Never had a female head of state
9939,pry,Paraguay,1964,Never had a female head of state
9940,pry,Paraguay,1965,Never had a female head of state
9941,pry,Paraguay,1966,Never had a female head of state
9942,pry,Paraguay,1967,Never had a female head of state
9943,pry,Paraguay,1968,Never had a female head of state
9944,pry,Paraguay,1969,Never had a female head of state
9945,pry,Paraguay,1970,Never had a female head of state
9946,pry,Paraguay,1971,Never had a female head of state
9947,pry,Paraguay,1972,Never had a female head of state
9948,pry,Paraguay,1973,Never had a female head of state
9949,pry,Paraguay,1974,Never had a female head of state
9950,pry,Paraguay,1975,Never had a female head of state
9951,pry,Paraguay,1976,Never had a female head of state
9952,pry,Paraguay,1977,Never had a female head of state
9953,pry,Paraguay,1978,Never had a female head of state
9954,pry,Paraguay,1979,Never had a female head of state
9955,pry,Paraguay,1980,Never had a female head of state
9956,pry,Paraguay,1981,Never had a female head of state
9957,pry,Paraguay,1982,Never had a female head of state
9958,pry,Paraguay,1983,Never had a female head of state
9959,pry,Paraguay,1984,Never had a female head of state
9960,pry,Paraguay,1985,Never had a female head of state
9961,pry,Paraguay,1986,Never had a female head of state
9962,pry,Paraguay,1987,Never had a female head of state
9963,pry,Paraguay,1988,Never had a female head of state
9964,pry,Paraguay,1989,Never had a female head of state
9965,pry,Paraguay,1990,Never had a female head of state
9966,pry,Paraguay,1991,Never had a female head of state
9967,pry,Paraguay,1992,Never had a female head of state
9968,pry,Paraguay,1993,Never had a female head of state
9969,pry,Paraguay,1994,Never had a female head of state
9970,pry,Paraguay,1995,Never had a female head of state
9971,pry,Paraguay,1996,Never had a female head of state
9972,pry,Paraguay,1997,Never had a female head of state
9973,pry,Paraguay,1998,Never had a female head of state
9974,pry,Paraguay,1999,Never had a female head of state
9975,pry,Paraguay,2000,Never had a female head of state
9976,pry,Paraguay,2001,Never had a female head of state
9977,pry,Paraguay,2002,Never had a female head of state
9978,pry,Paraguay,2003,Never had a female head of state
9979,pry,Paraguay,2004,Never had a female head of state
9980,pry,Paraguay,2005,Never had a female head of state
9981,pry,Paraguay,2006,Never had a female head of state
9982,pry,Paraguay,2007,Never had a female head of state
9983,pry,Paraguay,2008,Never had a female head of state
9984,pry,Paraguay,2009,Never had a female head of state
9985,pry,Paraguay,2010,Never had a female head of state
9986,pry,Paraguay,2011,Never had a female head of state
9987,pry,Paraguay,2012,Never had a female head of state
9988,pry,Paraguay,2013,Never had a female head of state
9989,pry,Paraguay,2014,Never had a female head of state
9990,pry,Paraguay,2015,Never had a female head of state
9991,pry,Paraguay,2016,Never had a female head of state
9992,pry,Paraguay,2017,Never had a female head of state
9993,pry,Paraguay,2018,Never had a female head of state
9994,pry,Paraguay,2019,Never had a female head of state
9995,pry,Paraguay,2020,Never had a female head of state
9996,pry,Paraguay,2021,Never had a female head of state
9997,pry,Paraguay,2022,Never had a female head of state
9998,pry,Paraguay,2023,Never had a female head of state
9999,pry,Paraguay,2024,Never had a female head of state
10000,pry,Paraguay,2025,Never had a female head of state
10001,per,Peru,1953,Never had a female head of state
10002,per,Peru,1954,Never had a female head of state
10003,per,Peru,1955,Never had a female head of state
10004,per,Peru,1956,Never had a female head of state
10005,per,Peru,1957,Never had a female head of state
10006,per,Peru,1958,Never had a female head of state
10007,per,Peru,1959,Never had a female head of state
10008,per,Peru,1960,Never had a female head of state
10009,per,Peru,1961,Never had a female head of state
10010,per,Peru,1962,Never had a female head of state
10011,per,Peru,1963,Never had a female head of state
10012,per,Peru,1964,Never had a female head of state
10013,per,Peru,1965,Never had a female head of state
10014,per,Peru,1966,Never had a female head of state
10015,per,Peru,1967,Never had a female head of state
10016,per,Peru,1968,Never had a female head of state
10017,per,Peru,1969,Never had a female head of state
10018,per,Peru,1970,Never had a female head of state
10019,per,Peru,1971,Never had a female head of state
10020,per,Peru,1972,Never had a female head of state
10021,per,Peru,1973,Never had a female head of state
10022,per,Peru,1974,Never had a female head of state
10023,per,Peru,1975,Never had a female head of state
10024,per,Peru,1976,Never had a female head of state
10025,per,Peru,1977,Never had a female head of state
10026,per,Peru,1978,Never had a female head of state
10027,per,Peru,1979,Never had a female head of state
10028,per,Peru,1980,Never had a female head of state
10029,per,Peru,1981,Never had a female head of state
10030,per,Peru,1982,Never had a female head of state
10031,per,Peru,1983,Never had a female head of state
10032,per,Peru,1984,Never had a female head of state
10033,per,Peru,1985,Never had a female head of state
10034,per,Peru,1986,Never had a female head of state
10035,per,Peru,1987,Never had a female head of state
10036,per,Peru,1988,Never had a female head of state
10037,per,Peru,1989,Never had a female head of state
10038,per,Peru,1990,Never had a female head of state
10039,per,Peru,1991,Never had a female head of state
10040,per,Peru,1992,Never had a female head of state
10041,per,Peru,1993,Never had a female head of state
10042,per,Peru,1994,Never had a female head of state
10043,per,Peru,1995,Never had a female head of state
10044,per,Peru,1996,Never had a female head of state
10045,per,Peru,1997,Never had a female head of state
10046,per,Peru,1998,Never had a female head of state
10047,per,Peru,1999,Never had a female head of state
10048,per,Peru,2000,Never had a female head of state
10049,per,Peru,2001,Never had a female head of state
10050,per,Peru,2002,Never had a female head of state
10051,per,Peru,2003,Never had a female head of state
10052,per,Peru,2004,Never had a female head of state
10053,per,Peru,2005,Never had a female head of state
10054,per,Peru,2006,Never had a female head of state
10055,per,Peru,2007,Never had a female head of state
10056,per,Peru,2008,Never had a female head of state
10057,per,Peru,2009,Never had a female head of state
10058,per,Peru,2010,Never had a female head of state
10059,per,Peru,2011,Never had a female head of state
10060,per,Peru,2012,Never had a female head of state
10061,per,Peru,2013,Never had a female head of state
10062,per,Peru,2014,Never had a female head of state
10063,per,Peru,2015,Never had a female head of state
10064,per,Peru,2016,Never had a female head of state
10065,per,Peru,2017,Never had a female head of state
10066,per,Peru,2018,Never had a female head of state
10067,per,Peru,2019,Never had a female head of state
10068,per,Peru,2020,Never had a female head of state
10069,per,Peru,2021,Never had a female head of state
10070,per,Peru,2022,Had a female head of state
10071,per,Peru,2023,Had a female head of state
10072,per,Peru,2024,Had a female head of state
10073,per,Peru,2025,Had a female head of state
10074,phl,Philippines,1953,Never had a female head of state
10075,phl,Philippines,1954,Never had a female head of state
10076,phl,Philippines,1955,Never had a female head of state
10077,phl,Philippines,1956,Never had a female head of state
10078,phl,Philippines,1957,Never had a female head of state
10079,phl,Philippines,1958,Never had a female head of state
10080,phl,Philippines,1959,Never had a female head of state
10081,phl,Philippines,1960,Never had a female head of state
10082,phl,Philippines,1961,Never had a female head of state
10083,phl,Philippines,1962,Never had a female head of state
10084,phl,Philippines,1963,Never had a female head of state
10085,phl,Philippines,1964,Never had a female head of state
10086,phl,Philippines,1965,Never had a female head of state
10087,phl,Philippines,1966,Never had a female head of state
10088,phl,Philippines,1967,Never had a female head of state
10089,phl,Philippines,1968,Never had a female head of state
10090,phl,Philippines,1969,Never had a female head of state
10091,phl,Philippines,1970,Never had a female head of state
10092,phl,Philippines,1971,Never had a female head of state
10093,phl,Philippines,1972,Never had a female head of state
10094,phl,Philippines,1973,Never had a female head of state
10095,phl,Philippines,1974,Never had a female head of state
10096,phl,Philippines,1975,Never had a female head of state
10097,phl,Philippines,1976,Never had a female head of state
10098,phl,Philippines,1977,Never had a female head of state
10099,phl,Philippines,1978,Never had a female head of state
10100,phl,Philippines,1979,Never had a female head of state
10101,phl,Philippines,1980,Never had a female head of state
10102,phl,Philippines,1981,Never had a female head of state
10103,phl,Philippines,1982,Never had a female head of state
10104,phl,Philippines,1983,Never had a female head of state
10105,phl,Philippines,1984,Never had a female head of state
10106,phl,Philippines,1985,Never had a female head of state
10107,phl,Philippines,1986,Had a female head of state
10108,phl,Philippines,1987,Had a female head of state
10109,phl,Philippines,1988,Had a female head of state
10110,phl,Philippines,1989,Had a female head of state
10111,phl,Philippines,1990,Had a female head of state
10112,phl,Philippines,1991,Had a female head of state
10113,phl,Philippines,1992,Had a female head of state
10114,phl,Philippines,1993,Had a female head of state
10115,phl,Philippines,1994,Had a female head of state
10116,phl,Philippines,1995,Had a female head of state
10117,phl,Philippines,1996,Had a female head of state
10118,phl,Philippines,1997,Had a female head of state
10119,phl,Philippines,1998,Had a female head of state
10120,phl,Philippines,1999,Had a female head of state
10121,phl,Philippines,2000,Had a female head of state
10122,phl,Philippines,2001,Had a female head of state
10123,phl,Philippines,2002,Had a female head of state
10124,phl,Philippines,2003,Had a female head of state
10125,phl,Philippines,2004,Had a female head of state
10126,phl,Philippines,2005,Had a female head of state
10127,phl,Philippines,2006,Had a female head of state
10128,phl,Philippines,2007,Had a female head of state
10129,phl,Philippines,2008,Had a female head of state
10130,phl,Philippines,2009,Had a female head of state
10131,phl,Philippines,2010,Had a female head of state
10132,phl,Philippines,2011,Had a female head of state
10133,phl,Philippines,2012,Had a female head of state
10134,phl,Philippines,2013,Had a female head of state
10135,phl,Philippines,2014,Had a female head of state
10136,phl,Philippines,2015,Had a female head of state
10137,phl,Philippines,2016,Had a female head of state
10138,phl,Philippines,2017,Had a female head of state
10139,phl,Philippines,2018,Had a female head of state
10140,phl,Philippines,2019,Had a female head of state
10141,phl,Philippines,2020,Had a female head of state
10142,phl,Philippines,2021,Had a female head of state
10143,phl,Philippines,2022,Had a female head of state
10144,phl,Philippines,2023,Had a female head of state
10145,phl,Philippines,2024,Had a female head of state
10146,phl,Philippines,2025,Had a female head of state
10147,pol,Poland,1953,Never had a female head of state
10148,pol,Poland,1954,Never had a female head of state
10149,pol,Poland,1955,Never had a female head of state
10150,pol,Poland,1956,Never had a female head of state
10151,pol,Poland,1957,Never had a female head of state
10152,pol,Poland,1958,Never had a female head of state
10153,pol,Poland,1959,Never had a female head of state
10154,pol,Poland,1960,Never had a female head of state
10155,pol,Poland,1961,Never had a female head of state
10156,pol,Poland,1962,Never had a female head of state
10157,pol,Poland,1963,Never had a female head of state
10158,pol,Poland,1964,Never had a female head of state
10159,pol,Poland,1965,Never had a female head of state
10160,pol,Poland,1966,Never had a female head of state
10161,pol,Poland,1967,Never had a female head of state
10162,pol,Poland,1968,Never had a female head of state
10163,pol,Poland,1969,Never had a female head of state
10164,pol,Poland,1970,Never had a female head of state
10165,pol,Poland,1971,Never had a female head of state
10166,pol,Poland,1972,Never had a female head of state
10167,pol,Poland,1973,Never had a female head of state
10168,pol,Poland,1974,Never had a female head of state
10169,pol,Poland,1975,Never had a female head of state
10170,pol,Poland,1976,Never had a female head of state
10171,pol,Poland,1977,Never had a female head of state
10172,pol,Poland,1978,Never had a female head of state
10173,pol,Poland,1979,Never had a female head of state
10174,pol,Poland,1980,Never had a female head of state
10175,pol,Poland,1981,Never had a female head of state
10176,pol,Poland,1982,Never had a female head of state
10177,pol,Poland,1983,Never had a female head of state
10178,pol,Poland,1984,Never had a female head of state
10179,pol,Poland,1985,Never had a female head of state
10180,pol,Poland,1986,Never had a female head of state
10181,pol,Poland,1987,Never had a female head of state
10182,pol,Poland,1988,Never had a female head of state
10183,pol,Poland,1989,Never had a female head of state
10184,pol,Poland,1990,Never had a female head of state
10185,pol,Poland,1991,Never had a female head of state
10186,pol,Poland,1992,Had a female head of state
10187,pol,Poland,1993,Had a female head of state
10188,pol,Poland,1994,Had a female head of state
10189,pol,Poland,1995,Had a female head of state
10190,pol,Poland,1996,Had a female head of state
10191,pol,Poland,1997,Had a female head of state
10192,pol,Poland,1998,Had a female head of state
10193,pol,Poland,1999,Had a female head of state
10194,pol,Poland,2000,Had a female head of state
10195,pol,Poland,2001,Had a female head of state
10196,pol,Poland,2002,Had a female head of state
10197,pol,Poland,2003,Had a female head of state
10198,pol,Poland,2004,Had a female head of state
10199,pol,Poland,2005,Had a female head of state
10200,pol,Poland,2006,Had a female head of state
10201,pol,Poland,2007,Had a female head of state
10202,pol,Poland,2008,Had a female head of state
10203,pol,Poland,2009,Had a female head of state
10204,pol,Poland,2010,Had a female head of state
10205,pol,Poland,2011,Had a female head of state
10206,pol,Poland,2012,Had a female head of state
10207,pol,Poland,2013,Had a female head of state
10208,pol,Poland,2014,Had a female head of state
10209,pol,Poland,2015,Had a female head of state
10210,pol,Poland,2016,Had a female head of state
10211,pol,Poland,2017,Had a female head of state
10212,pol,Poland,2018,Had a female head of state
10213,pol,Poland,2019,Had a female head of state
10214,pol,Poland,2020,Had a female head of state
10215,pol,Poland,2021,Had a female head of state
10216,pol,Poland,2022,Had a female head of state
10217,pol,Poland,2023,Had a female head of state
10218,pol,Poland,2024,Had a female head of state
10219,pol,Poland,2025,Had a female head of state
10220,prt,Portugal,1953,Never had a female head of state
10221,prt,Portugal,1954,Never had a female head of state
10222,prt,Portugal,1955,Never had a female head of state
10223,prt,Portugal,1956,Never had a female head of state
10224,prt,Portugal,1957,Never had a female head of state
10225,prt,Portugal,1958,Never had a female head of state
10226,prt,Portugal,1959,Never had a female head of state
10227,prt,Portugal,1960,Never had a female head of state
10228,prt,Portugal,1961,Never had a female head of state
10229,prt,Portugal,1962,Never had a female head of state
10230,prt,Portugal,1963,Never had a female head of state
10231,prt,Portugal,1964,Never had a female head of state
10232,prt,Portugal,1965,Never had a female head of state
10233,prt,Portugal,1966,Never had a female head of state
10234,prt,Portugal,1967,Never had a female head of state
10235,prt,Portugal,1968,Never had a female head of state
10236,prt,Portugal,1969,Never had a female head of state
10237,prt,Portugal,1970,Never had a female head of state
10238,prt,Portugal,1971,Never had a female head of state
10239,prt,Portugal,1972,Never had a female head of state
10240,prt,Portugal,1973,Never had a female head of state
10241,prt,Portugal,1974,Never had a female head of state
10242,prt,Portugal,1975,Never had a female head of state
10243,prt,Portugal,1976,Never had a female head of state
10244,prt,Portugal,1977,Never had a female head of state
10245,prt,Portugal,1978,Never had a female head of state
10246,prt,Portugal,1979,Had a female head of state
10247,prt,Portugal,1980,Had a female head of state
10248,prt,Portugal,1981,Had a female head of state
10249,prt,Portugal,1982,Had a female head of state
10250,prt,Portugal,1983,Had a female head of state
10251,prt,Portugal,1984,Had a female head of state
10252,prt,Portugal,1985,Had a female head of state
10253,prt,Portugal,1986,Had a female head of state
10254,prt,Portugal,1987,Had a female head of state
10255,prt,Portugal,1988,Had a female head of state
10256,prt,Portugal,1989,Had a female head of state
10257,prt,Portugal,1990,Had a female head of state
10258,prt,Portugal,1991,Had a female head of state
10259,prt,Portugal,1992,Had a female head of state
10260,prt,Portugal,1993,Had a female head of state
10261,prt,Portugal,1994,Had a female head of state
10262,prt,Portugal,1995,Had a female head of state
10263,prt,Portugal,1996,Had a female head of state
10264,prt,Portugal,1997,Had a female head of state
10265,prt,Portugal,1998,Had a female head of state
10266,prt,Portugal,1999,Had a female head of state
10267,prt,Portugal,2000,Had a female head of state
10268,prt,Portugal,2001,Had a female head of state
10269,prt,Portugal,2002,Had a female head of state
10270,prt,Portugal,2003,Had a female head of state
10271,prt,Portugal,2004,Had a female head of state
10272,prt,Portugal,2005,Had a female head of state
10273,prt,Portugal,2006,Had a female head of state
10274,prt,Portugal,2007,Had a female head of state
10275,prt,Portugal,2008,Had a female head of state
10276,prt,Portugal,2009,Had a female head of state
10277,prt,Portugal,2010,Had a female head of state
10278,prt,Portugal,2011,Had a female head of state
10279,prt,Portugal,2012,Had a female head of state
10280,prt,Portugal,2013,Had a female head of state
10281,prt,Portugal,2014,Had a female head of state
10282,prt,Portugal,2015,Had a female head of state
10283,prt,Portugal,2016,Had a female head of state
10284,prt,Portugal,2017,Had a female head of state
10285,prt,Portugal,2018,Had a female head of state
10286,prt,Portugal,2019,Had a female head of state
10287,prt,Portugal,2020,Had a female head of state
10288,prt,Portugal,2021,Had a female head of state
10289,prt,Portugal,2022,Had a female head of state
10290,prt,Portugal,2023,Had a female head of state
10291,prt,Portugal,2024,Had a female head of state
10292,prt,Portugal,2025,Had a female head of state
10293,qat,Qatar,1953,Never had a female head of state
10294,qat,Qatar,1954,Never had a female head of state
10295,qat,Qatar,1955,Never had a female head of state
10296,qat,Qatar,1956,Never had a female head of state
10297,qat,Qatar,1957,Never had a female head of state
10298,qat,Qatar,1958,Never had a female head of state
10299,qat,Qatar,1959,Never had a female head of state
10300,qat,Qatar,1960,Never had a female head of state
10301,qat,Qatar,1961,Never had a female head of state
10302,qat,Qatar,1962,Never had a female head of state
10303,qat,Qatar,1963,Never had a female head of state
10304,qat,Qatar,1964,Never had a female head of state
10305,qat,Qatar,1965,Never had a female head of state
10306,qat,Qatar,1966,Never had a female head of state
10307,qat,Qatar,1967,Never had a female head of state
10308,qat,Qatar,1968,Never had a female head of state
10309,qat,Qatar,1969,Never had a female head of state
10310,qat,Qatar,1970,Never had a female head of state
10311,qat,Qatar,1971,Never had a female head of state
10312,qat,Qatar,1972,Never had a female head of state
10313,qat,Qatar,1973,Never had a female head of state
10314,qat,Qatar,1974,Never had a female head of state
10315,qat,Qatar,1975,Never had a female head of state
10316,qat,Qatar,1976,Never had a female head of state
10317,qat,Qatar,1977,Never had a female head of state
10318,qat,Qatar,1978,Never had a female head of state
10319,qat,Qatar,1979,Never had a female head of state
10320,qat,Qatar,1980,Never had a female head of state
10321,qat,Qatar,1981,Never had a female head of state
10322,qat,Qatar,1982,Never had a female head of state
10323,qat,Qatar,1983,Never had a female head of state
10324,qat,Qatar,1984,Never had a female head of state
10325,qat,Qatar,1985,Never had a female head of state
10326,qat,Qatar,1986,Never had a female head of state
10327,qat,Qatar,1987,Never had a female head of state
10328,qat,Qatar,1988,Never had a female head of state
10329,qat,Qatar,1989,Never had a female head of state
10330,qat,Qatar,1990,Never had a female head of state
10331,qat,Qatar,1991,Never had a female head of state
10332,qat,Qatar,1992,Never had a female head of state
10333,qat,Qatar,1993,Never had a female head of state
10334,qat,Qatar,1994,Never had a female head of state
10335,qat,Qatar,1995,Never had a female head of state
10336,qat,Qatar,1996,Never had a female head of state
10337,qat,Qatar,1997,Never had a female head of state
10338,qat,Qatar,1998,Never had a female head of state
10339,qat,Qatar,1999,Never had a female head of state
10340,qat,Qatar,2000,Never had a female head of state
10341,qat,Qatar,2001,Never had a female head of state
10342,qat,Qatar,2002,Never had a female head of state
10343,qat,Qatar,2003,Never had a female head of state
10344,qat,Qatar,2004,Never had a female head of state
10345,qat,Qatar,2005,Never had a female head of state
10346,qat,Qatar,2006,Never had a female head of state
10347,qat,Qatar,2007,Never had a female head of state
10348,qat,Qatar,2008,Never had a female head of state
10349,qat,Qatar,2009,Never had a female head of state
10350,qat,Qatar,2010,Never had a female head of state
10351,qat,Qatar,2011,Never had a female head of state
10352,qat,Qatar,2012,Never had a female head of state
10353,qat,Qatar,2013,Never had a female head of state
10354,qat,Qatar,2014,Never had a female head of state
10355,qat,Qatar,2015,Never had a female head of state
10356,qat,Qatar,2016,Never had a female head of state
10357,qat,Qatar,2017,Never had a female head of state
10358,qat,Qatar,2018,Never had a female head of state
10359,qat,Qatar,2019,Never had a female head of state
10360,qat,Qatar,2020,Never had a female head of state
10361,qat,Qatar,2021,Never had a female head of state
10362,qat,Qatar,2022,Never had a female head of state
10363,qat,Qatar,2023,Never had a female head of state
10364,qat,Qatar,2024,Never had a female head of state
10365,qat,Qatar,2025,Never had a female head of state
10366,rou,Romania,1953,Never had a female head of state
10367,rou,Romania,1954,Never had a female head of state
10368,rou,Romania,1955,Never had a female head of state
10369,rou,Romania,1956,Never had a female head of state
10370,rou,Romania,1957,Never had a female head of state
10371,rou,Romania,1958,Never had a female head of state
10372,rou,Romania,1959,Never had a female head of state
10373,rou,Romania,1960,Never had a female head of state
10374,rou,Romania,1961,Never had a female head of state
10375,rou,Romania,1962,Never had a female head of state
10376,rou,Romania,1963,Never had a female head of state
10377,rou,Romania,1964,Never had a female head of state
10378,rou,Romania,1965,Never had a female head of state
10379,rou,Romania,1966,Never had a female head of state
10380,rou,Romania,1967,Never had a female head of state
10381,rou,Romania,1968,Never had a female head of state
10382,rou,Romania,1969,Never had a female head of state
10383,rou,Romania,1970,Never had a female head of state
10384,rou,Romania,1971,Never had a female head of state
10385,rou,Romania,1972,Never had a female head of state
10386,rou,Romania,1973,Never had a female head of state
10387,rou,Romania,1974,Never had a female head of state
10388,rou,Romania,1975,Never had a female head of state
10389,rou,Romania,1976,Never had a female head of state
10390,rou,Romania,1977,Never had a female head of state
10391,rou,Romania,1978,Never had a female head of state
10392,rou,Romania,1979,Never had a female head of state
10393,rou,Romania,1980,Never had a female head of state
10394,rou,Romania,1981,Never had a female head of state
10395,rou,Romania,1982,Never had a female head of state
10396,rou,Romania,1983,Never had a female head of state
10397,rou,Romania,1984,Never had a female head of state
10398,rou,Romania,1985,Never had a female head of state
10399,rou,Romania,1986,Never had a female head of state
10400,rou,Romania,1987,Never had a female head of state
10401,rou,Romania,1988,Never had a female head of state
10402,rou,Romania,1989,Never had a female head of state
10403,rou,Romania,1990,Never had a female head of state
10404,rou,Romania,1991,Never had a female head of state
10405,rou,Romania,1992,Never had a female head of state
10406,rou,Romania,1993,Never had a female head of state
10407,rou,Romania,1994,Never had a female head of state
10408,rou,Romania,1995,Never had a female head of state
10409,rou,Romania,1996,Never had a female head of state
10410,rou,Romania,1997,Never had a female head of state
10411,rou,Romania,1998,Never had a female head of state
10412,rou,Romania,1999,Never had a female head of state
10413,rou,Romania,2000,Never had a female head of state
10414,rou,Romania,2001,Never had a female head of state
10415,rou,Romania,2002,Never had a female head of state
10416,rou,Romania,2003,Never had a female head of state
10417,rou,Romania,2004,Never had a female head of state
10418,rou,Romania,2005,Never had a female head of state
10419,rou,Romania,2006,Never had a female head of state
10420,rou,Romania,2007,Never had a female head of state
10421,rou,Romania,2008,Never had a female head of state
10422,rou,Romania,2009,Never had a female head of state
10423,rou,Romania,2010,Never had a female head of state
10424,rou,Romania,2011,Never had a female head of state
10425,rou,Romania,2012,Never had a female head of state
10426,rou,Romania,2013,Never had a female head of state
10427,rou,Romania,2014,Never had a female head of state
10428,rou,Romania,2015,Never had a female head of state
10429,rou,Romania,2016,Never had a female head of state
10430,rou,Romania,2017,Never had a female head of state
10431,rou,Romania,2018,Had a female head of state
10432,rou,Romania,2019,Had a female head of state
10433,rou,Romania,2020,Had a female head of state
10434,rou,Romania,2021,Had a female head of state
10435,rou,Romania,2022,Had a female head of state
10436,rou,Romania,2023,Had a female head of state
10437,rou,Romania,2024,Had a female head of state
10438,rou,Romania,2025,Had a female head of state
10439,rus,Russia,1953,Never had a female head of state
10440,rus,Russia,1954,Never had a female head of state
10441,rus,Russia,1955,Never had a female head of state
10442,rus,Russia,1956,Never had a female head of state
10443,rus,Russia,1957,Never had a female head of state
10444,rus,Russia,1958,Never had a female head of state
10445,rus,Russia,1959,Never had a female head of state
10446,rus,Russia,1960,Never had a female head of state
10447,rus,Russia,1961,Never had a female head of state
10448,rus,Russia,1962,Never had a female head of state
10449,rus,Russia,1963,Never had a female head of state
10450,rus,Russia,1964,Never had a female head of state
10451,rus,Russia,1965,Never had a female head of state
10452,rus,Russia,1966,Never had a female head of state
10453,rus,Russia,1967,Never had a female head of state
10454,rus,Russia,1968,Never had a female head of state
10455,rus,Russia,1969,Never had a female head of state
10456,rus,Russia,1970,Never had a female head of state
10457,rus,Russia,1971,Never had a female head of state
10458,rus,Russia,1972,Never had a female head of state
10459,rus,Russia,1973,Never had a female head of state
10460,rus,Russia,1974,Never had a female head of state
10461,rus,Russia,1975,Never had a female head of state
10462,rus,Russia,1976,Never had a female head of state
10463,rus,Russia,1977,Never had a female head of state
10464,rus,Russia,1978,Never had a female head of state
10465,rus,Russia,1979,Never had a female head of state
10466,rus,Russia,1980,Never had a female head of state
10467,rus,Russia,1981,Never had a female head of state
10468,rus,Russia,1982,Never had a female head of state
10469,rus,Russia,1983,Never had a female head of state
10470,rus,Russia,1984,Never had a female head of state
10471,rus,Russia,1985,Never had a female head of state
10472,rus,Russia,1986,Never had a female head of state
10473,rus,Russia,1987,Never had a female head of state
10474,rus,Russia,1988,Never had a female head of state
10475,rus,Russia,1989,Never had a female head of state
10476,rus,Russia,1990,Never had a female head of state
10477,rus,Russia,1991,Never had a female head of state
10478,rus,Russia,1992,Never had a female head of state
10479,rus,Russia,1993,Never had a female head of state
10480,rus,Russia,1994,Never had a female head of state
10481,rus,Russia,1995,Never had a female head of state
10482,rus,Russia,1996,Never had a female head of state
10483,rus,Russia,1997,Never had a female head of state
10484,rus,Russia,1998,Never had a female head of state
10485,rus,Russia,1999,Never had a female head of state
10486,rus,Russia,2000,Never had a female head of state
10487,rus,Russia,2001,Never had a female head of state
10488,rus,Russia,2002,Never had a female head of state
10489,rus,Russia,2003,Never had a female head of state
10490,rus,Russia,2004,Never had a female head of state
10491,rus,Russia,2005,Never had a female head of state
10492,rus,Russia,2006,Never had a female head of state
10493,rus,Russia,2007,Never had a female head of state
10494,rus,Russia,2008,Never had a female head of state
10495,rus,Russia,2009,Never had a female head of state
10496,rus,Russia,2010,Never had a female head of state
10497,rus,Russia,2011,Never had a female head of state
10498,rus,Russia,2012,Never had a female head of state
10499,rus,Russia,2013,Never had a female head of state
10500,rus,Russia,2014,Never had a female head of state
10501,rus,Russia,2015,Never had a female head of state
10502,rus,Russia,2016,Never had a female head of state
10503,rus,Russia,2017,Never had a female head of state
10504,rus,Russia,2018,Never had a female head of state
10505,rus,Russia,2019,Never had a female head of state
10506,rus,Russia,2020,Never had a female head of state
10507,rus,Russia,2021,Never had a female head of state
10508,rus,Russia,2022,Never had a female head of state
10509,rus,Russia,2023,Never had a female head of state
10510,rus,Russia,2024,Never had a female head of state
10511,rus,Russia,2025,Never had a female head of state
10512,rwa,Rwanda,1953,Never had a female head of state
10513,rwa,Rwanda,1954,Never had a female head of state
10514,rwa,Rwanda,1955,Never had a female head of state
10515,rwa,Rwanda,1956,Never had a female head of state
10516,rwa,Rwanda,1957,Never had a female head of state
10517,rwa,Rwanda,1958,Never had a female head of state
10518,rwa,Rwanda,1959,Never had a female head of state
10519,rwa,Rwanda,1960,Never had a female head of state
10520,rwa,Rwanda,1961,Never had a female head of state
10521,rwa,Rwanda,1962,Never had a female head of state
10522,rwa,Rwanda,1963,Never had a female head of state
10523,rwa,Rwanda,1964,Never had a female head of state
10524,rwa,Rwanda,1965,Never had a female head of state
10525,rwa,Rwanda,1966,Never had a female head of state
10526,rwa,Rwanda,1967,Never had a female head of state
10527,rwa,Rwanda,1968,Never had a female head of state
10528,rwa,Rwanda,1969,Never had a female head of state
10529,rwa,Rwanda,1970,Never had a female head of state
10530,rwa,Rwanda,1971,Never had a female head of state
10531,rwa,Rwanda,1972,Never had a female head of state
10532,rwa,Rwanda,1973,Never had a female head of state
10533,rwa,Rwanda,1974,Never had a female head of state
10534,rwa,Rwanda,1975,Never had a female head of state
10535,rwa,Rwanda,1976,Never had a female head of state
10536,rwa,Rwanda,1977,Never had a female head of state
10537,rwa,Rwanda,1978,Never had a female head of state
10538,rwa,Rwanda,1979,Never had a female head of state
10539,rwa,Rwanda,1980,Never had a female head of state
10540,rwa,Rwanda,1981,Never had a female head of state
10541,rwa,Rwanda,1982,Never had a female head of state
10542,rwa,Rwanda,1983,Never had a female head of state
10543,rwa,Rwanda,1984,Never had a female head of state
10544,rwa,Rwanda,1985,Never had a female head of state
10545,rwa,Rwanda,1986,Never had a female head of state
10546,rwa,Rwanda,1987,Never had a female head of state
10547,rwa,Rwanda,1988,Never had a female head of state
10548,rwa,Rwanda,1989,Never had a female head of state
10549,rwa,Rwanda,1990,Never had a female head of state
10550,rwa,Rwanda,1991,Never had a female head of state
10551,rwa,Rwanda,1992,Never had a female head of state
10552,rwa,Rwanda,1993,Had a female head of state
10553,rwa,Rwanda,1994,Had a female head of state
10554,rwa,Rwanda,1995,Had a female head of state
10555,rwa,Rwanda,1996,Had a female head of state
10556,rwa,Rwanda,1997,Had a female head of state
10557,rwa,Rwanda,1998,Had a female head of state
10558,rwa,Rwanda,1999,Had a female head of state
10559,rwa,Rwanda,2000,Had a female head of state
10560,rwa,Rwanda,2001,Had a female head of state
10561,rwa,Rwanda,2002,Had a female head of state
10562,rwa,Rwanda,2003,Had a female head of state
10563,rwa,Rwanda,2004,Had a female head of state
10564,rwa,Rwanda,2005,Had a female head of state
10565,rwa,Rwanda,2006,Had a female head of state
10566,rwa,Rwanda,2007,Had a female head of state
10567,rwa,Rwanda,2008,Had a female head of state
10568,rwa,Rwanda,2009,Had a female head of state
10569,rwa,Rwanda,2010,Had a female head of state
10570,rwa,Rwanda,2011,Had a female head of state
10571,rwa,Rwanda,2012,Had a female head of state
10572,rwa,Rwanda,2013,Had a female head of state
10573,rwa,Rwanda,2014,Had a female head of state
10574,rwa,Rwanda,2015,Had a female head of state
10575,rwa,Rwanda,2016,Had a female head of state
10576,rwa,Rwanda,2017,Had a female head of state
10577,rwa,Rwanda,2018,Had a female head of state
10578,rwa,Rwanda,2019,Had a female head of state
10579,rwa,Rwanda,2020,Had a female head of state
10580,rwa,Rwanda,2021,Had a female head of state
10581,rwa,Rwanda,2022,Had a female head of state
10582,rwa,Rwanda,2023,Had a female head of state
10583,rwa,Rwanda,2024,Had a female head of state
10584,rwa,Rwanda,2025,Had a female head of state
10585,kna,St. Kitts and Nevis,1953,Never had a female head of state
10586,kna,St. Kitts and Nevis,1954,Never had a female head of state
10587,kna,St. Kitts and Nevis,1955,Never had a female head of state
10588,kna,St. Kitts and Nevis,1956,Never had a female head of state
10589,kna,St. Kitts and Nevis,1957,Never had a female head of state
10590,kna,St. Kitts and Nevis,1958,Never had a female head of state
10591,kna,St. Kitts and Nevis,1959,Never had a female head of state
10592,kna,St. Kitts and Nevis,1960,Never had a female head of state
10593,kna,St. Kitts and Nevis,1961,Never had a female head of state
10594,kna,St. Kitts and Nevis,1962,Never had a female head of state
10595,kna,St. Kitts and Nevis,1963,Never had a female head of state
10596,kna,St. Kitts and Nevis,1964,Never had a female head of state
10597,kna,St. Kitts and Nevis,1965,Never had a female head of state
10598,kna,St. Kitts and Nevis,1966,Never had a female head of state
10599,kna,St. Kitts and Nevis,1967,Never had a female head of state
10600,kna,St. Kitts and Nevis,1968,Never had a female head of state
10601,kna,St. Kitts and Nevis,1969,Never had a female head of state
10602,kna,St. Kitts and Nevis,1970,Never had a female head of state
10603,kna,St. Kitts and Nevis,1971,Never had a female head of state
10604,kna,St. Kitts and Nevis,1972,Never had a female head of state
10605,kna,St. Kitts and Nevis,1973,Never had a female head of state
10606,kna,St. Kitts and Nevis,1974,Never had a female head of state
10607,kna,St. Kitts and Nevis,1975,Never had a female head of state
10608,kna,St. Kitts and Nevis,1976,Never had a female head of state
10609,kna,St. Kitts and Nevis,1977,Never had a female head of state
10610,kna,St. Kitts and Nevis,1978,Never had a female head of state
10611,kna,St. Kitts and Nevis,1979,Never had a female head of state
10612,kna,St. Kitts and Nevis,1980,Never had a female head of state
10613,kna,St. Kitts and Nevis,1981,Never had a female head of state
10614,kna,St. Kitts and Nevis,1982,Never had a female head of state
10615,kna,St. Kitts and Nevis,1983,Never had a female head of state
10616,kna,St. Kitts and Nevis,1984,Never had a female head of state
10617,kna,St. Kitts and Nevis,1985,Never had a female head of state
10618,kna,St. Kitts and Nevis,1986,Never had a female head of state
10619,kna,St. Kitts and Nevis,1987,Never had a female head of state
10620,kna,St. Kitts and Nevis,1988,Never had a female head of state
10621,kna,St. Kitts and Nevis,1989,Never had a female head of state
10622,kna,St. Kitts and Nevis,1990,Never had a female head of state
10623,kna,St. Kitts and Nevis,1991,Never had a female head of state
10624,kna,St. Kitts and Nevis,1992,Never had a female head of state
10625,kna,St. Kitts and Nevis,1993,Never had a female head of state
10626,kna,St. Kitts and Nevis,1994,Never had a female head of state
10627,kna,St. Kitts and Nevis,1995,Never had a female head of state
10628,kna,St. Kitts and Nevis,1996,Never had a female head of state
10629,kna,St. Kitts and Nevis,1997,Never had a female head of state
10630,kna,St. Kitts and Nevis,1998,Never had a female head of state
10631,kna,St. Kitts and Nevis,1999,Never had a female head of state
10632,kna,St. Kitts and Nevis,2000,Never had a female head of state
10633,kna,St. Kitts and Nevis,2001,Never had a female head of state
10634,kna,St. Kitts and Nevis,2002,Never had a female head of state
10635,kna,St. Kitts and Nevis,2003,Never had a female head of state
10636,kna,St. Kitts and Nevis,2004,Never had a female head of state
10637,kna,St. Kitts and Nevis,2005,Never had a female head of state
10638,kna,St. Kitts and Nevis,2006,Never had a female head of state
10639,kna,St. Kitts and Nevis,2007,Never had a female head of state
10640,kna,St. Kitts and Nevis,2008,Never had a female head of state
10641,kna,St. Kitts and Nevis,2009,Never had a female head of state
10642,kna,St. Kitts and Nevis,2010,Never had a female head of state
10643,kna,St. Kitts and Nevis,2011,Never had a female head of state
10644,kna,St. Kitts and Nevis,2012,Never had a female head of state
10645,kna,St. Kitts and Nevis,2013,Never had a female head of state
10646,kna,St. Kitts and Nevis,2014,Never had a female head of state
10647,kna,St. Kitts and Nevis,2015,Never had a female head of state
10648,kna,St. Kitts and Nevis,2016,Never had a female head of state
10649,kna,St. Kitts and Nevis,2017,Never had a female head of state
10650,kna,St. Kitts and Nevis,2018,Never had a female head of state
10651,kna,St. Kitts and Nevis,2019,Never had a female head of state
10652,kna,St. Kitts and Nevis,2020,Never had a female head of state
10653,kna,St. Kitts and Nevis,2021,Never had a female head of state
10654,kna,St. Kitts and Nevis,2022,Never had a female head of state
10655,kna,St. Kitts and Nevis,2023,Never had a female head of state
10656,kna,St. Kitts and Nevis,2024,Never had a female head of state
10657,kna,St. Kitts and Nevis,2025,Never had a female head of state
10658,lca,St. Lucia,1953,Never had a female head of state
10659,lca,St. Lucia,1954,Never had a female head of state
10660,lca,St. Lucia,1955,Never had a female head of state
10661,lca,St. Lucia,1956,Never had a female head of state
10662,lca,St. Lucia,1957,Never had a female head of state
10663,lca,St. Lucia,1958,Never had a female head of state
10664,lca,St. Lucia,1959,Never had a female head of state
10665,lca,St. Lucia,1960,Never had a female head of state
10666,lca,St. Lucia,1961,Never had a female head of state
10667,lca,St. Lucia,1962,Never had a female head of state
10668,lca,St. Lucia,1963,Never had a female head of state
10669,lca,St. Lucia,1964,Never had a female head of state
10670,lca,St. Lucia,1965,Never had a female head of state
10671,lca,St. Lucia,1966,Never had a female head of state
10672,lca,St. Lucia,1967,Never had a female head of state
10673,lca,St. Lucia,1968,Never had a female head of state
10674,lca,St. Lucia,1969,Never had a female head of state
10675,lca,St. Lucia,1970,Never had a female head of state
10676,lca,St. Lucia,1971,Never had a female head of state
10677,lca,St. Lucia,1972,Never had a female head of state
10678,lca,St. Lucia,1973,Never had a female head of state
10679,lca,St. Lucia,1974,Never had a female head of state
10680,lca,St. Lucia,1975,Never had a female head of state
10681,lca,St. Lucia,1976,Never had a female head of state
10682,lca,St. Lucia,1977,Never had a female head of state
10683,lca,St. Lucia,1978,Never had a female head of state
10684,lca,St. Lucia,1979,Never had a female head of state
10685,lca,St. Lucia,1980,Never had a female head of state
10686,lca,St. Lucia,1981,Never had a female head of state
10687,lca,St. Lucia,1982,Never had a female head of state
10688,lca,St. Lucia,1983,Never had a female head of state
10689,lca,St. Lucia,1984,Never had a female head of state
10690,lca,St. Lucia,1985,Never had a female head of state
10691,lca,St. Lucia,1986,Never had a female head of state
10692,lca,St. Lucia,1987,Never had a female head of state
10693,lca,St. Lucia,1988,Never had a female head of state
10694,lca,St. Lucia,1989,Never had a female head of state
10695,lca,St. Lucia,1990,Never had a female head of state
10696,lca,St. Lucia,1991,Never had a female head of state
10697,lca,St. Lucia,1992,Never had a female head of state
10698,lca,St. Lucia,1993,Never had a female head of state
10699,lca,St. Lucia,1994,Never had a female head of state
10700,lca,St. Lucia,1995,Never had a female head of state
10701,lca,St. Lucia,1996,Never had a female head of state
10702,lca,St. Lucia,1997,Never had a female head of state
10703,lca,St. Lucia,1998,Never had a female head of state
10704,lca,St. Lucia,1999,Never had a female head of state
10705,lca,St. Lucia,2000,Never had a female head of state
10706,lca,St. Lucia,2001,Never had a female head of state
10707,lca,St. Lucia,2002,Never had a female head of state
10708,lca,St. Lucia,2003,Never had a female head of state
10709,lca,St. Lucia,2004,Never had a female head of state
10710,lca,St. Lucia,2005,Never had a female head of state
10711,lca,St. Lucia,2006,Never had a female head of state
10712,lca,St. Lucia,2007,Never had a female head of state
10713,lca,St. Lucia,2008,Never had a female head of state
10714,lca,St. Lucia,2009,Never had a female head of state
10715,lca,St. Lucia,2010,Never had a female head of state
10716,lca,St. Lucia,2011,Never had a female head of state
10717,lca,St. Lucia,2012,Never had a female head of state
10718,lca,St. Lucia,2013,Never had a female head of state
10719,lca,St. Lucia,2014,Never had a female head of state
10720,lca,St. Lucia,2015,Never had a female head of state
10721,lca,St. Lucia,2016,Never had a female head of state
10722,lca,St. Lucia,2017,Never had a female head of state
10723,lca,St. Lucia,2018,Never had a female head of state
10724,lca,St. Lucia,2019,Never had a female head of state
10725,lca,St. Lucia,2020,Never had a female head of state
10726,lca,St. Lucia,2021,Never had a female head of state
10727,lca,St. Lucia,2022,Never had a female head of state
10728,lca,St. Lucia,2023,Never had a female head of state
10729,lca,St. Lucia,2024,Never had a female head of state
10730,lca,St. Lucia,2025,Never had a female head of state
10731,vct,St. Vincent and the Grenadines,1953,Never had a female head of state
10732,vct,St. Vincent and the Grenadines,1954,Never had a female head of state
10733,vct,St. Vincent and the Grenadines,1955,Never had a female head of state
10734,vct,St. Vincent and the Grenadines,1956,Never had a female head of state
10735,vct,St. Vincent and the Grenadines,1957,Never had a female head of state
10736,vct,St. Vincent and the Grenadines,1958,Never had a female head of state
10737,vct,St. Vincent and the Grenadines,1959,Never had a female head of state
10738,vct,St. Vincent and the Grenadines,1960,Never had a female head of state
10739,vct,St. Vincent and the Grenadines,1961,Never had a female head of state
10740,vct,St. Vincent and the Grenadines,1962,Never had a female head of state
10741,vct,St. Vincent and the Grenadines,1963,Never had a female head of state
10742,vct,St. Vincent and the Grenadines,1964,Never had a female head of state
10743,vct,St. Vincent and the Grenadines,1965,Never had a female head of state
10744,vct,St. Vincent and the Grenadines,1966,Never had a female head of state
10745,vct,St. Vincent and the Grenadines,1967,Never had a female head of state
10746,vct,St. Vincent and the Grenadines,1968,Never had a female head of state
10747,vct,St. Vincent and the Grenadines,1969,Never had a female head of state
10748,vct,St. Vincent and the Grenadines,1970,Never had a female head of state
10749,vct,St. Vincent and the Grenadines,1971,Never had a female head of state
10750,vct,St. Vincent and the Grenadines,1972,Never had a female head of state
10751,vct,St. Vincent and the Grenadines,1973,Never had a female head of state
10752,vct,St. Vincent and the Grenadines,1974,Never had a female head of state
10753,vct,St. Vincent and the Grenadines,1975,Never had a female head of state
10754,vct,St. Vincent and the Grenadines,1976,Never had a female head of state
10755,vct,St. Vincent and the Grenadines,1977,Never had a female head of state
10756,vct,St. Vincent and the Grenadines,1978,Never had a female head of state
10757,vct,St. Vincent and the Grenadines,1979,Never had a female head of state
10758,vct,St. Vincent and the Grenadines,1980,Never had a female head of state
10759,vct,St. Vincent and the Grenadines,1981,Never had a female head of state
10760,vct,St. Vincent and the Grenadines,1982,Never had a female head of state
10761,vct,St. Vincent and the Grenadines,1983,Never had a female head of state
10762,vct,St. Vincent and the Grenadines,1984,Never had a female head of state
10763,vct,St. Vincent and the Grenadines,1985,Never had a female head of state
10764,vct,St. Vincent and the Grenadines,1986,Never had a female head of state
10765,vct,St. Vincent and the Grenadines,1987,Never had a female head of state
10766,vct,St. Vincent and the Grenadines,1988,Never had a female head of state
10767,vct,St. Vincent and the Grenadines,1989,Never had a female head of state
10768,vct,St. Vincent and the Grenadines,1990,Never had a female head of state
10769,vct,St. Vincent and the Grenadines,1991,Never had a female head of state
10770,vct,St. Vincent and the Grenadines,1992,Never had a female head of state
10771,vct,St. Vincent and the Grenadines,1993,Never had a female head of state
10772,vct,St. Vincent and the Grenadines,1994,Never had a female head of state
10773,vct,St. Vincent and the Grenadines,1995,Never had a female head of state
10774,vct,St. Vincent and the Grenadines,1996,Never had a female head of state
10775,vct,St. Vincent and the Grenadines,1997,Never had a female head of state
10776,vct,St. Vincent and the Grenadines,1998,Never had a female head of state
10777,vct,St. Vincent and the Grenadines,1999,Never had a female head of state
10778,vct,St. Vincent and the Grenadines,2000,Never had a female head of state
10779,vct,St. Vincent and the Grenadines,2001,Never had a female head of state
10780,vct,St. Vincent and the Grenadines,2002,Never had a female head of state
10781,vct,St. Vincent and the Grenadines,2003,Never had a female head of state
10782,vct,St. Vincent and the Grenadines,2004,Never had a female head of state
10783,vct,St. Vincent and the Grenadines,2005,Never had a female head of state
10784,vct,St. Vincent and the Grenadines,2006,Never had a female head of state
10785,vct,St. Vincent and the Grenadines,2007,Never had a female head of state
10786,vct,St. Vincent and the Grenadines,2008,Never had a female head of state
10787,vct,St. Vincent and the Grenadines,2009,Never had a female head of state
10788,vct,St. Vincent and the Grenadines,2010,Never had a female head of state
10789,vct,St. Vincent and the Grenadines,2011,Never had a female head of state
10790,vct,St. Vincent and the Grenadines,2012,Never had a female head of state
10791,vct,St. Vincent and the Grenadines,2013,Never had a female head of state
10792,vct,St. Vincent and the Grenadines,2014,Never had a female head of state
10793,vct,St. Vincent and the Grenadines,2015,Never had a female head of state
10794,vct,St. Vincent and the Grenadines,2016,Never had a female head of state
10795,vct,St. Vincent and the Grenadines,2017,Never had a female head of state
10796,vct,St. Vincent and the Grenadines,2018,Never had a female head of state
10797,vct,St. Vincent and the Grenadines,2019,Never had a female head of state
10798,vct,St. Vincent and the Grenadines,2020,Never had a female head of state
10799,vct,St. Vincent and the Grenadines,2021,Never had a female head of state
10800,vct,St. Vincent and the Grenadines,2022,Never had a female head of state
10801,vct,St. Vincent and the Grenadines,2023,Never had a female head of state
10802,vct,St. Vincent and the Grenadines,2024,Never had a female head of state
10803,vct,St. Vincent and the Grenadines,2025,Never had a female head of state
10804,wsm,Samoa,1953,Never had a female head of state
10805,wsm,Samoa,1954,Never had a female head of state
10806,wsm,Samoa,1955,Never had a female head of state
10807,wsm,Samoa,1956,Never had a female head of state
10808,wsm,Samoa,1957,Never had a female head of state
10809,wsm,Samoa,1958,Never had a female head of state
10810,wsm,Samoa,1959,Never had a female head of state
10811,wsm,Samoa,1960,Never had a female head of state
10812,wsm,Samoa,1961,Never had a female head of state
10813,wsm,Samoa,1962,Never had a female head of state
10814,wsm,Samoa,1963,Never had a female head of state
10815,wsm,Samoa,1964,Never had a female head of state
10816,wsm,Samoa,1965,Never had a female head of state
10817,wsm,Samoa,1966,Never had a female head of state
10818,wsm,Samoa,1967,Never had a female head of state
10819,wsm,Samoa,1968,Never had a female head of state
10820,wsm,Samoa,1969,Never had a female head of state
10821,wsm,Samoa,1970,Never had a female head of state
10822,wsm,Samoa,1971,Never had a female head of state
10823,wsm,Samoa,1972,Never had a female head of state
10824,wsm,Samoa,1973,Never had a female head of state
10825,wsm,Samoa,1974,Never had a female head of state
10826,wsm,Samoa,1975,Never had a female head of state
10827,wsm,Samoa,1976,Never had a female head of state
10828,wsm,Samoa,1977,Never had a female head of state
10829,wsm,Samoa,1978,Never had a female head of state
10830,wsm,Samoa,1979,Never had a female head of state
10831,wsm,Samoa,1980,Never had a female head of state
10832,wsm,Samoa,1981,Never had a female head of state
10833,wsm,Samoa,1982,Never had a female head of state
10834,wsm,Samoa,1983,Never had a female head of state
10835,wsm,Samoa,1984,Never had a female head of state
10836,wsm,Samoa,1985,Never had a female head of state
10837,wsm,Samoa,1986,Never had a female head of state
10838,wsm,Samoa,1987,Never had a female head of state
10839,wsm,Samoa,1988,Never had a female head of state
10840,wsm,Samoa,1989,Never had a female head of state
10841,wsm,Samoa,1990,Never had a female head of state
10842,wsm,Samoa,1991,Never had a female head of state
10843,wsm,Samoa,1992,Never had a female head of state
10844,wsm,Samoa,1993,Never had a female head of state
10845,wsm,Samoa,1994,Never had a female head of state
10846,wsm,Samoa,1995,Never had a female head of state
10847,wsm,Samoa,1996,Never had a female head of state
10848,wsm,Samoa,1997,Never had a female head of state
10849,wsm,Samoa,1998,Never had a female head of state
10850,wsm,Samoa,1999,Never had a female head of state
10851,wsm,Samoa,2000,Never had a female head of state
10852,wsm,Samoa,2001,Never had a female head of state
10853,wsm,Samoa,2002,Never had a female head of state
10854,wsm,Samoa,2003,Never had a female head of state
10855,wsm,Samoa,2004,Never had a female head of state
10856,wsm,Samoa,2005,Never had a female head of state
10857,wsm,Samoa,2006,Never had a female head of state
10858,wsm,Samoa,2007,Never had a female head of state
10859,wsm,Samoa,2008,Never had a female head of state
10860,wsm,Samoa,2009,Never had a female head of state
10861,wsm,Samoa,2010,Never had a female head of state
10862,wsm,Samoa,2011,Never had a female head of state
10863,wsm,Samoa,2012,Never had a female head of state
10864,wsm,Samoa,2013,Never had a female head of state
10865,wsm,Samoa,2014,Never had a female head of state
10866,wsm,Samoa,2015,Never had a female head of state
10867,wsm,Samoa,2016,Never had a female head of state
10868,wsm,Samoa,2017,Never had a female head of state
10869,wsm,Samoa,2018,Never had a female head of state
10870,wsm,Samoa,2019,Never had a female head of state
10871,wsm,Samoa,2020,Never had a female head of state
10872,wsm,Samoa,2021,Had a female head of state
10873,wsm,Samoa,2022,Had a female head of state
10874,wsm,Samoa,2023,Had a female head of state
10875,wsm,Samoa,2024,Had a female head of state
10876,wsm,Samoa,2025,Had a female head of state
10877,smr,San Marino,1953,Never had a female head of state
10878,smr,San Marino,1954,Never had a female head of state
10879,smr,San Marino,1955,Never had a female head of state
10880,smr,San Marino,1956,Never had a female head of state
10881,smr,San Marino,1957,Never had a female head of state
10882,smr,San Marino,1958,Never had a female head of state
10883,smr,San Marino,1959,Never had a female head of state
10884,smr,San Marino,1960,Never had a female head of state
10885,smr,San Marino,1961,Never had a female head of state
10886,smr,San Marino,1962,Never had a female head of state
10887,smr,San Marino,1963,Never had a female head of state
10888,smr,San Marino,1964,Never had a female head of state
10889,smr,San Marino,1965,Never had a female head of state
10890,smr,San Marino,1966,Never had a female head of state
10891,smr,San Marino,1967,Never had a female head of state
10892,smr,San Marino,1968,Never had a female head of state
10893,smr,San Marino,1969,Never had a female head of state
10894,smr,San Marino,1970,Never had a female head of state
10895,smr,San Marino,1971,Never had a female head of state
10896,smr,San Marino,1972,Never had a female head of state
10897,smr,San Marino,1973,Never had a female head of state
10898,smr,San Marino,1974,Never had a female head of state
10899,smr,San Marino,1975,Never had a female head of state
10900,smr,San Marino,1976,Never had a female head of state
10901,smr,San Marino,1977,Never had a female head of state
10902,smr,San Marino,1978,Never had a female head of state
10903,smr,San Marino,1979,Never had a female head of state
10904,smr,San Marino,1980,Never had a female head of state
10905,smr,San Marino,1981,Never had a female head of state
10906,smr,San Marino,1982,Never had a female head of state
10907,smr,San Marino,1983,Never had a female head of state
10908,smr,San Marino,1984,Never had a female head of state
10909,smr,San Marino,1985,Never had a female head of state
10910,smr,San Marino,1986,Never had a female head of state
10911,smr,San Marino,1987,Never had a female head of state
10912,smr,San Marino,1988,Never had a female head of state
10913,smr,San Marino,1989,Never had a female head of state
10914,smr,San Marino,1990,Never had a female head of state
10915,smr,San Marino,1991,Never had a female head of state
10916,smr,San Marino,1992,Never had a female head of state
10917,smr,San Marino,1993,Never had a female head of state
10918,smr,San Marino,1994,Never had a female head of state
10919,smr,San Marino,1995,Never had a female head of state
10920,smr,San Marino,1996,Never had a female head of state
10921,smr,San Marino,1997,Never had a female head of state
10922,smr,San Marino,1998,Never had a female head of state
10923,smr,San Marino,1999,Never had a female head of state
10924,smr,San Marino,2000,Never had a female head of state
10925,smr,San Marino,2001,Never had a female head of state
10926,smr,San Marino,2002,Never had a female head of state
10927,smr,San Marino,2003,Never had a female head of state
10928,smr,San Marino,2004,Never had a female head of state
10929,smr,San Marino,2005,Never had a female head of state
10930,smr,San Marino,2006,Never had a female head of state
10931,smr,San Marino,2007,Never had a female head of state
10932,smr,San Marino,2008,Never had a female head of state
10933,smr,San Marino,2009,Never had a female head of state
10934,smr,San Marino,2010,Never had a female head of state
10935,smr,San Marino,2011,Never had a female head of state
10936,smr,San Marino,2012,Never had a female head of state
10937,smr,San Marino,2013,Never had a female head of state
10938,smr,San Marino,2014,Never had a female head of state
10939,smr,San Marino,2015,Never had a female head of state
10940,smr,San Marino,2016,Never had a female head of state
10941,smr,San Marino,2017,Never had a female head of state
10942,smr,San Marino,2018,Never had a female head of state
10943,smr,San Marino,2019,Never had a female head of state
10944,smr,San Marino,2020,Never had a female head of state
10945,smr,San Marino,2021,Never had a female head of state
10946,smr,San Marino,2022,Never had a female head of state
10947,smr,San Marino,2023,Never had a female head of state
10948,smr,San Marino,2024,Never had a female head of state
10949,smr,San Marino,2025,Never had a female head of state
10950,stp,Sao Tome and Principe,1953,Never had a female head of state
10951,stp,Sao Tome and Principe,1954,Never had a female head of state
10952,stp,Sao Tome and Principe,1955,Never had a female head of state
10953,stp,Sao Tome and Principe,1956,Never had a female head of state
10954,stp,Sao Tome and Principe,1957,Never had a female head of state
10955,stp,Sao Tome and Principe,1958,Never had a female head of state
10956,stp,Sao Tome and Principe,1959,Never had a female head of state
10957,stp,Sao Tome and Principe,1960,Never had a female head of state
10958,stp,Sao Tome and Principe,1961,Never had a female head of state
10959,stp,Sao Tome and Principe,1962,Never had a female head of state
10960,stp,Sao Tome and Principe,1963,Never had a female head of state
10961,stp,Sao Tome and Principe,1964,Never had a female head of state
10962,stp,Sao Tome and Principe,1965,Never had a female head of state
10963,stp,Sao Tome and Principe,1966,Never had a female head of state
10964,stp,Sao Tome and Principe,1967,Never had a female head of state
10965,stp,Sao Tome and Principe,1968,Never had a female head of state
10966,stp,Sao Tome and Principe,1969,Never had a female head of state
10967,stp,Sao Tome and Principe,1970,Never had a female head of state
10968,stp,Sao Tome and Principe,1971,Never had a female head of state
10969,stp,Sao Tome and Principe,1972,Never had a female head of state
10970,stp,Sao Tome and Principe,1973,Never had a female head of state
10971,stp,Sao Tome and Principe,1974,Never had a female head of state
10972,stp,Sao Tome and Principe,1975,Never had a female head of state
10973,stp,Sao Tome and Principe,1976,Never had a female head of state
10974,stp,Sao Tome and Principe,1977,Never had a female head of state
10975,stp,Sao Tome and Principe,1978,Never had a female head of state
10976,stp,Sao Tome and Principe,1979,Never had a female head of state
10977,stp,Sao Tome and Principe,1980,Never had a female head of state
10978,stp,Sao Tome and Principe,1981,Never had a female head of state
10979,stp,Sao Tome and Principe,1982,Never had a female head of state
10980,stp,Sao Tome and Principe,1983,Never had a female head of state
10981,stp,Sao Tome and Principe,1984,Never had a female head of state
10982,stp,Sao Tome and Principe,1985,Never had a female head of state
10983,stp,Sao Tome and Principe,1986,Never had a female head of state
10984,stp,Sao Tome and Principe,1987,Never had a female head of state
10985,stp,Sao Tome and Principe,1988,Never had a female head of state
10986,stp,Sao Tome and Principe,1989,Never had a female head of state
10987,stp,Sao Tome and Principe,1990,Never had a female head of state
10988,stp,Sao Tome and Principe,1991,Never had a female head of state
10989,stp,Sao Tome and Principe,1992,Never had a female head of state
10990,stp,Sao Tome and Principe,1993,Never had a female head of state
10991,stp,Sao Tome and Principe,1994,Never had a female head of state
10992,stp,Sao Tome and Principe,1995,Never had a female head of state
10993,stp,Sao Tome and Principe,1996,Never had a female head of state
10994,stp,Sao Tome and Principe,1997,Never had a female head of state
10995,stp,Sao Tome and Principe,1998,Never had a female head of state
10996,stp,Sao Tome and Principe,1999,Never had a female head of state
10997,stp,Sao Tome and Principe,2000,Never had a female head of state
10998,stp,Sao Tome and Principe,2001,Never had a female head of state
10999,stp,Sao Tome and Principe,2002,Had a female head of state
11000,stp,Sao Tome and Principe,2003,Had a female head of state
11001,stp,Sao Tome and Principe,2004,Had a female head of state
11002,stp,Sao Tome and Principe,2005,Had a female head of state
11003,stp,Sao Tome and Principe,2006,Had a female head of state
11004,stp,Sao Tome and Principe,2007,Had a female head of state
11005,stp,Sao Tome and Principe,2008,Had a female head of state
11006,stp,Sao Tome and Principe,2009,Had a female head of state
11007,stp,Sao Tome and Principe,2010,Had a female head of state
11008,stp,Sao Tome and Principe,2011,Had a female head of state
11009,stp,Sao Tome and Principe,2012,Had a female head of state
11010,stp,Sao Tome and Principe,2013,Had a female head of state
11011,stp,Sao Tome and Principe,2014,Had a female head of state
11012,stp,Sao Tome and Principe,2015,Had a female head of state
11013,stp,Sao Tome and Principe,2016,Had a female head of state
11014,stp,Sao Tome and Principe,2017,Had a female head of state
11015,stp,Sao Tome and Principe,2018,Had a female head of state
11016,stp,Sao Tome and Principe,2019,Had a female head of state
11017,stp,Sao Tome and Principe,2020,Had a female head of state
11018,stp,Sao Tome and Principe,2021,Had a female head of state
11019,stp,Sao Tome and Principe,2022,Had a female head of state
11020,stp,Sao Tome and Principe,2023,Had a female head of state
11021,stp,Sao Tome and Principe,2024,Had a female head of state
11022,stp,Sao Tome and Principe,2025,Had a female head of state
11023,sau,Saudi Arabia,1953,Never had a female head of state
11024,sau,Saudi Arabia,1954,Never had a female head of state
11025,sau,Saudi Arabia,1955,Never had a female head of state
11026,sau,Saudi Arabia,1956,Never had a female head of state
11027,sau,Saudi Arabia,1957,Never had a female head of state
11028,sau,Saudi Arabia,1958,Never had a female head of state
11029,sau,Saudi Arabia,1959,Never had a female head of state
11030,sau,Saudi Arabia,1960,Never had a female head of state
11031,sau,Saudi Arabia,1961,Never had a female head of state
11032,sau,Saudi Arabia,1962,Never had a female head of state
11033,sau,Saudi Arabia,1963,Never had a female head of state
11034,sau,Saudi Arabia,1964,Never had a female head of state
11035,sau,Saudi Arabia,1965,Never had a female head of state
11036,sau,Saudi Arabia,1966,Never had a female head of state
11037,sau,Saudi Arabia,1967,Never had a female head of state
11038,sau,Saudi Arabia,1968,Never had a female head of state
11039,sau,Saudi Arabia,1969,Never had a female head of state
11040,sau,Saudi Arabia,1970,Never had a female head of state
11041,sau,Saudi Arabia,1971,Never had a female head of state
11042,sau,Saudi Arabia,1972,Never had a female head of state
11043,sau,Saudi Arabia,1973,Never had a female head of state
11044,sau,Saudi Arabia,1974,Never had a female head of state
11045,sau,Saudi Arabia,1975,Never had a female head of state
11046,sau,Saudi Arabia,1976,Never had a female head of state
11047,sau,Saudi Arabia,1977,Never had a female head of state
11048,sau,Saudi Arabia,1978,Never had a female head of state
11049,sau,Saudi Arabia,1979,Never had a female head of state
11050,sau,Saudi Arabia,1980,Never had a female head of state
11051,sau,Saudi Arabia,1981,Never had a female head of state
11052,sau,Saudi Arabia,1982,Never had a female head of state
11053,sau,Saudi Arabia,1983,Never had a female head of state
11054,sau,Saudi Arabia,1984,Never had a female head of state
11055,sau,Saudi Arabia,1985,Never had a female head of state
11056,sau,Saudi Arabia,1986,Never had a female head of state
11057,sau,Saudi Arabia,1987,Never had a female head of state
11058,sau,Saudi Arabia,1988,Never had a female head of state
11059,sau,Saudi Arabia,1989,Never had a female head of state
11060,sau,Saudi Arabia,1990,Never had a female head of state
11061,sau,Saudi Arabia,1991,Never had a female head of state
11062,sau,Saudi Arabia,1992,Never had a female head of state
11063,sau,Saudi Arabia,1993,Never had a female head of state
11064,sau,Saudi Arabia,1994,Never had a female head of state
11065,sau,Saudi Arabia,1995,Never had a female head of state
11066,sau,Saudi Arabia,1996,Never had a female head of state
11067,sau,Saudi Arabia,1997,Never had a female head of state
11068,sau,Saudi Arabia,1998,Never had a female head of state
11069,sau,Saudi Arabia,1999,Never had a female head of state
11070,sau,Saudi Arabia,2000,Never had a female head of state
11071,sau,Saudi Arabia,2001,Never had a female head of state
11072,sau,Saudi Arabia,2002,Never had a female head of state
11073,sau,Saudi Arabia,2003,Never had a female head of state
11074,sau,Saudi Arabia,2004,Never had a female head of state
11075,sau,Saudi Arabia,2005,Never had a female head of state
11076,sau,Saudi Arabia,2006,Never had a female head of state
11077,sau,Saudi Arabia,2007,Never had a female head of state
11078,sau,Saudi Arabia,2008,Never had a female head of state
11079,sau,Saudi Arabia,2009,Never had a female head of state
11080,sau,Saudi Arabia,2010,Never had a female head of state
11081,sau,Saudi Arabia,2011,Never had a female head of state
11082,sau,Saudi Arabia,2012,Never had a female head of state
11083,sau,Saudi Arabia,2013,Never had a female head of state
11084,sau,Saudi Arabia,2014,Never had a female head of state
11085,sau,Saudi Arabia,2015,Never had a female head of state
11086,sau,Saudi Arabia,2016,Never had a female head of state
11087,sau,Saudi Arabia,2017,Never had a female head of state
11088,sau,Saudi Arabia,2018,Never had a female head of state
11089,sau,Saudi Arabia,2019,Never had a female head of state
11090,sau,Saudi Arabia,2020,Never had a female head of state
11091,sau,Saudi Arabia,2021,Never had a female head of state
11092,sau,Saudi Arabia,2022,Never had a female head of state
11093,sau,Saudi Arabia,2023,Never had a female head of state
11094,sau,Saudi Arabia,2024,Never had a female head of state
11095,sau,Saudi Arabia,2025,Never had a female head of state
11096,sen,Senegal,1953,Never had a female head of state
11097,sen,Senegal,1954,Never had a female head of state
11098,sen,Senegal,1955,Never had a female head of state
11099,sen,Senegal,1956,Never had a female head of state
11100,sen,Senegal,1957,Never had a female head of state
11101,sen,Senegal,1958,Never had a female head of state
11102,sen,Senegal,1959,Never had a female head of state
11103,sen,Senegal,1960,Never had a female head of state
11104,sen,Senegal,1961,Never had a female head of state
11105,sen,Senegal,1962,Never had a female head of state
11106,sen,Senegal,1963,Never had a female head of state
11107,sen,Senegal,1964,Never had a female head of state
11108,sen,Senegal,1965,Never had a female head of state
11109,sen,Senegal,1966,Never had a female head of state
11110,sen,Senegal,1967,Never had a female head of state
11111,sen,Senegal,1968,Never had a female head of state
11112,sen,Senegal,1969,Never had a female head of state
11113,sen,Senegal,1970,Never had a female head of state
11114,sen,Senegal,1971,Never had a female head of state
11115,sen,Senegal,1972,Never had a female head of state
11116,sen,Senegal,1973,Never had a female head of state
11117,sen,Senegal,1974,Never had a female head of state
11118,sen,Senegal,1975,Never had a female head of state
11119,sen,Senegal,1976,Never had a female head of state
11120,sen,Senegal,1977,Never had a female head of state
11121,sen,Senegal,1978,Never had a female head of state
11122,sen,Senegal,1979,Never had a female head of state
11123,sen,Senegal,1980,Never had a female head of state
11124,sen,Senegal,1981,Never had a female head of state
11125,sen,Senegal,1982,Never had a female head of state
11126,sen,Senegal,1983,Never had a female head of state
11127,sen,Senegal,1984,Never had a female head of state
11128,sen,Senegal,1985,Never had a female head of state
11129,sen,Senegal,1986,Never had a female head of state
11130,sen,Senegal,1987,Never had a female head of state
11131,sen,Senegal,1988,Never had a female head of state
11132,sen,Senegal,1989,Never had a female head of state
11133,sen,Senegal,1990,Never had a female head of state
11134,sen,Senegal,1991,Never had a female head of state
11135,sen,Senegal,1992,Never had a female head of state
11136,sen,Senegal,1993,Never had a female head of state
11137,sen,Senegal,1994,Never had a female head of state
11138,sen,Senegal,1995,Never had a female head of state
11139,sen,Senegal,1996,Never had a female head of state
11140,sen,Senegal,1997,Never had a female head of state
11141,sen,Senegal,1998,Never had a female head of state
11142,sen,Senegal,1999,Never had a female head of state
11143,sen,Senegal,2000,Never had a female head of state
11144,sen,Senegal,2001,Had a female head of state
11145,sen,Senegal,2002,Had a female head of state
11146,sen,Senegal,2003,Had a female head of state
11147,sen,Senegal,2004,Had a female head of state
11148,sen,Senegal,2005,Had a female head of state
11149,sen,Senegal,2006,Had a female head of state
11150,sen,Senegal,2007,Had a female head of state
11151,sen,Senegal,2008,Had a female head of state
11152,sen,Senegal,2009,Had a female head of state
11153,sen,Senegal,2010,Had a female head of state
11154,sen,Senegal,2011,Had a female head of state
11155,sen,Senegal,2012,Had a female head of state
11156,sen,Senegal,2013,Had a female head of state
11157,sen,Senegal,2014,Had a female head of state
11158,sen,Senegal,2015,Had a female head of state
11159,sen,Senegal,2016,Had a female head of state
11160,sen,Senegal,2017,Had a female head of state
11161,sen,Senegal,2018,Had a female head of state
11162,sen,Senegal,2019,Had a female head of state
11163,sen,Senegal,2020,Had a female head of state
11164,sen,Senegal,2021,Had a female head of state
11165,sen,Senegal,2022,Had a female head of state
11166,sen,Senegal,2023,Had a female head of state
11167,sen,Senegal,2024,Had a female head of state
11168,sen,Senegal,2025,Had a female head of state
11169,srb,Serbia,1953,Never had a female head of state
11170,srb,Serbia,1954,Never had a female head of state
11171,srb,Serbia,1955,Never had a female head of state
11172,srb,Serbia,1956,Never had a female head of state
11173,srb,Serbia,1957,Never had a female head of state
11174,srb,Serbia,1958,Never had a female head of state
11175,srb,Serbia,1959,Never had a female head of state
11176,srb,Serbia,1960,Never had a female head of state
11177,srb,Serbia,1961,Never had a female head of state
11178,srb,Serbia,1962,Never had a female head of state
11179,srb,Serbia,1963,Never had a female head of state
11180,srb,Serbia,1964,Never had a female head of state
11181,srb,Serbia,1965,Never had a female head of state
11182,srb,Serbia,1966,Never had a female head of state
11183,srb,Serbia,1967,Never had a female head of state
11184,srb,Serbia,1968,Never had a female head of state
11185,srb,Serbia,1969,Never had a female head of state
11186,srb,Serbia,1970,Never had a female head of state
11187,srb,Serbia,1971,Never had a female head of state
11188,srb,Serbia,1972,Never had a female head of state
11189,srb,Serbia,1973,Never had a female head of state
11190,srb,Serbia,1974,Never had a female head of state
11191,srb,Serbia,1975,Never had a female head of state
11192,srb,Serbia,1976,Never had a female head of state
11193,srb,Serbia,1977,Never had a female head of state
11194,srb,Serbia,1978,Never had a female head of state
11195,srb,Serbia,1979,Never had a female head of state
11196,srb,Serbia,1980,Never had a female head of state
11197,srb,Serbia,1981,Never had a female head of state
11198,srb,Serbia,1982,Never had a female head of state
11199,srb,Serbia,1983,Never had a female head of state
11200,srb,Serbia,1984,Never had a female head of state
11201,srb,Serbia,1985,Never had a female head of state
11202,srb,Serbia,1986,Never had a female head of state
11203,srb,Serbia,1987,Never had a female head of state
11204,srb,Serbia,1988,Never had a female head of state
11205,srb,Serbia,1989,Never had a female head of state
11206,srb,Serbia,1990,Never had a female head of state
11207,srb,Serbia,1991,Never had a female head of state
11208,srb,Serbia,1992,Never had a female head of state
11209,srb,Serbia,1993,Never had a female head of state
11210,srb,Serbia,1994,Never had a female head of state
11211,srb,Serbia,1995,Never had a female head of state
11212,srb,Serbia,1996,Never had a female head of state
11213,srb,Serbia,1997,Never had a female head of state
11214,srb,Serbia,1998,Never had a female head of state
11215,srb,Serbia,1999,Never had a female head of state
11216,srb,Serbia,2000,Never had a female head of state
11217,srb,Serbia,2001,Never had a female head of state
11218,srb,Serbia,2002,Never had a female head of state
11219,srb,Serbia,2003,Never had a female head of state
11220,srb,Serbia,2004,Never had a female head of state
11221,srb,Serbia,2005,Never had a female head of state
11222,srb,Serbia,2006,Never had a female head of state
11223,srb,Serbia,2007,Never had a female head of state
11224,srb,Serbia,2008,Never had a female head of state
11225,srb,Serbia,2009,Never had a female head of state
11226,srb,Serbia,2010,Never had a female head of state
11227,srb,Serbia,2011,Never had a female head of state
11228,srb,Serbia,2012,Had a female head of state
11229,srb,Serbia,2013,Had a female head of state
11230,srb,Serbia,2014,Had a female head of state
11231,srb,Serbia,2015,Had a female head of state
11232,srb,Serbia,2016,Had a female head of state
11233,srb,Serbia,2017,Had a female head of state
11234,srb,Serbia,2018,Had a female head of state
11235,srb,Serbia,2019,Had a female head of state
11236,srb,Serbia,2020,Had a female head of state
11237,srb,Serbia,2021,Had a female head of state
11238,srb,Serbia,2022,Had a female head of state
11239,srb,Serbia,2023,Had a female head of state
11240,srb,Serbia,2024,Had a female head of state
11241,srb,Serbia,2025,Had a female head of state
11242,syc,Seychelles,1953,Never had a female head of state
11243,syc,Seychelles,1954,Never had a female head of state
11244,syc,Seychelles,1955,Never had a female head of state
11245,syc,Seychelles,1956,Never had a female head of state
11246,syc,Seychelles,1957,Never had a female head of state
11247,syc,Seychelles,1958,Never had a female head of state
11248,syc,Seychelles,1959,Never had a female head of state
11249,syc,Seychelles,1960,Never had a female head of state
11250,syc,Seychelles,1961,Never had a female head of state
11251,syc,Seychelles,1962,Never had a female head of state
11252,syc,Seychelles,1963,Never had a female head of state
11253,syc,Seychelles,1964,Never had a female head of state
11254,syc,Seychelles,1965,Never had a female head of state
11255,syc,Seychelles,1966,Never had a female head of state
11256,syc,Seychelles,1967,Never had a female head of state
11257,syc,Seychelles,1968,Never had a female head of state
11258,syc,Seychelles,1969,Never had a female head of state
11259,syc,Seychelles,1970,Never had a female head of state
11260,syc,Seychelles,1971,Never had a female head of state
11261,syc,Seychelles,1972,Never had a female head of state
11262,syc,Seychelles,1973,Never had a female head of state
11263,syc,Seychelles,1974,Never had a female head of state
11264,syc,Seychelles,1975,Never had a female head of state
11265,syc,Seychelles,1976,Never had a female head of state
11266,syc,Seychelles,1977,Never had a female head of state
11267,syc,Seychelles,1978,Never had a female head of state
11268,syc,Seychelles,1979,Never had a female head of state
11269,syc,Seychelles,1980,Never had a female head of state
11270,syc,Seychelles,1981,Never had a female head of state
11271,syc,Seychelles,1982,Never had a female head of state
11272,syc,Seychelles,1983,Never had a female head of state
11273,syc,Seychelles,1984,Never had a female head of state
11274,syc,Seychelles,1985,Never had a female head of state
11275,syc,Seychelles,1986,Never had a female head of state
11276,syc,Seychelles,1987,Never had a female head of state
11277,syc,Seychelles,1988,Never had a female head of state
11278,syc,Seychelles,1989,Never had a female head of state
11279,syc,Seychelles,1990,Never had a female head of state
11280,syc,Seychelles,1991,Never had a female head of state
11281,syc,Seychelles,1992,Never had a female head of state
11282,syc,Seychelles,1993,Never had a female head of state
11283,syc,Seychelles,1994,Never had a female head of state
11284,syc,Seychelles,1995,Never had a female head of state
11285,syc,Seychelles,1996,Never had a female head of state
11286,syc,Seychelles,1997,Never had a female head of state
11287,syc,Seychelles,1998,Never had a female head of state
11288,syc,Seychelles,1999,Never had a female head of state
11289,syc,Seychelles,2000,Never had a female head of state
11290,syc,Seychelles,2001,Never had a female head of state
11291,syc,Seychelles,2002,Never had a female head of state
11292,syc,Seychelles,2003,Never had a female head of state
11293,syc,Seychelles,2004,Never had a female head of state
11294,syc,Seychelles,2005,Never had a female head of state
11295,syc,Seychelles,2006,Never had a female head of state
11296,syc,Seychelles,2007,Never had a female head of state
11297,syc,Seychelles,2008,Never had a female head of state
11298,syc,Seychelles,2009,Never had a female head of state
11299,syc,Seychelles,2010,Never had a female head of state
11300,syc,Seychelles,2011,Never had a female head of state
11301,syc,Seychelles,2012,Never had a female head of state
11302,syc,Seychelles,2013,Never had a female head of state
11303,syc,Seychelles,2014,Never had a female head of state
11304,syc,Seychelles,2015,Never had a female head of state
11305,syc,Seychelles,2016,Never had a female head of state
11306,syc,Seychelles,2017,Never had a female head of state
11307,syc,Seychelles,2018,Never had a female head of state
11308,syc,Seychelles,2019,Never had a female head of state
11309,syc,Seychelles,2020,Never had a female head of state
11310,syc,Seychelles,2021,Never had a female head of state
11311,syc,Seychelles,2022,Never had a female head of state
11312,syc,Seychelles,2023,Never had a female head of state
11313,syc,Seychelles,2024,Never had a female head of state
11314,syc,Seychelles,2025,Never had a female head of state
11315,sle,Sierra Leone,1953,Never had a female head of state
11316,sle,Sierra Leone,1954,Never had a female head of state
11317,sle,Sierra Leone,1955,Never had a female head of state
11318,sle,Sierra Leone,1956,Never had a female head of state
11319,sle,Sierra Leone,1957,Never had a female head of state
11320,sle,Sierra Leone,1958,Never had a female head of state
11321,sle,Sierra Leone,1959,Never had a female head of state
11322,sle,Sierra Leone,1960,Never had a female head of state
11323,sle,Sierra Leone,1961,Never had a female head of state
11324,sle,Sierra Leone,1962,Never had a female head of state
11325,sle,Sierra Leone,1963,Never had a female head of state
11326,sle,Sierra Leone,1964,Never had a female head of state
11327,sle,Sierra Leone,1965,Never had a female head of state
11328,sle,Sierra Leone,1966,Never had a female head of state
11329,sle,Sierra Leone,1967,Never had a female head of state
11330,sle,Sierra Leone,1968,Never had a female head of state
11331,sle,Sierra Leone,1969,Never had a female head of state
11332,sle,Sierra Leone,1970,Never had a female head of state
11333,sle,Sierra Leone,1971,Never had a female head of state
11334,sle,Sierra Leone,1972,Never had a female head of state
11335,sle,Sierra Leone,1973,Never had a female head of state
11336,sle,Sierra Leone,1974,Never had a female head of state
11337,sle,Sierra Leone,1975,Never had a female head of state
11338,sle,Sierra Leone,1976,Never had a female head of state
11339,sle,Sierra Leone,1977,Never had a female head of state
11340,sle,Sierra Leone,1978,Never had a female head of state
11341,sle,Sierra Leone,1979,Never had a female head of state
11342,sle,Sierra Leone,1980,Never had a female head of state
11343,sle,Sierra Leone,1981,Never had a female head of state
11344,sle,Sierra Leone,1982,Never had a female head of state
11345,sle,Sierra Leone,1983,Never had a female head of state
11346,sle,Sierra Leone,1984,Never had a female head of state
11347,sle,Sierra Leone,1985,Never had a female head of state
11348,sle,Sierra Leone,1986,Never had a female head of state
11349,sle,Sierra Leone,1987,Never had a female head of state
11350,sle,Sierra Leone,1988,Never had a female head of state
11351,sle,Sierra Leone,1989,Never had a female head of state
11352,sle,Sierra Leone,1990,Never had a female head of state
11353,sle,Sierra Leone,1991,Never had a female head of state
11354,sle,Sierra Leone,1992,Never had a female head of state
11355,sle,Sierra Leone,1993,Never had a female head of state
11356,sle,Sierra Leone,1994,Never had a female head of state
11357,sle,Sierra Leone,1995,Never had a female head of state
11358,sle,Sierra Leone,1996,Never had a female head of state
11359,sle,Sierra Leone,1997,Never had a female head of state
11360,sle,Sierra Leone,1998,Never had a female head of state
11361,sle,Sierra Leone,1999,Never had a female head of state
11362,sle,Sierra Leone,2000,Never had a female head of state
11363,sle,Sierra Leone,2001,Never had a female head of state
11364,sle,Sierra Leone,2002,Never had a female head of state
11365,sle,Sierra Leone,2003,Never had a female head of state
11366,sle,Sierra Leone,2004,Never had a female head of state
11367,sle,Sierra Leone,2005,Never had a female head of state
11368,sle,Sierra Leone,2006,Never had a female head of state
11369,sle,Sierra Leone,2007,Never had a female head of state
11370,sle,Sierra Leone,2008,Never had a female head of state
11371,sle,Sierra Leone,2009,Never had a female head of state
11372,sle,Sierra Leone,2010,Never had a female head of state
11373,sle,Sierra Leone,2011,Never had a female head of state
11374,sle,Sierra Leone,2012,Never had a female head of state
11375,sle,Sierra Leone,2013,Never had a female head of state
11376,sle,Sierra Leone,2014,Never had a female head of state
11377,sle,Sierra Leone,2015,Never had a female head of state
11378,sle,Sierra Leone,2016,Never had a female head of state
11379,sle,Sierra Leone,2017,Never had a female head of state
11380,sle,Sierra Leone,2018,Never had a female head of state
11381,sle,Sierra Leone,2019,Never had a female head of state
11382,sle,Sierra Leone,2020,Never had a female head of state
11383,sle,Sierra Leone,2021,Never had a female head of state
11384,sle,Sierra Leone,2022,Never had a female head of state
11385,sle,Sierra Leone,2023,Never had a female head of state
11386,sle,Sierra Leone,2024,Never had a female head of state
11387,sle,Sierra Leone,2025,Never had a female head of state
11388,sgp,Singapore,1953,Never had a female head of state
11389,sgp,Singapore,1954,Never had a female head of state
11390,sgp,Singapore,1955,Never had a female head of state
11391,sgp,Singapore,1956,Never had a female head of state
11392,sgp,Singapore,1957,Never had a female head of state
11393,sgp,Singapore,1958,Never had a female head of state
11394,sgp,Singapore,1959,Never had a female head of state
11395,sgp,Singapore,1960,Never had a female head of state
11396,sgp,Singapore,1961,Never had a female head of state
11397,sgp,Singapore,1962,Never had a female head of state
11398,sgp,Singapore,1963,Never had a female head of state
11399,sgp,Singapore,1964,Never had a female head of state
11400,sgp,Singapore,1965,Never had a female head of state
11401,sgp,Singapore,1966,Never had a female head of state
11402,sgp,Singapore,1967,Never had a female head of state
11403,sgp,Singapore,1968,Never had a female head of state
11404,sgp,Singapore,1969,Never had a female head of state
11405,sgp,Singapore,1970,Never had a female head of state
11406,sgp,Singapore,1971,Never had a female head of state
11407,sgp,Singapore,1972,Never had a female head of state
11408,sgp,Singapore,1973,Never had a female head of state
11409,sgp,Singapore,1974,Never had a female head of state
11410,sgp,Singapore,1975,Never had a female head of state
11411,sgp,Singapore,1976,Never had a female head of state
11412,sgp,Singapore,1977,Never had a female head of state
11413,sgp,Singapore,1978,Never had a female head of state
11414,sgp,Singapore,1979,Never had a female head of state
11415,sgp,Singapore,1980,Never had a female head of state
11416,sgp,Singapore,1981,Never had a female head of state
11417,sgp,Singapore,1982,Never had a female head of state
11418,sgp,Singapore,1983,Never had a female head of state
11419,sgp,Singapore,1984,Never had a female head of state
11420,sgp,Singapore,1985,Never had a female head of state
11421,sgp,Singapore,1986,Never had a female head of state
11422,sgp,Singapore,1987,Never had a female head of state
11423,sgp,Singapore,1988,Never had a female head of state
11424,sgp,Singapore,1989,Never had a female head of state
11425,sgp,Singapore,1990,Never had a female head of state
11426,sgp,Singapore,1991,Never had a female head of state
11427,sgp,Singapore,1992,Never had a female head of state
11428,sgp,Singapore,1993,Never had a female head of state
11429,sgp,Singapore,1994,Never had a female head of state
11430,sgp,Singapore,1995,Never had a female head of state
11431,sgp,Singapore,1996,Never had a female head of state
11432,sgp,Singapore,1997,Never had a female head of state
11433,sgp,Singapore,1998,Never had a female head of state
11434,sgp,Singapore,1999,Never had a female head of state
11435,sgp,Singapore,2000,Never had a female head of state
11436,sgp,Singapore,2001,Never had a female head of state
11437,sgp,Singapore,2002,Never had a female head of state
11438,sgp,Singapore,2003,Never had a female head of state
11439,sgp,Singapore,2004,Never had a female head of state
11440,sgp,Singapore,2005,Never had a female head of state
11441,sgp,Singapore,2006,Never had a female head of state
11442,sgp,Singapore,2007,Never had a female head of state
11443,sgp,Singapore,2008,Never had a female head of state
11444,sgp,Singapore,2009,Never had a female head of state
11445,sgp,Singapore,2010,Never had a female head of state
11446,sgp,Singapore,2011,Never had a female head of state
11447,sgp,Singapore,2012,Never had a female head of state
11448,sgp,Singapore,2013,Never had a female head of state
11449,sgp,Singapore,2014,Never had a female head of state
11450,sgp,Singapore,2015,Never had a female head of state
11451,sgp,Singapore,2016,Never had a female head of state
11452,sgp,Singapore,2017,Had a female head of state
11453,sgp,Singapore,2018,Had a female head of state
11454,sgp,Singapore,2019,Had a female head of state
11455,sgp,Singapore,2020,Had a female head of state
11456,sgp,Singapore,2021,Had a female head of state
11457,sgp,Singapore,2022,Had a female head of state
11458,sgp,Singapore,2023,Had a female head of state
11459,sgp,Singapore,2024,Had a female head of state
11460,sgp,Singapore,2025,Had a female head of state
11461,svk,Slovak Republic,1953,Never had a female head of state
11462,svk,Slovak Republic,1954,Never had a female head of state
11463,svk,Slovak Republic,1955,Never had a female head of state
11464,svk,Slovak Republic,1956,Never had a female head of state
11465,svk,Slovak Republic,1957,Never had a female head of state
11466,svk,Slovak Republic,1958,Never had a female head of state
11467,svk,Slovak Republic,1959,Never had a female head of state
11468,svk,Slovak Republic,1960,Never had a female head of state
11469,svk,Slovak Republic,1961,Never had a female head of state
11470,svk,Slovak Republic,1962,Never had a female head of state
11471,svk,Slovak Republic,1963,Never had a female head of state
11472,svk,Slovak Republic,1964,Never had a female head of state
11473,svk,Slovak Republic,1965,Never had a female head of state
11474,svk,Slovak Republic,1966,Never had a female head of state
11475,svk,Slovak Republic,1967,Never had a female head of state
11476,svk,Slovak Republic,1968,Never had a female head of state
11477,svk,Slovak Republic,1969,Never had a female head of state
11478,svk,Slovak Republic,1970,Never had a female head of state
11479,svk,Slovak Republic,1971,Never had a female head of state
11480,svk,Slovak Republic,1972,Never had a female head of state
11481,svk,Slovak Republic,1973,Never had a female head of state
11482,svk,Slovak Republic,1974,Never had a female head of state
11483,svk,Slovak Republic,1975,Never had a female head of state
11484,svk,Slovak Republic,1976,Never had a female head of state
11485,svk,Slovak Republic,1977,Never had a female head of state
11486,svk,Slovak Republic,1978,Never had a female head of state
11487,svk,Slovak Republic,1979,Never had a female head of state
11488,svk,Slovak Republic,1980,Never had a female head of state
11489,svk,Slovak Republic,1981,Never had a female head of state
11490,svk,Slovak Republic,1982,Never had a female head of state
11491,svk,Slovak Republic,1983,Never had a female head of state
11492,svk,Slovak Republic,1984,Never had a female head of state
11493,svk,Slovak Republic,1985,Never had a female head of state
11494,svk,Slovak Republic,1986,Never had a female head of state
11495,svk,Slovak Republic,1987,Never had a female head of state
11496,svk,Slovak Republic,1988,Never had a female head of state
11497,svk,Slovak Republic,1989,Never had a female head of state
11498,svk,Slovak Republic,1990,Never had a female head of state
11499,svk,Slovak Republic,1991,Never had a female head of state
11500,svk,Slovak Republic,1992,Never had a female head of state
11501,svk,Slovak Republic,1993,Never had a female head of state
11502,svk,Slovak Republic,1994,Never had a female head of state
11503,svk,Slovak Republic,1995,Never had a female head of state
11504,svk,Slovak Republic,1996,Never had a female head of state
11505,svk,Slovak Republic,1997,Never had a female head of state
11506,svk,Slovak Republic,1998,Never had a female head of state
11507,svk,Slovak Republic,1999,Never had a female head of state
11508,svk,Slovak Republic,2000,Never had a female head of state
11509,svk,Slovak Republic,2001,Never had a female head of state
11510,svk,Slovak Republic,2002,Never had a female head of state
11511,svk,Slovak Republic,2003,Never had a female head of state
11512,svk,Slovak Republic,2004,Never had a female head of state
11513,svk,Slovak Republic,2005,Never had a female head of state
11514,svk,Slovak Republic,2006,Never had a female head of state
11515,svk,Slovak Republic,2007,Never had a female head of state
11516,svk,Slovak Republic,2008,Never had a female head of state
11517,svk,Slovak Republic,2009,Never had a female head of state
11518,svk,Slovak Republic,2010,Had a female head of state
11519,svk,Slovak Republic,2011,Had a female head of state
11520,svk,Slovak Republic,2012,Had a female head of state
11521,svk,Slovak Republic,2013,Had a female head of state
11522,svk,Slovak Republic,2014,Had a female head of state
11523,svk,Slovak Republic,2015,Had a female head of state
11524,svk,Slovak Republic,2016,Had a female head of state
11525,svk,Slovak Republic,2017,Had a female head of state
11526,svk,Slovak Republic,2018,Had a female head of state
11527,svk,Slovak Republic,2019,Had a female head of state
11528,svk,Slovak Republic,2020,Had a female head of state
11529,svk,Slovak Republic,2021,Had a female head of state
11530,svk,Slovak Republic,2022,Had a female head of state
11531,svk,Slovak Republic,2023,Had a female head of state
11532,svk,Slovak Republic,2024,Had a female head of state
11533,svk,Slovak Republic,2025,Had a female head of state
11534,svn,Slovenia,1953,Never had a female head of state
11535,svn,Slovenia,1954,Never had a female head of state
11536,svn,Slovenia,1955,Never had a female head of state
11537,svn,Slovenia,1956,Never had a female head of state
11538,svn,Slovenia,1957,Never had a female head of state
11539,svn,Slovenia,1958,Never had a female head of state
11540,svn,Slovenia,1959,Never had a female head of state
11541,svn,Slovenia,1960,Never had a female head of state
11542,svn,Slovenia,1961,Never had a female head of state
11543,svn,Slovenia,1962,Never had a female head of state
11544,svn,Slovenia,1963,Never had a female head of state
11545,svn,Slovenia,1964,Never had a female head of state
11546,svn,Slovenia,1965,Never had a female head of state
11547,svn,Slovenia,1966,Never had a female head of state
11548,svn,Slovenia,1967,Never had a female head of state
11549,svn,Slovenia,1968,Never had a female head of state
11550,svn,Slovenia,1969,Never had a female head of state
11551,svn,Slovenia,1970,Never had a female head of state
11552,svn,Slovenia,1971,Never had a female head of state
11553,svn,Slovenia,1972,Never had a female head of state
11554,svn,Slovenia,1973,Never had a female head of state
11555,svn,Slovenia,1974,Never had a female head of state
11556,svn,Slovenia,1975,Never had a female head of state
11557,svn,Slovenia,1976,Never had a female head of state
11558,svn,Slovenia,1977,Never had a female head of state
11559,svn,Slovenia,1978,Never had a female head of state
11560,svn,Slovenia,1979,Never had a female head of state
11561,svn,Slovenia,1980,Never had a female head of state
11562,svn,Slovenia,1981,Never had a female head of state
11563,svn,Slovenia,1982,Never had a female head of state
11564,svn,Slovenia,1983,Never had a female head of state
11565,svn,Slovenia,1984,Never had a female head of state
11566,svn,Slovenia,1985,Never had a female head of state
11567,svn,Slovenia,1986,Never had a female head of state
11568,svn,Slovenia,1987,Never had a female head of state
11569,svn,Slovenia,1988,Never had a female head of state
11570,svn,Slovenia,1989,Never had a female head of state
11571,svn,Slovenia,1990,Never had a female head of state
11572,svn,Slovenia,1991,Never had a female head of state
11573,svn,Slovenia,1992,Never had a female head of state
11574,svn,Slovenia,1993,Never had a female head of state
11575,svn,Slovenia,1994,Never had a female head of state
11576,svn,Slovenia,1995,Never had a female head of state
11577,svn,Slovenia,1996,Never had a female head of state
11578,svn,Slovenia,1997,Never had a female head of state
11579,svn,Slovenia,1998,Never had a female head of state
11580,svn,Slovenia,1999,Never had a female head of state
11581,svn,Slovenia,2000,Never had a female head of state
11582,svn,Slovenia,2001,Never had a female head of state
11583,svn,Slovenia,2002,Never had a female head of state
11584,svn,Slovenia,2003,Never had a female head of state
11585,svn,Slovenia,2004,Never had a female head of state
11586,svn,Slovenia,2005,Never had a female head of state
11587,svn,Slovenia,2006,Never had a female head of state
11588,svn,Slovenia,2007,Never had a female head of state
11589,svn,Slovenia,2008,Never had a female head of state
11590,svn,Slovenia,2009,Never had a female head of state
11591,svn,Slovenia,2010,Never had a female head of state
11592,svn,Slovenia,2011,Never had a female head of state
11593,svn,Slovenia,2012,Never had a female head of state
11594,svn,Slovenia,2013,Had a female head of state
11595,svn,Slovenia,2014,Had a female head of state
11596,svn,Slovenia,2015,Had a female head of state
11597,svn,Slovenia,2016,Had a female head of state
11598,svn,Slovenia,2017,Had a female head of state
11599,svn,Slovenia,2018,Had a female head of state
11600,svn,Slovenia,2019,Had a female head of state
11601,svn,Slovenia,2020,Had a female head of state
11602,svn,Slovenia,2021,Had a female head of state
11603,svn,Slovenia,2022,Had a female head of state
11604,svn,Slovenia,2023,Had a female head of state
11605,svn,Slovenia,2024,Had a female head of state
11606,svn,Slovenia,2025,Had a female head of state
11607,slb,Solomon Islands,1953,Never had a female head of state
11608,slb,Solomon Islands,1954,Never had a female head of state
11609,slb,Solomon Islands,1955,Never had a female head of state
11610,slb,Solomon Islands,1956,Never had a female head of state
11611,slb,Solomon Islands,1957,Never had a female head of state
11612,slb,Solomon Islands,1958,Never had a female head of state
11613,slb,Solomon Islands,1959,Never had a female head of state
11614,slb,Solomon Islands,1960,Never had a female head of state
11615,slb,Solomon Islands,1961,Never had a female head of state
11616,slb,Solomon Islands,1962,Never had a female head of state
11617,slb,Solomon Islands,1963,Never had a female head of state
11618,slb,Solomon Islands,1964,Never had a female head of state
11619,slb,Solomon Islands,1965,Never had a female head of state
11620,slb,Solomon Islands,1966,Never had a female head of state
11621,slb,Solomon Islands,1967,Never had a female head of state
11622,slb,Solomon Islands,1968,Never had a female head of state
11623,slb,Solomon Islands,1969,Never had a female head of state
11624,slb,Solomon Islands,1970,Never had a female head of state
11625,slb,Solomon Islands,1971,Never had a female head of state
11626,slb,Solomon Islands,1972,Never had a female head of state
11627,slb,Solomon Islands,1973,Never had a female head of state
11628,slb,Solomon Islands,1974,Never had a female head of state
11629,slb,Solomon Islands,1975,Never had a female head of state
11630,slb,Solomon Islands,1976,Never had a female head of state
11631,slb,Solomon Islands,1977,Never had a female head of state
11632,slb,Solomon Islands,1978,Never had a female head of state
11633,slb,Solomon Islands,1979,Never had a female head of state
11634,slb,Solomon Islands,1980,Never had a female head of state
11635,slb,Solomon Islands,1981,Never had a female head of state
11636,slb,Solomon Islands,1982,Never had a female head of state
11637,slb,Solomon Islands,1983,Never had a female head of state
11638,slb,Solomon Islands,1984,Never had a female head of state
11639,slb,Solomon Islands,1985,Never had a female head of state
11640,slb,Solomon Islands,1986,Never had a female head of state
11641,slb,Solomon Islands,1987,Never had a female head of state
11642,slb,Solomon Islands,1988,Never had a female head of state
11643,slb,Solomon Islands,1989,Never had a female head of state
11644,slb,Solomon Islands,1990,Never had a female head of state
11645,slb,Solomon Islands,1991,Never had a female head of state
11646,slb,Solomon Islands,1992,Never had a female head of state
11647,slb,Solomon Islands,1993,Never had a female head of state
11648,slb,Solomon Islands,1994,Never had a female head of state
11649,slb,Solomon Islands,1995,Never had a female head of state
11650,slb,Solomon Islands,1996,Never had a female head of state
11651,slb,Solomon Islands,1997,Never had a female head of state
11652,slb,Solomon Islands,1998,Never had a female head of state
11653,slb,Solomon Islands,1999,Never had a female head of state
11654,slb,Solomon Islands,2000,Never had a female head of state
11655,slb,Solomon Islands,2001,Never had a female head of state
11656,slb,Solomon Islands,2002,Never had a female head of state
11657,slb,Solomon Islands,2003,Never had a female head of state
11658,slb,Solomon Islands,2004,Never had a female head of state
11659,slb,Solomon Islands,2005,Never had a female head of state
11660,slb,Solomon Islands,2006,Never had a female head of state
11661,slb,Solomon Islands,2007,Never had a female head of state
11662,slb,Solomon Islands,2008,Never had a female head of state
11663,slb,Solomon Islands,2009,Never had a female head of state
11664,slb,Solomon Islands,2010,Never had a female head of state
11665,slb,Solomon Islands,2011,Never had a female head of state
11666,slb,Solomon Islands,2012,Never had a female head of state
11667,slb,Solomon Islands,2013,Never had a female head of state
11668,slb,Solomon Islands,2014,Never had a female head of state
11669,slb,Solomon Islands,2015,Never had a female head of state
11670,slb,Solomon Islands,2016,Never had a female head of state
11671,slb,Solomon Islands,2017,Never had a female head of state
11672,slb,Solomon Islands,2018,Never had a female head of state
11673,slb,Solomon Islands,2019,Never had a female head of state
11674,slb,Solomon Islands,2020,Never had a female head of state
11675,slb,Solomon Islands,2021,Never had a female head of state
11676,slb,Solomon Islands,2022,Never had a female head of state
11677,slb,Solomon Islands,2023,Never had a female head of state
11678,slb,Solomon Islands,2024,Never had a female head of state
11679,slb,Solomon Islands,2025,Never had a female head of state
11680,som,Somalia,1953,Never had a female head of state
11681,som,Somalia,1954,Never had a female head of state
11682,som,Somalia,1955,Never had a female head of state
11683,som,Somalia,1956,Never had a female head of state
11684,som,Somalia,1957,Never had a female head of state
11685,som,Somalia,1958,Never had a female head of state
11686,som,Somalia,1959,Never had a female head of state
11687,som,Somalia,1960,Never had a female head of state
11688,som,Somalia,1961,Never had a female head of state
11689,som,Somalia,1962,Never had a female head of state
11690,som,Somalia,1963,Never had a female head of state
11691,som,Somalia,1964,Never had a female head of state
11692,som,Somalia,1965,Never had a female head of state
11693,som,Somalia,1966,Never had a female head of state
11694,som,Somalia,1967,Never had a female head of state
11695,som,Somalia,1968,Never had a female head of state
11696,som,Somalia,1969,Never had a female head of state
11697,som,Somalia,1970,Never had a female head of state
11698,som,Somalia,1971,Never had a female head of state
11699,som,Somalia,1972,Never had a female head of state
11700,som,Somalia,1973,Never had a female head of state
11701,som,Somalia,1974,Never had a female head of state
11702,som,Somalia,1975,Never had a female head of state
11703,som,Somalia,1976,Never had a female head of state
11704,som,Somalia,1977,Never had a female head of state
11705,som,Somalia,1978,Never had a female head of state
11706,som,Somalia,1979,Never had a female head of state
11707,som,Somalia,1980,Never had a female head of state
11708,som,Somalia,1981,Never had a female head of state
11709,som,Somalia,1982,Never had a female head of state
11710,som,Somalia,1983,Never had a female head of state
11711,som,Somalia,1984,Never had a female head of state
11712,som,Somalia,1985,Never had a female head of state
11713,som,Somalia,1986,Never had a female head of state
11714,som,Somalia,1987,Never had a female head of state
11715,som,Somalia,1988,Never had a female head of state
11716,som,Somalia,1989,Never had a female head of state
11717,som,Somalia,1990,Never had a female head of state
11718,som,Somalia,1991,Never had a female head of state
11719,som,Somalia,1992,Never had a female head of state
11720,som,Somalia,1993,Never had a female head of state
11721,som,Somalia,1994,Never had a female head of state
11722,som,Somalia,1995,Never had a female head of state
11723,som,Somalia,1996,Never had a female head of state
11724,som,Somalia,1997,Never had a female head of state
11725,som,Somalia,1998,Never had a female head of state
11726,som,Somalia,1999,Never had a female head of state
11727,som,Somalia,2000,Never had a female head of state
11728,som,Somalia,2001,Never had a female head of state
11729,som,Somalia,2002,Never had a female head of state
11730,som,Somalia,2003,Never had a female head of state
11731,som,Somalia,2004,Never had a female head of state
11732,som,Somalia,2005,Never had a female head of state
11733,som,Somalia,2006,Never had a female head of state
11734,som,Somalia,2007,Never had a female head of state
11735,som,Somalia,2008,Never had a female head of state
11736,som,Somalia,2009,Never had a female head of state
11737,som,Somalia,2010,Never had a female head of state
11738,som,Somalia,2011,Never had a female head of state
11739,som,Somalia,2012,Never had a female head of state
11740,som,Somalia,2013,Never had a female head of state
11741,som,Somalia,2014,Never had a female head of state
11742,som,Somalia,2015,Never had a female head of state
11743,som,Somalia,2016,Never had a female head of state
11744,som,Somalia,2017,Never had a female head of state
11745,som,Somalia,2018,Never had a female head of state
11746,som,Somalia,2019,Never had a female head of state
11747,som,Somalia,2020,Never had a female head of state
11748,som,Somalia,2021,Never had a female head of state
11749,som,Somalia,2022,Never had a female head of state
11750,som,Somalia,2023,Never had a female head of state
11751,som,Somalia,2024,Never had a female head of state
11752,som,Somalia,2025,Never had a female head of state
11753,zaf,South Africa,1953,Never had a female head of state
11754,zaf,South Africa,1954,Never had a female head of state
11755,zaf,South Africa,1955,Never had a female head of state
11756,zaf,South Africa,1956,Never had a female head of state
11757,zaf,South Africa,1957,Never had a female head of state
11758,zaf,South Africa,1958,Never had a female head of state
11759,zaf,South Africa,1959,Never had a female head of state
11760,zaf,South Africa,1960,Never had a female head of state
11761,zaf,South Africa,1961,Never had a female head of state
11762,zaf,South Africa,1962,Never had a female head of state
11763,zaf,South Africa,1963,Never had a female head of state
11764,zaf,South Africa,1964,Never had a female head of state
11765,zaf,South Africa,1965,Never had a female head of state
11766,zaf,South Africa,1966,Never had a female head of state
11767,zaf,South Africa,1967,Never had a female head of state
11768,zaf,South Africa,1968,Never had a female head of state
11769,zaf,South Africa,1969,Never had a female head of state
11770,zaf,South Africa,1970,Never had a female head of state
11771,zaf,South Africa,1971,Never had a female head of state
11772,zaf,South Africa,1972,Never had a female head of state
11773,zaf,South Africa,1973,Never had a female head of state
11774,zaf,South Africa,1974,Never had a female head of state
11775,zaf,South Africa,1975,Never had a female head of state
11776,zaf,South Africa,1976,Never had a female head of state
11777,zaf,South Africa,1977,Never had a female head of state
11778,zaf,South Africa,1978,Never had a female head of state
11779,zaf,South Africa,1979,Never had a female head of state
11780,zaf,South Africa,1980,Never had a female head of state
11781,zaf,South Africa,1981,Never had a female head of state
11782,zaf,South Africa,1982,Never had a female head of state
11783,zaf,South Africa,1983,Never had a female head of state
11784,zaf,South Africa,1984,Never had a female head of state
11785,zaf,South Africa,1985,Never had a female head of state
11786,zaf,South Africa,1986,Never had a female head of state
11787,zaf,South Africa,1987,Never had a female head of state
11788,zaf,South Africa,1988,Never had a female head of state
11789,zaf,South Africa,1989,Never had a female head of state
11790,zaf,South Africa,1990,Never had a female head of state
11791,zaf,South Africa,1991,Never had a female head of state
11792,zaf,South Africa,1992,Never had a female head of state
11793,zaf,South Africa,1993,Never had a female head of state
11794,zaf,South Africa,1994,Never had a female head of state
11795,zaf,South Africa,1995,Never had a female head of state
11796,zaf,South Africa,1996,Never had a female head of state
11797,zaf,South Africa,1997,Never had a female head of state
11798,zaf,South Africa,1998,Never had a female head of state
11799,zaf,South Africa,1999,Never had a female head of state
11800,zaf,South Africa,2000,Never had a female head of state
11801,zaf,South Africa,2001,Never had a female head of state
11802,zaf,South Africa,2002,Never had a female head of state
11803,zaf,South Africa,2003,Never had a female head of state
11804,zaf,South Africa,2004,Never had a female head of state
11805,zaf,South Africa,2005,Had a female head of state
11806,zaf,South Africa,2006,Had a female head of state
11807,zaf,South Africa,2007,Had a female head of state
11808,zaf,South Africa,2008,Had a female head of state
11809,zaf,South Africa,2009,Had a female head of state
11810,zaf,South Africa,2010,Had a female head of state
11811,zaf,South Africa,2011,Had a female head of state
11812,zaf,South Africa,2012,Had a female head of state
11813,zaf,South Africa,2013,Had a female head of state
11814,zaf,South Africa,2014,Had a female head of state
11815,zaf,South Africa,2015,Had a female head of state
11816,zaf,South Africa,2016,Had a female head of state
11817,zaf,South Africa,2017,Had a female head of state
11818,zaf,South Africa,2018,Had a female head of state
11819,zaf,South Africa,2019,Had a female head of state
11820,zaf,South Africa,2020,Had a female head of state
11821,zaf,South Africa,2021,Had a female head of state
11822,zaf,South Africa,2022,Had a female head of state
11823,zaf,South Africa,2023,Had a female head of state
11824,zaf,South Africa,2024,Had a female head of state
11825,zaf,South Africa,2025,Had a female head of state
11826,esp,Spain,1953,Never had a female head of state
11827,esp,Spain,1954,Never had a female head of state
11828,esp,Spain,1955,Never had a female head of state
11829,esp,Spain,1956,Never had a female head of state
11830,esp,Spain,1957,Never had a female head of state
11831,esp,Spain,1958,Never had a female head of state
11832,esp,Spain,1959,Never had a female head of state
11833,esp,Spain,1960,Never had a female head of state
11834,esp,Spain,1961,Never had a female head of state
11835,esp,Spain,1962,Never had a female head of state
11836,esp,Spain,1963,Never had a female head of state
11837,esp,Spain,1964,Never had a female head of state
11838,esp,Spain,1965,Never had a female head of state
11839,esp,Spain,1966,Never had a female head of state
11840,esp,Spain,1967,Never had a female head of state
11841,esp,Spain,1968,Never had a female head of state
11842,esp,Spain,1969,Never had a female head of state
11843,esp,Spain,1970,Never had a female head of state
11844,esp,Spain,1971,Never had a female head of state
11845,esp,Spain,1972,Never had a female head of state
11846,esp,Spain,1973,Never had a female head of state
11847,esp,Spain,1974,Never had a female head of state
11848,esp,Spain,1975,Never had a female head of state
11849,esp,Spain,1976,Never had a female head of state
11850,esp,Spain,1977,Never had a female head of state
11851,esp,Spain,1978,Never had a female head of state
11852,esp,Spain,1979,Never had a female head of state
11853,esp,Spain,1980,Never had a female head of state
11854,esp,Spain,1981,Never had a female head of state
11855,esp,Spain,1982,Never had a female head of state
11856,esp,Spain,1983,Never had a female head of state
11857,esp,Spain,1984,Never had a female head of state
11858,esp,Spain,1985,Never had a female head of state
11859,esp,Spain,1986,Never had a female head of state
11860,esp,Spain,1987,Never had a female head of state
11861,esp,Spain,1988,Never had a female head of state
11862,esp,Spain,1989,Never had a female head of state
11863,esp,Spain,1990,Never had a female head of state
11864,esp,Spain,1991,Never had a female head of state
11865,esp,Spain,1992,Never had a female head of state
11866,esp,Spain,1993,Never had a female head of state
11867,esp,Spain,1994,Never had a female head of state
11868,esp,Spain,1995,Never had a female head of state
11869,esp,Spain,1996,Never had a female head of state
11870,esp,Spain,1997,Never had a female head of state
11871,esp,Spain,1998,Never had a female head of state
11872,esp,Spain,1999,Never had a female head of state
11873,esp,Spain,2000,Never had a female head of state
11874,esp,Spain,2001,Never had a female head of state
11875,esp,Spain,2002,Never had a female head of state
11876,esp,Spain,2003,Never had a female head of state
11877,esp,Spain,2004,Never had a female head of state
11878,esp,Spain,2005,Never had a female head of state
11879,esp,Spain,2006,Never had a female head of state
11880,esp,Spain,2007,Never had a female head of state
11881,esp,Spain,2008,Never had a female head of state
11882,esp,Spain,2009,Never had a female head of state
11883,esp,Spain,2010,Never had a female head of state
11884,esp,Spain,2011,Never had a female head of state
11885,esp,Spain,2012,Never had a female head of state
11886,esp,Spain,2013,Never had a female head of state
11887,esp,Spain,2014,Never had a female head of state
11888,esp,Spain,2015,Never had a female head of state
11889,esp,Spain,2016,Never had a female head of state
11890,esp,Spain,2017,Never had a female head of state
11891,esp,Spain,2018,Never had a female head of state
11892,esp,Spain,2019,Never had a female head of state
11893,esp,Spain,2020,Never had a female head of state
11894,esp,Spain,2021,Never had a female head of state
11895,esp,Spain,2022,Never had a female head of state
11896,esp,Spain,2023,Never had a female head of state
11897,esp,Spain,2024,Never had a female head of state
11898,esp,Spain,2025,Never had a female head of state
11899,lka,Sri Lanka,1953,Never had a female head of state
11900,lka,Sri Lanka,1954,Never had a female head of state
11901,lka,Sri Lanka,1955,Never had a female head of state
11902,lka,Sri Lanka,1956,Never had a female head of state
11903,lka,Sri Lanka,1957,Never had a female head of state
11904,lka,Sri Lanka,1958,Never had a female head of state
11905,lka,Sri Lanka,1959,Never had a female head of state
11906,lka,Sri Lanka,1960,Had a female head of state
11907,lka,Sri Lanka,1961,Had a female head of state
11908,lka,Sri Lanka,1962,Had a female head of state
11909,lka,Sri Lanka,1963,Had a female head of state
11910,lka,Sri Lanka,1964,Had a female head of state
11911,lka,Sri Lanka,1965,Had a female head of state
11912,lka,Sri Lanka,1966,Had a female head of state
11913,lka,Sri Lanka,1967,Had a female head of state
11914,lka,Sri Lanka,1968,Had a female head of state
11915,lka,Sri Lanka,1969,Had a female head of state
11916,lka,Sri Lanka,1970,Had a female head of state
11917,lka,Sri Lanka,1971,Had a female head of state
11918,lka,Sri Lanka,1972,Had a female head of state
11919,lka,Sri Lanka,1973,Had a female head of state
11920,lka,Sri Lanka,1974,Had a female head of state
11921,lka,Sri Lanka,1975,Had a female head of state
11922,lka,Sri Lanka,1976,Had a female head of state
11923,lka,Sri Lanka,1977,Had a female head of state
11924,lka,Sri Lanka,1978,Had a female head of state
11925,lka,Sri Lanka,1979,Had a female head of state
11926,lka,Sri Lanka,1980,Had a female head of state
11927,lka,Sri Lanka,1981,Had a female head of state
11928,lka,Sri Lanka,1982,Had a female head of state
11929,lka,Sri Lanka,1983,Had a female head of state
11930,lka,Sri Lanka,1984,Had a female head of state
11931,lka,Sri Lanka,1985,Had a female head of state
11932,lka,Sri Lanka,1986,Had a female head of state
11933,lka,Sri Lanka,1987,Had a female head of state
11934,lka,Sri Lanka,1988,Had a female head of state
11935,lka,Sri Lanka,1989,Had a female head of state
11936,lka,Sri Lanka,1990,Had a female head of state
11937,lka,Sri Lanka,1991,Had a female head of state
11938,lka,Sri Lanka,1992,Had a female head of state
11939,lka,Sri Lanka,1993,Had a female head of state
11940,lka,Sri Lanka,1994,Had a female head of state
11941,lka,Sri Lanka,1995,Had a female head of state
11942,lka,Sri Lanka,1996,Had a female head of state
11943,lka,Sri Lanka,1997,Had a female head of state
11944,lka,Sri Lanka,1998,Had a female head of state
11945,lka,Sri Lanka,1999,Had a female head of state
11946,lka,Sri Lanka,2000,Had a female head of state
11947,lka,Sri Lanka,2001,Had a female head of state
11948,lka,Sri Lanka,2002,Had a female head of state
11949,lka,Sri Lanka,2003,Had a female head of state
11950,lka,Sri Lanka,2004,Had a female head of state
11951,lka,Sri Lanka,2005,Had a female head of state
11952,lka,Sri Lanka,2006,Had a female head of state
11953,lka,Sri Lanka,2007,Had a female head of state
11954,lka,Sri Lanka,2008,Had a female head of state
11955,lka,Sri Lanka,2009,Had a female head of state
11956,lka,Sri Lanka,2010,Had a female head of state
11957,lka,Sri Lanka,2011,Had a female head of state
11958,lka,Sri Lanka,2012,Had a female head of state
11959,lka,Sri Lanka,2013,Had a female head of state
11960,lka,Sri Lanka,2014,Had a female head of state
11961,lka,Sri Lanka,2015,Had a female head of state
11962,lka,Sri Lanka,2016,Had a female head of state
11963,lka,Sri Lanka,2017,Had a female head of state
11964,lka,Sri Lanka,2018,Had a female head of state
11965,lka,Sri Lanka,2019,Had a female head of state
11966,lka,Sri Lanka,2020,Had a female head of state
11967,lka,Sri Lanka,2021,Had a female head of state
11968,lka,Sri Lanka,2022,Had a female head of state
11969,lka,Sri Lanka,2023,Had a female head of state
11970,lka,Sri Lanka,2024,Had a female head of state
11971,lka,Sri Lanka,2025,Had a female head of state
11972,sdn,Sudan,1953,Never had a female head of state
11973,sdn,Sudan,1954,Never had a female head of state
11974,sdn,Sudan,1955,Never had a female head of state
11975,sdn,Sudan,1956,Never had a female head of state
11976,sdn,Sudan,1957,Never had a female head of state
11977,sdn,Sudan,1958,Never had a female head of state
11978,sdn,Sudan,1959,Never had a female head of state
11979,sdn,Sudan,1960,Never had a female head of state
11980,sdn,Sudan,1961,Never had a female head of state
11981,sdn,Sudan,1962,Never had a female head of state
11982,sdn,Sudan,1963,Never had a female head of state
11983,sdn,Sudan,1964,Never had a female head of state
11984,sdn,Sudan,1965,Never had a female head of state
11985,sdn,Sudan,1966,Never had a female head of state
11986,sdn,Sudan,1967,Never had a female head of state
11987,sdn,Sudan,1968,Never had a female head of state
11988,sdn,Sudan,1969,Never had a female head of state
11989,sdn,Sudan,1970,Never had a female head of state
11990,sdn,Sudan,1971,Never had a female head of state
11991,sdn,Sudan,1972,Never had a female head of state
11992,sdn,Sudan,1973,Never had a female head of state
11993,sdn,Sudan,1974,Never had a female head of state
11994,sdn,Sudan,1975,Never had a female head of state
11995,sdn,Sudan,1976,Never had a female head of state
11996,sdn,Sudan,1977,Never had a female head of state
11997,sdn,Sudan,1978,Never had a female head of state
11998,sdn,Sudan,1979,Never had a female head of state
11999,sdn,Sudan,1980,Never had a female head of state
12000,sdn,Sudan,1981,Never had a female head of state
12001,sdn,Sudan,1982,Never had a female head of state
12002,sdn,Sudan,1983,Never had a female head of state
12003,sdn,Sudan,1984,Never had a female head of state
12004,sdn,Sudan,1985,Never had a female head of state
12005,sdn,Sudan,1986,Never had a female head of state
12006,sdn,Sudan,1987,Never had a female head of state
12007,sdn,Sudan,1988,Never had a female head of state
12008,sdn,Sudan,1989,Never had a female head of state
12009,sdn,Sudan,1990,Never had a female head of state
12010,sdn,Sudan,1991,Never had a female head of state
12011,sdn,Sudan,1992,Never had a female head of state
12012,sdn,Sudan,1993,Never had a female head of state
12013,sdn,Sudan,1994,Never had a female head of state
12014,sdn,Sudan,1995,Never had a female head of state
12015,sdn,Sudan,1996,Never had a female head of state
12016,sdn,Sudan,1997,Never had a female head of state
12017,sdn,Sudan,1998,Never had a female head of state
12018,sdn,Sudan,1999,Never had a female head of state
12019,sdn,Sudan,2000,Never had a female head of state
12020,sdn,Sudan,2001,Never had a female head of state
12021,sdn,Sudan,2002,Never had a female head of state
12022,sdn,Sudan,2003,Never had a female head of state
12023,sdn,Sudan,2004,Never had a female head of state
12024,sdn,Sudan,2005,Never had a female head of state
12025,sdn,Sudan,2006,Never had a female head of state
12026,sdn,Sudan,2007,Never had a female head of state
12027,sdn,Sudan,2008,Never had a female head of state
12028,sdn,Sudan,2009,Never had a female head of state
12029,sdn,Sudan,2010,Never had a female head of state
12030,sdn,Sudan,2011,Never had a female head of state
12031,sdn,Sudan,2012,Never had a female head of state
12032,sdn,Sudan,2013,Never had a female head of state
12033,sdn,Sudan,2014,Never had a female head of state
12034,sdn,Sudan,2015,Never had a female head of state
12035,sdn,Sudan,2016,Never had a female head of state
12036,sdn,Sudan,2017,Never had a female head of state
12037,sdn,Sudan,2018,Never had a female head of state
12038,sdn,Sudan,2019,Never had a female head of state
12039,sdn,Sudan,2020,Never had a female head of state
12040,sdn,Sudan,2021,Never had a female head of state
12041,sdn,Sudan,2022,Never had a female head of state
12042,sdn,Sudan,2023,Never had a female head of state
12043,sdn,Sudan,2024,Never had a female head of state
12044,sdn,Sudan,2025,Never had a female head of state
12045,sur,Suriname,1953,Never had a female head of state
12046,sur,Suriname,1954,Never had a female head of state
12047,sur,Suriname,1955,Never had a female head of state
12048,sur,Suriname,1956,Never had a female head of state
12049,sur,Suriname,1957,Never had a female head of state
12050,sur,Suriname,1958,Never had a female head of state
12051,sur,Suriname,1959,Never had a female head of state
12052,sur,Suriname,1960,Never had a female head of state
12053,sur,Suriname,1961,Never had a female head of state
12054,sur,Suriname,1962,Never had a female head of state
12055,sur,Suriname,1963,Never had a female head of state
12056,sur,Suriname,1964,Never had a female head of state
12057,sur,Suriname,1965,Never had a female head of state
12058,sur,Suriname,1966,Never had a female head of state
12059,sur,Suriname,1967,Never had a female head of state
12060,sur,Suriname,1968,Never had a female head of state
12061,sur,Suriname,1969,Never had a female head of state
12062,sur,Suriname,1970,Never had a female head of state
12063,sur,Suriname,1971,Never had a female head of state
12064,sur,Suriname,1972,Never had a female head of state
12065,sur,Suriname,1973,Never had a female head of state
12066,sur,Suriname,1974,Never had a female head of state
12067,sur,Suriname,1975,Never had a female head of state
12068,sur,Suriname,1976,Never had a female head of state
12069,sur,Suriname,1977,Never had a female head of state
12070,sur,Suriname,1978,Never had a female head of state
12071,sur,Suriname,1979,Never had a female head of state
12072,sur,Suriname,1980,Never had a female head of state
12073,sur,Suriname,1981,Never had a female head of state
12074,sur,Suriname,1982,Never had a female head of state
12075,sur,Suriname,1983,Never had a female head of state
12076,sur,Suriname,1984,Never had a female head of state
12077,sur,Suriname,1985,Never had a female head of state
12078,sur,Suriname,1986,Never had a female head of state
12079,sur,Suriname,1987,Never had a female head of state
12080,sur,Suriname,1988,Never had a female head of state
12081,sur,Suriname,1989,Never had a female head of state
12082,sur,Suriname,1990,Never had a female head of state
12083,sur,Suriname,1991,Never had a female head of state
12084,sur,Suriname,1992,Never had a female head of state
12085,sur,Suriname,1993,Never had a female head of state
12086,sur,Suriname,1994,Never had a female head of state
12087,sur,Suriname,1995,Never had a female head of state
12088,sur,Suriname,1996,Never had a female head of state
12089,sur,Suriname,1997,Never had a female head of state
12090,sur,Suriname,1998,Never had a female head of state
12091,sur,Suriname,1999,Never had a female head of state
12092,sur,Suriname,2000,Never had a female head of state
12093,sur,Suriname,2001,Never had a female head of state
12094,sur,Suriname,2002,Never had a female head of state
12095,sur,Suriname,2003,Never had a female head of state
12096,sur,Suriname,2004,Never had a female head of state
12097,sur,Suriname,2005,Never had a female head of state
12098,sur,Suriname,2006,Never had a female head of state
12099,sur,Suriname,2007,Never had a female head of state
12100,sur,Suriname,2008,Never had a female head of state
12101,sur,Suriname,2009,Never had a female head of state
12102,sur,Suriname,2010,Never had a female head of state
12103,sur,Suriname,2011,Never had a female head of state
12104,sur,Suriname,2012,Never had a female head of state
12105,sur,Suriname,2013,Never had a female head of state
12106,sur,Suriname,2014,Never had a female head of state
12107,sur,Suriname,2015,Never had a female head of state
12108,sur,Suriname,2016,Never had a female head of state
12109,sur,Suriname,2017,Never had a female head of state
12110,sur,Suriname,2018,Never had a female head of state
12111,sur,Suriname,2019,Never had a female head of state
12112,sur,Suriname,2020,Never had a female head of state
12113,sur,Suriname,2021,Never had a female head of state
12114,sur,Suriname,2022,Never had a female head of state
12115,sur,Suriname,2023,Never had a female head of state
12116,sur,Suriname,2024,Never had a female head of state
12117,sur,Suriname,2025,Had a female head of state
12118,swz,Swaziland,1953,Never had a female head of state
12119,swz,Swaziland,1954,Never had a female head of state
12120,swz,Swaziland,1955,Never had a female head of state
12121,swz,Swaziland,1956,Never had a female head of state
12122,swz,Swaziland,1957,Never had a female head of state
12123,swz,Swaziland,1958,Never had a female head of state
12124,swz,Swaziland,1959,Never had a female head of state
12125,swz,Swaziland,1960,Never had a female head of state
12126,swz,Swaziland,1961,Never had a female head of state
12127,swz,Swaziland,1962,Never had a female head of state
12128,swz,Swaziland,1963,Never had a female head of state
12129,swz,Swaziland,1964,Never had a female head of state
12130,swz,Swaziland,1965,Never had a female head of state
12131,swz,Swaziland,1966,Never had a female head of state
12132,swz,Swaziland,1967,Never had a female head of state
12133,swz,Swaziland,1968,Never had a female head of state
12134,swz,Swaziland,1969,Never had a female head of state
12135,swz,Swaziland,1970,Never had a female head of state
12136,swz,Swaziland,1971,Never had a female head of state
12137,swz,Swaziland,1972,Never had a female head of state
12138,swz,Swaziland,1973,Never had a female head of state
12139,swz,Swaziland,1974,Never had a female head of state
12140,swz,Swaziland,1975,Never had a female head of state
12141,swz,Swaziland,1976,Never had a female head of state
12142,swz,Swaziland,1977,Never had a female head of state
12143,swz,Swaziland,1978,Never had a female head of state
12144,swz,Swaziland,1979,Never had a female head of state
12145,swz,Swaziland,1980,Never had a female head of state
12146,swz,Swaziland,1981,Never had a female head of state
12147,swz,Swaziland,1982,Never had a female head of state
12148,swz,Swaziland,1983,Never had a female head of state
12149,swz,Swaziland,1984,Never had a female head of state
12150,swz,Swaziland,1985,Never had a female head of state
12151,swz,Swaziland,1986,Never had a female head of state
12152,swz,Swaziland,1987,Never had a female head of state
12153,swz,Swaziland,1988,Never had a female head of state
12154,swz,Swaziland,1989,Never had a female head of state
12155,swz,Swaziland,1990,Never had a female head of state
12156,swz,Swaziland,1991,Never had a female head of state
12157,swz,Swaziland,1992,Never had a female head of state
12158,swz,Swaziland,1993,Never had a female head of state
12159,swz,Swaziland,1994,Never had a female head of state
12160,swz,Swaziland,1995,Never had a female head of state
12161,swz,Swaziland,1996,Never had a female head of state
12162,swz,Swaziland,1997,Never had a female head of state
12163,swz,Swaziland,1998,Never had a female head of state
12164,swz,Swaziland,1999,Never had a female head of state
12165,swz,Swaziland,2000,Never had a female head of state
12166,swz,Swaziland,2001,Never had a female head of state
12167,swz,Swaziland,2002,Never had a female head of state
12168,swz,Swaziland,2003,Never had a female head of state
12169,swz,Swaziland,2004,Never had a female head of state
12170,swz,Swaziland,2005,Never had a female head of state
12171,swz,Swaziland,2006,Never had a female head of state
12172,swz,Swaziland,2007,Never had a female head of state
12173,swz,Swaziland,2008,Never had a female head of state
12174,swz,Swaziland,2009,Never had a female head of state
12175,swz,Swaziland,2010,Never had a female head of state
12176,swz,Swaziland,2011,Never had a female head of state
12177,swz,Swaziland,2012,Never had a female head of state
12178,swz,Swaziland,2013,Never had a female head of state
12179,swz,Swaziland,2014,Never had a female head of state
12180,swz,Swaziland,2015,Never had a female head of state
12181,swz,Swaziland,2016,Never had a female head of state
12182,swz,Swaziland,2017,Never had a female head of state
12183,swz,Swaziland,2018,Never had a female head of state
12184,swz,Swaziland,2019,Never had a female head of state
12185,swz,Swaziland,2020,Never had a female head of state
12186,swz,Swaziland,2021,Never had a female head of state
12187,swz,Swaziland,2022,Never had a female head of state
12188,swz,Swaziland,2023,Never had a female head of state
12189,swz,Swaziland,2024,Never had a female head of state
12190,swz,Swaziland,2025,Never had a female head of state
12191,swe,Sweden,1953,Never had a female head of state
12192,swe,Sweden,1954,Never had a female head of state
12193,swe,Sweden,1955,Never had a female head of state
12194,swe,Sweden,1956,Never had a female head of state
12195,swe,Sweden,1957,Never had a female head of state
12196,swe,Sweden,1958,Never had a female head of state
12197,swe,Sweden,1959,Never had a female head of state
12198,swe,Sweden,1960,Never had a female head of state
12199,swe,Sweden,1961,Never had a female head of state
12200,swe,Sweden,1962,Never had a female head of state
12201,swe,Sweden,1963,Never had a female head of state
12202,swe,Sweden,1964,Never had a female head of state
12203,swe,Sweden,1965,Never had a female head of state
12204,swe,Sweden,1966,Never had a female head of state
12205,swe,Sweden,1967,Never had a female head of state
12206,swe,Sweden,1968,Never had a female head of state
12207,swe,Sweden,1969,Never had a female head of state
12208,swe,Sweden,1970,Never had a female head of state
12209,swe,Sweden,1971,Never had a female head of state
12210,swe,Sweden,1972,Never had a female head of state
12211,swe,Sweden,1973,Never had a female head of state
12212,swe,Sweden,1974,Never had a female head of state
12213,swe,Sweden,1975,Never had a female head of state
12214,swe,Sweden,1976,Never had a female head of state
12215,swe,Sweden,1977,Never had a female head of state
12216,swe,Sweden,1978,Never had a female head of state
12217,swe,Sweden,1979,Never had a female head of state
12218,swe,Sweden,1980,Never had a female head of state
12219,swe,Sweden,1981,Never had a female head of state
12220,swe,Sweden,1982,Never had a female head of state
12221,swe,Sweden,1983,Never had a female head of state
12222,swe,Sweden,1984,Never had a female head of state
12223,swe,Sweden,1985,Never had a female head of state
12224,swe,Sweden,1986,Never had a female head of state
12225,swe,Sweden,1987,Never had a female head of state
12226,swe,Sweden,1988,Never had a female head of state
12227,swe,Sweden,1989,Never had a female head of state
12228,swe,Sweden,1990,Never had a female head of state
12229,swe,Sweden,1991,Never had a female head of state
12230,swe,Sweden,1992,Never had a female head of state
12231,swe,Sweden,1993,Never had a female head of state
12232,swe,Sweden,1994,Never had a female head of state
12233,swe,Sweden,1995,Never had a female head of state
12234,swe,Sweden,1996,Never had a female head of state
12235,swe,Sweden,1997,Never had a female head of state
12236,swe,Sweden,1998,Never had a female head of state
12237,swe,Sweden,1999,Never had a female head of state
12238,swe,Sweden,2000,Never had a female head of state
12239,swe,Sweden,2001,Never had a female head of state
12240,swe,Sweden,2002,Never had a female head of state
12241,swe,Sweden,2003,Never had a female head of state
12242,swe,Sweden,2004,Never had a female head of state
12243,swe,Sweden,2005,Never had a female head of state
12244,swe,Sweden,2006,Never had a female head of state
12245,swe,Sweden,2007,Never had a female head of state
12246,swe,Sweden,2008,Never had a female head of state
12247,swe,Sweden,2009,Never had a female head of state
12248,swe,Sweden,2010,Never had a female head of state
12249,swe,Sweden,2011,Never had a female head of state
12250,swe,Sweden,2012,Never had a female head of state
12251,swe,Sweden,2013,Never had a female head of state
12252,swe,Sweden,2014,Never had a female head of state
12253,swe,Sweden,2015,Never had a female head of state
12254,swe,Sweden,2016,Never had a female head of state
12255,swe,Sweden,2017,Never had a female head of state
12256,swe,Sweden,2018,Never had a female head of state
12257,swe,Sweden,2019,Never had a female head of state
12258,swe,Sweden,2020,Never had a female head of state
12259,swe,Sweden,2021,Had a female head of state
12260,swe,Sweden,2022,Had a female head of state
12261,swe,Sweden,2023,Had a female head of state
12262,swe,Sweden,2024,Had a female head of state
12263,swe,Sweden,2025,Had a female head of state
12264,che,Switzerland,1953,Never had a female head of state
12265,che,Switzerland,1954,Never had a female head of state
12266,che,Switzerland,1955,Never had a female head of state
12267,che,Switzerland,1956,Never had a female head of state
12268,che,Switzerland,1957,Never had a female head of state
12269,che,Switzerland,1958,Never had a female head of state
12270,che,Switzerland,1959,Never had a female head of state
12271,che,Switzerland,1960,Never had a female head of state
12272,che,Switzerland,1961,Never had a female head of state
12273,che,Switzerland,1962,Never had a female head of state
12274,che,Switzerland,1963,Never had a female head of state
12275,che,Switzerland,1964,Never had a female head of state
12276,che,Switzerland,1965,Never had a female head of state
12277,che,Switzerland,1966,Never had a female head of state
12278,che,Switzerland,1967,Never had a female head of state
12279,che,Switzerland,1968,Never had a female head of state
12280,che,Switzerland,1969,Never had a female head of state
12281,che,Switzerland,1970,Never had a female head of state
12282,che,Switzerland,1971,Never had a female head of state
12283,che,Switzerland,1972,Never had a female head of state
12284,che,Switzerland,1973,Never had a female head of state
12285,che,Switzerland,1974,Never had a female head of state
12286,che,Switzerland,1975,Never had a female head of state
12287,che,Switzerland,1976,Never had a female head of state
12288,che,Switzerland,1977,Never had a female head of state
12289,che,Switzerland,1978,Never had a female head of state
12290,che,Switzerland,1979,Never had a female head of state
12291,che,Switzerland,1980,Never had a female head of state
12292,che,Switzerland,1981,Never had a female head of state
12293,che,Switzerland,1982,Never had a female head of state
12294,che,Switzerland,1983,Never had a female head of state
12295,che,Switzerland,1984,Never had a female head of state
12296,che,Switzerland,1985,Never had a female head of state
12297,che,Switzerland,1986,Never had a female head of state
12298,che,Switzerland,1987,Never had a female head of state
12299,che,Switzerland,1988,Never had a female head of state
12300,che,Switzerland,1989,Never had a female head of state
12301,che,Switzerland,1990,Never had a female head of state
12302,che,Switzerland,1991,Never had a female head of state
12303,che,Switzerland,1992,Never had a female head of state
12304,che,Switzerland,1993,Never had a female head of state
12305,che,Switzerland,1994,Never had a female head of state
12306,che,Switzerland,1995,Never had a female head of state
12307,che,Switzerland,1996,Never had a female head of state
12308,che,Switzerland,1997,Never had a female head of state
12309,che,Switzerland,1998,Never had a female head of state
12310,che,Switzerland,1999,Never had a female head of state
12311,che,Switzerland,2000,Never had a female head of state
12312,che,Switzerland,2001,Never had a female head of state
12313,che,Switzerland,2002,Never had a female head of state
12314,che,Switzerland,2003,Never had a female head of state
12315,che,Switzerland,2004,Never had a female head of state
12316,che,Switzerland,2005,Never had a female head of state
12317,che,Switzerland,2006,Never had a female head of state
12318,che,Switzerland,2007,Never had a female head of state
12319,che,Switzerland,2008,Never had a female head of state
12320,che,Switzerland,2009,Never had a female head of state
12321,che,Switzerland,2010,Never had a female head of state
12322,che,Switzerland,2011,Never had a female head of state
12323,che,Switzerland,2012,Never had a female head of state
12324,che,Switzerland,2013,Never had a female head of state
12325,che,Switzerland,2014,Never had a female head of state
12326,che,Switzerland,2015,Never had a female head of state
12327,che,Switzerland,2016,Never had a female head of state
12328,che,Switzerland,2017,Never had a female head of state
12329,che,Switzerland,2018,Never had a female head of state
12330,che,Switzerland,2019,Never had a female head of state
12331,che,Switzerland,2020,Never had a female head of state
12332,che,Switzerland,2021,Never had a female head of state
12333,che,Switzerland,2022,Never had a female head of state
12334,che,Switzerland,2023,Never had a female head of state
12335,che,Switzerland,2024,Never had a female head of state
12336,che,Switzerland,2025,Never had a female head of state
12337,syr,Syria,1953,Never had a female head of state
12338,syr,Syria,1954,Never had a female head of state
12339,syr,Syria,1955,Never had a female head of state
12340,syr,Syria,1956,Never had a female head of state
12341,syr,Syria,1957,Never had a female head of state
12342,syr,Syria,1958,Never had a female head of state
12343,syr,Syria,1959,Never had a female head of state
12344,syr,Syria,1960,Never had a female head of state
12345,syr,Syria,1961,Never had a female head of state
12346,syr,Syria,1962,Never had a female head of state
12347,syr,Syria,1963,Never had a female head of state
12348,syr,Syria,1964,Never had a female head of state
12349,syr,Syria,1965,Never had a female head of state
12350,syr,Syria,1966,Never had a female head of state
12351,syr,Syria,1967,Never had a female head of state
12352,syr,Syria,1968,Never had a female head of state
12353,syr,Syria,1969,Never had a female head of state
12354,syr,Syria,1970,Never had a female head of state
12355,syr,Syria,1971,Never had a female head of state
12356,syr,Syria,1972,Never had a female head of state
12357,syr,Syria,1973,Never had a female head of state
12358,syr,Syria,1974,Never had a female head of state
12359,syr,Syria,1975,Never had a female head of state
12360,syr,Syria,1976,Never had a female head of state
12361,syr,Syria,1977,Never had a female head of state
12362,syr,Syria,1978,Never had a female head of state
12363,syr,Syria,1979,Never had a female head of state
12364,syr,Syria,1980,Never had a female head of state
12365,syr,Syria,1981,Never had a female head of state
12366,syr,Syria,1982,Never had a female head of state
12367,syr,Syria,1983,Never had a female head of state
12368,syr,Syria,1984,Never had a female head of state
12369,syr,Syria,1985,Never had a female head of state
12370,syr,Syria,1986,Never had a female head of state
12371,syr,Syria,1987,Never had a female head of state
12372,syr,Syria,1988,Never had a female head of state
12373,syr,Syria,1989,Never had a female head of state
12374,syr,Syria,1990,Never had a female head of state
12375,syr,Syria,1991,Never had a female head of state
12376,syr,Syria,1992,Never had a female head of state
12377,syr,Syria,1993,Never had a female head of state
12378,syr,Syria,1994,Never had a female head of state
12379,syr,Syria,1995,Never had a female head of state
12380,syr,Syria,1996,Never had a female head of state
12381,syr,Syria,1997,Never had a female head of state
12382,syr,Syria,1998,Never had a female head of state
12383,syr,Syria,1999,Never had a female head of state
12384,syr,Syria,2000,Never had a female head of state
12385,syr,Syria,2001,Never had a female head of state
12386,syr,Syria,2002,Never had a female head of state
12387,syr,Syria,2003,Never had a female head of state
12388,syr,Syria,2004,Never had a female head of state
12389,syr,Syria,2005,Never had a female head of state
12390,syr,Syria,2006,Never had a female head of state
12391,syr,Syria,2007,Never had a female head of state
12392,syr,Syria,2008,Never had a female head of state
12393,syr,Syria,2009,Never had a female head of state
12394,syr,Syria,2010,Never had a female head of state
12395,syr,Syria,2011,Never had a female head of state
12396,syr,Syria,2012,Never had a female head of state
12397,syr,Syria,2013,Never had a female head of state
12398,syr,Syria,2014,Never had a female head of state
12399,syr,Syria,2015,Never had a female head of state
12400,syr,Syria,2016,Never had a female head of state
12401,syr,Syria,2017,Never had a female head of state
12402,syr,Syria,2018,Never had a female head of state
12403,syr,Syria,2019,Never had a female head of state
12404,syr,Syria,2020,Never had a female head of state
12405,syr,Syria,2021,Never had a female head of state
12406,syr,Syria,2022,Never had a female head of state
12407,syr,Syria,2023,Never had a female head of state
12408,syr,Syria,2024,Never had a female head of state
12409,syr,Syria,2025,Never had a female head of state
12410,twn,Taiwan,1953,Never had a female head of state
12411,twn,Taiwan,1954,Never had a female head of state
12412,twn,Taiwan,1955,Never had a female head of state
12413,twn,Taiwan,1956,Never had a female head of state
12414,twn,Taiwan,1957,Never had a female head of state
12415,twn,Taiwan,1958,Never had a female head of state
12416,twn,Taiwan,1959,Never had a female head of state
12417,twn,Taiwan,1960,Never had a female head of state
12418,twn,Taiwan,1961,Never had a female head of state
12419,twn,Taiwan,1962,Never had a female head of state
12420,twn,Taiwan,1963,Never had a female head of state
12421,twn,Taiwan,1964,Never had a female head of state
12422,twn,Taiwan,1965,Never had a female head of state
12423,twn,Taiwan,1966,Never had a female head of state
12424,twn,Taiwan,1967,Never had a female head of state
12425,twn,Taiwan,1968,Never had a female head of state
12426,twn,Taiwan,1969,Never had a female head of state
12427,twn,Taiwan,1970,Never had a female head of state
12428,twn,Taiwan,1971,Never had a female head of state
12429,twn,Taiwan,1972,Never had a female head of state
12430,twn,Taiwan,1973,Never had a female head of state
12431,twn,Taiwan,1974,Never had a female head of state
12432,twn,Taiwan,1975,Never had a female head of state
12433,twn,Taiwan,1976,Never had a female head of state
12434,twn,Taiwan,1977,Never had a female head of state
12435,twn,Taiwan,1978,Never had a female head of state
12436,twn,Taiwan,1979,Never had a female head of state
12437,twn,Taiwan,1980,Never had a female head of state
12438,twn,Taiwan,1981,Never had a female head of state
12439,twn,Taiwan,1982,Never had a female head of state
12440,twn,Taiwan,1983,Never had a female head of state
12441,twn,Taiwan,1984,Never had a female head of state
12442,twn,Taiwan,1985,Never had a female head of state
12443,twn,Taiwan,1986,Never had a female head of state
12444,twn,Taiwan,1987,Never had a female head of state
12445,twn,Taiwan,1988,Never had a female head of state
12446,twn,Taiwan,1989,Never had a female head of state
12447,twn,Taiwan,1990,Never had a female head of state
12448,twn,Taiwan,1991,Never had a female head of state
12449,twn,Taiwan,1992,Never had a female head of state
12450,twn,Taiwan,1993,Never had a female head of state
12451,twn,Taiwan,1994,Never had a female head of state
12452,twn,Taiwan,1995,Never had a female head of state
12453,twn,Taiwan,1996,Never had a female head of state
12454,twn,Taiwan,1997,Never had a female head of state
12455,twn,Taiwan,1998,Never had a female head of state
12456,twn,Taiwan,1999,Never had a female head of state
12457,twn,Taiwan,2000,Never had a female head of state
12458,twn,Taiwan,2001,Never had a female head of state
12459,twn,Taiwan,2002,Never had a female head of state
12460,twn,Taiwan,2003,Never had a female head of state
12461,twn,Taiwan,2004,Never had a female head of state
12462,twn,Taiwan,2005,Never had a female head of state
12463,twn,Taiwan,2006,Never had a female head of state
12464,twn,Taiwan,2007,Never had a female head of state
12465,twn,Taiwan,2008,Never had a female head of state
12466,twn,Taiwan,2009,Never had a female head of state
12467,twn,Taiwan,2010,Never had a female head of state
12468,twn,Taiwan,2011,Never had a female head of state
12469,twn,Taiwan,2012,Never had a female head of state
12470,twn,Taiwan,2013,Never had a female head of state
12471,twn,Taiwan,2014,Never had a female head of state
12472,twn,Taiwan,2015,Never had a female head of state
12473,twn,Taiwan,2016,Never had a female head of state
12474,twn,Taiwan,2017,Never had a female head of state
12475,twn,Taiwan,2018,Never had a female head of state
12476,twn,Taiwan,2019,Never had a female head of state
12477,twn,Taiwan,2020,Never had a female head of state
12478,twn,Taiwan,2021,Never had a female head of state
12479,twn,Taiwan,2022,Never had a female head of state
12480,twn,Taiwan,2023,Never had a female head of state
12481,twn,Taiwan,2024,Never had a female head of state
12482,twn,Taiwan,2025,Never had a female head of state
12483,tjk,Tajikistan,1953,Never had a female head of state
12484,tjk,Tajikistan,1954,Never had a female head of state
12485,tjk,Tajikistan,1955,Never had a female head of state
12486,tjk,Tajikistan,1956,Never had a female head of state
12487,tjk,Tajikistan,1957,Never had a female head of state
12488,tjk,Tajikistan,1958,Never had a female head of state
12489,tjk,Tajikistan,1959,Never had a female head of state
12490,tjk,Tajikistan,1960,Never had a female head of state
12491,tjk,Tajikistan,1961,Never had a female head of state
12492,tjk,Tajikistan,1962,Never had a female head of state
12493,tjk,Tajikistan,1963,Never had a female head of state
12494,tjk,Tajikistan,1964,Never had a female head of state
12495,tjk,Tajikistan,1965,Never had a female head of state
12496,tjk,Tajikistan,1966,Never had a female head of state
12497,tjk,Tajikistan,1967,Never had a female head of state
12498,tjk,Tajikistan,1968,Never had a female head of state
12499,tjk,Tajikistan,1969,Never had a female head of state
12500,tjk,Tajikistan,1970,Never had a female head of state
12501,tjk,Tajikistan,1971,Never had a female head of state
12502,tjk,Tajikistan,1972,Never had a female head of state
12503,tjk,Tajikistan,1973,Never had a female head of state
12504,tjk,Tajikistan,1974,Never had a female head of state
12505,tjk,Tajikistan,1975,Never had a female head of state
12506,tjk,Tajikistan,1976,Never had a female head of state
12507,tjk,Tajikistan,1977,Never had a female head of state
12508,tjk,Tajikistan,1978,Never had a female head of state
12509,tjk,Tajikistan,1979,Never had a female head of state
12510,tjk,Tajikistan,1980,Never had a female head of state
12511,tjk,Tajikistan,1981,Never had a female head of state
12512,tjk,Tajikistan,1982,Never had a female head of state
12513,tjk,Tajikistan,1983,Never had a female head of state
12514,tjk,Tajikistan,1984,Never had a female head of state
12515,tjk,Tajikistan,1985,Never had a female head of state
12516,tjk,Tajikistan,1986,Never had a female head of state
12517,tjk,Tajikistan,1987,Never had a female head of state
12518,tjk,Tajikistan,1988,Never had a female head of state
12519,tjk,Tajikistan,1989,Never had a female head of state
12520,tjk,Tajikistan,1990,Never had a female head of state
12521,tjk,Tajikistan,1991,Never had a female head of state
12522,tjk,Tajikistan,1992,Never had a female head of state
12523,tjk,Tajikistan,1993,Never had a female head of state
12524,tjk,Tajikistan,1994,Never had a female head of state
12525,tjk,Tajikistan,1995,Never had a female head of state
12526,tjk,Tajikistan,1996,Never had a female head of state
12527,tjk,Tajikistan,1997,Never had a female head of state
12528,tjk,Tajikistan,1998,Never had a female head of state
12529,tjk,Tajikistan,1999,Never had a female head of state
12530,tjk,Tajikistan,2000,Never had a female head of state
12531,tjk,Tajikistan,2001,Never had a female head of state
12532,tjk,Tajikistan,2002,Never had a female head of state
12533,tjk,Tajikistan,2003,Never had a female head of state
12534,tjk,Tajikistan,2004,Never had a female head of state
12535,tjk,Tajikistan,2005,Never had a female head of state
12536,tjk,Tajikistan,2006,Never had a female head of state
12537,tjk,Tajikistan,2007,Never had a female head of state
12538,tjk,Tajikistan,2008,Never had a female head of state
12539,tjk,Tajikistan,2009,Never had a female head of state
12540,tjk,Tajikistan,2010,Never had a female head of state
12541,tjk,Tajikistan,2011,Never had a female head of state
12542,tjk,Tajikistan,2012,Never had a female head of state
12543,tjk,Tajikistan,2013,Never had a female head of state
12544,tjk,Tajikistan,2014,Never had a female head of state
12545,tjk,Tajikistan,2015,Never had a female head of state
12546,tjk,Tajikistan,2016,Never had a female head of state
12547,tjk,Tajikistan,2017,Never had a female head of state
12548,tjk,Tajikistan,2018,Never had a female head of state
12549,tjk,Tajikistan,2019,Never had a female head of state
12550,tjk,Tajikistan,2020,Never had a female head of state
12551,tjk,Tajikistan,2021,Never had a female head of state
12552,tjk,Tajikistan,2022,Never had a female head of state
12553,tjk,Tajikistan,2023,Never had a female head of state
12554,tjk,Tajikistan,2024,Never had a female head of state
12555,tjk,Tajikistan,2025,Never had a female head of state
12556,tza,Tanzania,1953,Never had a female head of state
12557,tza,Tanzania,1954,Never had a female head of state
12558,tza,Tanzania,1955,Never had a female head of state
12559,tza,Tanzania,1956,Never had a female head of state
12560,tza,Tanzania,1957,Never had a female head of state
12561,tza,Tanzania,1958,Never had a female head of state
12562,tza,Tanzania,1959,Never had a female head of state
12563,tza,Tanzania,1960,Never had a female head of state
12564,tza,Tanzania,1961,Never had a female head of state
12565,tza,Tanzania,1962,Never had a female head of state
12566,tza,Tanzania,1963,Never had a female head of state
12567,tza,Tanzania,1964,Never had a female head of state
12568,tza,Tanzania,1965,Never had a female head of state
12569,tza,Tanzania,1966,Never had a female head of state
12570,tza,Tanzania,1967,Never had a female head of state
12571,tza,Tanzania,1968,Never had a female head of state
12572,tza,Tanzania,1969,Never had a female head of state
12573,tza,Tanzania,1970,Never had a female head of state
12574,tza,Tanzania,1971,Never had a female head of state
12575,tza,Tanzania,1972,Never had a female head of state
12576,tza,Tanzania,1973,Never had a female head of state
12577,tza,Tanzania,1974,Never had a female head of state
12578,tza,Tanzania,1975,Never had a female head of state
12579,tza,Tanzania,1976,Never had a female head of state
12580,tza,Tanzania,1977,Never had a female head of state
12581,tza,Tanzania,1978,Never had a female head of state
12582,tza,Tanzania,1979,Never had a female head of state
12583,tza,Tanzania,1980,Never had a female head of state
12584,tza,Tanzania,1981,Never had a female head of state
12585,tza,Tanzania,1982,Never had a female head of state
12586,tza,Tanzania,1983,Never had a female head of state
12587,tza,Tanzania,1984,Never had a female head of state
12588,tza,Tanzania,1985,Never had a female head of state
12589,tza,Tanzania,1986,Never had a female head of state
12590,tza,Tanzania,1987,Never had a female head of state
12591,tza,Tanzania,1988,Never had a female head of state
12592,tza,Tanzania,1989,Never had a female head of state
12593,tza,Tanzania,1990,Never had a female head of state
12594,tza,Tanzania,1991,Never had a female head of state
12595,tza,Tanzania,1992,Never had a female head of state
12596,tza,Tanzania,1993,Never had a female head of state
12597,tza,Tanzania,1994,Never had a female head of state
12598,tza,Tanzania,1995,Never had a female head of state
12599,tza,Tanzania,1996,Never had a female head of state
12600,tza,Tanzania,1997,Never had a female head of state
12601,tza,Tanzania,1998,Never had a female head of state
12602,tza,Tanzania,1999,Never had a female head of state
12603,tza,Tanzania,2000,Never had a female head of state
12604,tza,Tanzania,2001,Never had a female head of state
12605,tza,Tanzania,2002,Never had a female head of state
12606,tza,Tanzania,2003,Never had a female head of state
12607,tza,Tanzania,2004,Never had a female head of state
12608,tza,Tanzania,2005,Never had a female head of state
12609,tza,Tanzania,2006,Never had a female head of state
12610,tza,Tanzania,2007,Never had a female head of state
12611,tza,Tanzania,2008,Never had a female head of state
12612,tza,Tanzania,2009,Never had a female head of state
12613,tza,Tanzania,2010,Never had a female head of state
12614,tza,Tanzania,2011,Never had a female head of state
12615,tza,Tanzania,2012,Never had a female head of state
12616,tza,Tanzania,2013,Never had a female head of state
12617,tza,Tanzania,2014,Never had a female head of state
12618,tza,Tanzania,2015,Never had a female head of state
12619,tza,Tanzania,2016,Never had a female head of state
12620,tza,Tanzania,2017,Never had a female head of state
12621,tza,Tanzania,2018,Never had a female head of state
12622,tza,Tanzania,2019,Never had a female head of state
12623,tza,Tanzania,2020,Never had a female head of state
12624,tza,Tanzania,2021,Had a female head of state
12625,tza,Tanzania,2022,Had a female head of state
12626,tza,Tanzania,2023,Had a female head of state
12627,tza,Tanzania,2024,Had a female head of state
12628,tza,Tanzania,2025,Had a female head of state
12629,tha,Thailand,1953,Never had a female head of state
12630,tha,Thailand,1954,Never had a female head of state
12631,tha,Thailand,1955,Never had a female head of state
12632,tha,Thailand,1956,Never had a female head of state
12633,tha,Thailand,1957,Never had a female head of state
12634,tha,Thailand,1958,Never had a female head of state
12635,tha,Thailand,1959,Never had a female head of state
12636,tha,Thailand,1960,Never had a female head of state
12637,tha,Thailand,1961,Never had a female head of state
12638,tha,Thailand,1962,Never had a female head of state
12639,tha,Thailand,1963,Never had a female head of state
12640,tha,Thailand,1964,Never had a female head of state
12641,tha,Thailand,1965,Never had a female head of state
12642,tha,Thailand,1966,Never had a female head of state
12643,tha,Thailand,1967,Never had a female head of state
12644,tha,Thailand,1968,Never had a female head of state
12645,tha,Thailand,1969,Never had a female head of state
12646,tha,Thailand,1970,Never had a female head of state
12647,tha,Thailand,1971,Never had a female head of state
12648,tha,Thailand,1972,Never had a female head of state
12649,tha,Thailand,1973,Never had a female head of state
12650,tha,Thailand,1974,Never had a female head of state
12651,tha,Thailand,1975,Never had a female head of state
12652,tha,Thailand,1976,Never had a female head of state
12653,tha,Thailand,1977,Never had a female head of state
12654,tha,Thailand,1978,Never had a female head of state
12655,tha,Thailand,1979,Never had a female head of state
12656,tha,Thailand,1980,Never had a female head of state
12657,tha,Thailand,1981,Never had a female head of state
12658,tha,Thailand,1982,Never had a female head of state
12659,tha,Thailand,1983,Never had a female head of state
12660,tha,Thailand,1984,Never had a female head of state
12661,tha,Thailand,1985,Never had a female head of state
12662,tha,Thailand,1986,Never had a female head of state
12663,tha,Thailand,1987,Never had a female head of state
12664,tha,Thailand,1988,Never had a female head of state
12665,tha,Thailand,1989,Never had a female head of state
12666,tha,Thailand,1990,Never had a female head of state
12667,tha,Thailand,1991,Never had a female head of state
12668,tha,Thailand,1992,Never had a female head of state
12669,tha,Thailand,1993,Never had a female head of state
12670,tha,Thailand,1994,Never had a female head of state
12671,tha,Thailand,1995,Never had a female head of state
12672,tha,Thailand,1996,Never had a female head of state
12673,tha,Thailand,1997,Never had a female head of state
12674,tha,Thailand,1998,Never had a female head of state
12675,tha,Thailand,1999,Never had a female head of state
12676,tha,Thailand,2000,Never had a female head of state
12677,tha,Thailand,2001,Never had a female head of state
12678,tha,Thailand,2002,Never had a female head of state
12679,tha,Thailand,2003,Never had a female head of state
12680,tha,Thailand,2004,Never had a female head of state
12681,tha,Thailand,2005,Never had a female head of state
12682,tha,Thailand,2006,Never had a female head of state
12683,tha,Thailand,2007,Never had a female head of state
12684,tha,Thailand,2008,Never had a female head of state
12685,tha,Thailand,2009,Never had a female head of state
12686,tha,Thailand,2010,Never had a female head of state
12687,tha,Thailand,2011,Had a female head of state
12688,tha,Thailand,2012,Had a female head of state
12689,tha,Thailand,2013,Had a female head of state
12690,tha,Thailand,2014,Had a female head of state
12691,tha,Thailand,2015,Had a female head of state
12692,tha,Thailand,2016,Had a female head of state
12693,tha,Thailand,2017,Had a female head of state
12694,tha,Thailand,2018,Had a female head of state
12695,tha,Thailand,2019,Had a female head of state
12696,tha,Thailand,2020,Had a female head of state
12697,tha,Thailand,2021,Had a female head of state
12698,tha,Thailand,2022,Had a female head of state
12699,tha,Thailand,2023,Had a female head of state
12700,tha,Thailand,2024,Had a female head of state
12701,tha,Thailand,2025,Had a female head of state
12702,tls,Timor-Leste,1953,Never had a female head of state
12703,tls,Timor-Leste,1954,Never had a female head of state
12704,tls,Timor-Leste,1955,Never had a female head of state
12705,tls,Timor-Leste,1956,Never had a female head of state
12706,tls,Timor-Leste,1957,Never had a female head of state
12707,tls,Timor-Leste,1958,Never had a female head of state
12708,tls,Timor-Leste,1959,Never had a female head of state
12709,tls,Timor-Leste,1960,Never had a female head of state
12710,tls,Timor-Leste,1961,Never had a female head of state
12711,tls,Timor-Leste,1962,Never had a female head of state
12712,tls,Timor-Leste,1963,Never had a female head of state
12713,tls,Timor-Leste,1964,Never had a female head of state
12714,tls,Timor-Leste,1965,Never had a female head of state
12715,tls,Timor-Leste,1966,Never had a female head of state
12716,tls,Timor-Leste,1967,Never had a female head of state
12717,tls,Timor-Leste,1968,Never had a female head of state
12718,tls,Timor-Leste,1969,Never had a female head of state
12719,tls,Timor-Leste,1970,Never had a female head of state
12720,tls,Timor-Leste,1971,Never had a female head of state
12721,tls,Timor-Leste,1972,Never had a female head of state
12722,tls,Timor-Leste,1973,Never had a female head of state
12723,tls,Timor-Leste,1974,Never had a female head of state
12724,tls,Timor-Leste,1975,Never had a female head of state
12725,tls,Timor-Leste,1976,Never had a female head of state
12726,tls,Timor-Leste,1977,Never had a female head of state
12727,tls,Timor-Leste,1978,Never had a female head of state
12728,tls,Timor-Leste,1979,Never had a female head of state
12729,tls,Timor-Leste,1980,Never had a female head of state
12730,tls,Timor-Leste,1981,Never had a female head of state
12731,tls,Timor-Leste,1982,Never had a female head of state
12732,tls,Timor-Leste,1983,Never had a female head of state
12733,tls,Timor-Leste,1984,Never had a female head of state
12734,tls,Timor-Leste,1985,Never had a female head of state
12735,tls,Timor-Leste,1986,Never had a female head of state
12736,tls,Timor-Leste,1987,Never had a female head of state
12737,tls,Timor-Leste,1988,Never had a female head of state
12738,tls,Timor-Leste,1989,Never had a female head of state
12739,tls,Timor-Leste,1990,Never had a female head of state
12740,tls,Timor-Leste,1991,Never had a female head of state
12741,tls,Timor-Leste,1992,Never had a female head of state
12742,tls,Timor-Leste,1993,Never had a female head of state
12743,tls,Timor-Leste,1994,Never had a female head of state
12744,tls,Timor-Leste,1995,Never had a female head of state
12745,tls,Timor-Leste,1996,Never had a female head of state
12746,tls,Timor-Leste,1997,Never had a female head of state
12747,tls,Timor-Leste,1998,Never had a female head of state
12748,tls,Timor-Leste,1999,Never had a female head of state
12749,tls,Timor-Leste,2000,Never had a female head of state
12750,tls,Timor-Leste,2001,Never had a female head of state
12751,tls,Timor-Leste,2002,Never had a female head of state
12752,tls,Timor-Leste,2003,Never had a female head of state
12753,tls,Timor-Leste,2004,Never had a female head of state
12754,tls,Timor-Leste,2005,Never had a female head of state
12755,tls,Timor-Leste,2006,Never had a female head of state
12756,tls,Timor-Leste,2007,Never had a female head of state
12757,tls,Timor-Leste,2008,Never had a female head of state
12758,tls,Timor-Leste,2009,Never had a female head of state
12759,tls,Timor-Leste,2010,Never had a female head of state
12760,tls,Timor-Leste,2011,Never had a female head of state
12761,tls,Timor-Leste,2012,Never had a female head of state
12762,tls,Timor-Leste,2013,Never had a female head of state
12763,tls,Timor-Leste,2014,Never had a female head of state
12764,tls,Timor-Leste,2015,Never had a female head of state
12765,tls,Timor-Leste,2016,Never had a female head of state
12766,tls,Timor-Leste,2017,Never had a female head of state
12767,tls,Timor-Leste,2018,Never had a female head of state
12768,tls,Timor-Leste,2019,Never had a female head of state
12769,tls,Timor-Leste,2020,Never had a female head of state
12770,tls,Timor-Leste,2021,Never had a female head of state
12771,tls,Timor-Leste,2022,Never had a female head of state
12772,tls,Timor-Leste,2023,Never had a female head of state
12773,tls,Timor-Leste,2024,Never had a female head of state
12774,tls,Timor-Leste,2025,Never had a female head of state
12775,tgo,Togo,1953,Never had a female head of state
12776,tgo,Togo,1954,Never had a female head of state
12777,tgo,Togo,1955,Never had a female head of state
12778,tgo,Togo,1956,Never had a female head of state
12779,tgo,Togo,1957,Never had a female head of state
12780,tgo,Togo,1958,Never had a female head of state
12781,tgo,Togo,1959,Never had a female head of state
12782,tgo,Togo,1960,Never had a female head of state
12783,tgo,Togo,1961,Never had a female head of state
12784,tgo,Togo,1962,Never had a female head of state
12785,tgo,Togo,1963,Never had a female head of state
12786,tgo,Togo,1964,Never had a female head of state
12787,tgo,Togo,1965,Never had a female head of state
12788,tgo,Togo,1966,Never had a female head of state
12789,tgo,Togo,1967,Never had a female head of state
12790,tgo,Togo,1968,Never had a female head of state
12791,tgo,Togo,1969,Never had a female head of state
12792,tgo,Togo,1970,Never had a female head of state
12793,tgo,Togo,1971,Never had a female head of state
12794,tgo,Togo,1972,Never had a female head of state
12795,tgo,Togo,1973,Never had a female head of state
12796,tgo,Togo,1974,Never had a female head of state
12797,tgo,Togo,1975,Never had a female head of state
12798,tgo,Togo,1976,Never had a female head of state
12799,tgo,Togo,1977,Never had a female head of state
12800,tgo,Togo,1978,Never had a female head of state
12801,tgo,Togo,1979,Never had a female head of state
12802,tgo,Togo,1980,Never had a female head of state
12803,tgo,Togo,1981,Never had a female head of state
12804,tgo,Togo,1982,Never had a female head of state
12805,tgo,Togo,1983,Never had a female head of state
12806,tgo,Togo,1984,Never had a female head of state
12807,tgo,Togo,1985,Never had a female head of state
12808,tgo,Togo,1986,Never had a female head of state
12809,tgo,Togo,1987,Never had a female head of state
12810,tgo,Togo,1988,Never had a female head of state
12811,tgo,Togo,1989,Never had a female head of state
12812,tgo,Togo,1990,Never had a female head of state
12813,tgo,Togo,1991,Never had a female head of state
12814,tgo,Togo,1992,Never had a female head of state
12815,tgo,Togo,1993,Never had a female head of state
12816,tgo,Togo,1994,Never had a female head of state
12817,tgo,Togo,1995,Never had a female head of state
12818,tgo,Togo,1996,Never had a female head of state
12819,tgo,Togo,1997,Never had a female head of state
12820,tgo,Togo,1998,Never had a female head of state
12821,tgo,Togo,1999,Never had a female head of state
12822,tgo,Togo,2000,Never had a female head of state
12823,tgo,Togo,2001,Never had a female head of state
12824,tgo,Togo,2002,Never had a female head of state
12825,tgo,Togo,2003,Never had a female head of state
12826,tgo,Togo,2004,Never had a female head of state
12827,tgo,Togo,2005,Never had a female head of state
12828,tgo,Togo,2006,Never had a female head of state
12829,tgo,Togo,2007,Never had a female head of state
12830,tgo,Togo,2008,Never had a female head of state
12831,tgo,Togo,2009,Never had a female head of state
12832,tgo,Togo,2010,Never had a female head of state
12833,tgo,Togo,2011,Never had a female head of state
12834,tgo,Togo,2012,Never had a female head of state
12835,tgo,Togo,2013,Never had a female head of state
12836,tgo,Togo,2014,Never had a female head of state
12837,tgo,Togo,2015,Never had a female head of state
12838,tgo,Togo,2016,Never had a female head of state
12839,tgo,Togo,2017,Never had a female head of state
12840,tgo,Togo,2018,Never had a female head of state
12841,tgo,Togo,2019,Never had a female head of state
12842,tgo,Togo,2020,Had a female head of state
12843,tgo,Togo,2021,Had a female head of state
12844,tgo,Togo,2022,Had a female head of state
12845,tgo,Togo,2023,Had a female head of state
12846,tgo,Togo,2024,Had a female head of state
12847,tgo,Togo,2025,Had a female head of state
12848,ton,Tonga,1953,Never had a female head of state
12849,ton,Tonga,1954,Never had a female head of state
12850,ton,Tonga,1955,Never had a female head of state
12851,ton,Tonga,1956,Never had a female head of state
12852,ton,Tonga,1957,Never had a female head of state
12853,ton,Tonga,1958,Never had a female head of state
12854,ton,Tonga,1959,Never had a female head of state
12855,ton,Tonga,1960,Never had a female head of state
12856,ton,Tonga,1961,Never had a female head of state
12857,ton,Tonga,1962,Never had a female head of state
12858,ton,Tonga,1963,Never had a female head of state
12859,ton,Tonga,1964,Never had a female head of state
12860,ton,Tonga,1965,Never had a female head of state
12861,ton,Tonga,1966,Never had a female head of state
12862,ton,Tonga,1967,Never had a female head of state
12863,ton,Tonga,1968,Never had a female head of state
12864,ton,Tonga,1969,Never had a female head of state
12865,ton,Tonga,1970,Never had a female head of state
12866,ton,Tonga,1971,Never had a female head of state
12867,ton,Tonga,1972,Never had a female head of state
12868,ton,Tonga,1973,Never had a female head of state
12869,ton,Tonga,1974,Never had a female head of state
12870,ton,Tonga,1975,Never had a female head of state
12871,ton,Tonga,1976,Never had a female head of state
12872,ton,Tonga,1977,Never had a female head of state
12873,ton,Tonga,1978,Never had a female head of state
12874,ton,Tonga,1979,Never had a female head of state
12875,ton,Tonga,1980,Never had a female head of state
12876,ton,Tonga,1981,Never had a female head of state
12877,ton,Tonga,1982,Never had a female head of state
12878,ton,Tonga,1983,Never had a female head of state
12879,ton,Tonga,1984,Never had a female head of state
12880,ton,Tonga,1985,Never had a female head of state
12881,ton,Tonga,1986,Never had a female head of state
12882,ton,Tonga,1987,Never had a female head of state
12883,ton,Tonga,1988,Never had a female head of state
12884,ton,Tonga,1989,Never had a female head of state
12885,ton,Tonga,1990,Never had a female head of state
12886,ton,Tonga,1991,Never had a female head of state
12887,ton,Tonga,1992,Never had a female head of state
12888,ton,Tonga,1993,Never had a female head of state
12889,ton,Tonga,1994,Never had a female head of state
12890,ton,Tonga,1995,Never had a female head of state
12891,ton,Tonga,1996,Never had a female head of state
12892,ton,Tonga,1997,Never had a female head of state
12893,ton,Tonga,1998,Never had a female head of state
12894,ton,Tonga,1999,Never had a female head of state
12895,ton,Tonga,2000,Never had a female head of state
12896,ton,Tonga,2001,Never had a female head of state
12897,ton,Tonga,2002,Never had a female head of state
12898,ton,Tonga,2003,Never had a female head of state
12899,ton,Tonga,2004,Never had a female head of state
12900,ton,Tonga,2005,Never had a female head of state
12901,ton,Tonga,2006,Never had a female head of state
12902,ton,Tonga,2007,Never had a female head of state
12903,ton,Tonga,2008,Never had a female head of state
12904,ton,Tonga,2009,Never had a female head of state
12905,ton,Tonga,2010,Never had a female head of state
12906,ton,Tonga,2011,Never had a female head of state
12907,ton,Tonga,2012,Never had a female head of state
12908,ton,Tonga,2013,Never had a female head of state
12909,ton,Tonga,2014,Never had a female head of state
12910,ton,Tonga,2015,Never had a female head of state
12911,ton,Tonga,2016,Never had a female head of state
12912,ton,Tonga,2017,Never had a female head of state
12913,ton,Tonga,2018,Never had a female head of state
12914,ton,Tonga,2019,Never had a female head of state
12915,ton,Tonga,2020,Never had a female head of state
12916,ton,Tonga,2021,Never had a female head of state
12917,ton,Tonga,2022,Never had a female head of state
12918,ton,Tonga,2023,Never had a female head of state
12919,ton,Tonga,2024,Never had a female head of state
12920,ton,Tonga,2025,Never had a female head of state
12921,tto,Trinidad and Tobago,1953,Never had a female head of state
12922,tto,Trinidad and Tobago,1954,Never had a female head of state
12923,tto,Trinidad and Tobago,1955,Never had a female head of state
12924,tto,Trinidad and Tobago,1956,Never had a female head of state
12925,tto,Trinidad and Tobago,1957,Never had a female head of state
12926,tto,Trinidad and Tobago,1958,Never had a female head of state
12927,tto,Trinidad and Tobago,1959,Never had a female head of state
12928,tto,Trinidad and Tobago,1960,Never had a female head of state
12929,tto,Trinidad and Tobago,1961,Never had a female head of state
12930,tto,Trinidad and Tobago,1962,Never had a female head of state
12931,tto,Trinidad and Tobago,1963,Never had a female head of state
12932,tto,Trinidad and Tobago,1964,Never had a female head of state
12933,tto,Trinidad and Tobago,1965,Never had a female head of state
12934,tto,Trinidad and Tobago,1966,Never had a female head of state
12935,tto,Trinidad and Tobago,1967,Never had a female head of state
12936,tto,Trinidad and Tobago,1968,Never had a female head of state
12937,tto,Trinidad and Tobago,1969,Never had a female head of state
12938,tto,Trinidad and Tobago,1970,Never had a female head of state
12939,tto,Trinidad and Tobago,1971,Never had a female head of state
12940,tto,Trinidad and Tobago,1972,Never had a female head of state
12941,tto,Trinidad and Tobago,1973,Never had a female head of state
12942,tto,Trinidad and Tobago,1974,Never had a female head of state
12943,tto,Trinidad and Tobago,1975,Never had a female head of state
12944,tto,Trinidad and Tobago,1976,Never had a female head of state
12945,tto,Trinidad and Tobago,1977,Never had a female head of state
12946,tto,Trinidad and Tobago,1978,Never had a female head of state
12947,tto,Trinidad and Tobago,1979,Never had a female head of state
12948,tto,Trinidad and Tobago,1980,Never had a female head of state
12949,tto,Trinidad and Tobago,1981,Never had a female head of state
12950,tto,Trinidad and Tobago,1982,Never had a female head of state
12951,tto,Trinidad and Tobago,1983,Never had a female head of state
12952,tto,Trinidad and Tobago,1984,Never had a female head of state
12953,tto,Trinidad and Tobago,1985,Never had a female head of state
12954,tto,Trinidad and Tobago,1986,Never had a female head of state
12955,tto,Trinidad and Tobago,1987,Never had a female head of state
12956,tto,Trinidad and Tobago,1988,Never had a female head of state
12957,tto,Trinidad and Tobago,1989,Never had a female head of state
12958,tto,Trinidad and Tobago,1990,Never had a female head of state
12959,tto,Trinidad and Tobago,1991,Never had a female head of state
12960,tto,Trinidad and Tobago,1992,Never had a female head of state
12961,tto,Trinidad and Tobago,1993,Never had a female head of state
12962,tto,Trinidad and Tobago,1994,Never had a female head of state
12963,tto,Trinidad and Tobago,1995,Never had a female head of state
12964,tto,Trinidad and Tobago,1996,Never had a female head of state
12965,tto,Trinidad and Tobago,1997,Never had a female head of state
12966,tto,Trinidad and Tobago,1998,Never had a female head of state
12967,tto,Trinidad and Tobago,1999,Never had a female head of state
12968,tto,Trinidad and Tobago,2000,Never had a female head of state
12969,tto,Trinidad and Tobago,2001,Never had a female head of state
12970,tto,Trinidad and Tobago,2002,Never had a female head of state
12971,tto,Trinidad and Tobago,2003,Never had a female head of state
12972,tto,Trinidad and Tobago,2004,Never had a female head of state
12973,tto,Trinidad and Tobago,2005,Never had a female head of state
12974,tto,Trinidad and Tobago,2006,Never had a female head of state
12975,tto,Trinidad and Tobago,2007,Never had a female head of state
12976,tto,Trinidad and Tobago,2008,Never had a female head of state
12977,tto,Trinidad and Tobago,2009,Never had a female head of state
12978,tto,Trinidad and Tobago,2010,Had a female head of state
12979,tto,Trinidad and Tobago,2011,Had a female head of state
12980,tto,Trinidad and Tobago,2012,Had a female head of state
12981,tto,Trinidad and Tobago,2013,Had a female head of state
12982,tto,Trinidad and Tobago,2014,Had a female head of state
12983,tto,Trinidad and Tobago,2015,Had a female head of state
12984,tto,Trinidad and Tobago,2016,Had a female head of state
12985,tto,Trinidad and Tobago,2017,Had a female head of state
12986,tto,Trinidad and Tobago,2018,Had a female head of state
12987,tto,Trinidad and Tobago,2019,Had a female head of state
12988,tto,Trinidad and Tobago,2020,Had a female head of state
12989,tto,Trinidad and Tobago,2021,Had a female head of state
12990,tto,Trinidad and Tobago,2022,Had a female head of state
12991,tto,Trinidad and Tobago,2023,Had a female head of state
12992,tto,Trinidad and Tobago,2024,Had a female head of state
12993,tto,Trinidad and Tobago,2025,Had a female head of state
12994,tun,Tunisia,1953,Never had a female head of state
12995,tun,Tunisia,1954,Never had a female head of state
12996,tun,Tunisia,1955,Never had a female head of state
12997,tun,Tunisia,1956,Never had a female head of state
12998,tun,Tunisia,1957,Never had a female head of state
12999,tun,Tunisia,1958,Never had a female head of state
13000,tun,Tunisia,1959,Never had a female head of state
13001,tun,Tunisia,1960,Never had a female head of state
13002,tun,Tunisia,1961,Never had a female head of state
13003,tun,Tunisia,1962,Never had a female head of state
13004,tun,Tunisia,1963,Never had a female head of state
13005,tun,Tunisia,1964,Never had a female head of state
13006,tun,Tunisia,1965,Never had a female head of state
13007,tun,Tunisia,1966,Never had a female head of state
13008,tun,Tunisia,1967,Never had a female head of state
13009,tun,Tunisia,1968,Never had a female head of state
13010,tun,Tunisia,1969,Never had a female head of state
13011,tun,Tunisia,1970,Never had a female head of state
13012,tun,Tunisia,1971,Never had a female head of state
13013,tun,Tunisia,1972,Never had a female head of state
13014,tun,Tunisia,1973,Never had a female head of state
13015,tun,Tunisia,1974,Never had a female head of state
13016,tun,Tunisia,1975,Never had a female head of state
13017,tun,Tunisia,1976,Never had a female head of state
13018,tun,Tunisia,1977,Never had a female head of state
13019,tun,Tunisia,1978,Never had a female head of state
13020,tun,Tunisia,1979,Never had a female head of state
13021,tun,Tunisia,1980,Never had a female head of state
13022,tun,Tunisia,1981,Never had a female head of state
13023,tun,Tunisia,1982,Never had a female head of state
13024,tun,Tunisia,1983,Never had a female head of state
13025,tun,Tunisia,1984,Never had a female head of state
13026,tun,Tunisia,1985,Never had a female head of state
13027,tun,Tunisia,1986,Never had a female head of state
13028,tun,Tunisia,1987,Never had a female head of state
13029,tun,Tunisia,1988,Never had a female head of state
13030,tun,Tunisia,1989,Never had a female head of state
13031,tun,Tunisia,1990,Never had a female head of state
13032,tun,Tunisia,1991,Never had a female head of state
13033,tun,Tunisia,1992,Never had a female head of state
13034,tun,Tunisia,1993,Never had a female head of state
13035,tun,Tunisia,1994,Never had a female head of state
13036,tun,Tunisia,1995,Never had a female head of state
13037,tun,Tunisia,1996,Never had a female head of state
13038,tun,Tunisia,1997,Never had a female head of state
13039,tun,Tunisia,1998,Never had a female head of state
13040,tun,Tunisia,1999,Never had a female head of state
13041,tun,Tunisia,2000,Never had a female head of state
13042,tun,Tunisia,2001,Never had a female head of state
13043,tun,Tunisia,2002,Never had a female head of state
13044,tun,Tunisia,2003,Never had a female head of state
13045,tun,Tunisia,2004,Never had a female head of state
13046,tun,Tunisia,2005,Never had a female head of state
13047,tun,Tunisia,2006,Never had a female head of state
13048,tun,Tunisia,2007,Never had a female head of state
13049,tun,Tunisia,2008,Never had a female head of state
13050,tun,Tunisia,2009,Never had a female head of state
13051,tun,Tunisia,2010,Never had a female head of state
13052,tun,Tunisia,2011,Never had a female head of state
13053,tun,Tunisia,2012,Never had a female head of state
13054,tun,Tunisia,2013,Never had a female head of state
13055,tun,Tunisia,2014,Never had a female head of state
13056,tun,Tunisia,2015,Never had a female head of state
13057,tun,Tunisia,2016,Never had a female head of state
13058,tun,Tunisia,2017,Never had a female head of state
13059,tun,Tunisia,2018,Never had a female head of state
13060,tun,Tunisia,2019,Never had a female head of state
13061,tun,Tunisia,2020,Never had a female head of state
13062,tun,Tunisia,2021,Had a female head of state
13063,tun,Tunisia,2022,Had a female head of state
13064,tun,Tunisia,2023,Had a female head of state
13065,tun,Tunisia,2024,Had a female head of state
13066,tun,Tunisia,2025,Had a female head of state
13067,tur,Turkey,1953,Never had a female head of state
13068,tur,Turkey,1954,Never had a female head of state
13069,tur,Turkey,1955,Never had a female head of state
13070,tur,Turkey,1956,Never had a female head of state
13071,tur,Turkey,1957,Never had a female head of state
13072,tur,Turkey,1958,Never had a female head of state
13073,tur,Turkey,1959,Never had a female head of state
13074,tur,Turkey,1960,Never had a female head of state
13075,tur,Turkey,1961,Never had a female head of state
13076,tur,Turkey,1962,Never had a female head of state
13077,tur,Turkey,1963,Never had a female head of state
13078,tur,Turkey,1964,Never had a female head of state
13079,tur,Turkey,1965,Never had a female head of state
13080,tur,Turkey,1966,Never had a female head of state
13081,tur,Turkey,1967,Never had a female head of state
13082,tur,Turkey,1968,Never had a female head of state
13083,tur,Turkey,1969,Never had a female head of state
13084,tur,Turkey,1970,Never had a female head of state
13085,tur,Turkey,1971,Never had a female head of state
13086,tur,Turkey,1972,Never had a female head of state
13087,tur,Turkey,1973,Never had a female head of state
13088,tur,Turkey,1974,Never had a female head of state
13089,tur,Turkey,1975,Never had a female head of state
13090,tur,Turkey,1976,Never had a female head of state
13091,tur,Turkey,1977,Never had a female head of state
13092,tur,Turkey,1978,Never had a female head of state
13093,tur,Turkey,1979,Never had a female head of state
13094,tur,Turkey,1980,Never had a female head of state
13095,tur,Turkey,1981,Never had a female head of state
13096,tur,Turkey,1982,Never had a female head of state
13097,tur,Turkey,1983,Never had a female head of state
13098,tur,Turkey,1984,Never had a female head of state
13099,tur,Turkey,1985,Never had a female head of state
13100,tur,Turkey,1986,Never had a female head of state
13101,tur,Turkey,1987,Never had a female head of state
13102,tur,Turkey,1988,Never had a female head of state
13103,tur,Turkey,1989,Never had a female head of state
13104,tur,Turkey,1990,Never had a female head of state
13105,tur,Turkey,1991,Never had a female head of state
13106,tur,Turkey,1992,Never had a female head of state
13107,tur,Turkey,1993,Had a female head of state
13108,tur,Turkey,1994,Had a female head of state
13109,tur,Turkey,1995,Had a female head of state
13110,tur,Turkey,1996,Had a female head of state
13111,tur,Turkey,1997,Had a female head of state
13112,tur,Turkey,1998,Had a female head of state
13113,tur,Turkey,1999,Had a female head of state
13114,tur,Turkey,2000,Had a female head of state
13115,tur,Turkey,2001,Had a female head of state
13116,tur,Turkey,2002,Had a female head of state
13117,tur,Turkey,2003,Had a female head of state
13118,tur,Turkey,2004,Had a female head of state
13119,tur,Turkey,2005,Had a female head of state
13120,tur,Turkey,2006,Had a female head of state
13121,tur,Turkey,2007,Had a female head of state
13122,tur,Turkey,2008,Had a female head of state
13123,tur,Turkey,2009,Had a female head of state
13124,tur,Turkey,2010,Had a female head of state
13125,tur,Turkey,2011,Had a female head of state
13126,tur,Turkey,2012,Had a female head of state
13127,tur,Turkey,2013,Had a female head of state
13128,tur,Turkey,2014,Had a female head of state
13129,tur,Turkey,2015,Had a female head of state
13130,tur,Turkey,2016,Had a female head of state
13131,tur,Turkey,2017,Had a female head of state
13132,tur,Turkey,2018,Had a female head of state
13133,tur,Turkey,2019,Had a female head of state
13134,tur,Turkey,2020,Had a female head of state
13135,tur,Turkey,2021,Had a female head of state
13136,tur,Turkey,2022,Had a female head of state
13137,tur,Turkey,2023,Had a female head of state
13138,tur,Turkey,2024,Had a female head of state
13139,tur,Turkey,2025,Had a female head of state
13140,tkm,Turkmenistan,1953,Never had a female head of state
13141,tkm,Turkmenistan,1954,Never had a female head of state
13142,tkm,Turkmenistan,1955,Never had a female head of state
13143,tkm,Turkmenistan,1956,Never had a female head of state
13144,tkm,Turkmenistan,1957,Never had a female head of state
13145,tkm,Turkmenistan,1958,Never had a female head of state
13146,tkm,Turkmenistan,1959,Never had a female head of state
13147,tkm,Turkmenistan,1960,Never had a female head of state
13148,tkm,Turkmenistan,1961,Never had a female head of state
13149,tkm,Turkmenistan,1962,Never had a female head of state
13150,tkm,Turkmenistan,1963,Never had a female head of state
13151,tkm,Turkmenistan,1964,Never had a female head of state
13152,tkm,Turkmenistan,1965,Never had a female head of state
13153,tkm,Turkmenistan,1966,Never had a female head of state
13154,tkm,Turkmenistan,1967,Never had a female head of state
13155,tkm,Turkmenistan,1968,Never had a female head of state
13156,tkm,Turkmenistan,1969,Never had a female head of state
13157,tkm,Turkmenistan,1970,Never had a female head of state
13158,tkm,Turkmenistan,1971,Never had a female head of state
13159,tkm,Turkmenistan,1972,Never had a female head of state
13160,tkm,Turkmenistan,1973,Never had a female head of state
13161,tkm,Turkmenistan,1974,Never had a female head of state
13162,tkm,Turkmenistan,1975,Never had a female head of state
13163,tkm,Turkmenistan,1976,Never had a female head of state
13164,tkm,Turkmenistan,1977,Never had a female head of state
13165,tkm,Turkmenistan,1978,Never had a female head of state
13166,tkm,Turkmenistan,1979,Never had a female head of state
13167,tkm,Turkmenistan,1980,Never had a female head of state
13168,tkm,Turkmenistan,1981,Never had a female head of state
13169,tkm,Turkmenistan,1982,Never had a female head of state
13170,tkm,Turkmenistan,1983,Never had a female head of state
13171,tkm,Turkmenistan,1984,Never had a female head of state
13172,tkm,Turkmenistan,1985,Never had a female head of state
13173,tkm,Turkmenistan,1986,Never had a female head of state
13174,tkm,Turkmenistan,1987,Never had a female head of state
13175,tkm,Turkmenistan,1988,Never had a female head of state
13176,tkm,Turkmenistan,1989,Never had a female head of state
13177,tkm,Turkmenistan,1990,Never had a female head of state
13178,tkm,Turkmenistan,1991,Never had a female head of state
13179,tkm,Turkmenistan,1992,Never had a female head of state
13180,tkm,Turkmenistan,1993,Never had a female head of state
13181,tkm,Turkmenistan,1994,Never had a female head of state
13182,tkm,Turkmenistan,1995,Never had a female head of state
13183,tkm,Turkmenistan,1996,Never had a female head of state
13184,tkm,Turkmenistan,1997,Never had a female head of state
13185,tkm,Turkmenistan,1998,Never had a female head of state
13186,tkm,Turkmenistan,1999,Never had a female head of state
13187,tkm,Turkmenistan,2000,Never had a female head of state
13188,tkm,Turkmenistan,2001,Never had a female head of state
13189,tkm,Turkmenistan,2002,Never had a female head of state
13190,tkm,Turkmenistan,2003,Never had a female head of state
13191,tkm,Turkmenistan,2004,Never had a female head of state
13192,tkm,Turkmenistan,2005,Never had a female head of state
13193,tkm,Turkmenistan,2006,Never had a female head of state
13194,tkm,Turkmenistan,2007,Never had a female head of state
13195,tkm,Turkmenistan,2008,Never had a female head of state
13196,tkm,Turkmenistan,2009,Never had a female head of state
13197,tkm,Turkmenistan,2010,Never had a female head of state
13198,tkm,Turkmenistan,2011,Never had a female head of state
13199,tkm,Turkmenistan,2012,Never had a female head of state
13200,tkm,Turkmenistan,2013,Never had a female head of state
13201,tkm,Turkmenistan,2014,Never had a female head of state
13202,tkm,Turkmenistan,2015,Never had a female head of state
13203,tkm,Turkmenistan,2016,Never had a female head of state
13204,tkm,Turkmenistan,2017,Never had a female head of state
13205,tkm,Turkmenistan,2018,Never had a female head of state
13206,tkm,Turkmenistan,2019,Never had a female head of state
13207,tkm,Turkmenistan,2020,Never had a female head of state
13208,tkm,Turkmenistan,2021,Never had a female head of state
13209,tkm,Turkmenistan,2022,Never had a female head of state
13210,tkm,Turkmenistan,2023,Never had a female head of state
13211,tkm,Turkmenistan,2024,Never had a female head of state
13212,tkm,Turkmenistan,2025,Never had a female head of state
13213,tuv,Tuvalu,1953,Never had a female head of state
13214,tuv,Tuvalu,1954,Never had a female head of state
13215,tuv,Tuvalu,1955,Never had a female head of state
13216,tuv,Tuvalu,1956,Never had a female head of state
13217,tuv,Tuvalu,1957,Never had a female head of state
13218,tuv,Tuvalu,1958,Never had a female head of state
13219,tuv,Tuvalu,1959,Never had a female head of state
13220,tuv,Tuvalu,1960,Never had a female head of state
13221,tuv,Tuvalu,1961,Never had a female head of state
13222,tuv,Tuvalu,1962,Never had a female head of state
13223,tuv,Tuvalu,1963,Never had a female head of state
13224,tuv,Tuvalu,1964,Never had a female head of state
13225,tuv,Tuvalu,1965,Never had a female head of state
13226,tuv,Tuvalu,1966,Never had a female head of state
13227,tuv,Tuvalu,1967,Never had a female head of state
13228,tuv,Tuvalu,1968,Never had a female head of state
13229,tuv,Tuvalu,1969,Never had a female head of state
13230,tuv,Tuvalu,1970,Never had a female head of state
13231,tuv,Tuvalu,1971,Never had a female head of state
13232,tuv,Tuvalu,1972,Never had a female head of state
13233,tuv,Tuvalu,1973,Never had a female head of state
13234,tuv,Tuvalu,1974,Never had a female head of state
13235,tuv,Tuvalu,1975,Never had a female head of state
13236,tuv,Tuvalu,1976,Never had a female head of state
13237,tuv,Tuvalu,1977,Never had a female head of state
13238,tuv,Tuvalu,1978,Never had a female head of state
13239,tuv,Tuvalu,1979,Never had a female head of state
13240,tuv,Tuvalu,1980,Never had a female head of state
13241,tuv,Tuvalu,1981,Never had a female head of state
13242,tuv,Tuvalu,1982,Never had a female head of state
13243,tuv,Tuvalu,1983,Never had a female head of state
13244,tuv,Tuvalu,1984,Never had a female head of state
13245,tuv,Tuvalu,1985,Never had a female head of state
13246,tuv,Tuvalu,1986,Never had a female head of state
13247,tuv,Tuvalu,1987,Never had a female head of state
13248,tuv,Tuvalu,1988,Never had a female head of state
13249,tuv,Tuvalu,1989,Never had a female head of state
13250,tuv,Tuvalu,1990,Never had a female head of state
13251,tuv,Tuvalu,1991,Never had a female head of state
13252,tuv,Tuvalu,1992,Never had a female head of state
13253,tuv,Tuvalu,1993,Never had a female head of state
13254,tuv,Tuvalu,1994,Never had a female head of state
13255,tuv,Tuvalu,1995,Never had a female head of state
13256,tuv,Tuvalu,1996,Never had a female head of state
13257,tuv,Tuvalu,1997,Never had a female head of state
13258,tuv,Tuvalu,1998,Never had a female head of state
13259,tuv,Tuvalu,1999,Never had a female head of state
13260,tuv,Tuvalu,2000,Never had a female head of state
13261,tuv,Tuvalu,2001,Never had a female head of state
13262,tuv,Tuvalu,2002,Never had a female head of state
13263,tuv,Tuvalu,2003,Never had a female head of state
13264,tuv,Tuvalu,2004,Never had a female head of state
13265,tuv,Tuvalu,2005,Never had a female head of state
13266,tuv,Tuvalu,2006,Never had a female head of state
13267,tuv,Tuvalu,2007,Never had a female head of state
13268,tuv,Tuvalu,2008,Never had a female head of state
13269,tuv,Tuvalu,2009,Never had a female head of state
13270,tuv,Tuvalu,2010,Never had a female head of state
13271,tuv,Tuvalu,2011,Never had a female head of state
13272,tuv,Tuvalu,2012,Never had a female head of state
13273,tuv,Tuvalu,2013,Never had a female head of state
13274,tuv,Tuvalu,2014,Never had a female head of state
13275,tuv,Tuvalu,2015,Never had a female head of state
13276,tuv,Tuvalu,2016,Never had a female head of state
13277,tuv,Tuvalu,2017,Never had a female head of state
13278,tuv,Tuvalu,2018,Never had a female head of state
13279,tuv,Tuvalu,2019,Never had a female head of state
13280,tuv,Tuvalu,2020,Never had a female head of state
13281,tuv,Tuvalu,2021,Never had a female head of state
13282,tuv,Tuvalu,2022,Never had a female head of state
13283,tuv,Tuvalu,2023,Never had a female head of state
13284,tuv,Tuvalu,2024,Never had a female head of state
13285,tuv,Tuvalu,2025,Never had a female head of state
13286,uga,Uganda,1953,Never had a female head of state
13287,uga,Uganda,1954,Never had a female head of state
13288,uga,Uganda,1955,Never had a female head of state
13289,uga,Uganda,1956,Never had a female head of state
13290,uga,Uganda,1957,Never had a female head of state
13291,uga,Uganda,1958,Never had a female head of state
13292,uga,Uganda,1959,Never had a female head of state
13293,uga,Uganda,1960,Never had a female head of state
13294,uga,Uganda,1961,Never had a female head of state
13295,uga,Uganda,1962,Never had a female head of state
13296,uga,Uganda,1963,Never had a female head of state
13297,uga,Uganda,1964,Never had a female head of state
13298,uga,Uganda,1965,Never had a female head of state
13299,uga,Uganda,1966,Never had a female head of state
13300,uga,Uganda,1967,Never had a female head of state
13301,uga,Uganda,1968,Never had a female head of state
13302,uga,Uganda,1969,Never had a female head of state
13303,uga,Uganda,1970,Never had a female head of state
13304,uga,Uganda,1971,Never had a female head of state
13305,uga,Uganda,1972,Never had a female head of state
13306,uga,Uganda,1973,Never had a female head of state
13307,uga,Uganda,1974,Never had a female head of state
13308,uga,Uganda,1975,Never had a female head of state
13309,uga,Uganda,1976,Never had a female head of state
13310,uga,Uganda,1977,Never had a female head of state
13311,uga,Uganda,1978,Never had a female head of state
13312,uga,Uganda,1979,Never had a female head of state
13313,uga,Uganda,1980,Never had a female head of state
13314,uga,Uganda,1981,Never had a female head of state
13315,uga,Uganda,1982,Never had a female head of state
13316,uga,Uganda,1983,Never had a female head of state
13317,uga,Uganda,1984,Never had a female head of state
13318,uga,Uganda,1985,Never had a female head of state
13319,uga,Uganda,1986,Never had a female head of state
13320,uga,Uganda,1987,Never had a female head of state
13321,uga,Uganda,1988,Never had a female head of state
13322,uga,Uganda,1989,Never had a female head of state
13323,uga,Uganda,1990,Never had a female head of state
13324,uga,Uganda,1991,Never had a female head of state
13325,uga,Uganda,1992,Never had a female head of state
13326,uga,Uganda,1993,Never had a female head of state
13327,uga,Uganda,1994,Never had a female head of state
13328,uga,Uganda,1995,Never had a female head of state
13329,uga,Uganda,1996,Never had a female head of state
13330,uga,Uganda,1997,Never had a female head of state
13331,uga,Uganda,1998,Never had a female head of state
13332,uga,Uganda,1999,Never had a female head of state
13333,uga,Uganda,2000,Never had a female head of state
13334,uga,Uganda,2001,Never had a female head of state
13335,uga,Uganda,2002,Never had a female head of state
13336,uga,Uganda,2003,Never had a female head of state
13337,uga,Uganda,2004,Never had a female head of state
13338,uga,Uganda,2005,Never had a female head of state
13339,uga,Uganda,2006,Never had a female head of state
13340,uga,Uganda,2007,Never had a female head of state
13341,uga,Uganda,2008,Never had a female head of state
13342,uga,Uganda,2009,Never had a female head of state
13343,uga,Uganda,2010,Never had a female head of state
13344,uga,Uganda,2011,Never had a female head of state
13345,uga,Uganda,2012,Never had a female head of state
13346,uga,Uganda,2013,Never had a female head of state
13347,uga,Uganda,2014,Never had a female head of state
13348,uga,Uganda,2015,Never had a female head of state
13349,uga,Uganda,2016,Never had a female head of state
13350,uga,Uganda,2017,Never had a female head of state
13351,uga,Uganda,2018,Never had a female head of state
13352,uga,Uganda,2019,Never had a female head of state
13353,uga,Uganda,2020,Never had a female head of state
13354,uga,Uganda,2021,Never had a female head of state
13355,uga,Uganda,2022,Never had a female head of state
13356,uga,Uganda,2023,Never had a female head of state
13357,uga,Uganda,2024,Never had a female head of state
13358,uga,Uganda,2025,Never had a female head of state
13359,ukr,Ukraine,1953,Never had a female head of state
13360,ukr,Ukraine,1954,Never had a female head of state
13361,ukr,Ukraine,1955,Never had a female head of state
13362,ukr,Ukraine,1956,Never had a female head of state
13363,ukr,Ukraine,1957,Never had a female head of state
13364,ukr,Ukraine,1958,Never had a female head of state
13365,ukr,Ukraine,1959,Never had a female head of state
13366,ukr,Ukraine,1960,Never had a female head of state
13367,ukr,Ukraine,1961,Never had a female head of state
13368,ukr,Ukraine,1962,Never had a female head of state
13369,ukr,Ukraine,1963,Never had a female head of state
13370,ukr,Ukraine,1964,Never had a female head of state
13371,ukr,Ukraine,1965,Never had a female head of state
13372,ukr,Ukraine,1966,Never had a female head of state
13373,ukr,Ukraine,1967,Never had a female head of state
13374,ukr,Ukraine,1968,Never had a female head of state
13375,ukr,Ukraine,1969,Never had a female head of state
13376,ukr,Ukraine,1970,Never had a female head of state
13377,ukr,Ukraine,1971,Never had a female head of state
13378,ukr,Ukraine,1972,Never had a female head of state
13379,ukr,Ukraine,1973,Never had a female head of state
13380,ukr,Ukraine,1974,Never had a female head of state
13381,ukr,Ukraine,1975,Never had a female head of state
13382,ukr,Ukraine,1976,Never had a female head of state
13383,ukr,Ukraine,1977,Never had a female head of state
13384,ukr,Ukraine,1978,Never had a female head of state
13385,ukr,Ukraine,1979,Never had a female head of state
13386,ukr,Ukraine,1980,Never had a female head of state
13387,ukr,Ukraine,1981,Never had a female head of state
13388,ukr,Ukraine,1982,Never had a female head of state
13389,ukr,Ukraine,1983,Never had a female head of state
13390,ukr,Ukraine,1984,Never had a female head of state
13391,ukr,Ukraine,1985,Never had a female head of state
13392,ukr,Ukraine,1986,Never had a female head of state
13393,ukr,Ukraine,1987,Never had a female head of state
13394,ukr,Ukraine,1988,Never had a female head of state
13395,ukr,Ukraine,1989,Never had a female head of state
13396,ukr,Ukraine,1990,Never had a female head of state
13397,ukr,Ukraine,1991,Never had a female head of state
13398,ukr,Ukraine,1992,Never had a female head of state
13399,ukr,Ukraine,1993,Never had a female head of state
13400,ukr,Ukraine,1994,Never had a female head of state
13401,ukr,Ukraine,1995,Never had a female head of state
13402,ukr,Ukraine,1996,Never had a female head of state
13403,ukr,Ukraine,1997,Never had a female head of state
13404,ukr,Ukraine,1998,Never had a female head of state
13405,ukr,Ukraine,1999,Never had a female head of state
13406,ukr,Ukraine,2000,Never had a female head of state
13407,ukr,Ukraine,2001,Never had a female head of state
13408,ukr,Ukraine,2002,Never had a female head of state
13409,ukr,Ukraine,2003,Never had a female head of state
13410,ukr,Ukraine,2004,Never had a female head of state
13411,ukr,Ukraine,2005,Had a female head of state
13412,ukr,Ukraine,2006,Had a female head of state
13413,ukr,Ukraine,2007,Had a female head of state
13414,ukr,Ukraine,2008,Had a female head of state
13415,ukr,Ukraine,2009,Had a female head of state
13416,ukr,Ukraine,2010,Had a female head of state
13417,ukr,Ukraine,2011,Had a female head of state
13418,ukr,Ukraine,2012,Had a female head of state
13419,ukr,Ukraine,2013,Had a female head of state
13420,ukr,Ukraine,2014,Had a female head of state
13421,ukr,Ukraine,2015,Had a female head of state
13422,ukr,Ukraine,2016,Had a female head of state
13423,ukr,Ukraine,2017,Had a female head of state
13424,ukr,Ukraine,2018,Had a female head of state
13425,ukr,Ukraine,2019,Had a female head of state
13426,ukr,Ukraine,2020,Had a female head of state
13427,ukr,Ukraine,2021,Had a female head of state
13428,ukr,Ukraine,2022,Had a female head of state
13429,ukr,Ukraine,2023,Had a female head of state
13430,ukr,Ukraine,2024,Had a female head of state
13431,ukr,Ukraine,2025,Had a female head of state
13432,are,United Arab Emirates,1953,Never had a female head of state
13433,are,United Arab Emirates,1954,Never had a female head of state
13434,are,United Arab Emirates,1955,Never had a female head of state
13435,are,United Arab Emirates,1956,Never had a female head of state
13436,are,United Arab Emirates,1957,Never had a female head of state
13437,are,United Arab Emirates,1958,Never had a female head of state
13438,are,United Arab Emirates,1959,Never had a female head of state
13439,are,United Arab Emirates,1960,Never had a female head of state
13440,are,United Arab Emirates,1961,Never had a female head of state
13441,are,United Arab Emirates,1962,Never had a female head of state
13442,are,United Arab Emirates,1963,Never had a female head of state
13443,are,United Arab Emirates,1964,Never had a female head of state
13444,are,United Arab Emirates,1965,Never had a female head of state
13445,are,United Arab Emirates,1966,Never had a female head of state
13446,are,United Arab Emirates,1967,Never had a female head of state
13447,are,United Arab Emirates,1968,Never had a female head of state
13448,are,United Arab Emirates,1969,Never had a female head of state
13449,are,United Arab Emirates,1970,Never had a female head of state
13450,are,United Arab Emirates,1971,Never had a female head of state
13451,are,United Arab Emirates,1972,Never had a female head of state
13452,are,United Arab Emirates,1973,Never had a female head of state
13453,are,United Arab Emirates,1974,Never had a female head of state
13454,are,United Arab Emirates,1975,Never had a female head of state
13455,are,United Arab Emirates,1976,Never had a female head of state
13456,are,United Arab Emirates,1977,Never had a female head of state
13457,are,United Arab Emirates,1978,Never had a female head of state
13458,are,United Arab Emirates,1979,Never had a female head of state
13459,are,United Arab Emirates,1980,Never had a female head of state
13460,are,United Arab Emirates,1981,Never had a female head of state
13461,are,United Arab Emirates,1982,Never had a female head of state
13462,are,United Arab Emirates,1983,Never had a female head of state
13463,are,United Arab Emirates,1984,Never had a female head of state
13464,are,United Arab Emirates,1985,Never had a female head of state
13465,are,United Arab Emirates,1986,Never had a female head of state
13466,are,United Arab Emirates,1987,Never had a female head of state
13467,are,United Arab Emirates,1988,Never had a female head of state
13468,are,United Arab Emirates,1989,Never had a female head of state
13469,are,United Arab Emirates,1990,Never had a female head of state
13470,are,United Arab Emirates,1991,Never had a female head of state
13471,are,United Arab Emirates,1992,Never had a female head of state
13472,are,United Arab Emirates,1993,Never had a female head of state
13473,are,United Arab Emirates,1994,Never had a female head of state
13474,are,United Arab Emirates,1995,Never had a female head of state
13475,are,United Arab Emirates,1996,Never had a female head of state
13476,are,United Arab Emirates,1997,Never had a female head of state
13477,are,United Arab Emirates,1998,Never had a female head of state
13478,are,United Arab Emirates,1999,Never had a female head of state
13479,are,United Arab Emirates,2000,Never had a female head of state
13480,are,United Arab Emirates,2001,Never had a female head of state
13481,are,United Arab Emirates,2002,Never had a female head of state
13482,are,United Arab Emirates,2003,Never had a female head of state
13483,are,United Arab Emirates,2004,Never had a female head of state
13484,are,United Arab Emirates,2005,Never had a female head of state
13485,are,United Arab Emirates,2006,Never had a female head of state
13486,are,United Arab Emirates,2007,Never had a female head of state
13487,are,United Arab Emirates,2008,Never had a female head of state
13488,are,United Arab Emirates,2009,Never had a female head of state
13489,are,United Arab Emirates,2010,Never had a female head of state
13490,are,United Arab Emirates,2011,Never had a female head of state
13491,are,United Arab Emirates,2012,Never had a female head of state
13492,are,United Arab Emirates,2013,Never had a female head of state
13493,are,United Arab Emirates,2014,Never had a female head of state
13494,are,United Arab Emirates,2015,Never had a female head of state
13495,are,United Arab Emirates,2016,Never had a female head of state
13496,are,United Arab Emirates,2017,Never had a female head of state
13497,are,United Arab Emirates,2018,Never had a female head of state
13498,are,United Arab Emirates,2019,Never had a female head of state
13499,are,United Arab Emirates,2020,Never had a female head of state
13500,are,United Arab Emirates,2021,Never had a female head of state
13501,are,United Arab Emirates,2022,Never had a female head of state
13502,are,United Arab Emirates,2023,Never had a female head of state
13503,are,United Arab Emirates,2024,Never had a female head of state
13504,are,United Arab Emirates,2025,Never had a female head of state
13505,gbr,United Kingdom,1953,Never had a female head of state
13506,gbr,United Kingdom,1954,Never had a female head of state
13507,gbr,United Kingdom,1955,Never had a female head of state
13508,gbr,United Kingdom,1956,Never had a female head of state
13509,gbr,United Kingdom,1957,Never had a female head of state
13510,gbr,United Kingdom,1958,Never had a female head of state
13511,gbr,United Kingdom,1959,Never had a female head of state
13512,gbr,United Kingdom,1960,Never had a female head of state
13513,gbr,United Kingdom,1961,Never had a female head of state
13514,gbr,United Kingdom,1962,Never had a female head of state
13515,gbr,United Kingdom,1963,Never had a female head of state
13516,gbr,United Kingdom,1964,Never had a female head of state
13517,gbr,United Kingdom,1965,Never had a female head of state
13518,gbr,United Kingdom,1966,Never had a female head of state
13519,gbr,United Kingdom,1967,Never had a female head of state
13520,gbr,United Kingdom,1968,Never had a female head of state
13521,gbr,United Kingdom,1969,Never had a female head of state
13522,gbr,United Kingdom,1970,Never had a female head of state
13523,gbr,United Kingdom,1971,Never had a female head of state
13524,gbr,United Kingdom,1972,Never had a female head of state
13525,gbr,United Kingdom,1973,Never had a female head of state
13526,gbr,United Kingdom,1974,Never had a female head of state
13527,gbr,United Kingdom,1975,Never had a female head of state
13528,gbr,United Kingdom,1976,Never had a female head of state
13529,gbr,United Kingdom,1977,Never had a female head of state
13530,gbr,United Kingdom,1978,Never had a female head of state
13531,gbr,United Kingdom,1979,Had a female head of state
13532,gbr,United Kingdom,1980,Had a female head of state
13533,gbr,United Kingdom,1981,Had a female head of state
13534,gbr,United Kingdom,1982,Had a female head of state
13535,gbr,United Kingdom,1983,Had a female head of state
13536,gbr,United Kingdom,1984,Had a female head of state
13537,gbr,United Kingdom,1985,Had a female head of state
13538,gbr,United Kingdom,1986,Had a female head of state
13539,gbr,United Kingdom,1987,Had a female head of state
13540,gbr,United Kingdom,1988,Had a female head of state
13541,gbr,United Kingdom,1989,Had a female head of state
13542,gbr,United Kingdom,1990,Had a female head of state
13543,gbr,United Kingdom,1991,Had a female head of state
13544,gbr,United Kingdom,1992,Had a female head of state
13545,gbr,United Kingdom,1993,Had a female head of state
13546,gbr,United Kingdom,1994,Had a female head of state
13547,gbr,United Kingdom,1995,Had a female head of state
13548,gbr,United Kingdom,1996,Had a female head of state
13549,gbr,United Kingdom,1997,Had a female head of state
13550,gbr,United Kingdom,1998,Had a female head of state
13551,gbr,United Kingdom,1999,Had a female head of state
13552,gbr,United Kingdom,2000,Had a female head of state
13553,gbr,United Kingdom,2001,Had a female head of state
13554,gbr,United Kingdom,2002,Had a female head of state
13555,gbr,United Kingdom,2003,Had a female head of state
13556,gbr,United Kingdom,2004,Had a female head of state
13557,gbr,United Kingdom,2005,Had a female head of state
13558,gbr,United Kingdom,2006,Had a female head of state
13559,gbr,United Kingdom,2007,Had a female head of state
13560,gbr,United Kingdom,2008,Had a female head of state
13561,gbr,United Kingdom,2009,Had a female head of state
13562,gbr,United Kingdom,2010,Had a female head of state
13563,gbr,United Kingdom,2011,Had a female head of state
13564,gbr,United Kingdom,2012,Had a female head of state
13565,gbr,United Kingdom,2013,Had a female head of state
13566,gbr,United Kingdom,2014,Had a female head of state
13567,gbr,United Kingdom,2015,Had a female head of state
13568,gbr,United Kingdom,2016,Had a female head of state
13569,gbr,United Kingdom,2017,Had a female head of state
13570,gbr,United Kingdom,2018,Had a female head of state
13571,gbr,United Kingdom,2019,Had a female head of state
13572,gbr,United Kingdom,2020,Had a female head of state
13573,gbr,United Kingdom,2021,Had a female head of state
13574,gbr,United Kingdom,2022,Had a female head of state
13575,gbr,United Kingdom,2023,Had a female head of state
13576,gbr,United Kingdom,2024,Had a female head of state
13577,gbr,United Kingdom,2025,Had a female head of state
13578,usa,United States,1953,Never had a female head of state
13579,usa,United States,1954,Never had a female head of state
13580,usa,United States,1955,Never had a female head of state
13581,usa,United States,1956,Never had a female head of state
13582,usa,United States,1957,Never had a female head of state
13583,usa,United States,1958,Never had a female head of state
13584,usa,United States,1959,Never had a female head of state
13585,usa,United States,1960,Never had a female head of state
13586,usa,United States,1961,Never had a female head of state
13587,usa,United States,1962,Never had a female head of state
13588,usa,United States,1963,Never had a female head of state
13589,usa,United States,1964,Never had a female head of state
13590,usa,United States,1965,Never had a female head of state
13591,usa,United States,1966,Never had a female head of state
13592,usa,United States,1967,Never had a female head of state
13593,usa,United States,1968,Never had a female head of state
13594,usa,United States,1969,Never had a female head of state
13595,usa,United States,1970,Never had a female head of state
13596,usa,United States,1971,Never had a female head of state
13597,usa,United States,1972,Never had a female head of state
13598,usa,United States,1973,Never had a female head of state
13599,usa,United States,1974,Never had a female head of state
13600,usa,United States,1975,Never had a female head of state
13601,usa,United States,1976,Never had a female head of state
13602,usa,United States,1977,Never had a female head of state
13603,usa,United States,1978,Never had a female head of state
13604,usa,United States,1979,Never had a female head of state
13605,usa,United States,1980,Never had a female head of state
13606,usa,United States,1981,Never had a female head of state
13607,usa,United States,1982,Never had a female head of state
13608,usa,United States,1983,Never had a female head of state
13609,usa,United States,1984,Never had a female head of state
13610,usa,United States,1985,Never had a female head of state
13611,usa,United States,1986,Never had a female head of state
13612,usa,United States,1987,Never had a female head of state
13613,usa,United States,1988,Never had a female head of state
13614,usa,United States,1989,Never had a female head of state
13615,usa,United States,1990,Never had a female head of state
13616,usa,United States,1991,Never had a female head of state
13617,usa,United States,1992,Never had a female head of state
13618,usa,United States,1993,Never had a female head of state
13619,usa,United States,1994,Never had a female head of state
13620,usa,United States,1995,Never had a female head of state
13621,usa,United States,1996,Never had a female head of state
13622,usa,United States,1997,Never had a female head of state
13623,usa,United States,1998,Never had a female head of state
13624,usa,United States,1999,Never had a female head of state
13625,usa,United States,2000,Never had a female head of state
13626,usa,United States,2001,Never had a female head of state
13627,usa,United States,2002,Never had a female head of state
13628,usa,United States,2003,Never had a female head of state
13629,usa,United States,2004,Never had a female head of state
13630,usa,United States,2005,Never had a female head of state
13631,usa,United States,2006,Never had a female head of state
13632,usa,United States,2007,Never had a female head of state
13633,usa,United States,2008,Never had a female head of state
13634,usa,United States,2009,Never had a female head of state
13635,usa,United States,2010,Never had a female head of state
13636,usa,United States,2011,Never had a female head of state
13637,usa,United States,2012,Never had a female head of state
13638,usa,United States,2013,Never had a female head of state
13639,usa,United States,2014,Never had a female head of state
13640,usa,United States,2015,Never had a female head of state
13641,usa,United States,2016,Never had a female head of state
13642,usa,United States,2017,Never had a female head of state
13643,usa,United States,2018,Never had a female head of state
13644,usa,United States,2019,Never had a female head of state
13645,usa,United States,2020,Never had a female head of state
13646,usa,United States,2021,Had a female head of state
13647,usa,United States,2022,Had a female head of state
13648,usa,United States,2023,Had a female head of state
13649,usa,United States,2024,Had a female head of state
13650,usa,United States,2025,Had a female head of state
13651,ury,Uruguay,1953,Never had a female head of state
13652,ury,Uruguay,1954,Never had a female head of state
13653,ury,Uruguay,1955,Never had a female head of state
13654,ury,Uruguay,1956,Never had a female head of state
13655,ury,Uruguay,1957,Never had a female head of state
13656,ury,Uruguay,1958,Never had a female head of state
13657,ury,Uruguay,1959,Never had a female head of state
13658,ury,Uruguay,1960,Never had a female head of state
13659,ury,Uruguay,1961,Never had a female head of state
13660,ury,Uruguay,1962,Never had a female head of state
13661,ury,Uruguay,1963,Never had a female head of state
13662,ury,Uruguay,1964,Never had a female head of state
13663,ury,Uruguay,1965,Never had a female head of state
13664,ury,Uruguay,1966,Never had a female head of state
13665,ury,Uruguay,1967,Never had a female head of state
13666,ury,Uruguay,1968,Never had a female head of state
13667,ury,Uruguay,1969,Never had a female head of state
13668,ury,Uruguay,1970,Never had a female head of state
13669,ury,Uruguay,1971,Never had a female head of state
13670,ury,Uruguay,1972,Never had a female head of state
13671,ury,Uruguay,1973,Never had a female head of state
13672,ury,Uruguay,1974,Never had a female head of state
13673,ury,Uruguay,1975,Never had a female head of state
13674,ury,Uruguay,1976,Never had a female head of state
13675,ury,Uruguay,1977,Never had a female head of state
13676,ury,Uruguay,1978,Never had a female head of state
13677,ury,Uruguay,1979,Never had a female head of state
13678,ury,Uruguay,1980,Never had a female head of state
13679,ury,Uruguay,1981,Never had a female head of state
13680,ury,Uruguay,1982,Never had a female head of state
13681,ury,Uruguay,1983,Never had a female head of state
13682,ury,Uruguay,1984,Never had a female head of state
13683,ury,Uruguay,1985,Never had a female head of state
13684,ury,Uruguay,1986,Never had a female head of state
13685,ury,Uruguay,1987,Never had a female head of state
13686,ury,Uruguay,1988,Never had a female head of state
13687,ury,Uruguay,1989,Never had a female head of state
13688,ury,Uruguay,1990,Never had a female head of state
13689,ury,Uruguay,1991,Never had a female head of state
13690,ury,Uruguay,1992,Never had a female head of state
13691,ury,Uruguay,1993,Never had a female head of state
13692,ury,Uruguay,1994,Never had a female head of state
13693,ury,Uruguay,1995,Never had a female head of state
13694,ury,Uruguay,1996,Never had a female head of state
13695,ury,Uruguay,1997,Never had a female head of state
13696,ury,Uruguay,1998,Never had a female head of state
13697,ury,Uruguay,1999,Never had a female head of state
13698,ury,Uruguay,2000,Never had a female head of state
13699,ury,Uruguay,2001,Never had a female head of state
13700,ury,Uruguay,2002,Never had a female head of state
13701,ury,Uruguay,2003,Never had a female head of state
13702,ury,Uruguay,2004,Never had a female head of state
13703,ury,Uruguay,2005,Never had a female head of state
13704,ury,Uruguay,2006,Never had a female head of state
13705,ury,Uruguay,2007,Never had a female head of state
13706,ury,Uruguay,2008,Never had a female head of state
13707,ury,Uruguay,2009,Never had a female head of state
13708,ury,Uruguay,2010,Never had a female head of state
13709,ury,Uruguay,2011,Never had a female head of state
13710,ury,Uruguay,2012,Never had a female head of state
13711,ury,Uruguay,2013,Never had a female head of state
13712,ury,Uruguay,2014,Never had a female head of state
13713,ury,Uruguay,2015,Never had a female head of state
13714,ury,Uruguay,2016,Never had a female head of state
13715,ury,Uruguay,2017,Never had a female head of state
13716,ury,Uruguay,2018,Never had a female head of state
13717,ury,Uruguay,2019,Never had a female head of state
13718,ury,Uruguay,2020,Never had a female head of state
13719,ury,Uruguay,2021,Never had a female head of state
13720,ury,Uruguay,2022,Never had a female head of state
13721,ury,Uruguay,2023,Never had a female head of state
13722,ury,Uruguay,2024,Never had a female head of state
13723,ury,Uruguay,2025,Never had a female head of state
13724,uzb,Uzbekistan,1953,Never had a female head of state
13725,uzb,Uzbekistan,1954,Never had a female head of state
13726,uzb,Uzbekistan,1955,Never had a female head of state
13727,uzb,Uzbekistan,1956,Never had a female head of state
13728,uzb,Uzbekistan,1957,Never had a female head of state
13729,uzb,Uzbekistan,1958,Never had a female head of state
13730,uzb,Uzbekistan,1959,Never had a female head of state
13731,uzb,Uzbekistan,1960,Never had a female head of state
13732,uzb,Uzbekistan,1961,Never had a female head of state
13733,uzb,Uzbekistan,1962,Never had a female head of state
13734,uzb,Uzbekistan,1963,Never had a female head of state
13735,uzb,Uzbekistan,1964,Never had a female head of state
13736,uzb,Uzbekistan,1965,Never had a female head of state
13737,uzb,Uzbekistan,1966,Never had a female head of state
13738,uzb,Uzbekistan,1967,Never had a female head of state
13739,uzb,Uzbekistan,1968,Never had a female head of state
13740,uzb,Uzbekistan,1969,Never had a female head of state
13741,uzb,Uzbekistan,1970,Never had a female head of state
13742,uzb,Uzbekistan,1971,Never had a female head of state
13743,uzb,Uzbekistan,1972,Never had a female head of state
13744,uzb,Uzbekistan,1973,Never had a female head of state
13745,uzb,Uzbekistan,1974,Never had a female head of state
13746,uzb,Uzbekistan,1975,Never had a female head of state
13747,uzb,Uzbekistan,1976,Never had a female head of state
13748,uzb,Uzbekistan,1977,Never had a female head of state
13749,uzb,Uzbekistan,1978,Never had a female head of state
13750,uzb,Uzbekistan,1979,Never had a female head of state
13751,uzb,Uzbekistan,1980,Never had a female head of state
13752,uzb,Uzbekistan,1981,Never had a female head of state
13753,uzb,Uzbekistan,1982,Never had a female head of state
13754,uzb,Uzbekistan,1983,Never had a female head of state
13755,uzb,Uzbekistan,1984,Never had a female head of state
13756,uzb,Uzbekistan,1985,Never had a female head of state
13757,uzb,Uzbekistan,1986,Never had a female head of state
13758,uzb,Uzbekistan,1987,Never had a female head of state
13759,uzb,Uzbekistan,1988,Never had a female head of state
13760,uzb,Uzbekistan,1989,Never had a female head of state
13761,uzb,Uzbekistan,1990,Never had a female head of state
13762,uzb,Uzbekistan,1991,Never had a female head of state
13763,uzb,Uzbekistan,1992,Never had a female head of state
13764,uzb,Uzbekistan,1993,Never had a female head of state
13765,uzb,Uzbekistan,1994,Never had a female head of state
13766,uzb,Uzbekistan,1995,Never had a female head of state
13767,uzb,Uzbekistan,1996,Never had a female head of state
13768,uzb,Uzbekistan,1997,Never had a female head of state
13769,uzb,Uzbekistan,1998,Never had a female head of state
13770,uzb,Uzbekistan,1999,Never had a female head of state
13771,uzb,Uzbekistan,2000,Never had a female head of state
13772,uzb,Uzbekistan,2001,Never had a female head of state
13773,uzb,Uzbekistan,2002,Never had a female head of state
13774,uzb,Uzbekistan,2003,Never had a female head of state
13775,uzb,Uzbekistan,2004,Never had a female head of state
13776,uzb,Uzbekistan,2005,Never had a female head of state
13777,uzb,Uzbekistan,2006,Never had a female head of state
13778,uzb,Uzbekistan,2007,Never had a female head of state
13779,uzb,Uzbekistan,2008,Never had a female head of state
13780,uzb,Uzbekistan,2009,Never had a female head of state
13781,uzb,Uzbekistan,2010,Never had a female head of state
13782,uzb,Uzbekistan,2011,Never had a female head of state
13783,uzb,Uzbekistan,2012,Never had a female head of state
13784,uzb,Uzbekistan,2013,Never had a female head of state
13785,uzb,Uzbekistan,2014,Never had a female head of state
13786,uzb,Uzbekistan,2015,Never had a female head of state
13787,uzb,Uzbekistan,2016,Never had a female head of state
13788,uzb,Uzbekistan,2017,Never had a female head of state
13789,uzb,Uzbekistan,2018,Never had a female head of state
13790,uzb,Uzbekistan,2019,Never had a female head of state
13791,uzb,Uzbekistan,2020,Never had a female head of state
13792,uzb,Uzbekistan,2021,Never had a female head of state
13793,uzb,Uzbekistan,2022,Never had a female head of state
13794,uzb,Uzbekistan,2023,Never had a female head of state
13795,uzb,Uzbekistan,2024,Never had a female head of state
13796,uzb,Uzbekistan,2025,Never had a female head of state
13797,vut,Vanuatu,1953,Never had a female head of state
13798,vut,Vanuatu,1954,Never had a female head of state
13799,vut,Vanuatu,1955,Never had a female head of state
13800,vut,Vanuatu,1956,Never had a female head of state
13801,vut,Vanuatu,1957,Never had a female head of state
13802,vut,Vanuatu,1958,Never had a female head of state
13803,vut,Vanuatu,1959,Never had a female head of state
13804,vut,Vanuatu,1960,Never had a female head of state
13805,vut,Vanuatu,1961,Never had a female head of state
13806,vut,Vanuatu,1962,Never had a female head of state
13807,vut,Vanuatu,1963,Never had a female head of state
13808,vut,Vanuatu,1964,Never had a female head of state
13809,vut,Vanuatu,1965,Never had a female head of state
13810,vut,Vanuatu,1966,Never had a female head of state
13811,vut,Vanuatu,1967,Never had a female head of state
13812,vut,Vanuatu,1968,Never had a female head of state
13813,vut,Vanuatu,1969,Never had a female head of state
13814,vut,Vanuatu,1970,Never had a female head of state
13815,vut,Vanuatu,1971,Never had a female head of state
13816,vut,Vanuatu,1972,Never had a female head of state
13817,vut,Vanuatu,1973,Never had a female head of state
13818,vut,Vanuatu,1974,Never had a female head of state
13819,vut,Vanuatu,1975,Never had a female head of state
13820,vut,Vanuatu,1976,Never had a female head of state
13821,vut,Vanuatu,1977,Never had a female head of state
13822,vut,Vanuatu,1978,Never had a female head of state
13823,vut,Vanuatu,1979,Never had a female head of state
13824,vut,Vanuatu,1980,Never had a female head of state
13825,vut,Vanuatu,1981,Never had a female head of state
13826,vut,Vanuatu,1982,Never had a female head of state
13827,vut,Vanuatu,1983,Never had a female head of state
13828,vut,Vanuatu,1984,Never had a female head of state
13829,vut,Vanuatu,1985,Never had a female head of state
13830,vut,Vanuatu,1986,Never had a female head of state
13831,vut,Vanuatu,1987,Never had a female head of state
13832,vut,Vanuatu,1988,Never had a female head of state
13833,vut,Vanuatu,1989,Never had a female head of state
13834,vut,Vanuatu,1990,Never had a female head of state
13835,vut,Vanuatu,1991,Never had a female head of state
13836,vut,Vanuatu,1992,Never had a female head of state
13837,vut,Vanuatu,1993,Never had a female head of state
13838,vut,Vanuatu,1994,Never had a female head of state
13839,vut,Vanuatu,1995,Never had a female head of state
13840,vut,Vanuatu,1996,Never had a female head of state
13841,vut,Vanuatu,1997,Never had a female head of state
13842,vut,Vanuatu,1998,Never had a female head of state
13843,vut,Vanuatu,1999,Never had a female head of state
13844,vut,Vanuatu,2000,Never had a female head of state
13845,vut,Vanuatu,2001,Never had a female head of state
13846,vut,Vanuatu,2002,Never had a female head of state
13847,vut,Vanuatu,2003,Never had a female head of state
13848,vut,Vanuatu,2004,Never had a female head of state
13849,vut,Vanuatu,2005,Never had a female head of state
13850,vut,Vanuatu,2006,Never had a female head of state
13851,vut,Vanuatu,2007,Never had a female head of state
13852,vut,Vanuatu,2008,Never had a female head of state
13853,vut,Vanuatu,2009,Never had a female head of state
13854,vut,Vanuatu,2010,Never had a female head of state
13855,vut,Vanuatu,2011,Never had a female head of state
13856,vut,Vanuatu,2012,Never had a female head of state
13857,vut,Vanuatu,2013,Never had a female head of state
13858,vut,Vanuatu,2014,Never had a female head of state
13859,vut,Vanuatu,2015,Never had a female head of state
13860,vut,Vanuatu,2016,Never had a female head of state
13861,vut,Vanuatu,2017,Never had a female head of state
13862,vut,Vanuatu,2018,Never had a female head of state
13863,vut,Vanuatu,2019,Never had a female head of state
13864,vut,Vanuatu,2020,Never had a female head of state
13865,vut,Vanuatu,2021,Never had a female head of state
13866,vut,Vanuatu,2022,Never had a female head of state
13867,vut,Vanuatu,2023,Never had a female head of state
13868,vut,Vanuatu,2024,Never had a female head of state
13869,vut,Vanuatu,2025,Never had a female head of state
13870,ven,Venezuela,1953,Never had a female head of state
13871,ven,Venezuela,1954,Never had a female head of state
13872,ven,Venezuela,1955,Never had a female head of state
13873,ven,Venezuela,1956,Never had a female head of state
13874,ven,Venezuela,1957,Never had a female head of state
13875,ven,Venezuela,1958,Never had a female head of state
13876,ven,Venezuela,1959,Never had a female head of state
13877,ven,Venezuela,1960,Never had a female head of state
13878,ven,Venezuela,1961,Never had a female head of state
13879,ven,Venezuela,1962,Never had a female head of state
13880,ven,Venezuela,1963,Never had a female head of state
13881,ven,Venezuela,1964,Never had a female head of state
13882,ven,Venezuela,1965,Never had a female head of state
13883,ven,Venezuela,1966,Never had a female head of state
13884,ven,Venezuela,1967,Never had a female head of state
13885,ven,Venezuela,1968,Never had a female head of state
13886,ven,Venezuela,1969,Never had a female head of state
13887,ven,Venezuela,1970,Never had a female head of state
13888,ven,Venezuela,1971,Never had a female head of state
13889,ven,Venezuela,1972,Never had a female head of state
13890,ven,Venezuela,1973,Never had a female head of state
13891,ven,Venezuela,1974,Never had a female head of state
13892,ven,Venezuela,1975,Never had a female head of state
13893,ven,Venezuela,1976,Never had a female head of state
13894,ven,Venezuela,1977,Never had a female head of state
13895,ven,Venezuela,1978,Never had a female head of state
13896,ven,Venezuela,1979,Never had a female head of state
13897,ven,Venezuela,1980,Never had a female head of state
13898,ven,Venezuela,1981,Never had a female head of state
13899,ven,Venezuela,1982,Never had a female head of state
13900,ven,Venezuela,1983,Never had a female head of state
13901,ven,Venezuela,1984,Never had a female head of state
13902,ven,Venezuela,1985,Never had a female head of state
13903,ven,Venezuela,1986,Never had a female head of state
13904,ven,Venezuela,1987,Never had a female head of state
13905,ven,Venezuela,1988,Never had a female head of state
13906,ven,Venezuela,1989,Never had a female head of state
13907,ven,Venezuela,1990,Never had a female head of state
13908,ven,Venezuela,1991,Never had a female head of state
13909,ven,Venezuela,1992,Never had a female head of state
13910,ven,Venezuela,1993,Never had a female head of state
13911,ven,Venezuela,1994,Never had a female head of state
13912,ven,Venezuela,1995,Never had a female head of state
13913,ven,Venezuela,1996,Never had a female head of state
13914,ven,Venezuela,1997,Never had a female head of state
13915,ven,Venezuela,1998,Never had a female head of state
13916,ven,Venezuela,1999,Never had a female head of state
13917,ven,Venezuela,2000,Never had a female head of state
13918,ven,Venezuela,2001,Never had a female head of state
13919,ven,Venezuela,2002,Never had a female head of state
13920,ven,Venezuela,2003,Never had a female head of state
13921,ven,Venezuela,2004,Never had a female head of state
13922,ven,Venezuela,2005,Never had a female head of state
13923,ven,Venezuela,2006,Never had a female head of state
13924,ven,Venezuela,2007,Never had a female head of state
13925,ven,Venezuela,2008,Never had a female head of state
13926,ven,Venezuela,2009,Never had a female head of state
13927,ven,Venezuela,2010,Never had a female head of state
13928,ven,Venezuela,2011,Never had a female head of state
13929,ven,Venezuela,2012,Never had a female head of state
13930,ven,Venezuela,2013,Never had a female head of state
13931,ven,Venezuela,2014,Never had a female head of state
13932,ven,Venezuela,2015,Never had a female head of state
13933,ven,Venezuela,2016,Never had a female head of state
13934,ven,Venezuela,2017,Never had a female head of state
13935,ven,Venezuela,2018,Never had a female head of state
13936,ven,Venezuela,2019,Never had a female head of state
13937,ven,Venezuela,2020,Never had a female head of state
13938,ven,Venezuela,2021,Never had a female head of state
13939,ven,Venezuela,2022,Never had a female head of state
13940,ven,Venezuela,2023,Never had a female head of state
13941,ven,Venezuela,2024,Never had a female head of state
13942,ven,Venezuela,2025,Never had a female head of state
13943,pse,Palestine,1953,Never had a female head of state
13944,pse,Palestine,1954,Never had a female head of state
13945,pse,Palestine,1955,Never had a female head of state
13946,pse,Palestine,1956,Never had a female head of state
13947,pse,Palestine,1957,Never had a female head of state
13948,pse,Palestine,1958,Never had a female head of state
13949,pse,Palestine,1959,Never had a female head of state
13950,pse,Palestine,1960,Never had a female head of state
13951,pse,Palestine,1961,Never had a female head of state
13952,pse,Palestine,1962,Never had a female head of state
13953,pse,Palestine,1963,Never had a female head of state
13954,pse,Palestine,1964,Never had a female head of state
13955,pse,Palestine,1965,Never had a female head of state
13956,pse,Palestine,1966,Never had a female head of state
13957,pse,Palestine,1967,Never had a female head of state
13958,pse,Palestine,1968,Never had a female head of state
13959,pse,Palestine,1969,Never had a female head of state
13960,pse,Palestine,1970,Never had a female head of state
13961,pse,Palestine,1971,Never had a female head of state
13962,pse,Palestine,1972,Never had a female head of state
13963,pse,Palestine,1973,Never had a female head of state
13964,pse,Palestine,1974,Never had a female head of state
13965,pse,Palestine,1975,Never had a female head of state
13966,pse,Palestine,1976,Never had a female head of state
13967,pse,Palestine,1977,Never had a female head of state
13968,pse,Palestine,1978,Never had a female head of state
13969,pse,Palestine,1979,Never had a female head of state
13970,pse,Palestine,1980,Never had a female head of state
13971,pse,Palestine,1981,Never had a female head of state
13972,pse,Palestine,1982,Never had a female head of state
13973,pse,Palestine,1983,Never had a female head of state
13974,pse,Palestine,1984,Never had a female head of state
13975,pse,Palestine,1985,Never had a female head of state
13976,pse,Palestine,1986,Never had a female head of state
13977,pse,Palestine,1987,Never had a female head of state
13978,pse,Palestine,1988,Never had a female head of state
13979,pse,Palestine,1989,Never had a female head of state
13980,pse,Palestine,1990,Never had a female head of state
13981,pse,Palestine,1991,Never had a female head of state
13982,pse,Palestine,1992,Never had a female head of state
13983,pse,Palestine,1993,Never had a female head of state
13984,pse,Palestine,1994,Never had a female head of state
13985,pse,Palestine,1995,Never had a female head of state
13986,pse,Palestine,1996,Never had a female head of state
13987,pse,Palestine,1997,Never had a female head of state
13988,pse,Palestine,1998,Never had a female head of state
13989,pse,Palestine,1999,Never had a female head of state
13990,pse,Palestine,2000,Never had a female head of state
13991,pse,Palestine,2001,Never had a female head of state
13992,pse,Palestine,2002,Never had a female head of state
13993,pse,Palestine,2003,Never had a female head of state
13994,pse,Palestine,2004,Never had a female head of state
13995,pse,Palestine,2005,Never had a female head of state
13996,pse,Palestine,2006,Never had a female head of state
13997,pse,Palestine,2007,Never had a female head of state
13998,pse,Palestine,2008,Never had a female head of state
13999,pse,Palestine,2009,Never had a female head of state
14000,pse,Palestine,2010,Never had a female head of state
14001,pse,Palestine,2011,Never had a female head of state
14002,pse,Palestine,2012,Never had a female head of state
14003,pse,Palestine,2013,Never had a female head of state
14004,pse,Palestine,2014,Never had a female head of state
14005,pse,Palestine,2015,Never had a female head of state
14006,pse,Palestine,2016,Never had a female head of state
14007,pse,Palestine,2017,Never had a female head of state
14008,pse,Palestine,2018,Never had a female head of state
14009,pse,Palestine,2019,Never had a female head of state
14010,pse,Palestine,2020,Never had a female head of state
14011,pse,Palestine,2021,Never had a female head of state
14012,pse,Palestine,2022,Never had a female head of state
14013,pse,Palestine,2023,Never had a female head of state
14014,pse,Palestine,2024,Never had a female head of state
14015,pse,Palestine,2025,Never had a female head of state
14016,vnm,Vietnam,1953,Never had a female head of state
14017,vnm,Vietnam,1954,Never had a female head of state
14018,vnm,Vietnam,1955,Never had a female head of state
14019,vnm,Vietnam,1956,Never had a female head of state
14020,vnm,Vietnam,1957,Never had a female head of state
14021,vnm,Vietnam,1958,Never had a female head of state
14022,vnm,Vietnam,1959,Never had a female head of state
14023,vnm,Vietnam,1960,Never had a female head of state
14024,vnm,Vietnam,1961,Never had a female head of state
14025,vnm,Vietnam,1962,Never had a female head of state
14026,vnm,Vietnam,1963,Never had a female head of state
14027,vnm,Vietnam,1964,Never had a female head of state
14028,vnm,Vietnam,1965,Never had a female head of state
14029,vnm,Vietnam,1966,Never had a female head of state
14030,vnm,Vietnam,1967,Never had a female head of state
14031,vnm,Vietnam,1968,Never had a female head of state
14032,vnm,Vietnam,1969,Never had a female head of state
14033,vnm,Vietnam,1970,Never had a female head of state
14034,vnm,Vietnam,1971,Never had a female head of state
14035,vnm,Vietnam,1972,Never had a female head of state
14036,vnm,Vietnam,1973,Never had a female head of state
14037,vnm,Vietnam,1974,Never had a female head of state
14038,vnm,Vietnam,1975,Never had a female head of state
14039,vnm,Vietnam,1976,Never had a female head of state
14040,vnm,Vietnam,1977,Never had a female head of state
14041,vnm,Vietnam,1978,Never had a female head of state
14042,vnm,Vietnam,1979,Never had a female head of state
14043,vnm,Vietnam,1980,Never had a female head of state
14044,vnm,Vietnam,1981,Never had a female head of state
14045,vnm,Vietnam,1982,Never had a female head of state
14046,vnm,Vietnam,1983,Never had a female head of state
14047,vnm,Vietnam,1984,Never had a female head of state
14048,vnm,Vietnam,1985,Never had a female head of state
14049,vnm,Vietnam,1986,Never had a female head of state
14050,vnm,Vietnam,1987,Never had a female head of state
14051,vnm,Vietnam,1988,Never had a female head of state
14052,vnm,Vietnam,1989,Never had a female head of state
14053,vnm,Vietnam,1990,Never had a female head of state
14054,vnm,Vietnam,1991,Never had a female head of state
14055,vnm,Vietnam,1992,Never had a female head of state
14056,vnm,Vietnam,1993,Never had a female head of state
14057,vnm,Vietnam,1994,Never had a female head of state
14058,vnm,Vietnam,1995,Never had a female head of state
14059,vnm,Vietnam,1996,Never had a female head of state
14060,vnm,Vietnam,1997,Never had a female head of state
14061,vnm,Vietnam,1998,Never had a female head of state
14062,vnm,Vietnam,1999,Never had a female head of state
14063,vnm,Vietnam,2000,Never had a female head of state
14064,vnm,Vietnam,2001,Never had a female head of state
14065,vnm,Vietnam,2002,Never had a female head of state
14066,vnm,Vietnam,2003,Never had a female head of state
14067,vnm,Vietnam,2004,Never had a female head of state
14068,vnm,Vietnam,2005,Never had a female head of state
14069,vnm,Vietnam,2006,Never had a female head of state
14070,vnm,Vietnam,2007,Never had a female head of state
14071,vnm,Vietnam,2008,Never had a female head of state
14072,vnm,Vietnam,2009,Never had a female head of state
14073,vnm,Vietnam,2010,Never had a female head of state
14074,vnm,Vietnam,2011,Never had a female head of state
14075,vnm,Vietnam,2012,Never had a female head of state
14076,vnm,Vietnam,2013,Never had a female head of state
14077,vnm,Vietnam,2014,Never had a female head of state
14078,vnm,Vietnam,2015,Never had a female head of state
14079,vnm,Vietnam,2016,Never had a female head of state
14080,vnm,Vietnam,2017,Never had a female head of state
14081,vnm,Vietnam,2018,Had a female head of state
14082,vnm,Vietnam,2019,Had a female head of state
14083,vnm,Vietnam,2020,Had a female head of state
14084,vnm,Vietnam,2021,Had a female head of state
14085,vnm,Vietnam,2022,Had a female head of state
14086,vnm,Vietnam,2023,Had a female head of state
14087,vnm,Vietnam,2024,Had a female head of state
14088,vnm,Vietnam,2025,Had a female head of state
14089,yem,Yemen,1953,Never had a female head of state
14090,yem,Yemen,1954,Never had a female head of state
14091,yem,Yemen,1955,Never had a female head of state
14092,yem,Yemen,1956,Never had a female head of state
14093,yem,Yemen,1957,Never had a female head of state
14094,yem,Yemen,1958,Never had a female head of state
14095,yem,Yemen,1959,Never had a female head of state
14096,yem,Yemen,1960,Never had a female head of state
14097,yem,Yemen,1961,Never had a female head of state
14098,yem,Yemen,1962,Never had a female head of state
14099,yem,Yemen,1963,Never had a female head of state
14100,yem,Yemen,1964,Never had a female head of state
14101,yem,Yemen,1965,Never had a female head of state
14102,yem,Yemen,1966,Never had a female head of state
14103,yem,Yemen,1967,Never had a female head of state
14104,yem,Yemen,1968,Never had a female head of state
14105,yem,Yemen,1969,Never had a female head of state
14106,yem,Yemen,1970,Never had a female head of state
14107,yem,Yemen,1971,Never had a female head of state
14108,yem,Yemen,1972,Never had a female head of state
14109,yem,Yemen,1973,Never had a female head of state
14110,yem,Yemen,1974,Never had a female head of state
14111,yem,Yemen,1975,Never had a female head of state
14112,yem,Yemen,1976,Never had a female head of state
14113,yem,Yemen,1977,Never had a female head of state
14114,yem,Yemen,1978,Never had a female head of state
14115,yem,Yemen,1979,Never had a female head of state
14116,yem,Yemen,1980,Never had a female head of state
14117,yem,Yemen,1981,Never had a female head of state
14118,yem,Yemen,1982,Never had a female head of state
14119,yem,Yemen,1983,Never had a female head of state
14120,yem,Yemen,1984,Never had a female head of state
14121,yem,Yemen,1985,Never had a female head of state
14122,yem,Yemen,1986,Never had a female head of state
14123,yem,Yemen,1987,Never had a female head of state
14124,yem,Yemen,1988,Never had a female head of state
14125,yem,Yemen,1989,Never had a female head of state
14126,yem,Yemen,1990,Never had a female head of state
14127,yem,Yemen,1991,Never had a female head of state
14128,yem,Yemen,1992,Never had a female head of state
14129,yem,Yemen,1993,Never had a female head of state
14130,yem,Yemen,1994,Never had a female head of state
14131,yem,Yemen,1995,Never had a female head of state
14132,yem,Yemen,1996,Never had a female head of state
14133,yem,Yemen,1997,Never had a female head of state
14134,yem,Yemen,1998,Never had a female head of state
14135,yem,Yemen,1999,Never had a female head of state
14136,yem,Yemen,2000,Never had a female head of state
14137,yem,Yemen,2001,Never had a female head of state
14138,yem,Yemen,2002,Never had a female head of state
14139,yem,Yemen,2003,Never had a female head of state
14140,yem,Yemen,2004,Never had a female head of state
14141,yem,Yemen,2005,Never had a female head of state
14142,yem,Yemen,2006,Never had a female head of state
14143,yem,Yemen,2007,Never had a female head of state
14144,yem,Yemen,2008,Never had a female head of state
14145,yem,Yemen,2009,Never had a female head of state
14146,yem,Yemen,2010,Never had a female head of state
14147,yem,Yemen,2011,Never had a female head of state
14148,yem,Yemen,2012,Never had a female head of state
14149,yem,Yemen,2013,Never had a female head of state
14150,yem,Yemen,2014,Never had a female head of state
14151,yem,Yemen,2015,Never had a female head of state
14152,yem,Yemen,2016,Never had a female head of state
14153,yem,Yemen,2017,Never had a female head of state
14154,yem,Yemen,2018,Never had a female head of state
14155,yem,Yemen,2019,Never had a female head of state
14156,yem,Yemen,2020,Never had a female head of state
14157,yem,Yemen,2021,Never had a female head of state
14158,yem,Yemen,2022,Never had a female head of state
14159,yem,Yemen,2023,Never had a female head of state
14160,yem,Yemen,2024,Never had a female head of state
14161,yem,Yemen,2025,Never had a female head of state
14162,zmb,Zambia,1953,Never had a female head of state
14163,zmb,Zambia,1954,Never had a female head of state
14164,zmb,Zambia,1955,Never had a female head of state
14165,zmb,Zambia,1956,Never had a female head of state
14166,zmb,Zambia,1957,Never had a female head of state
14167,zmb,Zambia,1958,Never had a female head of state
14168,zmb,Zambia,1959,Never had a female head of state
14169,zmb,Zambia,1960,Never had a female head of state
14170,zmb,Zambia,1961,Never had a female head of state
14171,zmb,Zambia,1962,Never had a female head of state
14172,zmb,Zambia,1963,Never had a female head of state
14173,zmb,Zambia,1964,Never had a female head of state
14174,zmb,Zambia,1965,Never had a female head of state
14175,zmb,Zambia,1966,Never had a female head of state
14176,zmb,Zambia,1967,Never had a female head of state
14177,zmb,Zambia,1968,Never had a female head of state
14178,zmb,Zambia,1969,Never had a female head of state
14179,zmb,Zambia,1970,Never had a female head of state
14180,zmb,Zambia,1971,Never had a female head of state
14181,zmb,Zambia,1972,Never had a female head of state
14182,zmb,Zambia,1973,Never had a female head of state
14183,zmb,Zambia,1974,Never had a female head of state
14184,zmb,Zambia,1975,Never had a female head of state
14185,zmb,Zambia,1976,Never had a female head of state
14186,zmb,Zambia,1977,Never had a female head of state
14187,zmb,Zambia,1978,Never had a female head of state
14188,zmb,Zambia,1979,Never had a female head of state
14189,zmb,Zambia,1980,Never had a female head of state
14190,zmb,Zambia,1981,Never had a female head of state
14191,zmb,Zambia,1982,Never had a female head of state
14192,zmb,Zambia,1983,Never had a female head of state
14193,zmb,Zambia,1984,Never had a female head of state
14194,zmb,Zambia,1985,Never had a female head of state
14195,zmb,Zambia,1986,Never had a female head of state
14196,zmb,Zambia,1987,Never had a female head of state
14197,zmb,Zambia,1988,Never had a female head of state
14198,zmb,Zambia,1989,Never had a female head of state
14199,zmb,Zambia,1990,Never had a female head of state
14200,zmb,Zambia,1991,Never had a female head of state
14201,zmb,Zambia,1992,Never had a female head of state
14202,zmb,Zambia,1993,Never had a female head of state
14203,zmb,Zambia,1994,Never had a female head of state
14204,zmb,Zambia,1995,Never had a female head of state
14205,zmb,Zambia,1996,Never had a female head of state
14206,zmb,Zambia,1997,Never had a female head of state
14207,zmb,Zambia,1998,Never had a female head of state
14208,zmb,Zambia,1999,Never had a female head of state
14209,zmb,Zambia,2000,Never had a female head of state
14210,zmb,Zambia,2001,Never had a female head of state
14211,zmb,Zambia,2002,Never had a female head of state
14212,zmb,Zambia,2003,Never had a female head of state
14213,zmb,Zambia,2004,Never had a female head of state
14214,zmb,Zambia,2005,Never had a female head of state
14215,zmb,Zambia,2006,Never had a female head of state
14216,zmb,Zambia,2007,Never had a female head of state
14217,zmb,Zambia,2008,Never had a female head of state
14218,zmb,Zambia,2009,Never had a female head of state
14219,zmb,Zambia,2010,Never had a female head of state
14220,zmb,Zambia,2011,Never had a female head of state
14221,zmb,Zambia,2012,Never had a female head of state
14222,zmb,Zambia,2013,Never had a female head of state
14223,zmb,Zambia,2014,Never had a female head of state
14224,zmb,Zambia,2015,Never had a female head of state
14225,zmb,Zambia,2016,Never had a female head of state
14226,zmb,Zambia,2017,Never had a female head of state
14227,zmb,Zambia,2018,Never had a female head of state
14228,zmb,Zambia,2019,Never had a female head of state
14229,zmb,Zambia,2020,Never had a female head of state
14230,zmb,Zambia,2021,Never had a female head of state
14231,zmb,Zambia,2022,Never had a female head of state
14232,zmb,Zambia,2023,Never had a female head of state
14233,zmb,Zambia,2024,Never had a female head of state
14234,zmb,Zambia,2025,Never had a female head of state
14235,zwe,Zimbabwe,1953,Never had a female head of state
14236,zwe,Zimbabwe,1954,Never had a female head of state
14237,zwe,Zimbabwe,1955,Never had a female head of state
14238,zwe,Zimbabwe,1956,Never had a female head of state
14239,zwe,Zimbabwe,1957,Never had a female head of state
14240,zwe,Zimbabwe,1958,Never had a female head of state
14241,zwe,Zimbabwe,1959,Never had a female head of state
14242,zwe,Zimbabwe,1960,Never had a female head of state
14243,zwe,Zimbabwe,1961,Never had a female head of state
14244,zwe,Zimbabwe,1962,Never had a female head of state
14245,zwe,Zimbabwe,1963,Never had a female head of state
14246,zwe,Zimbabwe,1964,Never had a female head of state
14247,zwe,Zimbabwe,1965,Never had a female head of state
14248,zwe,Zimbabwe,1966,Never had a female head of state
14249,zwe,Zimbabwe,1967,Never had a female head of state
14250,zwe,Zimbabwe,1968,Never had a female head of state
14251,zwe,Zimbabwe,1969,Never had a female head of state
14252,zwe,Zimbabwe,1970,Never had a female head of state
14253,zwe,Zimbabwe,1971,Never had a female head of state
14254,zwe,Zimbabwe,1972,Never had a female head of state
14255,zwe,Zimbabwe,1973,Never had a female head of state
14256,zwe,Zimbabwe,1974,Never had a female head of state
14257,zwe,Zimbabwe,1975,Never had a female head of state
14258,zwe,Zimbabwe,1976,Never had a female head of state
14259,zwe,Zimbabwe,1977,Never had a female head of state
14260,zwe,Zimbabwe,1978,Never had a female head of state
14261,zwe,Zimbabwe,1979,Never had a female head of state
14262,zwe,Zimbabwe,1980,Never had a female head of state
14263,zwe,Zimbabwe,1981,Never had a female head of state
14264,zwe,Zimbabwe,1982,Never had a female head of state
14265,zwe,Zimbabwe,1983,Never had a female head of state
14266,zwe,Zimbabwe,1984,Never had a female head of state
14267,zwe,Zimbabwe,1985,Never had a female head of state
14268,zwe,Zimbabwe,1986,Never had a female head of state
14269,zwe,Zimbabwe,1987,Never had a female head of state
14270,zwe,Zimbabwe,1988,Never had a female head of state
14271,zwe,Zimbabwe,1989,Never had a female head of state
14272,zwe,Zimbabwe,1990,Never had a female head of state
14273,zwe,Zimbabwe,1991,Never had a female head of state
14274,zwe,Zimbabwe,1992,Never had a female head of state
14275,zwe,Zimbabwe,1993,Never had a female head of state
14276,zwe,Zimbabwe,1994,Never had a female head of state
14277,zwe,Zimbabwe,1995,Never had a female head of state
14278,zwe,Zimbabwe,1996,Never had a female head of state
14279,zwe,Zimbabwe,1997,Never had a female head of state
14280,zwe,Zimbabwe,1998,Never had a female head of state
14281,zwe,Zimbabwe,1999,Never had a female head of state
14282,zwe,Zimbabwe,2000,Never had a female head of state
14283,zwe,Zimbabwe,2001,Never had a female head of state
14284,zwe,Zimbabwe,2002,Never had a female head of state
14285,zwe,Zimbabwe,2003,Never had a female head of state
14286,zwe,Zimbabwe,2004,Never had a female head of state
14287,zwe,Zimbabwe,2005,Never had a female head of state
14288,zwe,Zimbabwe,2006,Never had a female head of state
14289,zwe,Zimbabwe,2007,Never had a female head of state
14290,zwe,Zimbabwe,2008,Never had a female head of state
14291,zwe,Zimbabwe,2009,Never had a female head of state
14292,zwe,Zimbabwe,2010,Never had a female head of state
14293,zwe,Zimbabwe,2011,Never had a female head of state
14294,zwe,Zimbabwe,2012,Never had a female head of state
14295,zwe,Zimbabwe,2013,Never had a female head of state
14296,zwe,Zimbabwe,2014,Never had a female head of state
14297,zwe,Zimbabwe,2015,Never had a female head of state
14298,zwe,Zimbabwe,2016,Never had a female head of state
14299,zwe,Zimbabwe,2017,Never had a female head of state
14300,zwe,Zimbabwe,2018,Never had a female head of state
14301,zwe,Zimbabwe,2019,Never had a female head of state
14302,zwe,Zimbabwe,2020,Never had a female head of state
14303,zwe,Zimbabwe,2021,Never had a female head of state
14304,zwe,Zimbabwe,2022,Never had a female head of state
14305,zwe,Zimbabwe,2023,Never had a female head of state
14306,zwe,Zimbabwe,2024,Never had a female head of state
14307,zwe,Zimbabwe,2025,Never had a female head of state
14308,ssd,South Sudan,1953,Never had a female head of state
14309,ssd,South Sudan,1954,Never had a female head of state
14310,ssd,South Sudan,1955,Never had a female head of state
14311,ssd,South Sudan,1956,Never had a female head of state
14312,ssd,South Sudan,1957,Never had a female head of state
14313,ssd,South Sudan,1958,Never had a female head of state
14314,ssd,South Sudan,1959,Never had a female head of state
14315,ssd,South Sudan,1960,Never had a female head of state
14316,ssd,South Sudan,1961,Never had a female head of state
14317,ssd,South Sudan,1962,Never had a female head of state
14318,ssd,South Sudan,1963,Never had a female head of state
14319,ssd,South Sudan,1964,Never had a female head of state
14320,ssd,South Sudan,1965,Never had a female head of state
14321,ssd,South Sudan,1966,Never had a female head of state
14322,ssd,South Sudan,1967,Never had a female head of state
14323,ssd,South Sudan,1968,Never had a female head of state
14324,ssd,South Sudan,1969,Never had a female head of state
14325,ssd,South Sudan,1970,Never had a female head of state
14326,ssd,South Sudan,1971,Never had a female head of state
14327,ssd,South Sudan,1972,Never had a female head of state
14328,ssd,South Sudan,1973,Never had a female head of state
14329,ssd,South Sudan,1974,Never had a female head of state
14330,ssd,South Sudan,1975,Never had a female head of state
14331,ssd,South Sudan,1976,Never had a female head of state
14332,ssd,South Sudan,1977,Never had a female head of state
14333,ssd,South Sudan,1978,Never had a female head of state
14334,ssd,South Sudan,1979,Never had a female head of state
14335,ssd,South Sudan,1980,Never had a female head of state
14336,ssd,South Sudan,1981,Never had a female head of state
14337,ssd,South Sudan,1982,Never had a female head of state
14338,ssd,South Sudan,1983,Never had a female head of state
14339,ssd,South Sudan,1984,Never had a female head of state
14340,ssd,South Sudan,1985,Never had a female head of state
14341,ssd,South Sudan,1986,Never had a female head of state
14342,ssd,South Sudan,1987,Never had a female head of state
14343,ssd,South Sudan,1988,Never had a female head of state
14344,ssd,South Sudan,1989,Never had a female head of state
14345,ssd,South Sudan,1990,Never had a female head of state
14346,ssd,South Sudan,1991,Never had a female head of state
14347,ssd,South Sudan,1992,Never had a female head of state
14348,ssd,South Sudan,1993,Never had a female head of state
14349,ssd,South Sudan,1994,Never had a female head of state
14350,ssd,South Sudan,1995,Never had a female head of state
14351,ssd,South Sudan,1996,Never had a female head of state
14352,ssd,South Sudan,1997,Never had a female head of state
14353,ssd,South Sudan,1998,Never had a female head of state
14354,ssd,South Sudan,1999,Never had a female head of state
14355,ssd,South Sudan,2000,Never had a female head of state
14356,ssd,South Sudan,2001,Never had a female head of state
14357,ssd,South Sudan,2002,Never had a female head of state
14358,ssd,South Sudan,2003,Never had a female head of state
14359,ssd,South Sudan,2004,Never had a female head of state
14360,ssd,South Sudan,2005,Never had a female head of state
14361,ssd,South Sudan,2006,Never had a female head of state
14362,ssd,South Sudan,2007,Never had a female head of state
14363,ssd,South Sudan,2008,Never had a female head of state
14364,ssd,South Sudan,2009,Never had a female head of state
14365,ssd,South Sudan,2010,Never had a female head of state
14366,ssd,South Sudan,2011,Never had a female head of state
14367,ssd,South Sudan,2012,Never had a female head of state
14368,ssd,South Sudan,2013,Never had a female head of state
14369,ssd,South Sudan,2014,Never had a female head of state
14370,ssd,South Sudan,2015,Never had a female head of state
14371,ssd,South Sudan,2016,Never had a female head of state
14372,ssd,South Sudan,2017,Never had a female head of state
14373,ssd,South Sudan,2018,Never had a female head of state
14374,ssd,South Sudan,2019,Never had a female head of state
14375,ssd,South Sudan,2020,Never had a female head of state
14376,ssd,South Sudan,2021,Never had a female head of state
14377,ssd,South Sudan,2022,Never had a female head of state
14378,ssd,South Sudan,2023,Never had a female head of state
14379,ssd,South Sudan,2024,Never had a female head of state
14380,ssd,South Sudan,2025,Never had a female head of state
